OP State,Accelerator Core,Input Shapes,Input Data Types,Input Formats,Output Shapes,Output Data Types,Output Formats,Average Duration(us),Quant Type
dynamic,AI_CORE,"1,256;256,256",DT_BF16;DT_BF16,ND;ND,"1,256",DT_BF16,ND,38.49,bf16
dynamic,AI_CORE,"1,512;256,512",DT_BF16;DT_BF16,ND;ND,"1,256",DT_BF16,ND,38.12,bf16
dynamic,AI_CORE,"1,1024;256,1024",DT_BF16;DT_BF16,ND;ND,"1,256",DT_BF16,ND,38.16,bf16
dynamic,AI_CORE,"1,2048;256,2048",DT_BF16;DT_BF16,ND;ND,"1,256",DT_BF16,ND,37.81,bf16
dynamic,AI_CORE,"1,4096;256,4096",DT_BF16;DT_BF16,ND;ND,"1,256",DT_BF16,ND,37.20,bf16
dynamic,AI_CORE,"1,7168;256,7168",DT_BF16;DT_BF16,ND;ND,"1,256",DT_BF16,ND,37.94,bf16
dynamic,AI_CORE,"1,8192;256,8192",DT_BF16;DT_BF16,ND;ND,"1,256",DT_BF16,ND,37.06,bf16
dynamic,AI_CORE,"1,12288;256,12288",DT_BF16;DT_BF16,ND;ND,"1,256",DT_BF16,ND,37.13,bf16
dynamic,AI_CORE,"1,16384;256,16384",DT_BF16;DT_BF16,ND;ND,"1,256",DT_BF16,ND,36.95,bf16
dynamic,AI_CORE,"1,256;512,256",DT_BF16;DT_BF16,ND;ND,"1,512",DT_BF16,ND,37.27,bf16
dynamic,AI_CORE,"1,512;512,512",DT_BF16;DT_BF16,ND;ND,"1,512",DT_BF16,ND,40.50,bf16
dynamic,AI_CORE,"1,1024;512,1024",DT_BF16;DT_BF16,ND;ND,"1,512",DT_BF16,ND,37.23,bf16
dynamic,AI_CORE,"1,2048;512,2048",DT_BF16;DT_BF16,ND;ND,"1,512",DT_BF16,ND,37.21,bf16
dynamic,AI_CORE,"1,4096;512,4096",DT_BF16;DT_BF16,ND;ND,"1,512",DT_BF16,ND,37.03,bf16
dynamic,AI_CORE,"1,7168;512,7168",DT_BF16;DT_BF16,ND;ND,"1,512",DT_BF16,ND,37.03,bf16
dynamic,AI_CORE,"1,8192;512,8192",DT_BF16;DT_BF16,ND;ND,"1,512",DT_BF16,ND,37.53,bf16
dynamic,AI_CORE,"1,12288;512,12288",DT_BF16;DT_BF16,ND;ND,"1,512",DT_BF16,ND,38.33,bf16
dynamic,AI_CORE,"1,16384;512,16384",DT_BF16;DT_BF16,ND;ND,"1,512",DT_BF16,ND,38.15,bf16
dynamic,AI_CORE,"1,256;1024,256",DT_BF16;DT_BF16,ND;ND,"1,1024",DT_BF16,ND,38.09,bf16
dynamic,AI_CORE,"1,512;1024,512",DT_BF16;DT_BF16,ND;ND,"1,1024",DT_BF16,ND,38.09,bf16
dynamic,AI_CORE,"1,1024;1024,1024",DT_BF16;DT_BF16,ND;ND,"1,1024",DT_BF16,ND,37.93,bf16
dynamic,AI_CORE,"1,2048;1024,2048",DT_BF16;DT_BF16,ND;ND,"1,1024",DT_BF16,ND,37.93,bf16
dynamic,AI_CORE,"1,4096;1024,4096",DT_BF16;DT_BF16,ND;ND,"1,1024",DT_BF16,ND,37.84,bf16
dynamic,AI_CORE,"1,7168;1024,7168",DT_BF16;DT_BF16,ND;ND,"1,1024",DT_BF16,ND,37.82,bf16
dynamic,AI_CORE,"1,8192;1024,8192",DT_BF16;DT_BF16,ND;ND,"1,1024",DT_BF16,ND,38.00,bf16
dynamic,AI_CORE,"1,12288;1024,12288",DT_BF16;DT_BF16,ND;ND,"1,1024",DT_BF16,ND,38.42,bf16
dynamic,AI_CORE,"1,16384;1024,16384",DT_BF16;DT_BF16,ND;ND,"1,1024",DT_BF16,ND,47.93,bf16
dynamic,AI_CORE,"1,256;2048,256",DT_BF16;DT_BF16,ND;ND,"1,2048",DT_BF16,ND,40.99,bf16
dynamic,AI_CORE,"1,512;2048,512",DT_BF16;DT_BF16,ND;ND,"1,2048",DT_BF16,ND,36.93,bf16
dynamic,AI_CORE,"1,1024;2048,1024",DT_BF16;DT_BF16,ND;ND,"1,2048",DT_BF16,ND,36.95,bf16
dynamic,AI_CORE,"1,2048;2048,2048",DT_BF16;DT_BF16,ND;ND,"1,2048",DT_BF16,ND,41.93,bf16
dynamic,AI_CORE,"1,4096;2048,4096",DT_BF16;DT_BF16,ND;ND,"1,2048",DT_BF16,ND,36.57,bf16
dynamic,AI_CORE,"1,7168;2048,7168",DT_BF16;DT_BF16,ND;ND,"1,2048",DT_BF16,ND,36.68,bf16
dynamic,AI_CORE,"1,8192;2048,8192",DT_BF16;DT_BF16,ND;ND,"1,2048",DT_BF16,ND,36.50,bf16
dynamic,AI_CORE,"1,12288;2048,12288",DT_BF16;DT_BF16,ND;ND,"1,2048",DT_BF16,ND,46.65,bf16
dynamic,AI_CORE,"1,16384;2048,16384",DT_BF16;DT_BF16,ND;ND,"1,2048",DT_BF16,ND,58.54,bf16
dynamic,AI_CORE,"1,256;4096,256",DT_BF16;DT_BF16,ND;ND,"1,4096",DT_BF16,ND,37.06,bf16
dynamic,AI_CORE,"1,512;4096,512",DT_BF16;DT_BF16,ND;ND,"1,4096",DT_BF16,ND,36.65,bf16
dynamic,AI_CORE,"1,1024;4096,1024",DT_BF16;DT_BF16,ND;ND,"1,4096",DT_BF16,ND,36.51,bf16
dynamic,AI_CORE,"1,2048;4096,2048",DT_BF16;DT_BF16,ND;ND,"1,4096",DT_BF16,ND,36.74,bf16
dynamic,AI_CORE,"1,4096;4096,4096",DT_BF16;DT_BF16,ND;ND,"1,4096",DT_BF16,ND,36.52,bf16
dynamic,AI_CORE,"1,7168;4096,7168",DT_BF16;DT_BF16,ND;ND,"1,4096",DT_BF16,ND,50.44,bf16
dynamic,AI_CORE,"1,8192;4096,8192",DT_BF16;DT_BF16,ND;ND,"1,4096",DT_BF16,ND,49.80,bf16
dynamic,AI_CORE,"1,12288;4096,12288",DT_BF16;DT_BF16,ND;ND,"1,4096",DT_BF16,ND,89.24,bf16
dynamic,AI_CORE,"1,16384;4096,16384",DT_BF16;DT_BF16,ND;ND,"1,4096",DT_BF16,ND,116.28,bf16
dynamic,AI_CORE,"1,256;7168,256",DT_BF16;DT_BF16,ND;ND,"1,7168",DT_BF16,ND,37.85,bf16
dynamic,AI_CORE,"1,512;7168,512",DT_BF16;DT_BF16,ND;ND,"1,7168",DT_BF16,ND,38.01,bf16
dynamic,AI_CORE,"1,1024;7168,1024",DT_BF16;DT_BF16,ND;ND,"1,7168",DT_BF16,ND,37.69,bf16
dynamic,AI_CORE,"1,2048;7168,2048",DT_BF16;DT_BF16,ND;ND,"1,7168",DT_BF16,ND,38.29,bf16
dynamic,AI_CORE,"1,4096;7168,4096",DT_BF16;DT_BF16,ND;ND,"1,7168",DT_BF16,ND,52.04,bf16
dynamic,AI_CORE,"1,7168;7168,7168",DT_BF16;DT_BF16,ND;ND,"1,7168",DT_BF16,ND,95.62,bf16
dynamic,AI_CORE,"1,8192;7168,8192",DT_BF16;DT_BF16,ND;ND,"1,7168",DT_BF16,ND,86.42,bf16
dynamic,AI_CORE,"1,12288;7168,12288",DT_BF16;DT_BF16,ND;ND,"1,7168",DT_BF16,ND,156.41,bf16
dynamic,AI_CORE,"1,16384;7168,16384",DT_BF16;DT_BF16,ND;ND,"1,7168",DT_BF16,ND,202.58,bf16
dynamic,AI_CORE,"1,256;8192,256",DT_BF16;DT_BF16,ND;ND,"1,8192",DT_BF16,ND,37.93,bf16
dynamic,AI_CORE,"1,512;8192,512",DT_BF16;DT_BF16,ND;ND,"1,8192",DT_BF16,ND,38.08,bf16
dynamic,AI_CORE,"1,1024;8192,1024",DT_BF16;DT_BF16,ND;ND,"1,8192",DT_BF16,ND,37.60,bf16
dynamic,AI_CORE,"1,2048;8192,2048",DT_BF16;DT_BF16,ND;ND,"1,8192",DT_BF16,ND,37.45,bf16
dynamic,AI_CORE,"1,4096;8192,4096",DT_BF16;DT_BF16,ND;ND,"1,8192",DT_BF16,ND,54.34,bf16
dynamic,AI_CORE,"1,7168;8192,7168",DT_BF16;DT_BF16,ND;ND,"1,8192",DT_BF16,ND,98.46,bf16
dynamic,AI_CORE,"1,8192;8192,8192",DT_BF16;DT_BF16,ND;ND,"1,8192",DT_BF16,ND,101.34,bf16
dynamic,AI_CORE,"1,12288;8192,12288",DT_BF16;DT_BF16,ND;ND,"1,8192",DT_BF16,ND,168.24,bf16
dynamic,AI_CORE,"1,16384;8192,16384",DT_BF16;DT_BF16,ND;ND,"1,8192",DT_BF16,ND,207.38,bf16
dynamic,AI_CORE,"1,256;12288,256",DT_BF16;DT_BF16,ND;ND,"1,12288",DT_BF16,ND,38.62,bf16
dynamic,AI_CORE,"1,512;12288,512",DT_BF16;DT_BF16,ND;ND,"1,12288",DT_BF16,ND,38.68,bf16
dynamic,AI_CORE,"1,1024;12288,1024",DT_BF16;DT_BF16,ND;ND,"1,12288",DT_BF16,ND,38.16,bf16
dynamic,AI_CORE,"1,2048;12288,2048",DT_BF16;DT_BF16,ND;ND,"1,12288",DT_BF16,ND,37.96,bf16
dynamic,AI_CORE,"1,4096;12288,4096",DT_BF16;DT_BF16,ND;ND,"1,12288",DT_BF16,ND,72.84,bf16
dynamic,AI_CORE,"1,7168;12288,7168",DT_BF16;DT_BF16,ND;ND,"1,12288",DT_BF16,ND,147.25,bf16
dynamic,AI_CORE,"1,8192;12288,8192",DT_BF16;DT_BF16,ND;ND,"1,12288",DT_BF16,ND,149.40,bf16
dynamic,AI_CORE,"1,12288;12288,12288",DT_BF16;DT_BF16,ND;ND,"1,12288",DT_BF16,ND,235.40,bf16
dynamic,AI_CORE,"1,16384;12288,16384",DT_BF16;DT_BF16,ND;ND,"1,12288",DT_BF16,ND,291.74,bf16
dynamic,AI_CORE,"1,256;16384,256",DT_BF16;DT_BF16,ND;ND,"1,16384",DT_BF16,ND,37.84,bf16
dynamic,AI_CORE,"1,512;16384,512",DT_BF16;DT_BF16,ND;ND,"1,16384",DT_BF16,ND,37.64,bf16
dynamic,AI_CORE,"1,1024;16384,1024",DT_BF16;DT_BF16,ND;ND,"1,16384",DT_BF16,ND,37.71,bf16
dynamic,AI_CORE,"1,2048;16384,2048",DT_BF16;DT_BF16,ND;ND,"1,16384",DT_BF16,ND,51.14,bf16
dynamic,AI_CORE,"1,4096;16384,4096",DT_BF16;DT_BF16,ND;ND,"1,16384",DT_BF16,ND,97.32,bf16
dynamic,AI_CORE,"1,7168;16384,7168",DT_BF16;DT_BF16,ND;ND,"1,16384",DT_BF16,ND,196.75,bf16
dynamic,AI_CORE,"1,8192;16384,8192",DT_BF16;DT_BF16,ND;ND,"1,16384",DT_BF16,ND,194.62,bf16
dynamic,AI_CORE,"1,12288;16384,12288",DT_BF16;DT_BF16,ND;ND,"1,16384",DT_BF16,ND,324.86,bf16
dynamic,AI_CORE,"1,16384;16384,16384",DT_BF16;DT_BF16,ND;ND,"1,16384",DT_BF16,ND,405.00,bf16
dynamic,AI_CORE,"2,256;256,256",DT_BF16;DT_BF16,ND;ND,"2,256",DT_BF16,ND,38.51,bf16
dynamic,AI_CORE,"2,512;256,512",DT_BF16;DT_BF16,ND;ND,"2,256",DT_BF16,ND,38.24,bf16
dynamic,AI_CORE,"2,1024;256,1024",DT_BF16;DT_BF16,ND;ND,"2,256",DT_BF16,ND,39.67,bf16
dynamic,AI_CORE,"2,2048;256,2048",DT_BF16;DT_BF16,ND;ND,"2,256",DT_BF16,ND,37.46,bf16
dynamic,AI_CORE,"2,4096;256,4096",DT_BF16;DT_BF16,ND;ND,"2,256",DT_BF16,ND,37.40,bf16
dynamic,AI_CORE,"2,7168;256,7168",DT_BF16;DT_BF16,ND;ND,"2,256",DT_BF16,ND,37.52,bf16
dynamic,AI_CORE,"2,8192;256,8192",DT_BF16;DT_BF16,ND;ND,"2,256",DT_BF16,ND,38.04,bf16
dynamic,AI_CORE,"2,12288;256,12288",DT_BF16;DT_BF16,ND;ND,"2,256",DT_BF16,ND,37.45,bf16
dynamic,AI_CORE,"2,16384;256,16384",DT_BF16;DT_BF16,ND;ND,"2,256",DT_BF16,ND,37.55,bf16
dynamic,AI_CORE,"2,256;512,256",DT_BF16;DT_BF16,ND;ND,"2,512",DT_BF16,ND,37.42,bf16
dynamic,AI_CORE,"2,512;512,512",DT_BF16;DT_BF16,ND;ND,"2,512",DT_BF16,ND,39.42,bf16
dynamic,AI_CORE,"2,1024;512,1024",DT_BF16;DT_BF16,ND;ND,"2,512",DT_BF16,ND,38.20,bf16
dynamic,AI_CORE,"2,2048;512,2048",DT_BF16;DT_BF16,ND;ND,"2,512",DT_BF16,ND,37.71,bf16
dynamic,AI_CORE,"2,4096;512,4096",DT_BF16;DT_BF16,ND;ND,"2,512",DT_BF16,ND,37.74,bf16
dynamic,AI_CORE,"2,7168;512,7168",DT_BF16;DT_BF16,ND;ND,"2,512",DT_BF16,ND,43.49,bf16
dynamic,AI_CORE,"2,8192;512,8192",DT_BF16;DT_BF16,ND;ND,"2,512",DT_BF16,ND,38.23,bf16
dynamic,AI_CORE,"2,12288;512,12288",DT_BF16;DT_BF16,ND;ND,"2,512",DT_BF16,ND,39.05,bf16
dynamic,AI_CORE,"2,16384;512,16384",DT_BF16;DT_BF16,ND;ND,"2,512",DT_BF16,ND,41.87,bf16
dynamic,AI_CORE,"2,256;1024,256",DT_BF16;DT_BF16,ND;ND,"2,1024",DT_BF16,ND,38.47,bf16
dynamic,AI_CORE,"2,512;1024,512",DT_BF16;DT_BF16,ND;ND,"2,1024",DT_BF16,ND,37.95,bf16
dynamic,AI_CORE,"2,1024;1024,1024",DT_BF16;DT_BF16,ND;ND,"2,1024",DT_BF16,ND,40.13,bf16
dynamic,AI_CORE,"2,2048;1024,2048",DT_BF16;DT_BF16,ND;ND,"2,1024",DT_BF16,ND,38.29,bf16
dynamic,AI_CORE,"2,4096;1024,4096",DT_BF16;DT_BF16,ND;ND,"2,1024",DT_BF16,ND,39.87,bf16
dynamic,AI_CORE,"2,7168;1024,7168",DT_BF16;DT_BF16,ND;ND,"2,1024",DT_BF16,ND,38.48,bf16
dynamic,AI_CORE,"2,8192;1024,8192",DT_BF16;DT_BF16,ND;ND,"2,1024",DT_BF16,ND,42.73,bf16
dynamic,AI_CORE,"2,12288;1024,12288",DT_BF16;DT_BF16,ND;ND,"2,1024",DT_BF16,ND,37.67,bf16
dynamic,AI_CORE,"2,16384;1024,16384",DT_BF16;DT_BF16,ND;ND,"2,1024",DT_BF16,ND,48.12,bf16
dynamic,AI_CORE,"2,256;2048,256",DT_BF16;DT_BF16,ND;ND,"2,2048",DT_BF16,ND,38.01,bf16
dynamic,AI_CORE,"2,512;2048,512",DT_BF16;DT_BF16,ND;ND,"2,2048",DT_BF16,ND,38.62,bf16
dynamic,AI_CORE,"2,1024;2048,1024",DT_BF16;DT_BF16,ND;ND,"2,2048",DT_BF16,ND,37.74,bf16
dynamic,AI_CORE,"2,2048;2048,2048",DT_BF16;DT_BF16,ND;ND,"2,2048",DT_BF16,ND,38.12,bf16
dynamic,AI_CORE,"2,4096;2048,4096",DT_BF16;DT_BF16,ND;ND,"2,2048",DT_BF16,ND,40.44,bf16
dynamic,AI_CORE,"2,7168;2048,7168",DT_BF16;DT_BF16,ND;ND,"2,2048",DT_BF16,ND,39.56,bf16
dynamic,AI_CORE,"2,8192;2048,8192",DT_BF16;DT_BF16,ND;ND,"2,2048",DT_BF16,ND,40.94,bf16
dynamic,AI_CORE,"2,12288;2048,12288",DT_BF16;DT_BF16,ND;ND,"2,2048",DT_BF16,ND,46.92,bf16
dynamic,AI_CORE,"2,16384;2048,16384",DT_BF16;DT_BF16,ND;ND,"2,2048",DT_BF16,ND,58.55,bf16
dynamic,AI_CORE,"2,256;4096,256",DT_BF16;DT_BF16,ND;ND,"2,4096",DT_BF16,ND,38.52,bf16
dynamic,AI_CORE,"2,512;4096,512",DT_BF16;DT_BF16,ND;ND,"2,4096",DT_BF16,ND,38.53,bf16
dynamic,AI_CORE,"2,1024;4096,1024",DT_BF16;DT_BF16,ND;ND,"2,4096",DT_BF16,ND,39.09,bf16
dynamic,AI_CORE,"2,2048;4096,2048",DT_BF16;DT_BF16,ND;ND,"2,4096",DT_BF16,ND,46.12,bf16
dynamic,AI_CORE,"2,4096;4096,4096",DT_BF16;DT_BF16,ND;ND,"2,4096",DT_BF16,ND,38.47,bf16
dynamic,AI_CORE,"2,7168;4096,7168",DT_BF16;DT_BF16,ND;ND,"2,4096",DT_BF16,ND,49.85,bf16
dynamic,AI_CORE,"2,8192;4096,8192",DT_BF16;DT_BF16,ND;ND,"2,4096",DT_BF16,ND,50.03,bf16
dynamic,AI_CORE,"2,12288;4096,12288",DT_BF16;DT_BF16,ND;ND,"2,4096",DT_BF16,ND,90.32,bf16
dynamic,AI_CORE,"2,16384;4096,16384",DT_BF16;DT_BF16,ND;ND,"2,4096",DT_BF16,ND,114.55,bf16
dynamic,AI_CORE,"2,256;7168,256",DT_BF16;DT_BF16,ND;ND,"2,7168",DT_BF16,ND,43.74,bf16
dynamic,AI_CORE,"2,512;7168,512",DT_BF16;DT_BF16,ND;ND,"2,7168",DT_BF16,ND,38.71,bf16
dynamic,AI_CORE,"2,1024;7168,1024",DT_BF16;DT_BF16,ND;ND,"2,7168",DT_BF16,ND,40.27,bf16
dynamic,AI_CORE,"2,2048;7168,2048",DT_BF16;DT_BF16,ND;ND,"2,7168",DT_BF16,ND,44.99,bf16
dynamic,AI_CORE,"2,4096;7168,4096",DT_BF16;DT_BF16,ND;ND,"2,7168",DT_BF16,ND,52.35,bf16
dynamic,AI_CORE,"2,7168;7168,7168",DT_BF16;DT_BF16,ND;ND,"2,7168",DT_BF16,ND,95.53,bf16
dynamic,AI_CORE,"2,8192;7168,8192",DT_BF16;DT_BF16,ND;ND,"2,7168",DT_BF16,ND,84.20,bf16
dynamic,AI_CORE,"2,12288;7168,12288",DT_BF16;DT_BF16,ND;ND,"2,7168",DT_BF16,ND,155.59,bf16
dynamic,AI_CORE,"2,16384;7168,16384",DT_BF16;DT_BF16,ND;ND,"2,7168",DT_BF16,ND,205.45,bf16
dynamic,AI_CORE,"2,256;8192,256",DT_BF16;DT_BF16,ND;ND,"2,8192",DT_BF16,ND,39.77,bf16
dynamic,AI_CORE,"2,512;8192,512",DT_BF16;DT_BF16,ND;ND,"2,8192",DT_BF16,ND,39.22,bf16
dynamic,AI_CORE,"2,1024;8192,1024",DT_BF16;DT_BF16,ND;ND,"2,8192",DT_BF16,ND,42.18,bf16
dynamic,AI_CORE,"2,2048;8192,2048",DT_BF16;DT_BF16,ND;ND,"2,8192",DT_BF16,ND,39.25,bf16
dynamic,AI_CORE,"2,4096;8192,4096",DT_BF16;DT_BF16,ND;ND,"2,8192",DT_BF16,ND,53.39,bf16
dynamic,AI_CORE,"2,7168;8192,7168",DT_BF16;DT_BF16,ND;ND,"2,8192",DT_BF16,ND,98.46,bf16
dynamic,AI_CORE,"2,8192;8192,8192",DT_BF16;DT_BF16,ND;ND,"2,8192",DT_BF16,ND,100.87,bf16
dynamic,AI_CORE,"2,12288;8192,12288",DT_BF16;DT_BF16,ND;ND,"2,8192",DT_BF16,ND,164.14,bf16
dynamic,AI_CORE,"2,16384;8192,16384",DT_BF16;DT_BF16,ND;ND,"2,8192",DT_BF16,ND,204.22,bf16
dynamic,AI_CORE,"2,256;12288,256",DT_BF16;DT_BF16,ND;ND,"2,12288",DT_BF16,ND,40.30,bf16
dynamic,AI_CORE,"2,512;12288,512",DT_BF16;DT_BF16,ND;ND,"2,12288",DT_BF16,ND,37.93,bf16
dynamic,AI_CORE,"2,1024;12288,1024",DT_BF16;DT_BF16,ND;ND,"2,12288",DT_BF16,ND,39.18,bf16
dynamic,AI_CORE,"2,2048;12288,2048",DT_BF16;DT_BF16,ND;ND,"2,12288",DT_BF16,ND,46.56,bf16
dynamic,AI_CORE,"2,4096;12288,4096",DT_BF16;DT_BF16,ND;ND,"2,12288",DT_BF16,ND,75.18,bf16
dynamic,AI_CORE,"2,7168;12288,7168",DT_BF16;DT_BF16,ND;ND,"2,12288",DT_BF16,ND,143.52,bf16
dynamic,AI_CORE,"2,8192;12288,8192",DT_BF16;DT_BF16,ND;ND,"2,12288",DT_BF16,ND,145.34,bf16
dynamic,AI_CORE,"2,12288;12288,12288",DT_BF16;DT_BF16,ND;ND,"2,12288",DT_BF16,ND,232.31,bf16
dynamic,AI_CORE,"2,16384;12288,16384",DT_BF16;DT_BF16,ND;ND,"2,12288",DT_BF16,ND,288.87,bf16
dynamic,AI_CORE,"2,256;16384,256",DT_BF16;DT_BF16,ND;ND,"2,16384",DT_BF16,ND,38.84,bf16
dynamic,AI_CORE,"2,512;16384,512",DT_BF16;DT_BF16,ND;ND,"2,16384",DT_BF16,ND,40.08,bf16
dynamic,AI_CORE,"2,1024;16384,1024",DT_BF16;DT_BF16,ND;ND,"2,16384",DT_BF16,ND,38.13,bf16
dynamic,AI_CORE,"2,2048;16384,2048",DT_BF16;DT_BF16,ND;ND,"2,16384",DT_BF16,ND,49.46,bf16
dynamic,AI_CORE,"2,4096;16384,4096",DT_BF16;DT_BF16,ND;ND,"2,16384",DT_BF16,ND,102.19,bf16
dynamic,AI_CORE,"2,7168;16384,7168",DT_BF16;DT_BF16,ND;ND,"2,16384",DT_BF16,ND,196.90,bf16
dynamic,AI_CORE,"2,8192;16384,8192",DT_BF16;DT_BF16,ND;ND,"2,16384",DT_BF16,ND,195.22,bf16
dynamic,AI_CORE,"2,12288;16384,12288",DT_BF16;DT_BF16,ND;ND,"2,16384",DT_BF16,ND,320.37,bf16
dynamic,AI_CORE,"2,16384;16384,16384",DT_BF16;DT_BF16,ND;ND,"2,16384",DT_BF16,ND,404.49,bf16
dynamic,AI_CORE,"4,256;256,256",DT_BF16;DT_BF16,ND;ND,"4,256",DT_BF16,ND,39.79,bf16
dynamic,AI_CORE,"4,512;256,512",DT_BF16;DT_BF16,ND;ND,"4,256",DT_BF16,ND,37.38,bf16
dynamic,AI_CORE,"4,1024;256,1024",DT_BF16;DT_BF16,ND;ND,"4,256",DT_BF16,ND,38.51,bf16
dynamic,AI_CORE,"4,2048;256,2048",DT_BF16;DT_BF16,ND;ND,"4,256",DT_BF16,ND,38.92,bf16
dynamic,AI_CORE,"4,4096;256,4096",DT_BF16;DT_BF16,ND;ND,"4,256",DT_BF16,ND,38.25,bf16
dynamic,AI_CORE,"4,7168;256,7168",DT_BF16;DT_BF16,ND;ND,"4,256",DT_BF16,ND,37.43,bf16
dynamic,AI_CORE,"4,8192;256,8192",DT_BF16;DT_BF16,ND;ND,"4,256",DT_BF16,ND,37.47,bf16
dynamic,AI_CORE,"4,12288;256,12288",DT_BF16;DT_BF16,ND;ND,"4,256",DT_BF16,ND,37.70,bf16
dynamic,AI_CORE,"4,16384;256,16384",DT_BF16;DT_BF16,ND;ND,"4,256",DT_BF16,ND,37.41,bf16
dynamic,AI_CORE,"4,256;512,256",DT_BF16;DT_BF16,ND;ND,"4,512",DT_BF16,ND,38.37,bf16
dynamic,AI_CORE,"4,512;512,512",DT_BF16;DT_BF16,ND;ND,"4,512",DT_BF16,ND,40.50,bf16
dynamic,AI_CORE,"4,1024;512,1024",DT_BF16;DT_BF16,ND;ND,"4,512",DT_BF16,ND,43.63,bf16
dynamic,AI_CORE,"4,2048;512,2048",DT_BF16;DT_BF16,ND;ND,"4,512",DT_BF16,ND,38.60,bf16
dynamic,AI_CORE,"4,4096;512,4096",DT_BF16;DT_BF16,ND;ND,"4,512",DT_BF16,ND,39.14,bf16
dynamic,AI_CORE,"4,7168;512,7168",DT_BF16;DT_BF16,ND;ND,"4,512",DT_BF16,ND,38.54,bf16
dynamic,AI_CORE,"4,8192;512,8192",DT_BF16;DT_BF16,ND;ND,"4,512",DT_BF16,ND,38.05,bf16
dynamic,AI_CORE,"4,12288;512,12288",DT_BF16;DT_BF16,ND;ND,"4,512",DT_BF16,ND,38.24,bf16
dynamic,AI_CORE,"4,16384;512,16384",DT_BF16;DT_BF16,ND;ND,"4,512",DT_BF16,ND,40.89,bf16
dynamic,AI_CORE,"4,256;1024,256",DT_BF16;DT_BF16,ND;ND,"4,1024",DT_BF16,ND,37.84,bf16
dynamic,AI_CORE,"4,512;1024,512",DT_BF16;DT_BF16,ND;ND,"4,1024",DT_BF16,ND,38.16,bf16
dynamic,AI_CORE,"4,1024;1024,1024",DT_BF16;DT_BF16,ND;ND,"4,1024",DT_BF16,ND,38.46,bf16
dynamic,AI_CORE,"4,2048;1024,2048",DT_BF16;DT_BF16,ND;ND,"4,1024",DT_BF16,ND,37.57,bf16
dynamic,AI_CORE,"4,4096;1024,4096",DT_BF16;DT_BF16,ND;ND,"4,1024",DT_BF16,ND,37.89,bf16
dynamic,AI_CORE,"4,7168;1024,7168",DT_BF16;DT_BF16,ND;ND,"4,1024",DT_BF16,ND,38.81,bf16
dynamic,AI_CORE,"4,8192;1024,8192",DT_BF16;DT_BF16,ND;ND,"4,1024",DT_BF16,ND,38.44,bf16
dynamic,AI_CORE,"4,12288;1024,12288",DT_BF16;DT_BF16,ND;ND,"4,1024",DT_BF16,ND,42.19,bf16
dynamic,AI_CORE,"4,16384;1024,16384",DT_BF16;DT_BF16,ND;ND,"4,1024",DT_BF16,ND,47.79,bf16
dynamic,AI_CORE,"4,256;2048,256",DT_BF16;DT_BF16,ND;ND,"4,2048",DT_BF16,ND,38.20,bf16
dynamic,AI_CORE,"4,512;2048,512",DT_BF16;DT_BF16,ND;ND,"4,2048",DT_BF16,ND,47.62,bf16
dynamic,AI_CORE,"4,1024;2048,1024",DT_BF16;DT_BF16,ND;ND,"4,2048",DT_BF16,ND,37.68,bf16
dynamic,AI_CORE,"4,2048;2048,2048",DT_BF16;DT_BF16,ND;ND,"4,2048",DT_BF16,ND,37.75,bf16
dynamic,AI_CORE,"4,4096;2048,4096",DT_BF16;DT_BF16,ND;ND,"4,2048",DT_BF16,ND,37.70,bf16
dynamic,AI_CORE,"4,7168;2048,7168",DT_BF16;DT_BF16,ND;ND,"4,2048",DT_BF16,ND,37.65,bf16
dynamic,AI_CORE,"4,8192;2048,8192",DT_BF16;DT_BF16,ND;ND,"4,2048",DT_BF16,ND,38.51,bf16
dynamic,AI_CORE,"4,12288;2048,12288",DT_BF16;DT_BF16,ND;ND,"4,2048",DT_BF16,ND,46.38,bf16
dynamic,AI_CORE,"4,16384;2048,16384",DT_BF16;DT_BF16,ND;ND,"4,2048",DT_BF16,ND,59.57,bf16
dynamic,AI_CORE,"4,256;4096,256",DT_BF16;DT_BF16,ND;ND,"4,4096",DT_BF16,ND,37.79,bf16
dynamic,AI_CORE,"4,512;4096,512",DT_BF16;DT_BF16,ND;ND,"4,4096",DT_BF16,ND,38.11,bf16
dynamic,AI_CORE,"4,1024;4096,1024",DT_BF16;DT_BF16,ND;ND,"4,4096",DT_BF16,ND,37.89,bf16
dynamic,AI_CORE,"4,2048;4096,2048",DT_BF16;DT_BF16,ND;ND,"4,4096",DT_BF16,ND,37.86,bf16
dynamic,AI_CORE,"4,4096;4096,4096",DT_BF16;DT_BF16,ND;ND,"4,4096",DT_BF16,ND,37.84,bf16
dynamic,AI_CORE,"4,7168;4096,7168",DT_BF16;DT_BF16,ND;ND,"4,4096",DT_BF16,ND,49.81,bf16
dynamic,AI_CORE,"4,8192;4096,8192",DT_BF16;DT_BF16,ND;ND,"4,4096",DT_BF16,ND,49.72,bf16
dynamic,AI_CORE,"4,12288;4096,12288",DT_BF16;DT_BF16,ND;ND,"4,4096",DT_BF16,ND,90.72,bf16
dynamic,AI_CORE,"4,16384;4096,16384",DT_BF16;DT_BF16,ND;ND,"4,4096",DT_BF16,ND,115.48,bf16
dynamic,AI_CORE,"4,256;7168,256",DT_BF16;DT_BF16,ND;ND,"4,7168",DT_BF16,ND,38.15,bf16
dynamic,AI_CORE,"4,512;7168,512",DT_BF16;DT_BF16,ND;ND,"4,7168",DT_BF16,ND,38.60,bf16
dynamic,AI_CORE,"4,1024;7168,1024",DT_BF16;DT_BF16,ND;ND,"4,7168",DT_BF16,ND,37.71,bf16
dynamic,AI_CORE,"4,2048;7168,2048",DT_BF16;DT_BF16,ND;ND,"4,7168",DT_BF16,ND,37.92,bf16
dynamic,AI_CORE,"4,4096;7168,4096",DT_BF16;DT_BF16,ND;ND,"4,7168",DT_BF16,ND,52.01,bf16
dynamic,AI_CORE,"4,7168;7168,7168",DT_BF16;DT_BF16,ND;ND,"4,7168",DT_BF16,ND,96.93,bf16
dynamic,AI_CORE,"4,8192;7168,8192",DT_BF16;DT_BF16,ND;ND,"4,7168",DT_BF16,ND,85.99,bf16
dynamic,AI_CORE,"4,12288;7168,12288",DT_BF16;DT_BF16,ND;ND,"4,7168",DT_BF16,ND,157.49,bf16
dynamic,AI_CORE,"4,16384;7168,16384",DT_BF16;DT_BF16,ND;ND,"4,7168",DT_BF16,ND,203.69,bf16
dynamic,AI_CORE,"4,256;8192,256",DT_BF16;DT_BF16,ND;ND,"4,8192",DT_BF16,ND,37.83,bf16
dynamic,AI_CORE,"4,512;8192,512",DT_BF16;DT_BF16,ND;ND,"4,8192",DT_BF16,ND,37.87,bf16
dynamic,AI_CORE,"4,1024;8192,1024",DT_BF16;DT_BF16,ND;ND,"4,8192",DT_BF16,ND,37.73,bf16
dynamic,AI_CORE,"4,2048;8192,2048",DT_BF16;DT_BF16,ND;ND,"4,8192",DT_BF16,ND,37.88,bf16
dynamic,AI_CORE,"4,4096;8192,4096",DT_BF16;DT_BF16,ND;ND,"4,8192",DT_BF16,ND,58.68,bf16
dynamic,AI_CORE,"4,7168;8192,7168",DT_BF16;DT_BF16,ND;ND,"4,8192",DT_BF16,ND,98.38,bf16
dynamic,AI_CORE,"4,8192;8192,8192",DT_BF16;DT_BF16,ND;ND,"4,8192",DT_BF16,ND,100.24,bf16
dynamic,AI_CORE,"4,12288;8192,12288",DT_BF16;DT_BF16,ND;ND,"4,8192",DT_BF16,ND,165.85,bf16
dynamic,AI_CORE,"4,16384;8192,16384",DT_BF16;DT_BF16,ND;ND,"4,8192",DT_BF16,ND,204.94,bf16
dynamic,AI_CORE,"4,256;12288,256",DT_BF16;DT_BF16,ND;ND,"4,12288",DT_BF16,ND,38.46,bf16
dynamic,AI_CORE,"4,512;12288,512",DT_BF16;DT_BF16,ND;ND,"4,12288",DT_BF16,ND,38.67,bf16
dynamic,AI_CORE,"4,1024;12288,1024",DT_BF16;DT_BF16,ND;ND,"4,12288",DT_BF16,ND,38.20,bf16
dynamic,AI_CORE,"4,2048;12288,2048",DT_BF16;DT_BF16,ND;ND,"4,12288",DT_BF16,ND,37.95,bf16
dynamic,AI_CORE,"4,4096;12288,4096",DT_BF16;DT_BF16,ND;ND,"4,12288",DT_BF16,ND,72.59,bf16
dynamic,AI_CORE,"4,7168;12288,7168",DT_BF16;DT_BF16,ND;ND,"4,12288",DT_BF16,ND,147.32,bf16
dynamic,AI_CORE,"4,8192;12288,8192",DT_BF16;DT_BF16,ND;ND,"4,12288",DT_BF16,ND,146.12,bf16
dynamic,AI_CORE,"4,12288;12288,12288",DT_BF16;DT_BF16,ND;ND,"4,12288",DT_BF16,ND,234.74,bf16
dynamic,AI_CORE,"4,16384;12288,16384",DT_BF16;DT_BF16,ND;ND,"4,12288",DT_BF16,ND,294.89,bf16
dynamic,AI_CORE,"4,256;16384,256",DT_BF16;DT_BF16,ND;ND,"4,16384",DT_BF16,ND,38.55,bf16
dynamic,AI_CORE,"4,512;16384,512",DT_BF16;DT_BF16,ND;ND,"4,16384",DT_BF16,ND,38.48,bf16
dynamic,AI_CORE,"4,1024;16384,1024",DT_BF16;DT_BF16,ND;ND,"4,16384",DT_BF16,ND,39.88,bf16
dynamic,AI_CORE,"4,2048;16384,2048",DT_BF16;DT_BF16,ND;ND,"4,16384",DT_BF16,ND,54.57,bf16
dynamic,AI_CORE,"4,4096;16384,4096",DT_BF16;DT_BF16,ND;ND,"4,16384",DT_BF16,ND,96.82,bf16
dynamic,AI_CORE,"4,7168;16384,7168",DT_BF16;DT_BF16,ND;ND,"4,16384",DT_BF16,ND,191.89,bf16
dynamic,AI_CORE,"4,8192;16384,8192",DT_BF16;DT_BF16,ND;ND,"4,16384",DT_BF16,ND,198.00,bf16
dynamic,AI_CORE,"4,12288;16384,12288",DT_BF16;DT_BF16,ND;ND,"4,16384",DT_BF16,ND,324.90,bf16
dynamic,AI_CORE,"4,16384;16384,16384",DT_BF16;DT_BF16,ND;ND,"4,16384",DT_BF16,ND,402.67,bf16
dynamic,AI_CORE,"8,256;256,256",DT_BF16;DT_BF16,ND;ND,"8,256",DT_BF16,ND,38.25,bf16
dynamic,AI_CORE,"8,512;256,512",DT_BF16;DT_BF16,ND;ND,"8,256",DT_BF16,ND,39.31,bf16
dynamic,AI_CORE,"8,1024;256,1024",DT_BF16;DT_BF16,ND;ND,"8,256",DT_BF16,ND,38.05,bf16
dynamic,AI_CORE,"8,2048;256,2048",DT_BF16;DT_BF16,ND;ND,"8,256",DT_BF16,ND,39.02,bf16
dynamic,AI_CORE,"8,4096;256,4096",DT_BF16;DT_BF16,ND;ND,"8,256",DT_BF16,ND,39.36,bf16
dynamic,AI_CORE,"8,7168;256,7168",DT_BF16;DT_BF16,ND;ND,"8,256",DT_BF16,ND,38.17,bf16
dynamic,AI_CORE,"8,8192;256,8192",DT_BF16;DT_BF16,ND;ND,"8,256",DT_BF16,ND,38.39,bf16
dynamic,AI_CORE,"8,12288;256,12288",DT_BF16;DT_BF16,ND;ND,"8,256",DT_BF16,ND,37.56,bf16
dynamic,AI_CORE,"8,16384;256,16384",DT_BF16;DT_BF16,ND;ND,"8,256",DT_BF16,ND,38.41,bf16
dynamic,AI_CORE,"8,256;512,256",DT_BF16;DT_BF16,ND;ND,"8,512",DT_BF16,ND,37.60,bf16
dynamic,AI_CORE,"8,512;512,512",DT_BF16;DT_BF16,ND;ND,"8,512",DT_BF16,ND,39.60,bf16
dynamic,AI_CORE,"8,1024;512,1024",DT_BF16;DT_BF16,ND;ND,"8,512",DT_BF16,ND,37.70,bf16
dynamic,AI_CORE,"8,2048;512,2048",DT_BF16;DT_BF16,ND;ND,"8,512",DT_BF16,ND,37.75,bf16
dynamic,AI_CORE,"8,4096;512,4096",DT_BF16;DT_BF16,ND;ND,"8,512",DT_BF16,ND,37.46,bf16
dynamic,AI_CORE,"8,7168;512,7168",DT_BF16;DT_BF16,ND;ND,"8,512",DT_BF16,ND,37.38,bf16
dynamic,AI_CORE,"8,8192;512,8192",DT_BF16;DT_BF16,ND;ND,"8,512",DT_BF16,ND,37.60,bf16
dynamic,AI_CORE,"8,12288;512,12288",DT_BF16;DT_BF16,ND;ND,"8,512",DT_BF16,ND,37.48,bf16
dynamic,AI_CORE,"8,16384;512,16384",DT_BF16;DT_BF16,ND;ND,"8,512",DT_BF16,ND,37.90,bf16
dynamic,AI_CORE,"8,256;1024,256",DT_BF16;DT_BF16,ND;ND,"8,1024",DT_BF16,ND,37.65,bf16
dynamic,AI_CORE,"8,512;1024,512",DT_BF16;DT_BF16,ND;ND,"8,1024",DT_BF16,ND,37.84,bf16
dynamic,AI_CORE,"8,1024;1024,1024",DT_BF16;DT_BF16,ND;ND,"8,1024",DT_BF16,ND,37.89,bf16
dynamic,AI_CORE,"8,2048;1024,2048",DT_BF16;DT_BF16,ND;ND,"8,1024",DT_BF16,ND,37.63,bf16
dynamic,AI_CORE,"8,4096;1024,4096",DT_BF16;DT_BF16,ND;ND,"8,1024",DT_BF16,ND,38.05,bf16
dynamic,AI_CORE,"8,7168;1024,7168",DT_BF16;DT_BF16,ND;ND,"8,1024",DT_BF16,ND,37.85,bf16
dynamic,AI_CORE,"8,8192;1024,8192",DT_BF16;DT_BF16,ND;ND,"8,1024",DT_BF16,ND,38.15,bf16
dynamic,AI_CORE,"8,12288;1024,12288",DT_BF16;DT_BF16,ND;ND,"8,1024",DT_BF16,ND,37.99,bf16
dynamic,AI_CORE,"8,16384;1024,16384",DT_BF16;DT_BF16,ND;ND,"8,1024",DT_BF16,ND,47.80,bf16
dynamic,AI_CORE,"8,256;2048,256",DT_BF16;DT_BF16,ND;ND,"8,2048",DT_BF16,ND,37.78,bf16
dynamic,AI_CORE,"8,512;2048,512",DT_BF16;DT_BF16,ND;ND,"8,2048",DT_BF16,ND,37.55,bf16
dynamic,AI_CORE,"8,1024;2048,1024",DT_BF16;DT_BF16,ND;ND,"8,2048",DT_BF16,ND,37.45,bf16
dynamic,AI_CORE,"8,2048;2048,2048",DT_BF16;DT_BF16,ND;ND,"8,2048",DT_BF16,ND,37.55,bf16
dynamic,AI_CORE,"8,4096;2048,4096",DT_BF16;DT_BF16,ND;ND,"8,2048",DT_BF16,ND,37.70,bf16
dynamic,AI_CORE,"8,7168;2048,7168",DT_BF16;DT_BF16,ND;ND,"8,2048",DT_BF16,ND,38.30,bf16
dynamic,AI_CORE,"8,8192;2048,8192",DT_BF16;DT_BF16,ND;ND,"8,2048",DT_BF16,ND,37.80,bf16
dynamic,AI_CORE,"8,12288;2048,12288",DT_BF16;DT_BF16,ND;ND,"8,2048",DT_BF16,ND,46.85,bf16
dynamic,AI_CORE,"8,16384;2048,16384",DT_BF16;DT_BF16,ND;ND,"8,2048",DT_BF16,ND,59.44,bf16
dynamic,AI_CORE,"8,256;4096,256",DT_BF16;DT_BF16,ND;ND,"8,4096",DT_BF16,ND,39.51,bf16
dynamic,AI_CORE,"8,512;4096,512",DT_BF16;DT_BF16,ND;ND,"8,4096",DT_BF16,ND,37.86,bf16
dynamic,AI_CORE,"8,1024;4096,1024",DT_BF16;DT_BF16,ND;ND,"8,4096",DT_BF16,ND,37.73,bf16
dynamic,AI_CORE,"8,2048;4096,2048",DT_BF16;DT_BF16,ND;ND,"8,4096",DT_BF16,ND,38.09,bf16
dynamic,AI_CORE,"8,4096;4096,4096",DT_BF16;DT_BF16,ND;ND,"8,4096",DT_BF16,ND,37.75,bf16
dynamic,AI_CORE,"8,7168;4096,7168",DT_BF16;DT_BF16,ND;ND,"8,4096",DT_BF16,ND,49.80,bf16
dynamic,AI_CORE,"8,8192;4096,8192",DT_BF16;DT_BF16,ND;ND,"8,4096",DT_BF16,ND,50.31,bf16
dynamic,AI_CORE,"8,12288;4096,12288",DT_BF16;DT_BF16,ND;ND,"8,4096",DT_BF16,ND,90.02,bf16
dynamic,AI_CORE,"8,16384;4096,16384",DT_BF16;DT_BF16,ND;ND,"8,4096",DT_BF16,ND,116.01,bf16
dynamic,AI_CORE,"8,256;7168,256",DT_BF16;DT_BF16,ND;ND,"8,7168",DT_BF16,ND,37.63,bf16
dynamic,AI_CORE,"8,512;7168,512",DT_BF16;DT_BF16,ND;ND,"8,7168",DT_BF16,ND,37.25,bf16
dynamic,AI_CORE,"8,1024;7168,1024",DT_BF16;DT_BF16,ND;ND,"8,7168",DT_BF16,ND,37.86,bf16
dynamic,AI_CORE,"8,2048;7168,2048",DT_BF16;DT_BF16,ND;ND,"8,7168",DT_BF16,ND,38.08,bf16
dynamic,AI_CORE,"8,4096;7168,4096",DT_BF16;DT_BF16,ND;ND,"8,7168",DT_BF16,ND,52.23,bf16
dynamic,AI_CORE,"8,7168;7168,7168",DT_BF16;DT_BF16,ND;ND,"8,7168",DT_BF16,ND,95.63,bf16
dynamic,AI_CORE,"8,8192;7168,8192",DT_BF16;DT_BF16,ND;ND,"8,7168",DT_BF16,ND,83.83,bf16
dynamic,AI_CORE,"8,12288;7168,12288",DT_BF16;DT_BF16,ND;ND,"8,7168",DT_BF16,ND,157.55,bf16
dynamic,AI_CORE,"8,16384;7168,16384",DT_BF16;DT_BF16,ND;ND,"8,7168",DT_BF16,ND,204.05,bf16
dynamic,AI_CORE,"8,256;8192,256",DT_BF16;DT_BF16,ND;ND,"8,8192",DT_BF16,ND,38.03,bf16
dynamic,AI_CORE,"8,512;8192,512",DT_BF16;DT_BF16,ND;ND,"8,8192",DT_BF16,ND,38.14,bf16
dynamic,AI_CORE,"8,1024;8192,1024",DT_BF16;DT_BF16,ND;ND,"8,8192",DT_BF16,ND,37.84,bf16
dynamic,AI_CORE,"8,2048;8192,2048",DT_BF16;DT_BF16,ND;ND,"8,8192",DT_BF16,ND,37.78,bf16
dynamic,AI_CORE,"8,4096;8192,4096",DT_BF16;DT_BF16,ND;ND,"8,8192",DT_BF16,ND,53.05,bf16
dynamic,AI_CORE,"8,7168;8192,7168",DT_BF16;DT_BF16,ND;ND,"8,8192",DT_BF16,ND,98.02,bf16
dynamic,AI_CORE,"8,8192;8192,8192",DT_BF16;DT_BF16,ND;ND,"8,8192",DT_BF16,ND,102.92,bf16
dynamic,AI_CORE,"8,12288;8192,12288",DT_BF16;DT_BF16,ND;ND,"8,8192",DT_BF16,ND,162.31,bf16
dynamic,AI_CORE,"8,16384;8192,16384",DT_BF16;DT_BF16,ND;ND,"8,8192",DT_BF16,ND,207.00,bf16
dynamic,AI_CORE,"8,256;12288,256",DT_BF16;DT_BF16,ND;ND,"8,12288",DT_BF16,ND,38.95,bf16
dynamic,AI_CORE,"8,512;12288,512",DT_BF16;DT_BF16,ND;ND,"8,12288",DT_BF16,ND,38.45,bf16
dynamic,AI_CORE,"8,1024;12288,1024",DT_BF16;DT_BF16,ND;ND,"8,12288",DT_BF16,ND,39.51,bf16
dynamic,AI_CORE,"8,2048;12288,2048",DT_BF16;DT_BF16,ND;ND,"8,12288",DT_BF16,ND,42.32,bf16
dynamic,AI_CORE,"8,4096;12288,4096",DT_BF16;DT_BF16,ND;ND,"8,12288",DT_BF16,ND,71.22,bf16
dynamic,AI_CORE,"8,7168;12288,7168",DT_BF16;DT_BF16,ND;ND,"8,12288",DT_BF16,ND,142.22,bf16
dynamic,AI_CORE,"8,8192;12288,8192",DT_BF16;DT_BF16,ND;ND,"8,12288",DT_BF16,ND,144.01,bf16
dynamic,AI_CORE,"8,12288;12288,12288",DT_BF16;DT_BF16,ND;ND,"8,12288",DT_BF16,ND,237.21,bf16
dynamic,AI_CORE,"8,16384;12288,16384",DT_BF16;DT_BF16,ND;ND,"8,12288",DT_BF16,ND,287.42,bf16
dynamic,AI_CORE,"8,256;16384,256",DT_BF16;DT_BF16,ND;ND,"8,16384",DT_BF16,ND,38.30,bf16
dynamic,AI_CORE,"8,512;16384,512",DT_BF16;DT_BF16,ND;ND,"8,16384",DT_BF16,ND,38.16,bf16
dynamic,AI_CORE,"8,1024;16384,1024",DT_BF16;DT_BF16,ND;ND,"8,16384",DT_BF16,ND,38.57,bf16
dynamic,AI_CORE,"8,2048;16384,2048",DT_BF16;DT_BF16,ND;ND,"8,16384",DT_BF16,ND,49.93,bf16
dynamic,AI_CORE,"8,4096;16384,4096",DT_BF16;DT_BF16,ND;ND,"8,16384",DT_BF16,ND,96.49,bf16
dynamic,AI_CORE,"8,7168;16384,7168",DT_BF16;DT_BF16,ND;ND,"8,16384",DT_BF16,ND,199.19,bf16
dynamic,AI_CORE,"8,8192;16384,8192",DT_BF16;DT_BF16,ND;ND,"8,16384",DT_BF16,ND,200.07,bf16
dynamic,AI_CORE,"8,12288;16384,12288",DT_BF16;DT_BF16,ND;ND,"8,16384",DT_BF16,ND,326.39,bf16
dynamic,AI_CORE,"8,16384;16384,16384",DT_BF16;DT_BF16,ND;ND,"8,16384",DT_BF16,ND,403.19,bf16
dynamic,AI_CORE,"16,256;256,256",DT_BF16;DT_BF16,ND;ND,"16,256",DT_BF16,ND,38.33,bf16
dynamic,AI_CORE,"16,512;256,512",DT_BF16;DT_BF16,ND;ND,"16,256",DT_BF16,ND,37.70,bf16
dynamic,AI_CORE,"16,1024;256,1024",DT_BF16;DT_BF16,ND;ND,"16,256",DT_BF16,ND,37.59,bf16
dynamic,AI_CORE,"16,2048;256,2048",DT_BF16;DT_BF16,ND;ND,"16,256",DT_BF16,ND,38.29,bf16
dynamic,AI_CORE,"16,4096;256,4096",DT_BF16;DT_BF16,ND;ND,"16,256",DT_BF16,ND,37.71,bf16
dynamic,AI_CORE,"16,7168;256,7168",DT_BF16;DT_BF16,ND;ND,"16,256",DT_BF16,ND,38.07,bf16
dynamic,AI_CORE,"16,8192;256,8192",DT_BF16;DT_BF16,ND;ND,"16,256",DT_BF16,ND,37.42,bf16
dynamic,AI_CORE,"16,12288;256,12288",DT_BF16;DT_BF16,ND;ND,"16,256",DT_BF16,ND,37.65,bf16
dynamic,AI_CORE,"16,16384;256,16384",DT_BF16;DT_BF16,ND;ND,"16,256",DT_BF16,ND,38.27,bf16
dynamic,AI_CORE,"16,256;512,256",DT_BF16;DT_BF16,ND;ND,"16,512",DT_BF16,ND,38.27,bf16
dynamic,AI_CORE,"16,512;512,512",DT_BF16;DT_BF16,ND;ND,"16,512",DT_BF16,ND,39.48,bf16
dynamic,AI_CORE,"16,1024;512,1024",DT_BF16;DT_BF16,ND;ND,"16,512",DT_BF16,ND,37.80,bf16
dynamic,AI_CORE,"16,2048;512,2048",DT_BF16;DT_BF16,ND;ND,"16,512",DT_BF16,ND,37.88,bf16
dynamic,AI_CORE,"16,4096;512,4096",DT_BF16;DT_BF16,ND;ND,"16,512",DT_BF16,ND,38.65,bf16
dynamic,AI_CORE,"16,7168;512,7168",DT_BF16;DT_BF16,ND;ND,"16,512",DT_BF16,ND,37.69,bf16
dynamic,AI_CORE,"16,8192;512,8192",DT_BF16;DT_BF16,ND;ND,"16,512",DT_BF16,ND,40.10,bf16
dynamic,AI_CORE,"16,12288;512,12288",DT_BF16;DT_BF16,ND;ND,"16,512",DT_BF16,ND,37.80,bf16
dynamic,AI_CORE,"16,16384;512,16384",DT_BF16;DT_BF16,ND;ND,"16,512",DT_BF16,ND,37.67,bf16
dynamic,AI_CORE,"16,256;1024,256",DT_BF16;DT_BF16,ND;ND,"16,1024",DT_BF16,ND,37.38,bf16
dynamic,AI_CORE,"16,512;1024,512",DT_BF16;DT_BF16,ND;ND,"16,1024",DT_BF16,ND,37.47,bf16
dynamic,AI_CORE,"16,1024;1024,1024",DT_BF16;DT_BF16,ND;ND,"16,1024",DT_BF16,ND,37.49,bf16
dynamic,AI_CORE,"16,2048;1024,2048",DT_BF16;DT_BF16,ND;ND,"16,1024",DT_BF16,ND,37.52,bf16
dynamic,AI_CORE,"16,4096;1024,4096",DT_BF16;DT_BF16,ND;ND,"16,1024",DT_BF16,ND,37.61,bf16
dynamic,AI_CORE,"16,7168;1024,7168",DT_BF16;DT_BF16,ND;ND,"16,1024",DT_BF16,ND,37.65,bf16
dynamic,AI_CORE,"16,8192;1024,8192",DT_BF16;DT_BF16,ND;ND,"16,1024",DT_BF16,ND,37.92,bf16
dynamic,AI_CORE,"16,12288;1024,12288",DT_BF16;DT_BF16,ND;ND,"16,1024",DT_BF16,ND,38.15,bf16
dynamic,AI_CORE,"16,16384;1024,16384",DT_BF16;DT_BF16,ND;ND,"16,1024",DT_BF16,ND,37.52,bf16
dynamic,AI_CORE,"16,256;2048,256",DT_BF16;DT_BF16,ND;ND,"16,2048",DT_BF16,ND,37.79,bf16
dynamic,AI_CORE,"16,512;2048,512",DT_BF16;DT_BF16,ND;ND,"16,2048",DT_BF16,ND,37.85,bf16
dynamic,AI_CORE,"16,1024;2048,1024",DT_BF16;DT_BF16,ND;ND,"16,2048",DT_BF16,ND,37.97,bf16
dynamic,AI_CORE,"16,2048;2048,2048",DT_BF16;DT_BF16,ND;ND,"16,2048",DT_BF16,ND,38.07,bf16
dynamic,AI_CORE,"16,4096;2048,4096",DT_BF16;DT_BF16,ND;ND,"16,2048",DT_BF16,ND,39.48,bf16
dynamic,AI_CORE,"16,7168;2048,7168",DT_BF16;DT_BF16,ND;ND,"16,2048",DT_BF16,ND,37.74,bf16
dynamic,AI_CORE,"16,8192;2048,8192",DT_BF16;DT_BF16,ND;ND,"16,2048",DT_BF16,ND,38.12,bf16
dynamic,AI_CORE,"16,12288;2048,12288",DT_BF16;DT_BF16,ND;ND,"16,2048",DT_BF16,ND,45.17,bf16
dynamic,AI_CORE,"16,16384;2048,16384",DT_BF16;DT_BF16,ND;ND,"16,2048",DT_BF16,ND,69.16,bf16
dynamic,AI_CORE,"16,256;4096,256",DT_BF16;DT_BF16,ND;ND,"16,4096",DT_BF16,ND,38.02,bf16
dynamic,AI_CORE,"16,512;4096,512",DT_BF16;DT_BF16,ND;ND,"16,4096",DT_BF16,ND,38.08,bf16
dynamic,AI_CORE,"16,1024;4096,1024",DT_BF16;DT_BF16,ND;ND,"16,4096",DT_BF16,ND,38.05,bf16
dynamic,AI_CORE,"16,2048;4096,2048",DT_BF16;DT_BF16,ND;ND,"16,4096",DT_BF16,ND,39.11,bf16
dynamic,AI_CORE,"16,4096;4096,4096",DT_BF16;DT_BF16,ND;ND,"16,4096",DT_BF16,ND,38.31,bf16
dynamic,AI_CORE,"16,7168;4096,7168",DT_BF16;DT_BF16,ND;ND,"16,4096",DT_BF16,ND,50.61,bf16
dynamic,AI_CORE,"16,8192;4096,8192",DT_BF16;DT_BF16,ND;ND,"16,4096",DT_BF16,ND,54.03,bf16
dynamic,AI_CORE,"16,12288;4096,12288",DT_BF16;DT_BF16,ND;ND,"16,4096",DT_BF16,ND,97.12,bf16
dynamic,AI_CORE,"16,16384;4096,16384",DT_BF16;DT_BF16,ND;ND,"16,4096",DT_BF16,ND,135.51,bf16
dynamic,AI_CORE,"16,256;7168,256",DT_BF16;DT_BF16,ND;ND,"16,7168",DT_BF16,ND,38.65,bf16
dynamic,AI_CORE,"16,512;7168,512",DT_BF16;DT_BF16,ND;ND,"16,7168",DT_BF16,ND,38.18,bf16
dynamic,AI_CORE,"16,1024;7168,1024",DT_BF16;DT_BF16,ND;ND,"16,7168",DT_BF16,ND,38.70,bf16
dynamic,AI_CORE,"16,2048;7168,2048",DT_BF16;DT_BF16,ND;ND,"16,7168",DT_BF16,ND,38.22,bf16
dynamic,AI_CORE,"16,4096;7168,4096",DT_BF16;DT_BF16,ND;ND,"16,7168",DT_BF16,ND,49.49,bf16
dynamic,AI_CORE,"16,7168;7168,7168",DT_BF16;DT_BF16,ND;ND,"16,7168",DT_BF16,ND,99.33,bf16
dynamic,AI_CORE,"16,8192;7168,8192",DT_BF16;DT_BF16,ND;ND,"16,7168",DT_BF16,ND,99.82,bf16
dynamic,AI_CORE,"16,12288;7168,12288",DT_BF16;DT_BF16,ND;ND,"16,7168",DT_BF16,ND,156.79,bf16
dynamic,AI_CORE,"16,16384;7168,16384",DT_BF16;DT_BF16,ND;ND,"16,7168",DT_BF16,ND,215.03,bf16
dynamic,AI_CORE,"16,256;8192,256",DT_BF16;DT_BF16,ND;ND,"16,8192",DT_BF16,ND,37.87,bf16
dynamic,AI_CORE,"16,512;8192,512",DT_BF16;DT_BF16,ND;ND,"16,8192",DT_BF16,ND,37.21,bf16
dynamic,AI_CORE,"16,1024;8192,1024",DT_BF16;DT_BF16,ND;ND,"16,8192",DT_BF16,ND,37.35,bf16
dynamic,AI_CORE,"16,2048;8192,2048",DT_BF16;DT_BF16,ND;ND,"16,8192",DT_BF16,ND,37.64,bf16
dynamic,AI_CORE,"16,4096;8192,4096",DT_BF16;DT_BF16,ND;ND,"16,8192",DT_BF16,ND,56.13,bf16
dynamic,AI_CORE,"16,7168;8192,7168",DT_BF16;DT_BF16,ND;ND,"16,8192",DT_BF16,ND,105.95,bf16
dynamic,AI_CORE,"16,8192;8192,8192",DT_BF16;DT_BF16,ND;ND,"16,8192",DT_BF16,ND,120.48,bf16
dynamic,AI_CORE,"16,12288;8192,12288",DT_BF16;DT_BF16,ND;ND,"16,8192",DT_BF16,ND,167.37,bf16
dynamic,AI_CORE,"16,16384;8192,16384",DT_BF16;DT_BF16,ND;ND,"16,8192",DT_BF16,ND,232.34,bf16
dynamic,AI_CORE,"16,256;12288,256",DT_BF16;DT_BF16,ND;ND,"16,12288",DT_BF16,ND,38.24,bf16
dynamic,AI_CORE,"16,512;12288,512",DT_BF16;DT_BF16,ND;ND,"16,12288",DT_BF16,ND,38.10,bf16
dynamic,AI_CORE,"16,1024;12288,1024",DT_BF16;DT_BF16,ND;ND,"16,12288",DT_BF16,ND,37.80,bf16
dynamic,AI_CORE,"16,2048;12288,2048",DT_BF16;DT_BF16,ND;ND,"16,12288",DT_BF16,ND,38.27,bf16
dynamic,AI_CORE,"16,4096;12288,4096",DT_BF16;DT_BF16,ND;ND,"16,12288",DT_BF16,ND,71.76,bf16
dynamic,AI_CORE,"16,7168;12288,7168",DT_BF16;DT_BF16,ND;ND,"16,12288",DT_BF16,ND,149.12,bf16
dynamic,AI_CORE,"16,8192;12288,8192",DT_BF16;DT_BF16,ND;ND,"16,12288",DT_BF16,ND,155.42,bf16
dynamic,AI_CORE,"16,12288;12288,12288",DT_BF16;DT_BF16,ND;ND,"16,12288",DT_BF16,ND,242.13,bf16
dynamic,AI_CORE,"16,16384;12288,16384",DT_BF16;DT_BF16,ND;ND,"16,12288",DT_BF16,ND,321.75,bf16
dynamic,AI_CORE,"16,256;16384,256",DT_BF16;DT_BF16,ND;ND,"16,16384",DT_BF16,ND,58.02,bf16
dynamic,AI_CORE,"16,512;16384,512",DT_BF16;DT_BF16,ND;ND,"16,16384",DT_BF16,ND,37.95,bf16
dynamic,AI_CORE,"16,1024;16384,1024",DT_BF16;DT_BF16,ND;ND,"16,16384",DT_BF16,ND,37.90,bf16
dynamic,AI_CORE,"16,2048;16384,2048",DT_BF16;DT_BF16,ND;ND,"16,16384",DT_BF16,ND,50.80,bf16
dynamic,AI_CORE,"16,4096;16384,4096",DT_BF16;DT_BF16,ND;ND,"16,16384",DT_BF16,ND,95.49,bf16
dynamic,AI_CORE,"16,7168;16384,7168",DT_BF16;DT_BF16,ND;ND,"16,16384",DT_BF16,ND,213.08,bf16
dynamic,AI_CORE,"16,8192;16384,8192",DT_BF16;DT_BF16,ND;ND,"16,16384",DT_BF16,ND,214.86,bf16
dynamic,AI_CORE,"16,12288;16384,12288",DT_BF16;DT_BF16,ND;ND,"16,16384",DT_BF16,ND,331.17,bf16
dynamic,AI_CORE,"16,16384;16384,16384",DT_BF16;DT_BF16,ND;ND,"16,16384",DT_BF16,ND,442.19,bf16
dynamic,AI_CORE,"32,256;256,256",DT_BF16;DT_BF16,ND;ND,"32,256",DT_BF16,ND,37.71,bf16
dynamic,AI_CORE,"32,512;256,512",DT_BF16;DT_BF16,ND;ND,"32,256",DT_BF16,ND,37.46,bf16
dynamic,AI_CORE,"32,1024;256,1024",DT_BF16;DT_BF16,ND;ND,"32,256",DT_BF16,ND,37.29,bf16
dynamic,AI_CORE,"32,2048;256,2048",DT_BF16;DT_BF16,ND;ND,"32,256",DT_BF16,ND,37.22,bf16
dynamic,AI_CORE,"32,4096;256,4096",DT_BF16;DT_BF16,ND;ND,"32,256",DT_BF16,ND,37.38,bf16
dynamic,AI_CORE,"32,7168;256,7168",DT_BF16;DT_BF16,ND;ND,"32,256",DT_BF16,ND,38.35,bf16
dynamic,AI_CORE,"32,8192;256,8192",DT_BF16;DT_BF16,ND;ND,"32,256",DT_BF16,ND,38.30,bf16
dynamic,AI_CORE,"32,12288;256,12288",DT_BF16;DT_BF16,ND;ND,"32,256",DT_BF16,ND,38.05,bf16
dynamic,AI_CORE,"32,16384;256,16384",DT_BF16;DT_BF16,ND;ND,"32,256",DT_BF16,ND,38.93,bf16
dynamic,AI_CORE,"32,256;512,256",DT_BF16;DT_BF16,ND;ND,"32,512",DT_BF16,ND,38.76,bf16
dynamic,AI_CORE,"32,512;512,512",DT_BF16;DT_BF16,ND;ND,"32,512",DT_BF16,ND,40.64,bf16
dynamic,AI_CORE,"32,1024;512,1024",DT_BF16;DT_BF16,ND;ND,"32,512",DT_BF16,ND,38.46,bf16
dynamic,AI_CORE,"32,2048;512,2048",DT_BF16;DT_BF16,ND;ND,"32,512",DT_BF16,ND,38.36,bf16
dynamic,AI_CORE,"32,4096;512,4096",DT_BF16;DT_BF16,ND;ND,"32,512",DT_BF16,ND,38.20,bf16
dynamic,AI_CORE,"32,7168;512,7168",DT_BF16;DT_BF16,ND;ND,"32,512",DT_BF16,ND,38.75,bf16
dynamic,AI_CORE,"32,8192;512,8192",DT_BF16;DT_BF16,ND;ND,"32,512",DT_BF16,ND,38.19,bf16
dynamic,AI_CORE,"32,12288;512,12288",DT_BF16;DT_BF16,ND;ND,"32,512",DT_BF16,ND,37.93,bf16
dynamic,AI_CORE,"32,16384;512,16384",DT_BF16;DT_BF16,ND;ND,"32,512",DT_BF16,ND,38.09,bf16
dynamic,AI_CORE,"32,256;1024,256",DT_BF16;DT_BF16,ND;ND,"32,1024",DT_BF16,ND,37.98,bf16
dynamic,AI_CORE,"32,512;1024,512",DT_BF16;DT_BF16,ND;ND,"32,1024",DT_BF16,ND,38.06,bf16
dynamic,AI_CORE,"32,1024;1024,1024",DT_BF16;DT_BF16,ND;ND,"32,1024",DT_BF16,ND,38.58,bf16
dynamic,AI_CORE,"32,2048;1024,2048",DT_BF16;DT_BF16,ND;ND,"32,1024",DT_BF16,ND,37.91,bf16
dynamic,AI_CORE,"32,4096;1024,4096",DT_BF16;DT_BF16,ND;ND,"32,1024",DT_BF16,ND,38.09,bf16
dynamic,AI_CORE,"32,7168;1024,7168",DT_BF16;DT_BF16,ND;ND,"32,1024",DT_BF16,ND,38.30,bf16
dynamic,AI_CORE,"32,8192;1024,8192",DT_BF16;DT_BF16,ND;ND,"32,1024",DT_BF16,ND,38.56,bf16
dynamic,AI_CORE,"32,12288;1024,12288",DT_BF16;DT_BF16,ND;ND,"32,1024",DT_BF16,ND,38.43,bf16
dynamic,AI_CORE,"32,16384;1024,16384",DT_BF16;DT_BF16,ND;ND,"32,1024",DT_BF16,ND,38.35,bf16
dynamic,AI_CORE,"32,256;2048,256",DT_BF16;DT_BF16,ND;ND,"32,2048",DT_BF16,ND,38.54,bf16
dynamic,AI_CORE,"32,512;2048,512",DT_BF16;DT_BF16,ND;ND,"32,2048",DT_BF16,ND,38.25,bf16
dynamic,AI_CORE,"32,1024;2048,1024",DT_BF16;DT_BF16,ND;ND,"32,2048",DT_BF16,ND,41.18,bf16
dynamic,AI_CORE,"32,2048;2048,2048",DT_BF16;DT_BF16,ND;ND,"32,2048",DT_BF16,ND,37.83,bf16
dynamic,AI_CORE,"32,4096;2048,4096",DT_BF16;DT_BF16,ND;ND,"32,2048",DT_BF16,ND,37.79,bf16
dynamic,AI_CORE,"32,7168;2048,7168",DT_BF16;DT_BF16,ND;ND,"32,2048",DT_BF16,ND,37.55,bf16
dynamic,AI_CORE,"32,8192;2048,8192",DT_BF16;DT_BF16,ND;ND,"32,2048",DT_BF16,ND,38.43,bf16
dynamic,AI_CORE,"32,12288;2048,12288",DT_BF16;DT_BF16,ND;ND,"32,2048",DT_BF16,ND,49.02,bf16
dynamic,AI_CORE,"32,16384;2048,16384",DT_BF16;DT_BF16,ND;ND,"32,2048",DT_BF16,ND,68.34,bf16
dynamic,AI_CORE,"32,256;4096,256",DT_BF16;DT_BF16,ND;ND,"32,4096",DT_BF16,ND,37.42,bf16
dynamic,AI_CORE,"32,512;4096,512",DT_BF16;DT_BF16,ND;ND,"32,4096",DT_BF16,ND,38.34,bf16
dynamic,AI_CORE,"32,1024;4096,1024",DT_BF16;DT_BF16,ND;ND,"32,4096",DT_BF16,ND,38.51,bf16
dynamic,AI_CORE,"32,2048;4096,2048",DT_BF16;DT_BF16,ND;ND,"32,4096",DT_BF16,ND,38.03,bf16
dynamic,AI_CORE,"32,4096;4096,4096",DT_BF16;DT_BF16,ND;ND,"32,4096",DT_BF16,ND,38.08,bf16
dynamic,AI_CORE,"32,7168;4096,7168",DT_BF16;DT_BF16,ND;ND,"32,4096",DT_BF16,ND,57.63,bf16
dynamic,AI_CORE,"32,8192;4096,8192",DT_BF16;DT_BF16,ND;ND,"32,4096",DT_BF16,ND,62.77,bf16
dynamic,AI_CORE,"32,12288;4096,12288",DT_BF16;DT_BF16,ND;ND,"32,4096",DT_BF16,ND,93.24,bf16
dynamic,AI_CORE,"32,16384;4096,16384",DT_BF16;DT_BF16,ND;ND,"32,4096",DT_BF16,ND,135.35,bf16
dynamic,AI_CORE,"32,256;7168,256",DT_BF16;DT_BF16,ND;ND,"32,7168",DT_BF16,ND,39.69,bf16
dynamic,AI_CORE,"32,512;7168,512",DT_BF16;DT_BF16,ND;ND,"32,7168",DT_BF16,ND,38.34,bf16
dynamic,AI_CORE,"32,1024;7168,1024",DT_BF16;DT_BF16,ND;ND,"32,7168",DT_BF16,ND,38.78,bf16
dynamic,AI_CORE,"32,2048;7168,2048",DT_BF16;DT_BF16,ND;ND,"32,7168",DT_BF16,ND,37.66,bf16
dynamic,AI_CORE,"32,4096;7168,4096",DT_BF16;DT_BF16,ND;ND,"32,7168",DT_BF16,ND,49.87,bf16
dynamic,AI_CORE,"32,7168;7168,7168",DT_BF16;DT_BF16,ND;ND,"32,7168",DT_BF16,ND,93.23,bf16
dynamic,AI_CORE,"32,8192;7168,8192",DT_BF16;DT_BF16,ND;ND,"32,7168",DT_BF16,ND,99.44,bf16
dynamic,AI_CORE,"32,12288;7168,12288",DT_BF16;DT_BF16,ND;ND,"32,7168",DT_BF16,ND,153.16,bf16
dynamic,AI_CORE,"32,16384;7168,16384",DT_BF16;DT_BF16,ND;ND,"32,7168",DT_BF16,ND,216.31,bf16
dynamic,AI_CORE,"32,256;8192,256",DT_BF16;DT_BF16,ND;ND,"32,8192",DT_BF16,ND,38.14,bf16
dynamic,AI_CORE,"32,512;8192,512",DT_BF16;DT_BF16,ND;ND,"32,8192",DT_BF16,ND,38.18,bf16
dynamic,AI_CORE,"32,1024;8192,1024",DT_BF16;DT_BF16,ND;ND,"32,8192",DT_BF16,ND,38.18,bf16
dynamic,AI_CORE,"32,2048;8192,2048",DT_BF16;DT_BF16,ND;ND,"32,8192",DT_BF16,ND,38.08,bf16
dynamic,AI_CORE,"32,4096;8192,4096",DT_BF16;DT_BF16,ND;ND,"32,8192",DT_BF16,ND,56.98,bf16
dynamic,AI_CORE,"32,7168;8192,7168",DT_BF16;DT_BF16,ND;ND,"32,8192",DT_BF16,ND,104.90,bf16
dynamic,AI_CORE,"32,8192;8192,8192",DT_BF16;DT_BF16,ND;ND,"32,8192",DT_BF16,ND,106.87,bf16
dynamic,AI_CORE,"32,12288;8192,12288",DT_BF16;DT_BF16,ND;ND,"32,8192",DT_BF16,ND,172.40,bf16
dynamic,AI_CORE,"32,16384;8192,16384",DT_BF16;DT_BF16,ND;ND,"32,8192",DT_BF16,ND,236.59,bf16
dynamic,AI_CORE,"32,256;12288,256",DT_BF16;DT_BF16,ND;ND,"32,12288",DT_BF16,ND,44.09,bf16
dynamic,AI_CORE,"32,512;12288,512",DT_BF16;DT_BF16,ND;ND,"32,12288",DT_BF16,ND,38.03,bf16
dynamic,AI_CORE,"32,1024;12288,1024",DT_BF16;DT_BF16,ND;ND,"32,12288",DT_BF16,ND,38.24,bf16
dynamic,AI_CORE,"32,2048;12288,2048",DT_BF16;DT_BF16,ND;ND,"32,12288",DT_BF16,ND,38.29,bf16
dynamic,AI_CORE,"32,4096;12288,4096",DT_BF16;DT_BF16,ND;ND,"32,12288",DT_BF16,ND,74.40,bf16
dynamic,AI_CORE,"32,7168;12288,7168",DT_BF16;DT_BF16,ND;ND,"32,12288",DT_BF16,ND,150.75,bf16
dynamic,AI_CORE,"32,8192;12288,8192",DT_BF16;DT_BF16,ND;ND,"32,12288",DT_BF16,ND,152.98,bf16
dynamic,AI_CORE,"32,12288;12288,12288",DT_BF16;DT_BF16,ND;ND,"32,12288",DT_BF16,ND,247.92,bf16
dynamic,AI_CORE,"32,16384;12288,16384",DT_BF16;DT_BF16,ND;ND,"32,12288",DT_BF16,ND,335.99,bf16
dynamic,AI_CORE,"32,256;16384,256",DT_BF16;DT_BF16,ND;ND,"32,16384",DT_BF16,ND,37.96,bf16
dynamic,AI_CORE,"32,512;16384,512",DT_BF16;DT_BF16,ND;ND,"32,16384",DT_BF16,ND,37.96,bf16
dynamic,AI_CORE,"32,1024;16384,1024",DT_BF16;DT_BF16,ND;ND,"32,16384",DT_BF16,ND,38.23,bf16
dynamic,AI_CORE,"32,2048;16384,2048",DT_BF16;DT_BF16,ND;ND,"32,16384",DT_BF16,ND,52.18,bf16
dynamic,AI_CORE,"32,4096;16384,4096",DT_BF16;DT_BF16,ND;ND,"32,16384",DT_BF16,ND,99.00,bf16
dynamic,AI_CORE,"32,7168;16384,7168",DT_BF16;DT_BF16,ND;ND,"32,16384",DT_BF16,ND,207.95,bf16
dynamic,AI_CORE,"32,8192;16384,8192",DT_BF16;DT_BF16,ND;ND,"32,16384",DT_BF16,ND,216.42,bf16
dynamic,AI_CORE,"32,12288;16384,12288",DT_BF16;DT_BF16,ND;ND,"32,16384",DT_BF16,ND,335.57,bf16
dynamic,AI_CORE,"32,16384;16384,16384",DT_BF16;DT_BF16,ND;ND,"32,16384",DT_BF16,ND,457.48,bf16
dynamic,AI_CORE,"64,256;256,256",DT_BF16;DT_BF16,ND;ND,"64,256",DT_BF16,ND,37.29,bf16
dynamic,AI_CORE,"64,512;256,512",DT_BF16;DT_BF16,ND;ND,"64,256",DT_BF16,ND,36.73,bf16
dynamic,AI_CORE,"64,1024;256,1024",DT_BF16;DT_BF16,ND;ND,"64,256",DT_BF16,ND,36.96,bf16
dynamic,AI_CORE,"64,2048;256,2048",DT_BF16;DT_BF16,ND;ND,"64,256",DT_BF16,ND,37.10,bf16
dynamic,AI_CORE,"64,4096;256,4096",DT_BF16;DT_BF16,ND;ND,"64,256",DT_BF16,ND,36.67,bf16
dynamic,AI_CORE,"64,7168;256,7168",DT_BF16;DT_BF16,ND;ND,"64,256",DT_BF16,ND,36.73,bf16
dynamic,AI_CORE,"64,8192;256,8192",DT_BF16;DT_BF16,ND;ND,"64,256",DT_BF16,ND,36.75,bf16
dynamic,AI_CORE,"64,12288;256,12288",DT_BF16;DT_BF16,ND;ND,"64,256",DT_BF16,ND,37.82,bf16
dynamic,AI_CORE,"64,16384;256,16384",DT_BF16;DT_BF16,ND;ND,"64,256",DT_BF16,ND,36.81,bf16
dynamic,AI_CORE,"64,256;512,256",DT_BF16;DT_BF16,ND;ND,"64,512",DT_BF16,ND,40.49,bf16
dynamic,AI_CORE,"64,512;512,512",DT_BF16;DT_BF16,ND;ND,"64,512",DT_BF16,ND,38.82,bf16
dynamic,AI_CORE,"64,1024;512,1024",DT_BF16;DT_BF16,ND;ND,"64,512",DT_BF16,ND,37.40,bf16
dynamic,AI_CORE,"64,2048;512,2048",DT_BF16;DT_BF16,ND;ND,"64,512",DT_BF16,ND,38.12,bf16
dynamic,AI_CORE,"64,4096;512,4096",DT_BF16;DT_BF16,ND;ND,"64,512",DT_BF16,ND,37.49,bf16
dynamic,AI_CORE,"64,7168;512,7168",DT_BF16;DT_BF16,ND;ND,"64,512",DT_BF16,ND,37.77,bf16
dynamic,AI_CORE,"64,8192;512,8192",DT_BF16;DT_BF16,ND;ND,"64,512",DT_BF16,ND,37.66,bf16
dynamic,AI_CORE,"64,12288;512,12288",DT_BF16;DT_BF16,ND;ND,"64,512",DT_BF16,ND,37.84,bf16
dynamic,AI_CORE,"64,16384;512,16384",DT_BF16;DT_BF16,ND;ND,"64,512",DT_BF16,ND,37.47,bf16
dynamic,AI_CORE,"64,256;1024,256",DT_BF16;DT_BF16,ND;ND,"64,1024",DT_BF16,ND,40.80,bf16
dynamic,AI_CORE,"64,512;1024,512",DT_BF16;DT_BF16,ND;ND,"64,1024",DT_BF16,ND,38.34,bf16
dynamic,AI_CORE,"64,1024;1024,1024",DT_BF16;DT_BF16,ND;ND,"64,1024",DT_BF16,ND,37.62,bf16
dynamic,AI_CORE,"64,2048;1024,2048",DT_BF16;DT_BF16,ND;ND,"64,1024",DT_BF16,ND,38.28,bf16
dynamic,AI_CORE,"64,4096;1024,4096",DT_BF16;DT_BF16,ND;ND,"64,1024",DT_BF16,ND,37.69,bf16
dynamic,AI_CORE,"64,7168;1024,7168",DT_BF16;DT_BF16,ND;ND,"64,1024",DT_BF16,ND,37.65,bf16
dynamic,AI_CORE,"64,8192;1024,8192",DT_BF16;DT_BF16,ND;ND,"64,1024",DT_BF16,ND,38.32,bf16
dynamic,AI_CORE,"64,12288;1024,12288",DT_BF16;DT_BF16,ND;ND,"64,1024",DT_BF16,ND,38.84,bf16
dynamic,AI_CORE,"64,16384;1024,16384",DT_BF16;DT_BF16,ND;ND,"64,1024",DT_BF16,ND,38.70,bf16
dynamic,AI_CORE,"64,256;2048,256",DT_BF16;DT_BF16,ND;ND,"64,2048",DT_BF16,ND,39.04,bf16
dynamic,AI_CORE,"64,512;2048,512",DT_BF16;DT_BF16,ND;ND,"64,2048",DT_BF16,ND,38.59,bf16
dynamic,AI_CORE,"64,1024;2048,1024",DT_BF16;DT_BF16,ND;ND,"64,2048",DT_BF16,ND,37.46,bf16
dynamic,AI_CORE,"64,2048;2048,2048",DT_BF16;DT_BF16,ND;ND,"64,2048",DT_BF16,ND,38.17,bf16
dynamic,AI_CORE,"64,4096;2048,4096",DT_BF16;DT_BF16,ND;ND,"64,2048",DT_BF16,ND,37.78,bf16
dynamic,AI_CORE,"64,7168;2048,7168",DT_BF16;DT_BF16,ND;ND,"64,2048",DT_BF16,ND,38.36,bf16
dynamic,AI_CORE,"64,8192;2048,8192",DT_BF16;DT_BF16,ND;ND,"64,2048",DT_BF16,ND,37.71,bf16
dynamic,AI_CORE,"64,12288;2048,12288",DT_BF16;DT_BF16,ND;ND,"64,2048",DT_BF16,ND,51.42,bf16
dynamic,AI_CORE,"64,16384;2048,16384",DT_BF16;DT_BF16,ND;ND,"64,2048",DT_BF16,ND,69.72,bf16
dynamic,AI_CORE,"64,256;4096,256",DT_BF16;DT_BF16,ND;ND,"64,4096",DT_BF16,ND,39.29,bf16
dynamic,AI_CORE,"64,512;4096,512",DT_BF16;DT_BF16,ND;ND,"64,4096",DT_BF16,ND,38.09,bf16
dynamic,AI_CORE,"64,1024;4096,1024",DT_BF16;DT_BF16,ND;ND,"64,4096",DT_BF16,ND,38.87,bf16
dynamic,AI_CORE,"64,2048;4096,2048",DT_BF16;DT_BF16,ND;ND,"64,4096",DT_BF16,ND,38.28,bf16
dynamic,AI_CORE,"64,4096;4096,4096",DT_BF16;DT_BF16,ND;ND,"64,4096",DT_BF16,ND,37.79,bf16
dynamic,AI_CORE,"64,7168;4096,7168",DT_BF16;DT_BF16,ND;ND,"64,4096",DT_BF16,ND,58.65,bf16
dynamic,AI_CORE,"64,8192;4096,8192",DT_BF16;DT_BF16,ND;ND,"64,4096",DT_BF16,ND,66.35,bf16
dynamic,AI_CORE,"64,12288;4096,12288",DT_BF16;DT_BF16,ND;ND,"64,4096",DT_BF16,ND,98.20,bf16
dynamic,AI_CORE,"64,16384;4096,16384",DT_BF16;DT_BF16,ND;ND,"64,4096",DT_BF16,ND,135.20,bf16
dynamic,AI_CORE,"64,256;7168,256",DT_BF16;DT_BF16,ND;ND,"64,7168",DT_BF16,ND,37.91,bf16
dynamic,AI_CORE,"64,512;7168,512",DT_BF16;DT_BF16,ND;ND,"64,7168",DT_BF16,ND,37.77,bf16
dynamic,AI_CORE,"64,1024;7168,1024",DT_BF16;DT_BF16,ND;ND,"64,7168",DT_BF16,ND,37.65,bf16
dynamic,AI_CORE,"64,2048;7168,2048",DT_BF16;DT_BF16,ND;ND,"64,7168",DT_BF16,ND,37.84,bf16
dynamic,AI_CORE,"64,4096;7168,4096",DT_BF16;DT_BF16,ND;ND,"64,7168",DT_BF16,ND,51.25,bf16
dynamic,AI_CORE,"64,7168;7168,7168",DT_BF16;DT_BF16,ND;ND,"64,7168",DT_BF16,ND,95.12,bf16
dynamic,AI_CORE,"64,8192;7168,8192",DT_BF16;DT_BF16,ND;ND,"64,7168",DT_BF16,ND,103.69,bf16
dynamic,AI_CORE,"64,12288;7168,12288",DT_BF16;DT_BF16,ND;ND,"64,7168",DT_BF16,ND,157.63,bf16
dynamic,AI_CORE,"64,16384;7168,16384",DT_BF16;DT_BF16,ND;ND,"64,7168",DT_BF16,ND,220.63,bf16
dynamic,AI_CORE,"64,256;8192,256",DT_BF16;DT_BF16,ND;ND,"64,8192",DT_BF16,ND,39.83,bf16
dynamic,AI_CORE,"64,512;8192,512",DT_BF16;DT_BF16,ND;ND,"64,8192",DT_BF16,ND,38.96,bf16
dynamic,AI_CORE,"64,1024;8192,1024",DT_BF16;DT_BF16,ND;ND,"64,8192",DT_BF16,ND,39.08,bf16
dynamic,AI_CORE,"64,2048;8192,2048",DT_BF16;DT_BF16,ND;ND,"64,8192",DT_BF16,ND,38.14,bf16
dynamic,AI_CORE,"64,4096;8192,4096",DT_BF16;DT_BF16,ND;ND,"64,8192",DT_BF16,ND,54.70,bf16
dynamic,AI_CORE,"64,7168;8192,7168",DT_BF16;DT_BF16,ND;ND,"64,8192",DT_BF16,ND,108.99,bf16
dynamic,AI_CORE,"64,8192;8192,8192",DT_BF16;DT_BF16,ND;ND,"64,8192",DT_BF16,ND,112.38,bf16
dynamic,AI_CORE,"64,12288;8192,12288",DT_BF16;DT_BF16,ND;ND,"64,8192",DT_BF16,ND,169.96,bf16
dynamic,AI_CORE,"64,16384;8192,16384",DT_BF16;DT_BF16,ND;ND,"64,8192",DT_BF16,ND,240.21,bf16
dynamic,AI_CORE,"64,256;12288,256",DT_BF16;DT_BF16,ND;ND,"64,12288",DT_BF16,ND,39.81,bf16
dynamic,AI_CORE,"64,512;12288,512",DT_BF16;DT_BF16,ND;ND,"64,12288",DT_BF16,ND,38.70,bf16
dynamic,AI_CORE,"64,1024;12288,1024",DT_BF16;DT_BF16,ND;ND,"64,12288",DT_BF16,ND,39.39,bf16
dynamic,AI_CORE,"64,2048;12288,2048",DT_BF16;DT_BF16,ND;ND,"64,12288",DT_BF16,ND,41.90,bf16
dynamic,AI_CORE,"64,4096;12288,4096",DT_BF16;DT_BF16,ND;ND,"64,12288",DT_BF16,ND,79.19,bf16
dynamic,AI_CORE,"64,7168;12288,7168",DT_BF16;DT_BF16,ND;ND,"64,12288",DT_BF16,ND,152.00,bf16
dynamic,AI_CORE,"64,8192;12288,8192",DT_BF16;DT_BF16,ND;ND,"64,12288",DT_BF16,ND,155.20,bf16
dynamic,AI_CORE,"64,12288;12288,12288",DT_BF16;DT_BF16,ND;ND,"64,12288",DT_BF16,ND,256.75,bf16
dynamic,AI_CORE,"64,16384;12288,16384",DT_BF16;DT_BF16,ND;ND,"64,12288",DT_BF16,ND,339.62,bf16
dynamic,AI_CORE,"64,256;16384,256",DT_BF16;DT_BF16,ND;ND,"64,16384",DT_BF16,ND,39.74,bf16
dynamic,AI_CORE,"64,512;16384,512",DT_BF16;DT_BF16,ND;ND,"64,16384",DT_BF16,ND,39.80,bf16
dynamic,AI_CORE,"64,1024;16384,1024",DT_BF16;DT_BF16,ND;ND,"64,16384",DT_BF16,ND,38.78,bf16
dynamic,AI_CORE,"64,2048;16384,2048",DT_BF16;DT_BF16,ND;ND,"64,16384",DT_BF16,ND,51.66,bf16
dynamic,AI_CORE,"64,4096;16384,4096",DT_BF16;DT_BF16,ND;ND,"64,16384",DT_BF16,ND,110.28,bf16
dynamic,AI_CORE,"64,7168;16384,7168",DT_BF16;DT_BF16,ND;ND,"64,16384",DT_BF16,ND,215.82,bf16
dynamic,AI_CORE,"64,8192;16384,8192",DT_BF16;DT_BF16,ND;ND,"64,16384",DT_BF16,ND,234.11,bf16
dynamic,AI_CORE,"64,12288;16384,12288",DT_BF16;DT_BF16,ND;ND,"64,16384",DT_BF16,ND,357.18,bf16
dynamic,AI_CORE,"64,16384;16384,16384",DT_BF16;DT_BF16,ND;ND,"64,16384",DT_BF16,ND,486.10,bf16
dynamic,AI_CORE,"128,256;256,256",DT_BF16;DT_BF16,ND;ND,"128,256",DT_BF16,ND,38.36,bf16
dynamic,AI_CORE,"128,512;256,512",DT_BF16;DT_BF16,ND;ND,"128,256",DT_BF16,ND,38.41,bf16
dynamic,AI_CORE,"128,1024;256,1024",DT_BF16;DT_BF16,ND;ND,"128,256",DT_BF16,ND,37.91,bf16
dynamic,AI_CORE,"128,2048;256,2048",DT_BF16;DT_BF16,ND;ND,"128,256",DT_BF16,ND,37.61,bf16
dynamic,AI_CORE,"128,4096;256,4096",DT_BF16;DT_BF16,ND;ND,"128,256",DT_BF16,ND,41.77,bf16
dynamic,AI_CORE,"128,7168;256,7168",DT_BF16;DT_BF16,ND;ND,"128,256",DT_BF16,ND,39.85,bf16
dynamic,AI_CORE,"128,8192;256,8192",DT_BF16;DT_BF16,ND;ND,"128,256",DT_BF16,ND,41.26,bf16
dynamic,AI_CORE,"128,12288;256,12288",DT_BF16;DT_BF16,ND;ND,"128,256",DT_BF16,ND,40.80,bf16
dynamic,AI_CORE,"128,16384;256,16384",DT_BF16;DT_BF16,ND;ND,"128,256",DT_BF16,ND,40.37,bf16
dynamic,AI_CORE,"128,256;512,256",DT_BF16;DT_BF16,ND;ND,"128,512",DT_BF16,ND,37.50,bf16
dynamic,AI_CORE,"128,512;512,512",DT_BF16;DT_BF16,ND;ND,"128,512",DT_BF16,ND,37.39,bf16
dynamic,AI_CORE,"128,1024;512,1024",DT_BF16;DT_BF16,ND;ND,"128,512",DT_BF16,ND,37.63,bf16
dynamic,AI_CORE,"128,2048;512,2048",DT_BF16;DT_BF16,ND;ND,"128,512",DT_BF16,ND,37.69,bf16
dynamic,AI_CORE,"128,4096;512,4096",DT_BF16;DT_BF16,ND;ND,"128,512",DT_BF16,ND,38.11,bf16
dynamic,AI_CORE,"128,7168;512,7168",DT_BF16;DT_BF16,ND;ND,"128,512",DT_BF16,ND,37.63,bf16
dynamic,AI_CORE,"128,8192;512,8192",DT_BF16;DT_BF16,ND;ND,"128,512",DT_BF16,ND,37.79,bf16
dynamic,AI_CORE,"128,12288;512,12288",DT_BF16;DT_BF16,ND;ND,"128,512",DT_BF16,ND,38.00,bf16
dynamic,AI_CORE,"128,16384;512,16384",DT_BF16;DT_BF16,ND;ND,"128,512",DT_BF16,ND,38.69,bf16
dynamic,AI_CORE,"128,256;1024,256",DT_BF16;DT_BF16,ND;ND,"128,1024",DT_BF16,ND,38.78,bf16
dynamic,AI_CORE,"128,512;1024,512",DT_BF16;DT_BF16,ND;ND,"128,1024",DT_BF16,ND,38.98,bf16
dynamic,AI_CORE,"128,1024;1024,1024",DT_BF16;DT_BF16,ND;ND,"128,1024",DT_BF16,ND,39.78,bf16
dynamic,AI_CORE,"128,2048;1024,2048",DT_BF16;DT_BF16,ND;ND,"128,1024",DT_BF16,ND,42.16,bf16
dynamic,AI_CORE,"128,4096;1024,4096",DT_BF16;DT_BF16,ND;ND,"128,1024",DT_BF16,ND,38.08,bf16
dynamic,AI_CORE,"128,7168;1024,7168",DT_BF16;DT_BF16,ND;ND,"128,1024",DT_BF16,ND,38.08,bf16
dynamic,AI_CORE,"128,8192;1024,8192",DT_BF16;DT_BF16,ND;ND,"128,1024",DT_BF16,ND,37.99,bf16
dynamic,AI_CORE,"128,12288;1024,12288",DT_BF16;DT_BF16,ND;ND,"128,1024",DT_BF16,ND,41.17,bf16
dynamic,AI_CORE,"128,16384;1024,16384",DT_BF16;DT_BF16,ND;ND,"128,1024",DT_BF16,ND,58.90,bf16
dynamic,AI_CORE,"128,256;2048,256",DT_BF16;DT_BF16,ND;ND,"128,2048",DT_BF16,ND,38.41,bf16
dynamic,AI_CORE,"128,512;2048,512",DT_BF16;DT_BF16,ND;ND,"128,2048",DT_BF16,ND,37.90,bf16
dynamic,AI_CORE,"128,1024;2048,1024",DT_BF16;DT_BF16,ND;ND,"128,2048",DT_BF16,ND,38.04,bf16
dynamic,AI_CORE,"128,2048;2048,2048",DT_BF16;DT_BF16,ND;ND,"128,2048",DT_BF16,ND,38.21,bf16
dynamic,AI_CORE,"128,4096;2048,4096",DT_BF16;DT_BF16,ND;ND,"128,2048",DT_BF16,ND,40.97,bf16
dynamic,AI_CORE,"128,7168;2048,7168",DT_BF16;DT_BF16,ND;ND,"128,2048",DT_BF16,ND,41.11,bf16
dynamic,AI_CORE,"128,8192;2048,8192",DT_BF16;DT_BF16,ND;ND,"128,2048",DT_BF16,ND,41.36,bf16
dynamic,AI_CORE,"128,12288;2048,12288",DT_BF16;DT_BF16,ND;ND,"128,2048",DT_BF16,ND,59.64,bf16
dynamic,AI_CORE,"128,16384;2048,16384",DT_BF16;DT_BF16,ND;ND,"128,2048",DT_BF16,ND,83.28,bf16
dynamic,AI_CORE,"128,256;4096,256",DT_BF16;DT_BF16,ND;ND,"128,4096",DT_BF16,ND,38.41,bf16
dynamic,AI_CORE,"128,512;4096,512",DT_BF16;DT_BF16,ND;ND,"128,4096",DT_BF16,ND,43.80,bf16
dynamic,AI_CORE,"128,1024;4096,1024",DT_BF16;DT_BF16,ND;ND,"128,4096",DT_BF16,ND,38.64,bf16
dynamic,AI_CORE,"128,2048;4096,2048",DT_BF16;DT_BF16,ND;ND,"128,4096",DT_BF16,ND,38.55,bf16
dynamic,AI_CORE,"128,4096;4096,4096",DT_BF16;DT_BF16,ND;ND,"128,4096",DT_BF16,ND,38.82,bf16
dynamic,AI_CORE,"128,7168;4096,7168",DT_BF16;DT_BF16,ND;ND,"128,4096",DT_BF16,ND,65.84,bf16
dynamic,AI_CORE,"128,8192;4096,8192",DT_BF16;DT_BF16,ND;ND,"128,4096",DT_BF16,ND,72.11,bf16
dynamic,AI_CORE,"128,12288;4096,12288",DT_BF16;DT_BF16,ND;ND,"128,4096",DT_BF16,ND,109.32,bf16
dynamic,AI_CORE,"128,16384;4096,16384",DT_BF16;DT_BF16,ND;ND,"128,4096",DT_BF16,ND,155.01,bf16
dynamic,AI_CORE,"128,256;7168,256",DT_BF16;DT_BF16,ND;ND,"128,7168",DT_BF16,ND,38.57,bf16
dynamic,AI_CORE,"128,512;7168,512",DT_BF16;DT_BF16,ND;ND,"128,7168",DT_BF16,ND,41.22,bf16
dynamic,AI_CORE,"128,1024;7168,1024",DT_BF16;DT_BF16,ND;ND,"128,7168",DT_BF16,ND,38.10,bf16
dynamic,AI_CORE,"128,2048;7168,2048",DT_BF16;DT_BF16,ND;ND,"128,7168",DT_BF16,ND,37.70,bf16
dynamic,AI_CORE,"128,4096;7168,4096",DT_BF16;DT_BF16,ND;ND,"128,7168",DT_BF16,ND,57.87,bf16
dynamic,AI_CORE,"128,7168;7168,7168",DT_BF16;DT_BF16,ND;ND,"128,7168",DT_BF16,ND,105.98,bf16
dynamic,AI_CORE,"128,8192;7168,8192",DT_BF16;DT_BF16,ND;ND,"128,7168",DT_BF16,ND,116.53,bf16
dynamic,AI_CORE,"128,12288;7168,12288",DT_BF16;DT_BF16,ND;ND,"128,7168",DT_BF16,ND,176.98,bf16
dynamic,AI_CORE,"128,16384;7168,16384",DT_BF16;DT_BF16,ND;ND,"128,7168",DT_BF16,ND,253.04,bf16
dynamic,AI_CORE,"128,256;8192,256",DT_BF16;DT_BF16,ND;ND,"128,8192",DT_BF16,ND,39.76,bf16
dynamic,AI_CORE,"128,512;8192,512",DT_BF16;DT_BF16,ND;ND,"128,8192",DT_BF16,ND,39.95,bf16
dynamic,AI_CORE,"128,1024;8192,1024",DT_BF16;DT_BF16,ND;ND,"128,8192",DT_BF16,ND,39.62,bf16
dynamic,AI_CORE,"128,2048;8192,2048",DT_BF16;DT_BF16,ND;ND,"128,8192",DT_BF16,ND,39.06,bf16
dynamic,AI_CORE,"128,4096;8192,4096",DT_BF16;DT_BF16,ND;ND,"128,8192",DT_BF16,ND,61.14,bf16
dynamic,AI_CORE,"128,7168;8192,7168",DT_BF16;DT_BF16,ND;ND,"128,8192",DT_BF16,ND,110.60,bf16
dynamic,AI_CORE,"128,8192;8192,8192",DT_BF16;DT_BF16,ND;ND,"128,8192",DT_BF16,ND,123.09,bf16
dynamic,AI_CORE,"128,12288;8192,12288",DT_BF16;DT_BF16,ND;ND,"128,8192",DT_BF16,ND,192.55,bf16
dynamic,AI_CORE,"128,16384;8192,16384",DT_BF16;DT_BF16,ND;ND,"128,8192",DT_BF16,ND,275.48,bf16
dynamic,AI_CORE,"128,256;12288,256",DT_BF16;DT_BF16,ND;ND,"128,12288",DT_BF16,ND,39.13,bf16
dynamic,AI_CORE,"128,512;12288,512",DT_BF16;DT_BF16,ND;ND,"128,12288",DT_BF16,ND,38.82,bf16
dynamic,AI_CORE,"128,1024;12288,1024",DT_BF16;DT_BF16,ND;ND,"128,12288",DT_BF16,ND,38.80,bf16
dynamic,AI_CORE,"128,2048;12288,2048",DT_BF16;DT_BF16,ND;ND,"128,12288",DT_BF16,ND,43.24,bf16
dynamic,AI_CORE,"128,4096;12288,4096",DT_BF16;DT_BF16,ND;ND,"128,12288",DT_BF16,ND,83.75,bf16
dynamic,AI_CORE,"128,7168;12288,7168",DT_BF16;DT_BF16,ND;ND,"128,12288",DT_BF16,ND,162.86,bf16
dynamic,AI_CORE,"128,8192;12288,8192",DT_BF16;DT_BF16,ND;ND,"128,12288",DT_BF16,ND,178.71,bf16
dynamic,AI_CORE,"128,12288;12288,12288",DT_BF16;DT_BF16,ND;ND,"128,12288",DT_BF16,ND,274.86,bf16
dynamic,AI_CORE,"128,16384;12288,16384",DT_BF16;DT_BF16,ND;ND,"128,12288",DT_BF16,ND,396.07,bf16
dynamic,AI_CORE,"128,256;16384,256",DT_BF16;DT_BF16,ND;ND,"128,16384",DT_BF16,ND,37.43,bf16
dynamic,AI_CORE,"128,512;16384,512",DT_BF16;DT_BF16,ND;ND,"128,16384",DT_BF16,ND,37.59,bf16
dynamic,AI_CORE,"128,1024;16384,1024",DT_BF16;DT_BF16,ND;ND,"128,16384",DT_BF16,ND,39.30,bf16
dynamic,AI_CORE,"128,2048;16384,2048",DT_BF16;DT_BF16,ND;ND,"128,16384",DT_BF16,ND,62.81,bf16
dynamic,AI_CORE,"128,4096;16384,4096",DT_BF16;DT_BF16,ND;ND,"128,16384",DT_BF16,ND,117.09,bf16
dynamic,AI_CORE,"128,7168;16384,7168",DT_BF16;DT_BF16,ND;ND,"128,16384",DT_BF16,ND,236.83,bf16
dynamic,AI_CORE,"128,8192;16384,8192",DT_BF16;DT_BF16,ND;ND,"128,16384",DT_BF16,ND,263.09,bf16
dynamic,AI_CORE,"128,12288;16384,12288",DT_BF16;DT_BF16,ND;ND,"128,16384",DT_BF16,ND,393.20,bf16
dynamic,AI_CORE,"128,16384;16384,16384",DT_BF16;DT_BF16,ND;ND,"128,16384",DT_BF16,ND,562.62,bf16
dynamic,AI_CORE,"256,256;256,256",DT_BF16;DT_BF16,ND;ND,"256,256",DT_BF16,ND,38.65,bf16
dynamic,AI_CORE,"256,512;256,512",DT_BF16;DT_BF16,ND;ND,"256,256",DT_BF16,ND,40.86,bf16
dynamic,AI_CORE,"256,1024;256,1024",DT_BF16;DT_BF16,ND;ND,"256,256",DT_BF16,ND,38.19,bf16
dynamic,AI_CORE,"256,2048;256,2048",DT_BF16;DT_BF16,ND;ND,"256,256",DT_BF16,ND,41.86,bf16
dynamic,AI_CORE,"256,4096;256,4096",DT_BF16;DT_BF16,ND;ND,"256,256",DT_BF16,ND,37.41,bf16
dynamic,AI_CORE,"256,7168;256,7168",DT_BF16;DT_BF16,ND;ND,"256,256",DT_BF16,ND,40.96,bf16
dynamic,AI_CORE,"256,8192;256,8192",DT_BF16;DT_BF16,ND;ND,"256,256",DT_BF16,ND,37.81,bf16
dynamic,AI_CORE,"256,12288;256,12288",DT_BF16;DT_BF16,ND;ND,"256,256",DT_BF16,ND,38.71,bf16
dynamic,AI_CORE,"256,16384;256,16384",DT_BF16;DT_BF16,ND;ND,"256,256",DT_BF16,ND,38.08,bf16
dynamic,AI_CORE,"256,256;512,256",DT_BF16;DT_BF16,ND;ND,"256,512",DT_BF16,ND,42.06,bf16
dynamic,AI_CORE,"256,512;512,512",DT_BF16;DT_BF16,ND;ND,"256,512",DT_BF16,ND,38.99,bf16
dynamic,AI_CORE,"256,1024;512,1024",DT_BF16;DT_BF16,ND;ND,"256,512",DT_BF16,ND,38.75,bf16
dynamic,AI_CORE,"256,2048;512,2048",DT_BF16;DT_BF16,ND;ND,"256,512",DT_BF16,ND,44.37,bf16
dynamic,AI_CORE,"256,4096;512,4096",DT_BF16;DT_BF16,ND;ND,"256,512",DT_BF16,ND,37.87,bf16
dynamic,AI_CORE,"256,7168;512,7168",DT_BF16;DT_BF16,ND;ND,"256,512",DT_BF16,ND,38.52,bf16
dynamic,AI_CORE,"256,8192;512,8192",DT_BF16;DT_BF16,ND;ND,"256,512",DT_BF16,ND,38.17,bf16
dynamic,AI_CORE,"256,12288;512,12288",DT_BF16;DT_BF16,ND;ND,"256,512",DT_BF16,ND,38.26,bf16
dynamic,AI_CORE,"256,16384;512,16384",DT_BF16;DT_BF16,ND;ND,"256,512",DT_BF16,ND,50.63,bf16
dynamic,AI_CORE,"256,256;1024,256",DT_BF16;DT_BF16,ND;ND,"256,1024",DT_BF16,ND,42.74,bf16
dynamic,AI_CORE,"256,512;1024,512",DT_BF16;DT_BF16,ND;ND,"256,1024",DT_BF16,ND,38.51,bf16
dynamic,AI_CORE,"256,1024;1024,1024",DT_BF16;DT_BF16,ND;ND,"256,1024",DT_BF16,ND,38.05,bf16
dynamic,AI_CORE,"256,2048;1024,2048",DT_BF16;DT_BF16,ND;ND,"256,1024",DT_BF16,ND,43.37,bf16
dynamic,AI_CORE,"256,4096;1024,4096",DT_BF16;DT_BF16,ND;ND,"256,1024",DT_BF16,ND,40.90,bf16
dynamic,AI_CORE,"256,7168;1024,7168",DT_BF16;DT_BF16,ND;ND,"256,1024",DT_BF16,ND,41.49,bf16
dynamic,AI_CORE,"256,8192;1024,8192",DT_BF16;DT_BF16,ND;ND,"256,1024",DT_BF16,ND,40.31,bf16
dynamic,AI_CORE,"256,12288;1024,12288",DT_BF16;DT_BF16,ND;ND,"256,1024",DT_BF16,ND,42.34,bf16
dynamic,AI_CORE,"256,16384;1024,16384",DT_BF16;DT_BF16,ND;ND,"256,1024",DT_BF16,ND,74.60,bf16
dynamic,AI_CORE,"256,256;2048,256",DT_BF16;DT_BF16,ND;ND,"256,2048",DT_BF16,ND,38.03,bf16
dynamic,AI_CORE,"256,512;2048,512",DT_BF16;DT_BF16,ND;ND,"256,2048",DT_BF16,ND,39.34,bf16
dynamic,AI_CORE,"256,1024;2048,1024",DT_BF16;DT_BF16,ND;ND,"256,2048",DT_BF16,ND,38.61,bf16
dynamic,AI_CORE,"256,2048;2048,2048",DT_BF16;DT_BF16,ND;ND,"256,2048",DT_BF16,ND,38.96,bf16
dynamic,AI_CORE,"256,4096;2048,4096",DT_BF16;DT_BF16,ND;ND,"256,2048",DT_BF16,ND,40.21,bf16
dynamic,AI_CORE,"256,7168;2048,7168",DT_BF16;DT_BF16,ND;ND,"256,2048",DT_BF16,ND,55.00,bf16
dynamic,AI_CORE,"256,8192;2048,8192",DT_BF16;DT_BF16,ND;ND,"256,2048",DT_BF16,ND,64.75,bf16
dynamic,AI_CORE,"256,12288;2048,12288",DT_BF16;DT_BF16,ND;ND,"256,2048",DT_BF16,ND,96.70,bf16
dynamic,AI_CORE,"256,16384;2048,16384",DT_BF16;DT_BF16,ND;ND,"256,2048",DT_BF16,ND,155.39,bf16
dynamic,AI_CORE,"256,256;4096,256",DT_BF16;DT_BF16,ND;ND,"256,4096",DT_BF16,ND,39.04,bf16
dynamic,AI_CORE,"256,512;4096,512",DT_BF16;DT_BF16,ND;ND,"256,4096",DT_BF16,ND,39.40,bf16
dynamic,AI_CORE,"256,1024;4096,1024",DT_BF16;DT_BF16,ND;ND,"256,4096",DT_BF16,ND,38.99,bf16
dynamic,AI_CORE,"256,2048;4096,2048",DT_BF16;DT_BF16,ND;ND,"256,4096",DT_BF16,ND,38.66,bf16
dynamic,AI_CORE,"256,4096;4096,4096",DT_BF16;DT_BF16,ND;ND,"256,4096",DT_BF16,ND,54.26,bf16
dynamic,AI_CORE,"256,7168;4096,7168",DT_BF16;DT_BF16,ND;ND,"256,4096",DT_BF16,ND,96.21,bf16
dynamic,AI_CORE,"256,8192;4096,8192",DT_BF16;DT_BF16,ND;ND,"256,4096",DT_BF16,ND,110.09,bf16
dynamic,AI_CORE,"256,12288;4096,12288",DT_BF16;DT_BF16,ND;ND,"256,4096",DT_BF16,ND,164.14,bf16
dynamic,AI_CORE,"256,16384;4096,16384",DT_BF16;DT_BF16,ND;ND,"256,4096",DT_BF16,ND,251.99,bf16
dynamic,AI_CORE,"256,256;7168,256",DT_BF16;DT_BF16,ND;ND,"256,7168",DT_BF16,ND,39.09,bf16
dynamic,AI_CORE,"256,512;7168,512",DT_BF16;DT_BF16,ND;ND,"256,7168",DT_BF16,ND,39.10,bf16
dynamic,AI_CORE,"256,1024;7168,1024",DT_BF16;DT_BF16,ND;ND,"256,7168",DT_BF16,ND,38.65,bf16
dynamic,AI_CORE,"256,2048;7168,2048",DT_BF16;DT_BF16,ND;ND,"256,7168",DT_BF16,ND,39.14,bf16
dynamic,AI_CORE,"256,4096;7168,4096",DT_BF16;DT_BF16,ND;ND,"256,7168",DT_BF16,ND,90.33,bf16
dynamic,AI_CORE,"256,7168;7168,7168",DT_BF16;DT_BF16,ND;ND,"256,7168",DT_BF16,ND,159.00,bf16
dynamic,AI_CORE,"256,8192;7168,8192",DT_BF16;DT_BF16,ND;ND,"256,7168",DT_BF16,ND,187.34,bf16
dynamic,AI_CORE,"256,12288;7168,12288",DT_BF16;DT_BF16,ND;ND,"256,7168",DT_BF16,ND,273.55,bf16
dynamic,AI_CORE,"256,16384;7168,16384",DT_BF16;DT_BF16,ND;ND,"256,7168",DT_BF16,ND,431.20,bf16
dynamic,AI_CORE,"256,256;8192,256",DT_BF16;DT_BF16,ND;ND,"256,8192",DT_BF16,ND,38.06,bf16
dynamic,AI_CORE,"256,512;8192,512",DT_BF16;DT_BF16,ND;ND,"256,8192",DT_BF16,ND,38.88,bf16
dynamic,AI_CORE,"256,1024;8192,1024",DT_BF16;DT_BF16,ND;ND,"256,8192",DT_BF16,ND,39.25,bf16
dynamic,AI_CORE,"256,2048;8192,2048",DT_BF16;DT_BF16,ND;ND,"256,8192",DT_BF16,ND,50.92,bf16
dynamic,AI_CORE,"256,4096;8192,4096",DT_BF16;DT_BF16,ND;ND,"256,8192",DT_BF16,ND,106.99,bf16
dynamic,AI_CORE,"256,7168;8192,7168",DT_BF16;DT_BF16,ND;ND,"256,8192",DT_BF16,ND,190.14,bf16
dynamic,AI_CORE,"256,8192;8192,8192",DT_BF16;DT_BF16,ND;ND,"256,8192",DT_BF16,ND,219.04,bf16
dynamic,AI_CORE,"256,12288;8192,12288",DT_BF16;DT_BF16,ND;ND,"256,8192",DT_BF16,ND,326.97,bf16
dynamic,AI_CORE,"256,16384;8192,16384",DT_BF16;DT_BF16,ND;ND,"256,8192",DT_BF16,ND,526.59,bf16
dynamic,AI_CORE,"256,256;12288,256",DT_BF16;DT_BF16,ND;ND,"256,12288",DT_BF16,ND,39.48,bf16
dynamic,AI_CORE,"256,512;12288,512",DT_BF16;DT_BF16,ND;ND,"256,12288",DT_BF16,ND,38.78,bf16
dynamic,AI_CORE,"256,1024;12288,1024",DT_BF16;DT_BF16,ND;ND,"256,12288",DT_BF16,ND,39.08,bf16
dynamic,AI_CORE,"256,2048;12288,2048",DT_BF16;DT_BF16,ND;ND,"256,12288",DT_BF16,ND,71.61,bf16
dynamic,AI_CORE,"256,4096;12288,4096",DT_BF16;DT_BF16,ND;ND,"256,12288",DT_BF16,ND,154.39,bf16
dynamic,AI_CORE,"256,7168;12288,7168",DT_BF16;DT_BF16,ND;ND,"256,12288",DT_BF16,ND,254.45,bf16
dynamic,AI_CORE,"256,8192;12288,8192",DT_BF16;DT_BF16,ND;ND,"256,12288",DT_BF16,ND,298.04,bf16
dynamic,AI_CORE,"256,12288;12288,12288",DT_BF16;DT_BF16,ND;ND,"256,12288",DT_BF16,ND,440.73,bf16
dynamic,AI_CORE,"256,16384;12288,16384",DT_BF16;DT_BF16,ND;ND,"256,12288",DT_BF16,ND,686.95,bf16
dynamic,AI_CORE,"256,256;16384,256",DT_BF16;DT_BF16,ND;ND,"256,16384",DT_BF16,ND,37.48,bf16
dynamic,AI_CORE,"256,512;16384,512",DT_BF16;DT_BF16,ND;ND,"256,16384",DT_BF16,ND,37.49,bf16
dynamic,AI_CORE,"256,1024;16384,1024",DT_BF16;DT_BF16,ND;ND,"256,16384",DT_BF16,ND,47.13,bf16
dynamic,AI_CORE,"256,2048;16384,2048",DT_BF16;DT_BF16,ND;ND,"256,16384",DT_BF16,ND,96.40,bf16
dynamic,AI_CORE,"256,4096;16384,4096",DT_BF16;DT_BF16,ND;ND,"256,16384",DT_BF16,ND,193.66,bf16
dynamic,AI_CORE,"256,7168;16384,7168",DT_BF16;DT_BF16,ND;ND,"256,16384",DT_BF16,ND,358.11,bf16
dynamic,AI_CORE,"256,8192;16384,8192",DT_BF16;DT_BF16,ND;ND,"256,16384",DT_BF16,ND,416.72,bf16
dynamic,AI_CORE,"256,12288;16384,12288",DT_BF16;DT_BF16,ND;ND,"256,16384",DT_BF16,ND,616.04,bf16
dynamic,AI_CORE,"256,16384;16384,16384",DT_BF16;DT_BF16,ND;ND,"256,16384",DT_BF16,ND,940.02,bf16
dynamic,AI_CORE,"512,256;256,256",DT_BF16;DT_BF16,ND;ND,"512,256",DT_BF16,ND,38.01,bf16
dynamic,AI_CORE,"512,512;256,512",DT_BF16;DT_BF16,ND;ND,"512,256",DT_BF16,ND,42.70,bf16
dynamic,AI_CORE,"512,1024;256,1024",DT_BF16;DT_BF16,ND;ND,"512,256",DT_BF16,ND,38.20,bf16
dynamic,AI_CORE,"512,2048;256,2048",DT_BF16;DT_BF16,ND;ND,"512,256",DT_BF16,ND,42.03,bf16
dynamic,AI_CORE,"512,4096;256,4096",DT_BF16;DT_BF16,ND;ND,"512,256",DT_BF16,ND,41.15,bf16
dynamic,AI_CORE,"512,7168;256,7168",DT_BF16;DT_BF16,ND;ND,"512,256",DT_BF16,ND,40.96,bf16
dynamic,AI_CORE,"512,8192;256,8192",DT_BF16;DT_BF16,ND;ND,"512,256",DT_BF16,ND,42.53,bf16
dynamic,AI_CORE,"512,12288;256,12288",DT_BF16;DT_BF16,ND;ND,"512,256",DT_BF16,ND,40.62,bf16
dynamic,AI_CORE,"512,16384;256,16384",DT_BF16;DT_BF16,ND;ND,"512,256",DT_BF16,ND,51.11,bf16
dynamic,AI_CORE,"512,256;512,256",DT_BF16;DT_BF16,ND;ND,"512,512",DT_BF16,ND,39.11,bf16
dynamic,AI_CORE,"512,512;512,512",DT_BF16;DT_BF16,ND;ND,"512,512",DT_BF16,ND,39.73,bf16
dynamic,AI_CORE,"512,1024;512,1024",DT_BF16;DT_BF16,ND;ND,"512,512",DT_BF16,ND,38.76,bf16
dynamic,AI_CORE,"512,2048;512,2048",DT_BF16;DT_BF16,ND;ND,"512,512",DT_BF16,ND,42.25,bf16
dynamic,AI_CORE,"512,4096;512,4096",DT_BF16;DT_BF16,ND;ND,"512,512",DT_BF16,ND,41.26,bf16
dynamic,AI_CORE,"512,7168;512,7168",DT_BF16;DT_BF16,ND;ND,"512,512",DT_BF16,ND,41.53,bf16
dynamic,AI_CORE,"512,8192;512,8192",DT_BF16;DT_BF16,ND;ND,"512,512",DT_BF16,ND,41.50,bf16
dynamic,AI_CORE,"512,12288;512,12288",DT_BF16;DT_BF16,ND;ND,"512,512",DT_BF16,ND,41.52,bf16
dynamic,AI_CORE,"512,16384;512,16384",DT_BF16;DT_BF16,ND;ND,"512,512",DT_BF16,ND,58.39,bf16
dynamic,AI_CORE,"512,256;1024,256",DT_BF16;DT_BF16,ND;ND,"512,1024",DT_BF16,ND,38.50,bf16
dynamic,AI_CORE,"512,512;1024,512",DT_BF16;DT_BF16,ND;ND,"512,1024",DT_BF16,ND,38.45,bf16
dynamic,AI_CORE,"512,1024;1024,1024",DT_BF16;DT_BF16,ND;ND,"512,1024",DT_BF16,ND,38.61,bf16
dynamic,AI_CORE,"512,2048;1024,2048",DT_BF16;DT_BF16,ND;ND,"512,1024",DT_BF16,ND,38.47,bf16
dynamic,AI_CORE,"512,4096;1024,4096",DT_BF16;DT_BF16,ND;ND,"512,1024",DT_BF16,ND,38.59,bf16
dynamic,AI_CORE,"512,7168;1024,7168",DT_BF16;DT_BF16,ND;ND,"512,1024",DT_BF16,ND,39.11,bf16
dynamic,AI_CORE,"512,8192;1024,8192",DT_BF16;DT_BF16,ND;ND,"512,1024",DT_BF16,ND,39.52,bf16
dynamic,AI_CORE,"512,12288;1024,12288",DT_BF16;DT_BF16,ND;ND,"512,1024",DT_BF16,ND,58.68,bf16
dynamic,AI_CORE,"512,16384;1024,16384",DT_BF16;DT_BF16,ND;ND,"512,1024",DT_BF16,ND,96.44,bf16
dynamic,AI_CORE,"512,256;2048,256",DT_BF16;DT_BF16,ND;ND,"512,2048",DT_BF16,ND,39.26,bf16
dynamic,AI_CORE,"512,512;2048,512",DT_BF16;DT_BF16,ND;ND,"512,2048",DT_BF16,ND,38.69,bf16
dynamic,AI_CORE,"512,1024;2048,1024",DT_BF16;DT_BF16,ND;ND,"512,2048",DT_BF16,ND,41.38,bf16
dynamic,AI_CORE,"512,2048;2048,2048",DT_BF16;DT_BF16,ND;ND,"512,2048",DT_BF16,ND,38.63,bf16
dynamic,AI_CORE,"512,4096;2048,4096",DT_BF16;DT_BF16,ND;ND,"512,2048",DT_BF16,ND,38.44,bf16
dynamic,AI_CORE,"512,7168;2048,7168",DT_BF16;DT_BF16,ND;ND,"512,2048",DT_BF16,ND,65.79,bf16
dynamic,AI_CORE,"512,8192;2048,8192",DT_BF16;DT_BF16,ND;ND,"512,2048",DT_BF16,ND,81.75,bf16
dynamic,AI_CORE,"512,12288;2048,12288",DT_BF16;DT_BF16,ND;ND,"512,2048",DT_BF16,ND,123.72,bf16
dynamic,AI_CORE,"512,16384;2048,16384",DT_BF16;DT_BF16,ND;ND,"512,2048",DT_BF16,ND,192.13,bf16
dynamic,AI_CORE,"512,256;4096,256",DT_BF16;DT_BF16,ND;ND,"512,4096",DT_BF16,ND,39.07,bf16
dynamic,AI_CORE,"512,512;4096,512",DT_BF16;DT_BF16,ND;ND,"512,4096",DT_BF16,ND,39.35,bf16
dynamic,AI_CORE,"512,1024;4096,1024",DT_BF16;DT_BF16,ND;ND,"512,4096",DT_BF16,ND,38.93,bf16
dynamic,AI_CORE,"512,2048;4096,2048",DT_BF16;DT_BF16,ND;ND,"512,4096",DT_BF16,ND,40.46,bf16
dynamic,AI_CORE,"512,4096;4096,4096",DT_BF16;DT_BF16,ND;ND,"512,4096",DT_BF16,ND,69.11,bf16
dynamic,AI_CORE,"512,7168;4096,7168",DT_BF16;DT_BF16,ND;ND,"512,4096",DT_BF16,ND,153.09,bf16
dynamic,AI_CORE,"512,8192;4096,8192",DT_BF16;DT_BF16,ND;ND,"512,4096",DT_BF16,ND,176.35,bf16
dynamic,AI_CORE,"512,12288;4096,12288",DT_BF16;DT_BF16,ND;ND,"512,4096",DT_BF16,ND,259.44,bf16
dynamic,AI_CORE,"512,16384;4096,16384",DT_BF16;DT_BF16,ND;ND,"512,4096",DT_BF16,ND,423.45,bf16
dynamic,AI_CORE,"512,256;7168,256",DT_BF16;DT_BF16,ND;ND,"512,7168",DT_BF16,ND,39.92,bf16
dynamic,AI_CORE,"512,512;7168,512",DT_BF16;DT_BF16,ND;ND,"512,7168",DT_BF16,ND,38.99,bf16
dynamic,AI_CORE,"512,1024;7168,1024",DT_BF16;DT_BF16,ND;ND,"512,7168",DT_BF16,ND,39.39,bf16
dynamic,AI_CORE,"512,2048;7168,2048",DT_BF16;DT_BF16,ND;ND,"512,7168",DT_BF16,ND,56.91,bf16
dynamic,AI_CORE,"512,4096;7168,4096",DT_BF16;DT_BF16,ND;ND,"512,7168",DT_BF16,ND,143.02,bf16
dynamic,AI_CORE,"512,7168;7168,7168",DT_BF16;DT_BF16,ND;ND,"512,7168",DT_BF16,ND,249.54,bf16
dynamic,AI_CORE,"512,8192;7168,8192",DT_BF16;DT_BF16,ND;ND,"512,7168",DT_BF16,ND,289.64,bf16
dynamic,AI_CORE,"512,12288;7168,12288",DT_BF16;DT_BF16,ND;ND,"512,7168",DT_BF16,ND,429.43,bf16
dynamic,AI_CORE,"512,16384;7168,16384",DT_BF16;DT_BF16,ND;ND,"512,7168",DT_BF16,ND,703.94,bf16
dynamic,AI_CORE,"512,256;8192,256",DT_BF16;DT_BF16,ND;ND,"512,8192",DT_BF16,ND,39.33,bf16
dynamic,AI_CORE,"512,512;8192,512",DT_BF16;DT_BF16,ND;ND,"512,8192",DT_BF16,ND,38.95,bf16
dynamic,AI_CORE,"512,1024;8192,1024",DT_BF16;DT_BF16,ND;ND,"512,8192",DT_BF16,ND,42.28,bf16
dynamic,AI_CORE,"512,2048;8192,2048",DT_BF16;DT_BF16,ND;ND,"512,8192",DT_BF16,ND,83.58,bf16
dynamic,AI_CORE,"512,4096;8192,4096",DT_BF16;DT_BF16,ND;ND,"512,8192",DT_BF16,ND,170.83,bf16
dynamic,AI_CORE,"512,7168;8192,7168",DT_BF16;DT_BF16,ND;ND,"512,8192",DT_BF16,ND,298.71,bf16
dynamic,AI_CORE,"512,8192;8192,8192",DT_BF16;DT_BF16,ND;ND,"512,8192",DT_BF16,ND,345.09,bf16
dynamic,AI_CORE,"512,12288;8192,12288",DT_BF16;DT_BF16,ND;ND,"512,8192",DT_BF16,ND,516.09,bf16
dynamic,AI_CORE,"512,16384;8192,16384",DT_BF16;DT_BF16,ND;ND,"512,8192",DT_BF16,ND,872.95,bf16
dynamic,AI_CORE,"512,256;12288,256",DT_BF16;DT_BF16,ND;ND,"512,12288",DT_BF16,ND,38.57,bf16
dynamic,AI_CORE,"512,512;12288,512",DT_BF16;DT_BF16,ND;ND,"512,12288",DT_BF16,ND,38.69,bf16
dynamic,AI_CORE,"512,1024;12288,1024",DT_BF16;DT_BF16,ND;ND,"512,12288",DT_BF16,ND,45.64,bf16
dynamic,AI_CORE,"512,2048;12288,2048",DT_BF16;DT_BF16,ND;ND,"512,12288",DT_BF16,ND,90.17,bf16
dynamic,AI_CORE,"512,4096;12288,4096",DT_BF16;DT_BF16,ND;ND,"512,12288",DT_BF16,ND,178.40,bf16
dynamic,AI_CORE,"512,7168;12288,7168",DT_BF16;DT_BF16,ND;ND,"512,12288",DT_BF16,ND,413.65,bf16
dynamic,AI_CORE,"512,8192;12288,8192",DT_BF16;DT_BF16,ND;ND,"512,12288",DT_BF16,ND,475.30,bf16
dynamic,AI_CORE,"512,12288;12288,12288",DT_BF16;DT_BF16,ND;ND,"512,12288",DT_BF16,ND,713.77,bf16
dynamic,AI_CORE,"512,16384;12288,16384",DT_BF16;DT_BF16,ND;ND,"512,12288",DT_BF16,ND,1212.81,bf16
dynamic,AI_CORE,"512,256;16384,256",DT_BF16;DT_BF16,ND;ND,"512,16384",DT_BF16,ND,39.88,bf16
dynamic,AI_CORE,"512,512;16384,512",DT_BF16;DT_BF16,ND;ND,"512,16384",DT_BF16,ND,38.66,bf16
dynamic,AI_CORE,"512,1024;16384,1024",DT_BF16;DT_BF16,ND;ND,"512,16384",DT_BF16,ND,58.28,bf16
dynamic,AI_CORE,"512,2048;16384,2048",DT_BF16;DT_BF16,ND;ND,"512,16384",DT_BF16,ND,155.48,bf16
dynamic,AI_CORE,"512,4096;16384,4096",DT_BF16;DT_BF16,ND;ND,"512,16384",DT_BF16,ND,316.82,bf16
dynamic,AI_CORE,"512,7168;16384,7168",DT_BF16;DT_BF16,ND;ND,"512,16384",DT_BF16,ND,573.60,bf16
dynamic,AI_CORE,"512,8192;16384,8192",DT_BF16;DT_BF16,ND;ND,"512,16384",DT_BF16,ND,659.27,bf16
dynamic,AI_CORE,"512,12288;16384,12288",DT_BF16;DT_BF16,ND;ND,"512,16384",DT_BF16,ND,989.54,bf16
dynamic,AI_CORE,"512,16384;16384,16384",DT_BF16;DT_BF16,ND;ND,"512,16384",DT_BF16,ND,1654.01,bf16
dynamic,AI_CORE,"1024,256;256,256",DT_BF16;DT_BF16,ND;ND,"1024,256",DT_BF16,ND,38.48,bf16
dynamic,AI_CORE,"1024,512;256,512",DT_BF16;DT_BF16,ND;ND,"1024,256",DT_BF16,ND,38.30,bf16
dynamic,AI_CORE,"1024,1024;256,1024",DT_BF16;DT_BF16,ND;ND,"1024,256",DT_BF16,ND,38.38,bf16
dynamic,AI_CORE,"1024,2048;256,2048",DT_BF16;DT_BF16,ND;ND,"1024,256",DT_BF16,ND,38.78,bf16
dynamic,AI_CORE,"1024,4096;256,4096",DT_BF16;DT_BF16,ND;ND,"1024,256",DT_BF16,ND,38.34,bf16
dynamic,AI_CORE,"1024,7168;256,7168",DT_BF16;DT_BF16,ND;ND,"1024,256",DT_BF16,ND,44.57,bf16
dynamic,AI_CORE,"1024,8192;256,8192",DT_BF16;DT_BF16,ND;ND,"1024,256",DT_BF16,ND,38.70,bf16
dynamic,AI_CORE,"1024,12288;256,12288",DT_BF16;DT_BF16,ND;ND,"1024,256",DT_BF16,ND,38.85,bf16
dynamic,AI_CORE,"1024,16384;256,16384",DT_BF16;DT_BF16,ND;ND,"1024,256",DT_BF16,ND,64.39,bf16
dynamic,AI_CORE,"1024,256;512,256",DT_BF16;DT_BF16,ND;ND,"1024,512",DT_BF16,ND,40.46,bf16
dynamic,AI_CORE,"1024,512;512,512",DT_BF16;DT_BF16,ND;ND,"1024,512",DT_BF16,ND,39.96,bf16
dynamic,AI_CORE,"1024,1024;512,1024",DT_BF16;DT_BF16,ND;ND,"1024,512",DT_BF16,ND,39.02,bf16
dynamic,AI_CORE,"1024,2048;512,2048",DT_BF16;DT_BF16,ND;ND,"1024,512",DT_BF16,ND,38.53,bf16
dynamic,AI_CORE,"1024,4096;512,4096",DT_BF16;DT_BF16,ND;ND,"1024,512",DT_BF16,ND,40.05,bf16
dynamic,AI_CORE,"1024,7168;512,7168",DT_BF16;DT_BF16,ND;ND,"1024,512",DT_BF16,ND,38.95,bf16
dynamic,AI_CORE,"1024,8192;512,8192",DT_BF16;DT_BF16,ND;ND,"1024,512",DT_BF16,ND,39.63,bf16
dynamic,AI_CORE,"1024,12288;512,12288",DT_BF16;DT_BF16,ND;ND,"1024,512",DT_BF16,ND,51.18,bf16
dynamic,AI_CORE,"1024,16384;512,16384",DT_BF16;DT_BF16,ND;ND,"1024,512",DT_BF16,ND,85.99,bf16
dynamic,AI_CORE,"1024,256;1024,256",DT_BF16;DT_BF16,ND;ND,"1024,1024",DT_BF16,ND,38.81,bf16
dynamic,AI_CORE,"1024,512;1024,512",DT_BF16;DT_BF16,ND;ND,"1024,1024",DT_BF16,ND,38.60,bf16
dynamic,AI_CORE,"1024,1024;1024,1024",DT_BF16;DT_BF16,ND;ND,"1024,1024",DT_BF16,ND,38.74,bf16
dynamic,AI_CORE,"1024,2048;1024,2048",DT_BF16;DT_BF16,ND;ND,"1024,1024",DT_BF16,ND,38.79,bf16
dynamic,AI_CORE,"1024,4096;1024,4096",DT_BF16;DT_BF16,ND;ND,"1024,1024",DT_BF16,ND,39.14,bf16
dynamic,AI_CORE,"1024,7168;1024,7168",DT_BF16;DT_BF16,ND;ND,"1024,1024",DT_BF16,ND,56.74,bf16
dynamic,AI_CORE,"1024,8192;1024,8192",DT_BF16;DT_BF16,ND;ND,"1024,1024",DT_BF16,ND,70.99,bf16
dynamic,AI_CORE,"1024,12288;1024,12288",DT_BF16;DT_BF16,ND;ND,"1024,1024",DT_BF16,ND,104.11,bf16
dynamic,AI_CORE,"1024,16384;1024,16384",DT_BF16;DT_BF16,ND;ND,"1024,1024",DT_BF16,ND,195.78,bf16
dynamic,AI_CORE,"1024,256;2048,256",DT_BF16;DT_BF16,ND;ND,"1024,2048",DT_BF16,ND,38.96,bf16
dynamic,AI_CORE,"1024,512;2048,512",DT_BF16;DT_BF16,ND;ND,"1024,2048",DT_BF16,ND,38.81,bf16
dynamic,AI_CORE,"1024,1024;2048,1024",DT_BF16;DT_BF16,ND;ND,"1024,2048",DT_BF16,ND,38.78,bf16
dynamic,AI_CORE,"1024,2048;2048,2048",DT_BF16;DT_BF16,ND;ND,"1024,2048",DT_BF16,ND,39.89,bf16
dynamic,AI_CORE,"1024,4096;2048,4096",DT_BF16;DT_BF16,ND;ND,"1024,2048",DT_BF16,ND,65.47,bf16
dynamic,AI_CORE,"1024,7168;2048,7168",DT_BF16;DT_BF16,ND;ND,"1024,2048",DT_BF16,ND,122.87,bf16
dynamic,AI_CORE,"1024,8192;2048,8192",DT_BF16;DT_BF16,ND;ND,"1024,2048",DT_BF16,ND,143.21,bf16
dynamic,AI_CORE,"1024,12288;2048,12288",DT_BF16;DT_BF16,ND;ND,"1024,2048",DT_BF16,ND,194.72,bf16
dynamic,AI_CORE,"1024,16384;2048,16384",DT_BF16;DT_BF16,ND;ND,"1024,2048",DT_BF16,ND,310.26,bf16
dynamic,AI_CORE,"1024,256;4096,256",DT_BF16;DT_BF16,ND;ND,"1024,4096",DT_BF16,ND,39.32,bf16
dynamic,AI_CORE,"1024,512;4096,512",DT_BF16;DT_BF16,ND;ND,"1024,4096",DT_BF16,ND,39.61,bf16
dynamic,AI_CORE,"1024,1024;4096,1024",DT_BF16;DT_BF16,ND;ND,"1024,4096",DT_BF16,ND,39.10,bf16
dynamic,AI_CORE,"1024,2048;4096,2048",DT_BF16;DT_BF16,ND;ND,"1024,4096",DT_BF16,ND,61.17,bf16
dynamic,AI_CORE,"1024,4096;4096,4096",DT_BF16;DT_BF16,ND;ND,"1024,4096",DT_BF16,ND,130.88,bf16
dynamic,AI_CORE,"1024,7168;4096,7168",DT_BF16;DT_BF16,ND;ND,"1024,4096",DT_BF16,ND,227.47,bf16
dynamic,AI_CORE,"1024,8192;4096,8192",DT_BF16;DT_BF16,ND;ND,"1024,4096",DT_BF16,ND,268.08,bf16
dynamic,AI_CORE,"1024,12288;4096,12288",DT_BF16;DT_BF16,ND;ND,"1024,4096",DT_BF16,ND,379.73,bf16
dynamic,AI_CORE,"1024,16384;4096,16384",DT_BF16;DT_BF16,ND;ND,"1024,4096",DT_BF16,ND,616.18,bf16
dynamic,AI_CORE,"1024,256;7168,256",DT_BF16;DT_BF16,ND;ND,"1024,7168",DT_BF16,ND,39.13,bf16
dynamic,AI_CORE,"1024,512;7168,512",DT_BF16;DT_BF16,ND;ND,"1024,7168",DT_BF16,ND,39.89,bf16
dynamic,AI_CORE,"1024,1024;7168,1024",DT_BF16;DT_BF16,ND;ND,"1024,7168",DT_BF16,ND,52.93,bf16
dynamic,AI_CORE,"1024,2048;7168,2048",DT_BF16;DT_BF16,ND;ND,"1024,7168",DT_BF16,ND,109.66,bf16
dynamic,AI_CORE,"1024,4096;7168,4096",DT_BF16;DT_BF16,ND;ND,"1024,7168",DT_BF16,ND,223.96,bf16
dynamic,AI_CORE,"1024,7168;7168,7168",DT_BF16;DT_BF16,ND;ND,"1024,7168",DT_BF16,ND,375.90,bf16
dynamic,AI_CORE,"1024,8192;7168,8192",DT_BF16;DT_BF16,ND;ND,"1024,7168",DT_BF16,ND,441.23,bf16
dynamic,AI_CORE,"1024,12288;7168,12288",DT_BF16;DT_BF16,ND;ND,"1024,7168",DT_BF16,ND,651.56,bf16
dynamic,AI_CORE,"1024,16384;7168,16384",DT_BF16;DT_BF16,ND;ND,"1024,7168",DT_BF16,ND,1074.36,bf16
dynamic,AI_CORE,"1024,256;8192,256",DT_BF16;DT_BF16,ND;ND,"1024,8192",DT_BF16,ND,39.27,bf16
dynamic,AI_CORE,"1024,512;8192,512",DT_BF16;DT_BF16,ND;ND,"1024,8192",DT_BF16,ND,39.26,bf16
dynamic,AI_CORE,"1024,1024;8192,1024",DT_BF16;DT_BF16,ND;ND,"1024,8192",DT_BF16,ND,57.70,bf16
dynamic,AI_CORE,"1024,2048;8192,2048",DT_BF16;DT_BF16,ND;ND,"1024,8192",DT_BF16,ND,125.65,bf16
dynamic,AI_CORE,"1024,4096;8192,4096",DT_BF16;DT_BF16,ND;ND,"1024,8192",DT_BF16,ND,244.32,bf16
dynamic,AI_CORE,"1024,7168;8192,7168",DT_BF16;DT_BF16,ND;ND,"1024,8192",DT_BF16,ND,426.15,bf16
dynamic,AI_CORE,"1024,8192;8192,8192",DT_BF16;DT_BF16,ND;ND,"1024,8192",DT_BF16,ND,489.58,bf16
dynamic,AI_CORE,"1024,12288;8192,12288",DT_BF16;DT_BF16,ND;ND,"1024,8192",DT_BF16,ND,753.20,bf16
dynamic,AI_CORE,"1024,16384;8192,16384",DT_BF16;DT_BF16,ND;ND,"1024,8192",DT_BF16,ND,1197.76,bf16
dynamic,AI_CORE,"1024,256;12288,256",DT_BF16;DT_BF16,ND;ND,"1024,12288",DT_BF16,ND,40.55,bf16
dynamic,AI_CORE,"1024,512;12288,512",DT_BF16;DT_BF16,ND;ND,"1024,12288",DT_BF16,ND,43.61,bf16
dynamic,AI_CORE,"1024,1024;12288,1024",DT_BF16;DT_BF16,ND;ND,"1024,12288",DT_BF16,ND,80.98,bf16
dynamic,AI_CORE,"1024,2048;12288,2048",DT_BF16;DT_BF16,ND;ND,"1024,12288",DT_BF16,ND,171.83,bf16
dynamic,AI_CORE,"1024,4096;12288,4096",DT_BF16;DT_BF16,ND;ND,"1024,12288",DT_BF16,ND,381.95,bf16
dynamic,AI_CORE,"1024,7168;12288,7168",DT_BF16;DT_BF16,ND;ND,"1024,12288",DT_BF16,ND,701.51,bf16
dynamic,AI_CORE,"1024,8192;12288,8192",DT_BF16;DT_BF16,ND;ND,"1024,12288",DT_BF16,ND,794.26,bf16
dynamic,AI_CORE,"1024,12288;12288,12288",DT_BF16;DT_BF16,ND;ND,"1024,12288",DT_BF16,ND,1170.98,bf16
dynamic,AI_CORE,"1024,16384;12288,16384",DT_BF16;DT_BF16,ND;ND,"1024,12288",DT_BF16,ND,1945.34,bf16
dynamic,AI_CORE,"1024,256;16384,256",DT_BF16;DT_BF16,ND;ND,"1024,16384",DT_BF16,ND,39.01,bf16
dynamic,AI_CORE,"1024,512;16384,512",DT_BF16;DT_BF16,ND;ND,"1024,16384",DT_BF16,ND,58.49,bf16
dynamic,AI_CORE,"1024,1024;16384,1024",DT_BF16;DT_BF16,ND;ND,"1024,16384",DT_BF16,ND,122.28,bf16
dynamic,AI_CORE,"1024,2048;16384,2048",DT_BF16;DT_BF16,ND;ND,"1024,16384",DT_BF16,ND,235.96,bf16
dynamic,AI_CORE,"1024,4096;16384,4096",DT_BF16;DT_BF16,ND;ND,"1024,16384",DT_BF16,ND,464.06,bf16
dynamic,AI_CORE,"1024,7168;16384,7168",DT_BF16;DT_BF16,ND;ND,"1024,16384",DT_BF16,ND,858.69,bf16
dynamic,AI_CORE,"1024,8192;16384,8192",DT_BF16;DT_BF16,ND;ND,"1024,16384",DT_BF16,ND,1019.50,bf16
dynamic,AI_CORE,"1024,12288;16384,12288",DT_BF16;DT_BF16,ND;ND,"1024,16384",DT_BF16,ND,1510.96,bf16
dynamic,AI_CORE,"1024,16384;16384,16384",DT_BF16;DT_BF16,ND;ND,"1024,16384",DT_BF16,ND,2347.27,bf16
dynamic,AI_CORE,"2048,256;256,256",DT_BF16;DT_BF16,ND;ND,"2048,256",DT_BF16,ND,39.65,bf16
dynamic,AI_CORE,"2048,512;256,512",DT_BF16;DT_BF16,ND;ND,"2048,256",DT_BF16,ND,38.18,bf16
dynamic,AI_CORE,"2048,1024;256,1024",DT_BF16;DT_BF16,ND;ND,"2048,256",DT_BF16,ND,38.51,bf16
dynamic,AI_CORE,"2048,2048;256,2048",DT_BF16;DT_BF16,ND;ND,"2048,256",DT_BF16,ND,38.04,bf16
dynamic,AI_CORE,"2048,4096;256,4096",DT_BF16;DT_BF16,ND;ND,"2048,256",DT_BF16,ND,38.80,bf16
dynamic,AI_CORE,"2048,7168;256,7168",DT_BF16;DT_BF16,ND;ND,"2048,256",DT_BF16,ND,40.09,bf16
dynamic,AI_CORE,"2048,8192;256,8192",DT_BF16;DT_BF16,ND;ND,"2048,256",DT_BF16,ND,51.06,bf16
dynamic,AI_CORE,"2048,12288;256,12288",DT_BF16;DT_BF16,ND;ND,"2048,256",DT_BF16,ND,65.18,bf16
dynamic,AI_CORE,"2048,16384;256,16384",DT_BF16;DT_BF16,ND;ND,"2048,256",DT_BF16,ND,120.49,bf16
dynamic,AI_CORE,"2048,256;512,256",DT_BF16;DT_BF16,ND;ND,"2048,512",DT_BF16,ND,38.11,bf16
dynamic,AI_CORE,"2048,512;512,512",DT_BF16;DT_BF16,ND;ND,"2048,512",DT_BF16,ND,38.63,bf16
dynamic,AI_CORE,"2048,1024;512,1024",DT_BF16;DT_BF16,ND;ND,"2048,512",DT_BF16,ND,42.74,bf16
dynamic,AI_CORE,"2048,2048;512,2048",DT_BF16;DT_BF16,ND;ND,"2048,512",DT_BF16,ND,38.79,bf16
dynamic,AI_CORE,"2048,4096;512,4096",DT_BF16;DT_BF16,ND;ND,"2048,512",DT_BF16,ND,38.95,bf16
dynamic,AI_CORE,"2048,7168;512,7168",DT_BF16;DT_BF16,ND;ND,"2048,512",DT_BF16,ND,56.20,bf16
dynamic,AI_CORE,"2048,8192;512,8192",DT_BF16;DT_BF16,ND;ND,"2048,512",DT_BF16,ND,87.95,bf16
dynamic,AI_CORE,"2048,12288;512,12288",DT_BF16;DT_BF16,ND;ND,"2048,512",DT_BF16,ND,96.04,bf16
dynamic,AI_CORE,"2048,16384;512,16384",DT_BF16;DT_BF16,ND;ND,"2048,512",DT_BF16,ND,168.87,bf16
dynamic,AI_CORE,"2048,256;1024,256",DT_BF16;DT_BF16,ND;ND,"2048,1024",DT_BF16,ND,39.38,bf16
dynamic,AI_CORE,"2048,512;1024,512",DT_BF16;DT_BF16,ND;ND,"2048,1024",DT_BF16,ND,38.71,bf16
dynamic,AI_CORE,"2048,1024;1024,1024",DT_BF16;DT_BF16,ND;ND,"2048,1024",DT_BF16,ND,39.92,bf16
dynamic,AI_CORE,"2048,2048;1024,2048",DT_BF16;DT_BF16,ND;ND,"2048,1024",DT_BF16,ND,38.70,bf16
dynamic,AI_CORE,"2048,4096;1024,4096",DT_BF16;DT_BF16,ND;ND,"2048,1024",DT_BF16,ND,57.72,bf16
dynamic,AI_CORE,"2048,7168;1024,7168",DT_BF16;DT_BF16,ND;ND,"2048,1024",DT_BF16,ND,105.94,bf16
dynamic,AI_CORE,"2048,8192;1024,8192",DT_BF16;DT_BF16,ND;ND,"2048,1024",DT_BF16,ND,130.49,bf16
dynamic,AI_CORE,"2048,12288;1024,12288",DT_BF16;DT_BF16,ND;ND,"2048,1024",DT_BF16,ND,173.52,bf16
dynamic,AI_CORE,"2048,16384;1024,16384",DT_BF16;DT_BF16,ND;ND,"2048,1024",DT_BF16,ND,311.71,bf16
dynamic,AI_CORE,"2048,256;2048,256",DT_BF16;DT_BF16,ND;ND,"2048,2048",DT_BF16,ND,39.84,bf16
dynamic,AI_CORE,"2048,512;2048,512",DT_BF16;DT_BF16,ND;ND,"2048,2048",DT_BF16,ND,36.32,bf16
dynamic,AI_CORE,"2048,1024;2048,1024",DT_BF16;DT_BF16,ND;ND,"2048,2048",DT_BF16,ND,55.25,bf16
dynamic,AI_CORE,"2048,2048;2048,2048",DT_BF16;DT_BF16,ND;ND,"2048,2048",DT_BF16,ND,57.85,bf16
dynamic,AI_CORE,"2048,4096;2048,4096",DT_BF16;DT_BF16,ND;ND,"2048,2048",DT_BF16,ND,123.76,bf16
dynamic,AI_CORE,"2048,7168;2048,7168",DT_BF16;DT_BF16,ND;ND,"2048,2048",DT_BF16,ND,218.39,bf16
dynamic,AI_CORE,"2048,8192;2048,8192",DT_BF16;DT_BF16,ND;ND,"2048,2048",DT_BF16,ND,259.65,bf16
dynamic,AI_CORE,"2048,12288;2048,12288",DT_BF16;DT_BF16,ND;ND,"2048,2048",DT_BF16,ND,373.77,bf16
dynamic,AI_CORE,"2048,16384;2048,16384",DT_BF16;DT_BF16,ND;ND,"2048,2048",DT_BF16,ND,491.16,bf16
dynamic,AI_CORE,"2048,256;4096,256",DT_BF16;DT_BF16,ND;ND,"2048,4096",DT_BF16,ND,38.52,bf16
dynamic,AI_CORE,"2048,512;4096,512",DT_BF16;DT_BF16,ND;ND,"2048,4096",DT_BF16,ND,41.94,bf16
dynamic,AI_CORE,"2048,1024;4096,1024",DT_BF16;DT_BF16,ND;ND,"2048,4096",DT_BF16,ND,84.11,bf16
dynamic,AI_CORE,"2048,2048;4096,2048",DT_BF16;DT_BF16,ND;ND,"2048,4096",DT_BF16,ND,114.80,bf16
dynamic,AI_CORE,"2048,4096;4096,4096",DT_BF16;DT_BF16,ND;ND,"2048,4096",DT_BF16,ND,229.60,bf16
dynamic,AI_CORE,"2048,7168;4096,7168",DT_BF16;DT_BF16,ND;ND,"2048,4096",DT_BF16,ND,399.65,bf16
dynamic,AI_CORE,"2048,8192;4096,8192",DT_BF16;DT_BF16,ND;ND,"2048,4096",DT_BF16,ND,464.44,bf16
dynamic,AI_CORE,"2048,12288;4096,12288",DT_BF16;DT_BF16,ND;ND,"2048,4096",DT_BF16,ND,662.42,bf16
dynamic,AI_CORE,"2048,16384;4096,16384",DT_BF16;DT_BF16,ND;ND,"2048,4096",DT_BF16,ND,875.38,bf16
dynamic,AI_CORE,"2048,256;7168,256",DT_BF16;DT_BF16,ND;ND,"2048,7168",DT_BF16,ND,38.43,bf16
dynamic,AI_CORE,"2048,512;7168,512",DT_BF16;DT_BF16,ND;ND,"2048,7168",DT_BF16,ND,50.86,bf16
dynamic,AI_CORE,"2048,1024;7168,1024",DT_BF16;DT_BF16,ND;ND,"2048,7168",DT_BF16,ND,100.65,bf16
dynamic,AI_CORE,"2048,2048;7168,2048",DT_BF16;DT_BF16,ND;ND,"2048,7168",DT_BF16,ND,199.76,bf16
dynamic,AI_CORE,"2048,4096;7168,4096",DT_BF16;DT_BF16,ND;ND,"2048,7168",DT_BF16,ND,396.72,bf16
dynamic,AI_CORE,"2048,7168;7168,7168",DT_BF16;DT_BF16,ND;ND,"2048,7168",DT_BF16,ND,681.29,bf16
dynamic,AI_CORE,"2048,8192;7168,8192",DT_BF16;DT_BF16,ND;ND,"2048,7168",DT_BF16,ND,796.15,bf16
dynamic,AI_CORE,"2048,12288;7168,12288",DT_BF16;DT_BF16,ND;ND,"2048,7168",DT_BF16,ND,1268.45,bf16
dynamic,AI_CORE,"2048,16384;7168,16384",DT_BF16;DT_BF16,ND;ND,"2048,7168",DT_BF16,ND,1482.28,bf16
dynamic,AI_CORE,"2048,256;8192,256",DT_BF16;DT_BF16,ND;ND,"2048,8192",DT_BF16,ND,43.99,bf16
dynamic,AI_CORE,"2048,512;8192,512",DT_BF16;DT_BF16,ND;ND,"2048,8192",DT_BF16,ND,57.98,bf16
dynamic,AI_CORE,"2048,1024;8192,1024",DT_BF16;DT_BF16,ND;ND,"2048,8192",DT_BF16,ND,114.72,bf16
dynamic,AI_CORE,"2048,2048;8192,2048",DT_BF16;DT_BF16,ND;ND,"2048,8192",DT_BF16,ND,228.16,bf16
dynamic,AI_CORE,"2048,4096;8192,4096",DT_BF16;DT_BF16,ND;ND,"2048,8192",DT_BF16,ND,454.58,bf16
dynamic,AI_CORE,"2048,7168;8192,7168",DT_BF16;DT_BF16,ND;ND,"2048,8192",DT_BF16,ND,777.60,bf16
dynamic,AI_CORE,"2048,8192;8192,8192",DT_BF16;DT_BF16,ND;ND,"2048,8192",DT_BF16,ND,909.59,bf16
dynamic,AI_CORE,"2048,12288;8192,12288",DT_BF16;DT_BF16,ND;ND,"2048,8192",DT_BF16,ND,1363.95,bf16
dynamic,AI_CORE,"2048,16384;8192,16384",DT_BF16;DT_BF16,ND;ND,"2048,8192",DT_BF16,ND,1721.92,bf16
dynamic,AI_CORE,"2048,256;12288,256",DT_BF16;DT_BF16,ND;ND,"2048,12288",DT_BF16,ND,44.97,bf16
dynamic,AI_CORE,"2048,512;12288,512",DT_BF16;DT_BF16,ND;ND,"2048,12288",DT_BF16,ND,82.08,bf16
dynamic,AI_CORE,"2048,1024;12288,1024",DT_BF16;DT_BF16,ND;ND,"2048,12288",DT_BF16,ND,158.77,bf16
dynamic,AI_CORE,"2048,2048;12288,2048",DT_BF16;DT_BF16,ND;ND,"2048,12288",DT_BF16,ND,329.98,bf16
dynamic,AI_CORE,"2048,4096;12288,4096",DT_BF16;DT_BF16,ND;ND,"2048,12288",DT_BF16,ND,653.10,bf16
dynamic,AI_CORE,"2048,7168;12288,7168",DT_BF16;DT_BF16,ND;ND,"2048,12288",DT_BF16,ND,1298.05,bf16
dynamic,AI_CORE,"2048,8192;12288,8192",DT_BF16;DT_BF16,ND;ND,"2048,12288",DT_BF16,ND,1390.88,bf16
dynamic,AI_CORE,"2048,12288;12288,12288",DT_BF16;DT_BF16,ND;ND,"2048,12288",DT_BF16,ND,2217.40,bf16
dynamic,AI_CORE,"2048,16384;12288,16384",DT_BF16;DT_BF16,ND;ND,"2048,12288",DT_BF16,ND,3267.21,bf16
dynamic,AI_CORE,"2048,256;16384,256",DT_BF16;DT_BF16,ND;ND,"2048,16384",DT_BF16,ND,64.14,bf16
dynamic,AI_CORE,"2048,512;16384,512",DT_BF16;DT_BF16,ND;ND,"2048,16384",DT_BF16,ND,113.64,bf16
dynamic,AI_CORE,"2048,1024;16384,1024",DT_BF16;DT_BF16,ND;ND,"2048,16384",DT_BF16,ND,224.55,bf16
dynamic,AI_CORE,"2048,2048;16384,2048",DT_BF16;DT_BF16,ND;ND,"2048,16384",DT_BF16,ND,437.75,bf16
dynamic,AI_CORE,"2048,4096;16384,4096",DT_BF16;DT_BF16,ND;ND,"2048,16384",DT_BF16,ND,914.12,bf16
dynamic,AI_CORE,"2048,7168;16384,7168",DT_BF16;DT_BF16,ND;ND,"2048,16384",DT_BF16,ND,1579.88,bf16
dynamic,AI_CORE,"2048,8192;16384,8192",DT_BF16;DT_BF16,ND;ND,"2048,16384",DT_BF16,ND,1808.85,bf16
dynamic,AI_CORE,"2048,12288;16384,12288",DT_BF16;DT_BF16,ND;ND,"2048,16384",DT_BF16,ND,2958.40,bf16
dynamic,AI_CORE,"2048,16384;16384,16384",DT_BF16;DT_BF16,ND;ND,"2048,16384",DT_BF16,ND,4268.08,bf16
dynamic,AI_CORE,"4096,256;256,256",DT_BF16;DT_BF16,ND;ND,"4096,256",DT_BF16,ND,38.25,bf16
dynamic,AI_CORE,"4096,512;256,512",DT_BF16;DT_BF16,ND;ND,"4096,256",DT_BF16,ND,38.49,bf16
dynamic,AI_CORE,"4096,1024;256,1024",DT_BF16;DT_BF16,ND;ND,"4096,256",DT_BF16,ND,39.59,bf16
dynamic,AI_CORE,"4096,2048;256,2048",DT_BF16;DT_BF16,ND;ND,"4096,256",DT_BF16,ND,38.59,bf16
dynamic,AI_CORE,"4096,4096;256,4096",DT_BF16;DT_BF16,ND;ND,"4096,256",DT_BF16,ND,49.85,bf16
dynamic,AI_CORE,"4096,7168;256,7168",DT_BF16;DT_BF16,ND;ND,"4096,256",DT_BF16,ND,66.59,bf16
dynamic,AI_CORE,"4096,8192;256,8192",DT_BF16;DT_BF16,ND;ND,"4096,256",DT_BF16,ND,68.79,bf16
dynamic,AI_CORE,"4096,12288;256,12288",DT_BF16;DT_BF16,ND;ND,"4096,256",DT_BF16,ND,117.73,bf16
dynamic,AI_CORE,"4096,16384;256,16384",DT_BF16;DT_BF16,ND;ND,"4096,256",DT_BF16,ND,210.66,bf16
dynamic,AI_CORE,"4096,256;512,256",DT_BF16;DT_BF16,ND;ND,"4096,512",DT_BF16,ND,38.39,bf16
dynamic,AI_CORE,"4096,512;512,512",DT_BF16;DT_BF16,ND;ND,"4096,512",DT_BF16,ND,39.06,bf16
dynamic,AI_CORE,"4096,1024;512,1024",DT_BF16;DT_BF16,ND;ND,"4096,512",DT_BF16,ND,38.16,bf16
dynamic,AI_CORE,"4096,2048;512,2048",DT_BF16;DT_BF16,ND;ND,"4096,512",DT_BF16,ND,38.07,bf16
dynamic,AI_CORE,"4096,4096;512,4096",DT_BF16;DT_BF16,ND;ND,"4096,512",DT_BF16,ND,58.02,bf16
dynamic,AI_CORE,"4096,7168;512,7168",DT_BF16;DT_BF16,ND;ND,"4096,512",DT_BF16,ND,96.16,bf16
dynamic,AI_CORE,"4096,8192;512,8192",DT_BF16;DT_BF16,ND;ND,"4096,512",DT_BF16,ND,121.29,bf16
dynamic,AI_CORE,"4096,12288;512,12288",DT_BF16;DT_BF16,ND;ND,"4096,512",DT_BF16,ND,176.01,bf16
dynamic,AI_CORE,"4096,16384;512,16384",DT_BF16;DT_BF16,ND;ND,"4096,512",DT_BF16,ND,327.05,bf16
dynamic,AI_CORE,"4096,256;1024,256",DT_BF16;DT_BF16,ND;ND,"4096,1024",DT_BF16,ND,38.74,bf16
dynamic,AI_CORE,"4096,512;1024,512",DT_BF16;DT_BF16,ND;ND,"4096,1024",DT_BF16,ND,39.09,bf16
dynamic,AI_CORE,"4096,1024;1024,1024",DT_BF16;DT_BF16,ND;ND,"4096,1024",DT_BF16,ND,45.49,bf16
dynamic,AI_CORE,"4096,2048;1024,2048",DT_BF16;DT_BF16,ND;ND,"4096,1024",DT_BF16,ND,57.76,bf16
dynamic,AI_CORE,"4096,4096;1024,4096",DT_BF16;DT_BF16,ND;ND,"4096,1024",DT_BF16,ND,129.53,bf16
dynamic,AI_CORE,"4096,7168;1024,7168",DT_BF16;DT_BF16,ND;ND,"4096,1024",DT_BF16,ND,200.94,bf16
dynamic,AI_CORE,"4096,8192;1024,8192",DT_BF16;DT_BF16,ND;ND,"4096,1024",DT_BF16,ND,262.72,bf16
dynamic,AI_CORE,"4096,12288;1024,12288",DT_BF16;DT_BF16,ND;ND,"4096,1024",DT_BF16,ND,367.12,bf16
dynamic,AI_CORE,"4096,16384;1024,16384",DT_BF16;DT_BF16,ND;ND,"4096,1024",DT_BF16,ND,619.65,bf16
dynamic,AI_CORE,"4096,256;2048,256",DT_BF16;DT_BF16,ND;ND,"4096,2048",DT_BF16,ND,39.07,bf16
dynamic,AI_CORE,"4096,512;2048,512",DT_BF16;DT_BF16,ND;ND,"4096,2048",DT_BF16,ND,38.57,bf16
dynamic,AI_CORE,"4096,1024;2048,1024",DT_BF16;DT_BF16,ND;ND,"4096,2048",DT_BF16,ND,58.29,bf16
dynamic,AI_CORE,"4096,2048;2048,2048",DT_BF16;DT_BF16,ND;ND,"4096,2048",DT_BF16,ND,117.53,bf16
dynamic,AI_CORE,"4096,4096;2048,4096",DT_BF16;DT_BF16,ND;ND,"4096,2048",DT_BF16,ND,222.24,bf16
dynamic,AI_CORE,"4096,7168;2048,7168",DT_BF16;DT_BF16,ND;ND,"4096,2048",DT_BF16,ND,392.04,bf16
dynamic,AI_CORE,"4096,8192;2048,8192",DT_BF16;DT_BF16,ND;ND,"4096,2048",DT_BF16,ND,491.64,bf16
dynamic,AI_CORE,"4096,12288;2048,12288",DT_BF16;DT_BF16,ND;ND,"4096,2048",DT_BF16,ND,682.85,bf16
dynamic,AI_CORE,"4096,16384;2048,16384",DT_BF16;DT_BF16,ND;ND,"4096,2048",DT_BF16,ND,1103.05,bf16
dynamic,AI_CORE,"4096,256;4096,256",DT_BF16;DT_BF16,ND;ND,"4096,4096",DT_BF16,ND,38.55,bf16
dynamic,AI_CORE,"4096,512;4096,512",DT_BF16;DT_BF16,ND;ND,"4096,4096",DT_BF16,ND,59.41,bf16
dynamic,AI_CORE,"4096,1024;4096,1024",DT_BF16;DT_BF16,ND;ND,"4096,4096",DT_BF16,ND,114.25,bf16
dynamic,AI_CORE,"4096,2048;4096,2048",DT_BF16;DT_BF16,ND;ND,"4096,4096",DT_BF16,ND,219.06,bf16
dynamic,AI_CORE,"4096,4096;4096,4096",DT_BF16;DT_BF16,ND;ND,"4096,4096",DT_BF16,ND,438.74,bf16
dynamic,AI_CORE,"4096,7168;4096,7168",DT_BF16;DT_BF16,ND;ND,"4096,4096",DT_BF16,ND,743.59,bf16
dynamic,AI_CORE,"4096,8192;4096,8192",DT_BF16;DT_BF16,ND;ND,"4096,4096",DT_BF16,ND,892.94,bf16
dynamic,AI_CORE,"4096,12288;4096,12288",DT_BF16;DT_BF16,ND;ND,"4096,4096",DT_BF16,ND,1295.45,bf16
dynamic,AI_CORE,"4096,16384;4096,16384",DT_BF16;DT_BF16,ND;ND,"4096,4096",DT_BF16,ND,1834.35,bf16
dynamic,AI_CORE,"4096,256;7168,256",DT_BF16;DT_BF16,ND;ND,"4096,7168",DT_BF16,ND,53.72,bf16
dynamic,AI_CORE,"4096,512;7168,512",DT_BF16;DT_BF16,ND;ND,"4096,7168",DT_BF16,ND,101.60,bf16
dynamic,AI_CORE,"4096,1024;7168,1024",DT_BF16;DT_BF16,ND;ND,"4096,7168",DT_BF16,ND,192.76,bf16
dynamic,AI_CORE,"4096,2048;7168,2048",DT_BF16;DT_BF16,ND;ND,"4096,7168",DT_BF16,ND,383.24,bf16
dynamic,AI_CORE,"4096,4096;7168,4096",DT_BF16;DT_BF16,ND;ND,"4096,7168",DT_BF16,ND,756.82,bf16
dynamic,AI_CORE,"4096,7168;7168,7168",DT_BF16;DT_BF16,ND;ND,"4096,7168",DT_BF16,ND,1343.32,bf16
dynamic,AI_CORE,"4096,8192;7168,8192",DT_BF16;DT_BF16,ND;ND,"4096,7168",DT_BF16,ND,1602.01,bf16
dynamic,AI_CORE,"4096,12288;7168,12288",DT_BF16;DT_BF16,ND;ND,"4096,7168",DT_BF16,ND,2395.42,bf16
dynamic,AI_CORE,"4096,16384;7168,16384",DT_BF16;DT_BF16,ND;ND,"4096,7168",DT_BF16,ND,3444.27,bf16
dynamic,AI_CORE,"4096,256;8192,256",DT_BF16;DT_BF16,ND;ND,"4096,8192",DT_BF16,ND,61.36,bf16
dynamic,AI_CORE,"4096,512;8192,512",DT_BF16;DT_BF16,ND;ND,"4096,8192",DT_BF16,ND,111.91,bf16
dynamic,AI_CORE,"4096,1024;8192,1024",DT_BF16;DT_BF16,ND;ND,"4096,8192",DT_BF16,ND,215.27,bf16
dynamic,AI_CORE,"4096,2048;8192,2048",DT_BF16;DT_BF16,ND;ND,"4096,8192",DT_BF16,ND,431.98,bf16
dynamic,AI_CORE,"4096,4096;8192,4096",DT_BF16;DT_BF16,ND;ND,"4096,8192",DT_BF16,ND,871.03,bf16
dynamic,AI_CORE,"4096,7168;8192,7168",DT_BF16;DT_BF16,ND;ND,"4096,8192",DT_BF16,ND,1557.07,bf16
dynamic,AI_CORE,"4096,8192;8192,8192",DT_BF16;DT_BF16,ND;ND,"4096,8192",DT_BF16,ND,1803.54,bf16
dynamic,AI_CORE,"4096,12288;8192,12288",DT_BF16;DT_BF16,ND;ND,"4096,8192",DT_BF16,ND,2592.53,bf16
dynamic,AI_CORE,"4096,16384;8192,16384",DT_BF16;DT_BF16,ND;ND,"4096,8192",DT_BF16,ND,3902.53,bf16
dynamic,AI_CORE,"4096,256;12288,256",DT_BF16;DT_BF16,ND;ND,"4096,12288",DT_BF16,ND,86.96,bf16
dynamic,AI_CORE,"4096,512;12288,512",DT_BF16;DT_BF16,ND;ND,"4096,12288",DT_BF16,ND,164.26,bf16
dynamic,AI_CORE,"4096,1024;12288,1024",DT_BF16;DT_BF16,ND;ND,"4096,12288",DT_BF16,ND,324.33,bf16
dynamic,AI_CORE,"4096,2048;12288,2048",DT_BF16;DT_BF16,ND;ND,"4096,12288",DT_BF16,ND,638.04,bf16
dynamic,AI_CORE,"4096,4096;12288,4096",DT_BF16;DT_BF16,ND;ND,"4096,12288",DT_BF16,ND,1351.22,bf16
dynamic,AI_CORE,"4096,7168;12288,7168",DT_BF16;DT_BF16,ND;ND,"4096,12288",DT_BF16,ND,2522.21,bf16
dynamic,AI_CORE,"4096,8192;12288,8192",DT_BF16;DT_BF16,ND;ND,"4096,12288",DT_BF16,ND,2733.66,bf16
dynamic,AI_CORE,"4096,12288;12288,12288",DT_BF16;DT_BF16,ND;ND,"4096,12288",DT_BF16,ND,4333.52,bf16
dynamic,AI_CORE,"4096,16384;12288,16384",DT_BF16;DT_BF16,ND;ND,"4096,12288",DT_BF16,ND,5828.83,bf16
dynamic,AI_CORE,"4096,256;16384,256",DT_BF16;DT_BF16,ND;ND,"4096,16384",DT_BF16,ND,123.75,bf16
dynamic,AI_CORE,"4096,512;16384,512",DT_BF16;DT_BF16,ND;ND,"4096,16384",DT_BF16,ND,217.86,bf16
dynamic,AI_CORE,"4096,1024;16384,1024",DT_BF16;DT_BF16,ND;ND,"4096,16384",DT_BF16,ND,427.54,bf16
dynamic,AI_CORE,"4096,2048;16384,2048",DT_BF16;DT_BF16,ND;ND,"4096,16384",DT_BF16,ND,901.92,bf16
dynamic,AI_CORE,"4096,4096;16384,4096",DT_BF16;DT_BF16,ND;ND,"4096,16384",DT_BF16,ND,1786.59,bf16
dynamic,AI_CORE,"4096,7168;16384,7168",DT_BF16;DT_BF16,ND;ND,"4096,16384",DT_BF16,ND,3116.83,bf16
dynamic,AI_CORE,"4096,8192;16384,8192",DT_BF16;DT_BF16,ND;ND,"4096,16384",DT_BF16,ND,3581.82,bf16
dynamic,AI_CORE,"4096,12288;16384,12288",DT_BF16;DT_BF16,ND;ND,"4096,16384",DT_BF16,ND,5757.08,bf16
dynamic,AI_CORE,"4096,16384;16384,16384",DT_BF16;DT_BF16,ND;ND,"4096,16384",DT_BF16,ND,7828.97,bf16
dynamic,AI_CORE,"8192,256;256,256",DT_BF16;DT_BF16,ND;ND,"8192,256",DT_BF16,ND,38.67,bf16
dynamic,AI_CORE,"8192,512;256,512",DT_BF16;DT_BF16,ND;ND,"8192,256",DT_BF16,ND,38.56,bf16
dynamic,AI_CORE,"8192,1024;256,1024",DT_BF16;DT_BF16,ND;ND,"8192,256",DT_BF16,ND,38.56,bf16
dynamic,AI_CORE,"8192,2048;256,2048",DT_BF16;DT_BF16,ND;ND,"8192,256",DT_BF16,ND,40.74,bf16
dynamic,AI_CORE,"8192,4096;256,4096",DT_BF16;DT_BF16,ND;ND,"8192,256",DT_BF16,ND,76.55,bf16
dynamic,AI_CORE,"8192,7168;256,7168",DT_BF16;DT_BF16,ND;ND,"8192,256",DT_BF16,ND,127.40,bf16
dynamic,AI_CORE,"8192,8192;256,8192",DT_BF16;DT_BF16,ND;ND,"8192,256",DT_BF16,ND,164.49,bf16
dynamic,AI_CORE,"8192,12288;256,12288",DT_BF16;DT_BF16,ND;ND,"8192,256",DT_BF16,ND,269.83,bf16
dynamic,AI_CORE,"8192,16384;256,16384",DT_BF16;DT_BF16,ND;ND,"8192,256",DT_BF16,ND,462.38,bf16
dynamic,AI_CORE,"8192,256;512,256",DT_BF16;DT_BF16,ND;ND,"8192,512",DT_BF16,ND,37.68,bf16
dynamic,AI_CORE,"8192,512;512,512",DT_BF16;DT_BF16,ND;ND,"8192,512",DT_BF16,ND,37.18,bf16
dynamic,AI_CORE,"8192,1024;512,1024",DT_BF16;DT_BF16,ND;ND,"8192,512",DT_BF16,ND,39.46,bf16
dynamic,AI_CORE,"8192,2048;512,2048",DT_BF16;DT_BF16,ND;ND,"8192,512",DT_BF16,ND,57.75,bf16
dynamic,AI_CORE,"8192,4096;512,4096",DT_BF16;DT_BF16,ND;ND,"8192,512",DT_BF16,ND,109.96,bf16
dynamic,AI_CORE,"8192,7168;512,7168",DT_BF16;DT_BF16,ND;ND,"8192,512",DT_BF16,ND,186.08,bf16
dynamic,AI_CORE,"8192,8192;512,8192",DT_BF16;DT_BF16,ND;ND,"8192,512",DT_BF16,ND,249.11,bf16
dynamic,AI_CORE,"8192,12288;512,12288",DT_BF16;DT_BF16,ND;ND,"8192,512",DT_BF16,ND,481.91,bf16
dynamic,AI_CORE,"8192,16384;512,16384",DT_BF16;DT_BF16,ND;ND,"8192,512",DT_BF16,ND,753.01,bf16
dynamic,AI_CORE,"8192,256;1024,256",DT_BF16;DT_BF16,ND;ND,"8192,1024",DT_BF16,ND,38.95,bf16
dynamic,AI_CORE,"8192,512;1024,512",DT_BF16;DT_BF16,ND;ND,"8192,1024",DT_BF16,ND,44.29,bf16
dynamic,AI_CORE,"8192,1024;1024,1024",DT_BF16;DT_BF16,ND;ND,"8192,1024",DT_BF16,ND,84.41,bf16
dynamic,AI_CORE,"8192,2048;1024,2048",DT_BF16;DT_BF16,ND;ND,"8192,1024",DT_BF16,ND,116.60,bf16
dynamic,AI_CORE,"8192,4096;1024,4096",DT_BF16;DT_BF16,ND;ND,"8192,1024",DT_BF16,ND,222.84,bf16
dynamic,AI_CORE,"8192,7168;1024,7168",DT_BF16;DT_BF16,ND;ND,"8192,1024",DT_BF16,ND,379.91,bf16
dynamic,AI_CORE,"8192,8192;1024,8192",DT_BF16;DT_BF16,ND;ND,"8192,1024",DT_BF16,ND,487.16,bf16
dynamic,AI_CORE,"8192,12288;1024,12288",DT_BF16;DT_BF16,ND;ND,"8192,1024",DT_BF16,ND,708.77,bf16
dynamic,AI_CORE,"8192,16384;1024,16384",DT_BF16;DT_BF16,ND;ND,"8192,1024",DT_BF16,ND,1219.76,bf16
dynamic,AI_CORE,"8192,256;2048,256",DT_BF16;DT_BF16,ND;ND,"8192,2048",DT_BF16,ND,38.76,bf16
dynamic,AI_CORE,"8192,512;2048,512",DT_BF16;DT_BF16,ND;ND,"8192,2048",DT_BF16,ND,74.28,bf16
dynamic,AI_CORE,"8192,1024;2048,1024",DT_BF16;DT_BF16,ND;ND,"8192,2048",DT_BF16,ND,115.74,bf16
dynamic,AI_CORE,"8192,2048;2048,2048",DT_BF16;DT_BF16,ND;ND,"8192,2048",DT_BF16,ND,224.75,bf16
dynamic,AI_CORE,"8192,4096;2048,4096",DT_BF16;DT_BF16,ND;ND,"8192,2048",DT_BF16,ND,440.81,bf16
dynamic,AI_CORE,"8192,7168;2048,7168",DT_BF16;DT_BF16,ND;ND,"8192,2048",DT_BF16,ND,748.88,bf16
dynamic,AI_CORE,"8192,8192;2048,8192",DT_BF16;DT_BF16,ND;ND,"8192,2048",DT_BF16,ND,943.99,bf16
dynamic,AI_CORE,"8192,12288;2048,12288",DT_BF16;DT_BF16,ND;ND,"8192,2048",DT_BF16,ND,1326.76,bf16
dynamic,AI_CORE,"8192,16384;2048,16384",DT_BF16;DT_BF16,ND;ND,"8192,2048",DT_BF16,ND,1865.10,bf16
dynamic,AI_CORE,"8192,256;4096,256",DT_BF16;DT_BF16,ND;ND,"8192,4096",DT_BF16,ND,61.65,bf16
dynamic,AI_CORE,"8192,512;4096,512",DT_BF16;DT_BF16,ND;ND,"8192,4096",DT_BF16,ND,112.30,bf16
dynamic,AI_CORE,"8192,1024;4096,1024",DT_BF16;DT_BF16,ND;ND,"8192,4096",DT_BF16,ND,215.26,bf16
dynamic,AI_CORE,"8192,2048;4096,2048",DT_BF16;DT_BF16,ND;ND,"8192,4096",DT_BF16,ND,424.46,bf16
dynamic,AI_CORE,"8192,4096;4096,4096",DT_BF16;DT_BF16,ND;ND,"8192,4096",DT_BF16,ND,841.83,bf16
dynamic,AI_CORE,"8192,7168;4096,7168",DT_BF16;DT_BF16,ND;ND,"8192,4096",DT_BF16,ND,1549.90,bf16
dynamic,AI_CORE,"8192,8192;4096,8192",DT_BF16;DT_BF16,ND;ND,"8192,4096",DT_BF16,ND,1776.70,bf16
dynamic,AI_CORE,"8192,12288;4096,12288",DT_BF16;DT_BF16,ND;ND,"8192,4096",DT_BF16,ND,2598.35,bf16
dynamic,AI_CORE,"8192,16384;4096,16384",DT_BF16;DT_BF16,ND;ND,"8192,4096",DT_BF16,ND,3775.23,bf16
dynamic,AI_CORE,"8192,256;7168,256",DT_BF16;DT_BF16,ND;ND,"8192,7168",DT_BF16,ND,103.13,bf16
dynamic,AI_CORE,"8192,512;7168,512",DT_BF16;DT_BF16,ND;ND,"8192,7168",DT_BF16,ND,188.19,bf16
dynamic,AI_CORE,"8192,1024;7168,1024",DT_BF16;DT_BF16,ND;ND,"8192,7168",DT_BF16,ND,371.49,bf16
dynamic,AI_CORE,"8192,2048;7168,2048",DT_BF16;DT_BF16,ND;ND,"8192,7168",DT_BF16,ND,737.56,bf16
dynamic,AI_CORE,"8192,4096;7168,4096",DT_BF16;DT_BF16,ND;ND,"8192,7168",DT_BF16,ND,1543.52,bf16
dynamic,AI_CORE,"8192,7168;7168,7168",DT_BF16;DT_BF16,ND;ND,"8192,7168",DT_BF16,ND,2680.18,bf16
dynamic,AI_CORE,"8192,8192;7168,8192",DT_BF16;DT_BF16,ND;ND,"8192,7168",DT_BF16,ND,3182.37,bf16
dynamic,AI_CORE,"8192,12288;7168,12288",DT_BF16;DT_BF16,ND;ND,"8192,7168",DT_BF16,ND,4812.90,bf16
dynamic,AI_CORE,"8192,16384;7168,16384",DT_BF16;DT_BF16,ND;ND,"8192,7168",DT_BF16,ND,5925.69,bf16
dynamic,AI_CORE,"8192,256;8192,256",DT_BF16;DT_BF16,ND;ND,"8192,8192",DT_BF16,ND,112.36,bf16
dynamic,AI_CORE,"8192,512;8192,512",DT_BF16;DT_BF16,ND;ND,"8192,8192",DT_BF16,ND,214.96,bf16
dynamic,AI_CORE,"8192,1024;8192,1024",DT_BF16;DT_BF16,ND;ND,"8192,8192",DT_BF16,ND,434.72,bf16
dynamic,AI_CORE,"8192,2048;8192,2048",DT_BF16;DT_BF16,ND;ND,"8192,8192",DT_BF16,ND,867.22,bf16
dynamic,AI_CORE,"8192,4096;8192,4096",DT_BF16;DT_BF16,ND;ND,"8192,8192",DT_BF16,ND,1736.55,bf16
dynamic,AI_CORE,"8192,7168;8192,7168",DT_BF16;DT_BF16,ND;ND,"8192,8192",DT_BF16,ND,3015.33,bf16
dynamic,AI_CORE,"8192,8192;8192,8192",DT_BF16;DT_BF16,ND;ND,"8192,8192",DT_BF16,ND,3513.59,bf16
dynamic,AI_CORE,"8192,12288;8192,12288",DT_BF16;DT_BF16,ND;ND,"8192,8192",DT_BF16,ND,5094.49,bf16
dynamic,AI_CORE,"8192,16384;8192,16384",DT_BF16;DT_BF16,ND;ND,"8192,8192",DT_BF16,ND,7117.20,bf16
dynamic,AI_CORE,"8192,256;12288,256",DT_BF16;DT_BF16,ND;ND,"8192,12288",DT_BF16,ND,182.94,bf16
dynamic,AI_CORE,"8192,512;12288,512",DT_BF16;DT_BF16,ND;ND,"8192,12288",DT_BF16,ND,345.60,bf16
dynamic,AI_CORE,"8192,1024;12288,1024",DT_BF16;DT_BF16,ND;ND,"8192,12288",DT_BF16,ND,673.83,bf16
dynamic,AI_CORE,"8192,2048;12288,2048",DT_BF16;DT_BF16,ND;ND,"8192,12288",DT_BF16,ND,1330.99,bf16
dynamic,AI_CORE,"8192,4096;12288,4096",DT_BF16;DT_BF16,ND;ND,"8192,12288",DT_BF16,ND,2623.78,bf16
dynamic,AI_CORE,"8192,7168;12288,7168",DT_BF16;DT_BF16,ND;ND,"8192,12288",DT_BF16,ND,4950.80,bf16
dynamic,AI_CORE,"8192,8192;12288,8192",DT_BF16;DT_BF16,ND;ND,"8192,12288",DT_BF16,ND,5247.85,bf16
dynamic,AI_CORE,"8192,12288;12288,12288",DT_BF16;DT_BF16,ND;ND,"8192,12288",DT_BF16,ND,8491.17,bf16
dynamic,AI_CORE,"8192,16384;12288,16384",DT_BF16;DT_BF16,ND;ND,"8192,12288",DT_BF16,ND,12963.53,bf16
dynamic,AI_CORE,"8192,256;16384,256",DT_BF16;DT_BF16,ND;ND,"8192,16384",DT_BF16,ND,326.36,bf16
dynamic,AI_CORE,"8192,512;16384,512",DT_BF16;DT_BF16,ND;ND,"8192,16384",DT_BF16,ND,485.50,bf16
dynamic,AI_CORE,"8192,1024;16384,1024",DT_BF16;DT_BF16,ND;ND,"8192,16384",DT_BF16,ND,895.00,bf16
dynamic,AI_CORE,"8192,2048;16384,2048",DT_BF16;DT_BF16,ND;ND,"8192,16384",DT_BF16,ND,1759.64,bf16
dynamic,AI_CORE,"8192,4096;16384,4096",DT_BF16;DT_BF16,ND;ND,"8192,16384",DT_BF16,ND,3520.21,bf16
dynamic,AI_CORE,"8192,7168;16384,7168",DT_BF16;DT_BF16,ND;ND,"8192,16384",DT_BF16,ND,6216.84,bf16
dynamic,AI_CORE,"8192,8192;16384,8192",DT_BF16;DT_BF16,ND;ND,"8192,16384",DT_BF16,ND,7161.14,bf16
dynamic,AI_CORE,"8192,12288;16384,12288",DT_BF16;DT_BF16,ND;ND,"8192,16384",DT_BF16,ND,11340.54,bf16
dynamic,AI_CORE,"8192,16384;16384,16384",DT_BF16;DT_BF16,ND;ND,"8192,16384",DT_BF16,ND,16677.29,bf16
dynamic,AI_CORE,"16384,256;256,256",DT_BF16;DT_BF16,ND;ND,"16384,256",DT_BF16,ND,38.22,bf16
dynamic,AI_CORE,"16384,512;256,512",DT_BF16;DT_BF16,ND;ND,"16384,256",DT_BF16,ND,38.20,bf16
dynamic,AI_CORE,"16384,1024;256,1024",DT_BF16;DT_BF16,ND;ND,"16384,256",DT_BF16,ND,38.45,bf16
dynamic,AI_CORE,"16384,2048;256,2048",DT_BF16;DT_BF16,ND;ND,"16384,256",DT_BF16,ND,69.63,bf16
dynamic,AI_CORE,"16384,4096;256,4096",DT_BF16;DT_BF16,ND;ND,"16384,256",DT_BF16,ND,135.27,bf16
dynamic,AI_CORE,"16384,7168;256,7168",DT_BF16;DT_BF16,ND;ND,"16384,256",DT_BF16,ND,329.90,bf16
dynamic,AI_CORE,"16384,8192;256,8192",DT_BF16;DT_BF16,ND;ND,"16384,256",DT_BF16,ND,387.49,bf16
dynamic,AI_CORE,"16384,12288;256,12288",DT_BF16;DT_BF16,ND;ND,"16384,256",DT_BF16,ND,592.10,bf16
dynamic,AI_CORE,"16384,16384;256,16384",DT_BF16;DT_BF16,ND;ND,"16384,256",DT_BF16,ND,870.12,bf16
dynamic,AI_CORE,"16384,256;512,256",DT_BF16;DT_BF16,ND;ND,"16384,512",DT_BF16,ND,40.30,bf16
dynamic,AI_CORE,"16384,512;512,512",DT_BF16;DT_BF16,ND;ND,"16384,512",DT_BF16,ND,41.36,bf16
dynamic,AI_CORE,"16384,1024;512,1024",DT_BF16;DT_BF16,ND;ND,"16384,512",DT_BF16,ND,59.67,bf16
dynamic,AI_CORE,"16384,2048;512,2048",DT_BF16;DT_BF16,ND;ND,"16384,512",DT_BF16,ND,107.15,bf16
dynamic,AI_CORE,"16384,4096;512,4096",DT_BF16;DT_BF16,ND;ND,"16384,512",DT_BF16,ND,244.05,bf16
dynamic,AI_CORE,"16384,7168;512,7168",DT_BF16;DT_BF16,ND;ND,"16384,512",DT_BF16,ND,563.80,bf16
dynamic,AI_CORE,"16384,8192;512,8192",DT_BF16;DT_BF16,ND;ND,"16384,512",DT_BF16,ND,548.61,bf16
dynamic,AI_CORE,"16384,12288;512,12288",DT_BF16;DT_BF16,ND;ND,"16384,512",DT_BF16,ND,817.57,bf16
dynamic,AI_CORE,"16384,16384;512,16384",DT_BF16;DT_BF16,ND;ND,"16384,512",DT_BF16,ND,1216.01,bf16
dynamic,AI_CORE,"16384,256;1024,256",DT_BF16;DT_BF16,ND;ND,"16384,1024",DT_BF16,ND,38.96,bf16
dynamic,AI_CORE,"16384,512;1024,512",DT_BF16;DT_BF16,ND;ND,"16384,1024",DT_BF16,ND,81.71,bf16
dynamic,AI_CORE,"16384,1024;1024,1024",DT_BF16;DT_BF16,ND;ND,"16384,1024",DT_BF16,ND,109.37,bf16
dynamic,AI_CORE,"16384,2048;1024,2048",DT_BF16;DT_BF16,ND;ND,"16384,1024",DT_BF16,ND,224.54,bf16
dynamic,AI_CORE,"16384,4096;1024,4096",DT_BF16;DT_BF16,ND;ND,"16384,1024",DT_BF16,ND,472.64,bf16
dynamic,AI_CORE,"16384,7168;1024,7168",DT_BF16;DT_BF16,ND;ND,"16384,1024",DT_BF16,ND,858.28,bf16
dynamic,AI_CORE,"16384,8192;1024,8192",DT_BF16;DT_BF16,ND;ND,"16384,1024",DT_BF16,ND,1007.48,bf16
dynamic,AI_CORE,"16384,12288;1024,12288",DT_BF16;DT_BF16,ND;ND,"16384,1024",DT_BF16,ND,1454.10,bf16
dynamic,AI_CORE,"16384,16384;1024,16384",DT_BF16;DT_BF16,ND;ND,"16384,1024",DT_BF16,ND,2313.51,bf16
dynamic,AI_CORE,"16384,256;2048,256",DT_BF16;DT_BF16,ND;ND,"16384,2048",DT_BF16,ND,63.31,bf16
dynamic,AI_CORE,"16384,512;2048,512",DT_BF16;DT_BF16,ND;ND,"16384,2048",DT_BF16,ND,113.05,bf16
dynamic,AI_CORE,"16384,1024;2048,1024",DT_BF16;DT_BF16,ND;ND,"16384,2048",DT_BF16,ND,219.89,bf16
dynamic,AI_CORE,"16384,2048;2048,2048",DT_BF16;DT_BF16,ND;ND,"16384,2048",DT_BF16,ND,434.20,bf16
dynamic,AI_CORE,"16384,4096;2048,4096",DT_BF16;DT_BF16,ND;ND,"16384,2048",DT_BF16,ND,904.13,bf16
dynamic,AI_CORE,"16384,7168;2048,7168",DT_BF16;DT_BF16,ND;ND,"16384,2048",DT_BF16,ND,1606.85,bf16
dynamic,AI_CORE,"16384,8192;2048,8192",DT_BF16;DT_BF16,ND;ND,"16384,2048",DT_BF16,ND,1909.37,bf16
dynamic,AI_CORE,"16384,12288;2048,12288",DT_BF16;DT_BF16,ND;ND,"16384,2048",DT_BF16,ND,2749.83,bf16
dynamic,AI_CORE,"16384,16384;2048,16384",DT_BF16;DT_BF16,ND;ND,"16384,2048",DT_BF16,ND,4461.76,bf16
dynamic,AI_CORE,"16384,256;4096,256",DT_BF16;DT_BF16,ND;ND,"16384,4096",DT_BF16,ND,120.51,bf16
dynamic,AI_CORE,"16384,512;4096,512",DT_BF16;DT_BF16,ND;ND,"16384,4096",DT_BF16,ND,215.61,bf16
dynamic,AI_CORE,"16384,1024;4096,1024",DT_BF16;DT_BF16,ND;ND,"16384,4096",DT_BF16,ND,425.92,bf16
dynamic,AI_CORE,"16384,2048;4096,2048",DT_BF16;DT_BF16,ND;ND,"16384,4096",DT_BF16,ND,874.53,bf16
dynamic,AI_CORE,"16384,4096;4096,4096",DT_BF16;DT_BF16,ND;ND,"16384,4096",DT_BF16,ND,1743.96,bf16
dynamic,AI_CORE,"16384,7168;4096,7168",DT_BF16;DT_BF16,ND;ND,"16384,4096",DT_BF16,ND,3051.70,bf16
dynamic,AI_CORE,"16384,8192;4096,8192",DT_BF16;DT_BF16,ND;ND,"16384,4096",DT_BF16,ND,3453.56,bf16
dynamic,AI_CORE,"16384,12288;4096,12288",DT_BF16;DT_BF16,ND;ND,"16384,4096",DT_BF16,ND,5096.80,bf16
dynamic,AI_CORE,"16384,16384;4096,16384",DT_BF16;DT_BF16,ND;ND,"16384,4096",DT_BF16,ND,8871.70,bf16
dynamic,AI_CORE,"16384,256;7168,256",DT_BF16;DT_BF16,ND;ND,"16384,7168",DT_BF16,ND,215.07,bf16
dynamic,AI_CORE,"16384,512;7168,512",DT_BF16;DT_BF16,ND;ND,"16384,7168",DT_BF16,ND,400.39,bf16
dynamic,AI_CORE,"16384,1024;7168,1024",DT_BF16;DT_BF16,ND;ND,"16384,7168",DT_BF16,ND,776.79,bf16
dynamic,AI_CORE,"16384,2048;7168,2048",DT_BF16;DT_BF16,ND;ND,"16384,7168",DT_BF16,ND,1525.63,bf16
dynamic,AI_CORE,"16384,4096;7168,4096",DT_BF16;DT_BF16,ND;ND,"16384,7168",DT_BF16,ND,2989.96,bf16
dynamic,AI_CORE,"16384,7168;7168,7168",DT_BF16;DT_BF16,ND;ND,"16384,7168",DT_BF16,ND,5267.45,bf16
dynamic,AI_CORE,"16384,8192;7168,8192",DT_BF16;DT_BF16,ND;ND,"16384,7168",DT_BF16,ND,6183.33,bf16
dynamic,AI_CORE,"16384,12288;7168,12288",DT_BF16;DT_BF16,ND;ND,"16384,7168",DT_BF16,ND,9409.90,bf16
dynamic,AI_CORE,"16384,16384;7168,16384",DT_BF16;DT_BF16,ND;ND,"16384,7168",DT_BF16,ND,14940.08,bf16
dynamic,AI_CORE,"16384,256;8192,256",DT_BF16;DT_BF16,ND;ND,"16384,8192",DT_BF16,ND,279.06,bf16
dynamic,AI_CORE,"16384,512;8192,512",DT_BF16;DT_BF16,ND;ND,"16384,8192",DT_BF16,ND,455.70,bf16
dynamic,AI_CORE,"16384,1024;8192,1024",DT_BF16;DT_BF16,ND;ND,"16384,8192",DT_BF16,ND,877.29,bf16
dynamic,AI_CORE,"16384,2048;8192,2048",DT_BF16;DT_BF16,ND;ND,"16384,8192",DT_BF16,ND,1727.10,bf16
dynamic,AI_CORE,"16384,4096;8192,4096",DT_BF16;DT_BF16,ND;ND,"16384,8192",DT_BF16,ND,3359.73,bf16
dynamic,AI_CORE,"16384,7168;8192,7168",DT_BF16;DT_BF16,ND;ND,"16384,8192",DT_BF16,ND,6031.96,bf16
dynamic,AI_CORE,"16384,8192;8192,8192",DT_BF16;DT_BF16,ND;ND,"16384,8192",DT_BF16,ND,7028.77,bf16
dynamic,AI_CORE,"16384,12288;8192,12288",DT_BF16;DT_BF16,ND;ND,"16384,8192",DT_BF16,ND,10230.70,bf16
dynamic,AI_CORE,"16384,16384;8192,16384",DT_BF16;DT_BF16,ND;ND,"16384,8192",DT_BF16,ND,16690.47,bf16
dynamic,AI_CORE,"16384,256;12288,256",DT_BF16;DT_BF16,ND;ND,"16384,12288",DT_BF16,ND,380.45,bf16
dynamic,AI_CORE,"16384,512;12288,512",DT_BF16;DT_BF16,ND;ND,"16384,12288",DT_BF16,ND,669.35,bf16
dynamic,AI_CORE,"16384,1024;12288,1024",DT_BF16;DT_BF16,ND;ND,"16384,12288",DT_BF16,ND,1331.53,bf16
dynamic,AI_CORE,"16384,2048;12288,2048",DT_BF16;DT_BF16,ND;ND,"16384,12288",DT_BF16,ND,2606.22,bf16
dynamic,AI_CORE,"16384,4096;12288,4096",DT_BF16;DT_BF16,ND;ND,"16384,12288",DT_BF16,ND,5182.16,bf16
dynamic,AI_CORE,"16384,7168;12288,7168",DT_BF16;DT_BF16,ND;ND,"16384,12288",DT_BF16,ND,9854.46,bf16
dynamic,AI_CORE,"16384,8192;12288,8192",DT_BF16;DT_BF16,ND;ND,"16384,12288",DT_BF16,ND,10535.80,bf16
dynamic,AI_CORE,"16384,12288;12288,12288",DT_BF16;DT_BF16,ND;ND,"16384,12288",DT_BF16,ND,17304.09,bf16
dynamic,AI_CORE,"16384,16384;12288,16384",DT_BF16;DT_BF16,ND;ND,"16384,12288",DT_BF16,ND,29860.30,bf16
dynamic,AI_CORE,"16384,256;16384,256",DT_BF16;DT_BF16,ND;ND,"16384,16384",DT_BF16,ND,655.14,bf16
dynamic,AI_CORE,"16384,512;16384,512",DT_BF16;DT_BF16,ND;ND,"16384,16384",DT_BF16,ND,936.72,bf16
dynamic,AI_CORE,"16384,1024;16384,1024",DT_BF16;DT_BF16,ND;ND,"16384,16384",DT_BF16,ND,1738.40,bf16
dynamic,AI_CORE,"16384,2048;16384,2048",DT_BF16;DT_BF16,ND;ND,"16384,16384",DT_BF16,ND,3473.75,bf16
dynamic,AI_CORE,"16384,4096;16384,4096",DT_BF16;DT_BF16,ND;ND,"16384,16384",DT_BF16,ND,7049.13,bf16
dynamic,AI_CORE,"16384,7168;16384,7168",DT_BF16;DT_BF16,ND;ND,"16384,16384",DT_BF16,ND,12241.73,bf16
dynamic,AI_CORE,"16384,8192;16384,8192",DT_BF16;DT_BF16,ND;ND,"16384,16384",DT_BF16,ND,13938.26,bf16
dynamic,AI_CORE,"16384,12288;16384,12288",DT_BF16;DT_BF16,ND;ND,"16384,16384",DT_BF16,ND,22829.36,bf16
dynamic,AI_CORE,"16384,16384;16384,16384",DT_BF16;DT_BF16,ND;ND,"16384,16384",DT_BF16,ND,33224.83,bf16
dynamic,AI_CORE,"1,6144;24576,6144",DT_BF16;DT_BF16,ND;ND,"1,24576",DT_BF16,ND,228.62,bf16
dynamic,AI_CORE,"1,12288;6144,12288",DT_BF16;DT_BF16,ND;ND,"1,6144",DT_BF16,ND,121.15,bf16
dynamic,AI_CORE,"1,6144;4096,6144",DT_BF16;DT_BF16,ND;ND,"1,4096",DT_BF16,ND,44.56,bf16
dynamic,AI_CORE,"1,2048;6144,2048",DT_BF16;DT_BF16,ND;ND,"1,6144",DT_BF16,ND,42.32,bf16
dynamic,AI_CORE,"1,6144;154880,6144",DT_BF16;DT_BF16,ND;ND,"1,154880",DT_BF16,ND,1406.18,bf16
dynamic,AI_CORE,"1,6144;12288,6144",DT_BF16;DT_BF16,ND;ND,"1,12288",DT_BF16,ND,122.76,bf16
dynamic,AI_CORE,"1,6144;6144,6144",DT_BF16;DT_BF16,ND;ND,"1,6144",DT_BF16,ND,60.61,bf16
dynamic,AI_CORE,"1,6144;2048,6144",DT_BF16;DT_BF16,ND;ND,"1,2048",DT_BF16,ND,40.48,bf16
dynamic,AI_CORE,"1,1024;6144,1024",DT_BF16;DT_BF16,ND;ND,"1,6144",DT_BF16,ND,40.85,bf16
dynamic,AI_CORE,"1,6144;77440,6144",DT_BF16;DT_BF16,ND;ND,"1,77440",DT_BF16,ND,707.44,bf16
dynamic,AI_CORE,"1,3072;6144,3072",DT_BF16;DT_BF16,ND;ND,"1,6144",DT_BF16,ND,41.33,bf16
dynamic,AI_CORE,"1,6144;1024,6144",DT_BF16;DT_BF16,ND;ND,"1,1024",DT_BF16,ND,41.50,bf16
dynamic,AI_CORE,"1,512;6144,512",DT_BF16;DT_BF16,ND;ND,"1,6144",DT_BF16,ND,41.28,bf16
dynamic,AI_CORE,"1,6144;38720,6144",DT_BF16;DT_BF16,ND;ND,"1,38720",DT_BF16,ND,363.96,bf16
dynamic,AI_CORE,"1,6144;3072,6144",DT_BF16;DT_BF16,ND;ND,"1,3072",DT_BF16,ND,41.02,bf16
dynamic,AI_CORE,"1,1536;6144,1536",DT_BF16;DT_BF16,ND;ND,"1,6144",DT_BF16,ND,41.38,bf16
dynamic,AI_CORE,"1,6144;512,6144",DT_BF16;DT_BF16,ND;ND,"1,512",DT_BF16,ND,41.15,bf16
dynamic,AI_CORE,"1,256;6144,256",DT_BF16;DT_BF16,ND;ND,"1,6144",DT_BF16,ND,40.72,bf16
dynamic,AI_CORE,"1,6144;19360,6144",DT_BF16;DT_BF16,ND;ND,"1,19360",DT_BF16,ND,191.89,bf16
dynamic,AI_CORE,"1,6144;256,6144",DT_BF16;DT_BF16,ND;ND,"1,256",DT_BF16,ND,47.33,bf16
dynamic,AI_CORE,"2,6144;24576,6144",DT_BF16;DT_BF16,ND;ND,"2,24576",DT_BF16,ND,227.28,bf16
dynamic,AI_CORE,"2,12288;6144,12288",DT_BF16;DT_BF16,ND;ND,"2,6144",DT_BF16,ND,118.52,bf16
dynamic,AI_CORE,"2,6144;4096,6144",DT_BF16;DT_BF16,ND;ND,"2,4096",DT_BF16,ND,41.14,bf16
dynamic,AI_CORE,"2,2048;6144,2048",DT_BF16;DT_BF16,ND;ND,"2,6144",DT_BF16,ND,41.13,bf16
dynamic,AI_CORE,"2,6144;154880,6144",DT_BF16;DT_BF16,ND;ND,"2,154880",DT_BF16,ND,1423.29,bf16
dynamic,AI_CORE,"2,6144;12288,6144",DT_BF16;DT_BF16,ND;ND,"2,12288",DT_BF16,ND,116.24,bf16
dynamic,AI_CORE,"2,6144;6144,6144",DT_BF16;DT_BF16,ND;ND,"2,6144",DT_BF16,ND,64.19,bf16
dynamic,AI_CORE,"2,6144;2048,6144",DT_BF16;DT_BF16,ND;ND,"2,2048",DT_BF16,ND,40.63,bf16
dynamic,AI_CORE,"2,1024;6144,1024",DT_BF16;DT_BF16,ND;ND,"2,6144",DT_BF16,ND,40.95,bf16
dynamic,AI_CORE,"2,6144;77440,6144",DT_BF16;DT_BF16,ND;ND,"2,77440",DT_BF16,ND,706.33,bf16
dynamic,AI_CORE,"2,3072;6144,3072",DT_BF16;DT_BF16,ND;ND,"2,6144",DT_BF16,ND,44.57,bf16
dynamic,AI_CORE,"2,6144;1024,6144",DT_BF16;DT_BF16,ND;ND,"2,1024",DT_BF16,ND,43.71,bf16
dynamic,AI_CORE,"2,512;6144,512",DT_BF16;DT_BF16,ND;ND,"2,6144",DT_BF16,ND,43.48,bf16
dynamic,AI_CORE,"2,6144;38720,6144",DT_BF16;DT_BF16,ND;ND,"2,38720",DT_BF16,ND,362.59,bf16
dynamic,AI_CORE,"2,6144;3072,6144",DT_BF16;DT_BF16,ND;ND,"2,3072",DT_BF16,ND,44.39,bf16
dynamic,AI_CORE,"2,1536;6144,1536",DT_BF16;DT_BF16,ND;ND,"2,6144",DT_BF16,ND,45.67,bf16
dynamic,AI_CORE,"2,6144;512,6144",DT_BF16;DT_BF16,ND;ND,"2,512",DT_BF16,ND,42.94,bf16
dynamic,AI_CORE,"2,256;6144,256",DT_BF16;DT_BF16,ND;ND,"2,6144",DT_BF16,ND,43.07,bf16
dynamic,AI_CORE,"2,6144;19360,6144",DT_BF16;DT_BF16,ND;ND,"2,19360",DT_BF16,ND,191.43,bf16
dynamic,AI_CORE,"2,6144;256,6144",DT_BF16;DT_BF16,ND;ND,"2,256",DT_BF16,ND,43.71,bf16
dynamic,AI_CORE,"4,6144;24576,6144",DT_BF16;DT_BF16,ND;ND,"4,24576",DT_BF16,ND,229.10,bf16
dynamic,AI_CORE,"4,12288;6144,12288",DT_BF16;DT_BF16,ND;ND,"4,6144",DT_BF16,ND,125.39,bf16
dynamic,AI_CORE,"4,6144;4096,6144",DT_BF16;DT_BF16,ND;ND,"4,4096",DT_BF16,ND,44.72,bf16
dynamic,AI_CORE,"4,2048;6144,2048",DT_BF16;DT_BF16,ND;ND,"4,6144",DT_BF16,ND,45.59,bf16
dynamic,AI_CORE,"4,6144;154880,6144",DT_BF16;DT_BF16,ND;ND,"4,154880",DT_BF16,ND,1422.98,bf16
dynamic,AI_CORE,"4,6144;12288,6144",DT_BF16;DT_BF16,ND;ND,"4,12288",DT_BF16,ND,117.19,bf16
dynamic,AI_CORE,"4,6144;6144,6144",DT_BF16;DT_BF16,ND;ND,"4,6144",DT_BF16,ND,64.65,bf16
dynamic,AI_CORE,"4,6144;2048,6144",DT_BF16;DT_BF16,ND;ND,"4,2048",DT_BF16,ND,44.91,bf16
dynamic,AI_CORE,"4,1024;6144,1024",DT_BF16;DT_BF16,ND;ND,"4,6144",DT_BF16,ND,43.56,bf16
dynamic,AI_CORE,"4,6144;77440,6144",DT_BF16;DT_BF16,ND;ND,"4,77440",DT_BF16,ND,713.33,bf16
dynamic,AI_CORE,"4,3072;6144,3072",DT_BF16;DT_BF16,ND;ND,"4,6144",DT_BF16,ND,43.13,bf16
dynamic,AI_CORE,"4,6144;1024,6144",DT_BF16;DT_BF16,ND;ND,"4,1024",DT_BF16,ND,42.99,bf16
dynamic,AI_CORE,"4,512;6144,512",DT_BF16;DT_BF16,ND;ND,"4,6144",DT_BF16,ND,43.01,bf16
dynamic,AI_CORE,"4,6144;38720,6144",DT_BF16;DT_BF16,ND;ND,"4,38720",DT_BF16,ND,369.39,bf16
dynamic,AI_CORE,"4,6144;3072,6144",DT_BF16;DT_BF16,ND;ND,"4,3072",DT_BF16,ND,43.15,bf16
dynamic,AI_CORE,"4,1536;6144,1536",DT_BF16;DT_BF16,ND;ND,"4,6144",DT_BF16,ND,43.32,bf16
dynamic,AI_CORE,"4,6144;512,6144",DT_BF16;DT_BF16,ND;ND,"4,512",DT_BF16,ND,42.95,bf16
dynamic,AI_CORE,"4,256;6144,256",DT_BF16;DT_BF16,ND;ND,"4,6144",DT_BF16,ND,42.67,bf16
dynamic,AI_CORE,"4,6144;19360,6144",DT_BF16;DT_BF16,ND;ND,"4,19360",DT_BF16,ND,190.58,bf16
dynamic,AI_CORE,"4,6144;256,6144",DT_BF16;DT_BF16,ND;ND,"4,256",DT_BF16,ND,43.98,bf16
dynamic,AI_CORE,"8,6144;24576,6144",DT_BF16;DT_BF16,ND;ND,"8,24576",DT_BF16,ND,231.17,bf16
dynamic,AI_CORE,"8,12288;6144,12288",DT_BF16;DT_BF16,ND;ND,"8,6144",DT_BF16,ND,118.94,bf16
dynamic,AI_CORE,"8,6144;4096,6144",DT_BF16;DT_BF16,ND;ND,"8,4096",DT_BF16,ND,43.81,bf16
dynamic,AI_CORE,"8,2048;6144,2048",DT_BF16;DT_BF16,ND;ND,"8,6144",DT_BF16,ND,43.63,bf16
dynamic,AI_CORE,"8,6144;154880,6144",DT_BF16;DT_BF16,ND;ND,"8,154880",DT_BF16,ND,1434.22,bf16
dynamic,AI_CORE,"8,6144;12288,6144",DT_BF16;DT_BF16,ND;ND,"8,12288",DT_BF16,ND,119.35,bf16
dynamic,AI_CORE,"8,6144;6144,6144",DT_BF16;DT_BF16,ND;ND,"8,6144",DT_BF16,ND,61.38,bf16
dynamic,AI_CORE,"8,6144;2048,6144",DT_BF16;DT_BF16,ND;ND,"8,2048",DT_BF16,ND,43.32,bf16
dynamic,AI_CORE,"8,1024;6144,1024",DT_BF16;DT_BF16,ND;ND,"8,6144",DT_BF16,ND,42.77,bf16
dynamic,AI_CORE,"8,6144;77440,6144",DT_BF16;DT_BF16,ND;ND,"8,77440",DT_BF16,ND,722.33,bf16
dynamic,AI_CORE,"8,3072;6144,3072",DT_BF16;DT_BF16,ND;ND,"8,6144",DT_BF16,ND,44.09,bf16
dynamic,AI_CORE,"8,6144;1024,6144",DT_BF16;DT_BF16,ND;ND,"8,1024",DT_BF16,ND,43.67,bf16
dynamic,AI_CORE,"8,512;6144,512",DT_BF16;DT_BF16,ND;ND,"8,6144",DT_BF16,ND,43.60,bf16
dynamic,AI_CORE,"8,6144;38720,6144",DT_BF16;DT_BF16,ND;ND,"8,38720",DT_BF16,ND,371.49,bf16
dynamic,AI_CORE,"8,6144;3072,6144",DT_BF16;DT_BF16,ND;ND,"8,3072",DT_BF16,ND,43.27,bf16
dynamic,AI_CORE,"8,1536;6144,1536",DT_BF16;DT_BF16,ND;ND,"8,6144",DT_BF16,ND,43.35,bf16
dynamic,AI_CORE,"8,6144;512,6144",DT_BF16;DT_BF16,ND;ND,"8,512",DT_BF16,ND,43.38,bf16
dynamic,AI_CORE,"8,256;6144,256",DT_BF16;DT_BF16,ND;ND,"8,6144",DT_BF16,ND,43.83,bf16
dynamic,AI_CORE,"8,6144;19360,6144",DT_BF16;DT_BF16,ND;ND,"8,19360",DT_BF16,ND,189.81,bf16
dynamic,AI_CORE,"8,6144;256,6144",DT_BF16;DT_BF16,ND;ND,"8,256",DT_BF16,ND,45.01,bf16
dynamic,AI_CORE,"16,6144;24576,6144",DT_BF16;DT_BF16,ND;ND,"16,24576",DT_BF16,ND,246.51,bf16
dynamic,AI_CORE,"16,12288;6144,12288",DT_BF16;DT_BF16,ND;ND,"16,6144",DT_BF16,ND,125.79,bf16
dynamic,AI_CORE,"16,6144;4096,6144",DT_BF16;DT_BF16,ND;ND,"16,4096",DT_BF16,ND,49.52,bf16
dynamic,AI_CORE,"16,2048;6144,2048",DT_BF16;DT_BF16,ND;ND,"16,6144",DT_BF16,ND,43.52,bf16
dynamic,AI_CORE,"16,6144;154880,6144",DT_BF16;DT_BF16,ND;ND,"16,154880",DT_BF16,ND,1498.86,bf16
dynamic,AI_CORE,"16,6144;12288,6144",DT_BF16;DT_BF16,ND;ND,"16,12288",DT_BF16,ND,126.91,bf16
dynamic,AI_CORE,"16,6144;6144,6144",DT_BF16;DT_BF16,ND;ND,"16,6144",DT_BF16,ND,72.87,bf16
dynamic,AI_CORE,"16,6144;2048,6144",DT_BF16;DT_BF16,ND;ND,"16,2048",DT_BF16,ND,42.69,bf16
dynamic,AI_CORE,"16,1024;6144,1024",DT_BF16;DT_BF16,ND;ND,"16,6144",DT_BF16,ND,42.17,bf16
dynamic,AI_CORE,"16,6144;77440,6144",DT_BF16;DT_BF16,ND;ND,"16,77440",DT_BF16,ND,759.43,bf16
dynamic,AI_CORE,"16,3072;6144,3072",DT_BF16;DT_BF16,ND;ND,"16,6144",DT_BF16,ND,37.88,bf16
dynamic,AI_CORE,"16,6144;1024,6144",DT_BF16;DT_BF16,ND;ND,"16,1024",DT_BF16,ND,38.10,bf16
dynamic,AI_CORE,"16,512;6144,512",DT_BF16;DT_BF16,ND;ND,"16,6144",DT_BF16,ND,37.84,bf16
dynamic,AI_CORE,"16,6144;38720,6144",DT_BF16;DT_BF16,ND;ND,"16,38720",DT_BF16,ND,383.21,bf16
dynamic,AI_CORE,"16,6144;3072,6144",DT_BF16;DT_BF16,ND;ND,"16,3072",DT_BF16,ND,39.85,bf16
dynamic,AI_CORE,"16,1536;6144,1536",DT_BF16;DT_BF16,ND;ND,"16,6144",DT_BF16,ND,39.90,bf16
dynamic,AI_CORE,"16,6144;512,6144",DT_BF16;DT_BF16,ND;ND,"16,512",DT_BF16,ND,39.35,bf16
dynamic,AI_CORE,"16,256;6144,256",DT_BF16;DT_BF16,ND;ND,"16,6144",DT_BF16,ND,39.66,bf16
dynamic,AI_CORE,"16,6144;19360,6144",DT_BF16;DT_BF16,ND;ND,"16,19360",DT_BF16,ND,189.68,bf16
dynamic,AI_CORE,"16,6144;256,6144",DT_BF16;DT_BF16,ND;ND,"16,256",DT_BF16,ND,38.95,bf16
dynamic,AI_CORE,"32,6144;24576,6144",DT_BF16;DT_BF16,ND;ND,"32,24576",DT_BF16,ND,255.24,bf16
dynamic,AI_CORE,"32,12288;6144,12288",DT_BF16;DT_BF16,ND;ND,"32,6144",DT_BF16,ND,126.94,bf16
dynamic,AI_CORE,"32,6144;4096,6144",DT_BF16;DT_BF16,ND;ND,"32,4096",DT_BF16,ND,48.71,bf16
dynamic,AI_CORE,"32,2048;6144,2048",DT_BF16;DT_BF16,ND;ND,"32,6144",DT_BF16,ND,41.85,bf16
dynamic,AI_CORE,"32,6144;154880,6144",DT_BF16;DT_BF16,ND;ND,"32,154880",DT_BF16,ND,1565.16,bf16
dynamic,AI_CORE,"32,6144;12288,6144",DT_BF16;DT_BF16,ND;ND,"32,12288",DT_BF16,ND,120.62,bf16
dynamic,AI_CORE,"32,6144;6144,6144",DT_BF16;DT_BF16,ND;ND,"32,6144",DT_BF16,ND,71.19,bf16
dynamic,AI_CORE,"32,6144;2048,6144",DT_BF16;DT_BF16,ND;ND,"32,2048",DT_BF16,ND,42.94,bf16
dynamic,AI_CORE,"32,1024;6144,1024",DT_BF16;DT_BF16,ND;ND,"32,6144",DT_BF16,ND,40.98,bf16
dynamic,AI_CORE,"32,6144;77440,6144",DT_BF16;DT_BF16,ND;ND,"32,77440",DT_BF16,ND,812.03,bf16
dynamic,AI_CORE,"32,3072;6144,3072",DT_BF16;DT_BF16,ND;ND,"32,6144",DT_BF16,ND,40.83,bf16
dynamic,AI_CORE,"32,6144;1024,6144",DT_BF16;DT_BF16,ND;ND,"32,1024",DT_BF16,ND,40.37,bf16
dynamic,AI_CORE,"32,512;6144,512",DT_BF16;DT_BF16,ND;ND,"32,6144",DT_BF16,ND,40.73,bf16
dynamic,AI_CORE,"32,6144;38720,6144",DT_BF16;DT_BF16,ND;ND,"32,38720",DT_BF16,ND,399.02,bf16
dynamic,AI_CORE,"32,6144;3072,6144",DT_BF16;DT_BF16,ND;ND,"32,3072",DT_BF16,ND,40.64,bf16
dynamic,AI_CORE,"32,1536;6144,1536",DT_BF16;DT_BF16,ND;ND,"32,6144",DT_BF16,ND,41.33,bf16
dynamic,AI_CORE,"32,6144;512,6144",DT_BF16;DT_BF16,ND;ND,"32,512",DT_BF16,ND,41.00,bf16
dynamic,AI_CORE,"32,256;6144,256",DT_BF16;DT_BF16,ND;ND,"32,6144",DT_BF16,ND,40.82,bf16
dynamic,AI_CORE,"32,6144;19360,6144",DT_BF16;DT_BF16,ND;ND,"32,19360",DT_BF16,ND,202.73,bf16
dynamic,AI_CORE,"32,6144;256,6144",DT_BF16;DT_BF16,ND;ND,"32,256",DT_BF16,ND,40.41,bf16
dynamic,AI_CORE,"64,6144;24576,6144",DT_BF16;DT_BF16,ND;ND,"64,24576",DT_BF16,ND,261.82,bf16
dynamic,AI_CORE,"64,12288;6144,12288",DT_BF16;DT_BF16,ND;ND,"64,6144",DT_BF16,ND,127.71,bf16
dynamic,AI_CORE,"64,6144;4096,6144",DT_BF16;DT_BF16,ND;ND,"64,4096",DT_BF16,ND,49.73,bf16
dynamic,AI_CORE,"64,2048;6144,2048",DT_BF16;DT_BF16,ND;ND,"64,6144",DT_BF16,ND,40.68,bf16
dynamic,AI_CORE,"64,6144;154880,6144",DT_BF16;DT_BF16,ND;ND,"64,154880",DT_BF16,ND,1649.94,bf16
dynamic,AI_CORE,"64,6144;12288,6144",DT_BF16;DT_BF16,ND;ND,"64,12288",DT_BF16,ND,129.34,bf16
dynamic,AI_CORE,"64,6144;6144,6144",DT_BF16;DT_BF16,ND;ND,"64,6144",DT_BF16,ND,63.73,bf16
dynamic,AI_CORE,"64,6144;2048,6144",DT_BF16;DT_BF16,ND;ND,"64,2048",DT_BF16,ND,40.61,bf16
dynamic,AI_CORE,"64,1024;6144,1024",DT_BF16;DT_BF16,ND;ND,"64,6144",DT_BF16,ND,40.60,bf16
dynamic,AI_CORE,"64,6144;77440,6144",DT_BF16;DT_BF16,ND;ND,"64,77440",DT_BF16,ND,854.13,bf16
dynamic,AI_CORE,"64,3072;6144,3072",DT_BF16;DT_BF16,ND;ND,"64,6144",DT_BF16,ND,40.91,bf16
dynamic,AI_CORE,"64,6144;1024,6144",DT_BF16;DT_BF16,ND;ND,"64,1024",DT_BF16,ND,40.30,bf16
dynamic,AI_CORE,"64,512;6144,512",DT_BF16;DT_BF16,ND;ND,"64,6144",DT_BF16,ND,40.64,bf16
dynamic,AI_CORE,"64,6144;38720,6144",DT_BF16;DT_BF16,ND;ND,"64,38720",DT_BF16,ND,418.65,bf16
dynamic,AI_CORE,"64,6144;3072,6144",DT_BF16;DT_BF16,ND;ND,"64,3072",DT_BF16,ND,41.30,bf16
dynamic,AI_CORE,"64,1536;6144,1536",DT_BF16;DT_BF16,ND;ND,"64,6144",DT_BF16,ND,41.05,bf16
dynamic,AI_CORE,"64,6144;512,6144",DT_BF16;DT_BF16,ND;ND,"64,512",DT_BF16,ND,41.00,bf16
dynamic,AI_CORE,"64,256;6144,256",DT_BF16;DT_BF16,ND;ND,"64,6144",DT_BF16,ND,40.83,bf16
dynamic,AI_CORE,"64,6144;19360,6144",DT_BF16;DT_BF16,ND;ND,"64,19360",DT_BF16,ND,202.90,bf16
dynamic,AI_CORE,"64,6144;256,6144",DT_BF16;DT_BF16,ND;ND,"64,256",DT_BF16,ND,40.21,bf16
dynamic,AI_CORE,"128,6144;24576,6144",DT_BF16;DT_BF16,ND;ND,"128,24576",DT_BF16,ND,294.91,bf16
dynamic,AI_CORE,"128,12288;6144,12288",DT_BF16;DT_BF16,ND;ND,"128,6144",DT_BF16,ND,135.72,bf16
dynamic,AI_CORE,"128,6144;4096,6144",DT_BF16;DT_BF16,ND;ND,"128,4096",DT_BF16,ND,55.85,bf16
dynamic,AI_CORE,"128,2048;6144,2048",DT_BF16;DT_BF16,ND;ND,"128,6144",DT_BF16,ND,41.25,bf16
dynamic,AI_CORE,"128,6144;154880,6144",DT_BF16;DT_BF16,ND;ND,"128,154880",DT_BF16,ND,1828.95,bf16
dynamic,AI_CORE,"128,6144;12288,6144",DT_BF16;DT_BF16,ND;ND,"128,12288",DT_BF16,ND,131.98,bf16
dynamic,AI_CORE,"128,6144;6144,6144",DT_BF16;DT_BF16,ND;ND,"128,6144",DT_BF16,ND,72.99,bf16
dynamic,AI_CORE,"128,6144;2048,6144",DT_BF16;DT_BF16,ND;ND,"128,2048",DT_BF16,ND,44.25,bf16
dynamic,AI_CORE,"128,1024;6144,1024",DT_BF16;DT_BF16,ND;ND,"128,6144",DT_BF16,ND,41.15,bf16
dynamic,AI_CORE,"128,6144;77440,6144",DT_BF16;DT_BF16,ND;ND,"128,77440",DT_BF16,ND,928.50,bf16
dynamic,AI_CORE,"128,3072;6144,3072",DT_BF16;DT_BF16,ND;ND,"128,6144",DT_BF16,ND,40.69,bf16
dynamic,AI_CORE,"128,6144;1024,6144",DT_BF16;DT_BF16,ND;ND,"128,1024",DT_BF16,ND,43.29,bf16
dynamic,AI_CORE,"128,512;6144,512",DT_BF16;DT_BF16,ND;ND,"128,6144",DT_BF16,ND,40.41,bf16
dynamic,AI_CORE,"128,6144;38720,6144",DT_BF16;DT_BF16,ND;ND,"128,38720",DT_BF16,ND,460.48,bf16
dynamic,AI_CORE,"128,6144;3072,6144",DT_BF16;DT_BF16,ND;ND,"128,3072",DT_BF16,ND,44.41,bf16
dynamic,AI_CORE,"128,1536;6144,1536",DT_BF16;DT_BF16,ND;ND,"128,6144",DT_BF16,ND,45.63,bf16
dynamic,AI_CORE,"128,6144;512,6144",DT_BF16;DT_BF16,ND;ND,"128,512",DT_BF16,ND,47.93,bf16
dynamic,AI_CORE,"128,256;6144,256",DT_BF16;DT_BF16,ND;ND,"128,6144",DT_BF16,ND,44.84,bf16
dynamic,AI_CORE,"128,6144;19360,6144",DT_BF16;DT_BF16,ND;ND,"128,19360",DT_BF16,ND,223.66,bf16
dynamic,AI_CORE,"128,6144;256,6144",DT_BF16;DT_BF16,ND;ND,"128,256",DT_BF16,ND,47.49,bf16
dynamic,AI_CORE,"256,6144;24576,6144",DT_BF16;DT_BF16,ND;ND,"256,24576",DT_BF16,ND,438.27,bf16
dynamic,AI_CORE,"256,12288;6144,12288",DT_BF16;DT_BF16,ND;ND,"256,6144",DT_BF16,ND,220.38,bf16
dynamic,AI_CORE,"256,6144;4096,6144",DT_BF16;DT_BF16,ND;ND,"256,4096",DT_BF16,ND,82.21,bf16
dynamic,AI_CORE,"256,2048;6144,2048",DT_BF16;DT_BF16,ND;ND,"256,6144",DT_BF16,ND,44.90,bf16
dynamic,AI_CORE,"256,6144;154880,6144",DT_BF16;DT_BF16,ND;ND,"256,154880",DT_BF16,ND,2768.04,bf16
dynamic,AI_CORE,"256,6144;12288,6144",DT_BF16;DT_BF16,ND;ND,"256,12288",DT_BF16,ND,214.00,bf16
dynamic,AI_CORE,"256,6144;6144,6144",DT_BF16;DT_BF16,ND;ND,"256,6144",DT_BF16,ND,110.29,bf16
dynamic,AI_CORE,"256,6144;2048,6144",DT_BF16;DT_BF16,ND;ND,"256,2048",DT_BF16,ND,43.89,bf16
dynamic,AI_CORE,"256,1024;6144,1024",DT_BF16;DT_BF16,ND;ND,"256,6144",DT_BF16,ND,44.19,bf16
dynamic,AI_CORE,"256,6144;77440,6144",DT_BF16;DT_BF16,ND;ND,"256,77440",DT_BF16,ND,1402.13,bf16
dynamic,AI_CORE,"256,3072;6144,3072",DT_BF16;DT_BF16,ND;ND,"256,6144",DT_BF16,ND,57.41,bf16
dynamic,AI_CORE,"256,6144;1024,6144",DT_BF16;DT_BF16,ND;ND,"256,1024",DT_BF16,ND,46.28,bf16
dynamic,AI_CORE,"256,512;6144,512",DT_BF16;DT_BF16,ND;ND,"256,6144",DT_BF16,ND,46.24,bf16
dynamic,AI_CORE,"256,6144;38720,6144",DT_BF16;DT_BF16,ND;ND,"256,38720",DT_BF16,ND,708.74,bf16
dynamic,AI_CORE,"256,6144;3072,6144",DT_BF16;DT_BF16,ND;ND,"256,3072",DT_BF16,ND,57.64,bf16
dynamic,AI_CORE,"256,1536;6144,1536",DT_BF16;DT_BF16,ND;ND,"256,6144",DT_BF16,ND,44.75,bf16
dynamic,AI_CORE,"256,6144;512,6144",DT_BF16;DT_BF16,ND;ND,"256,512",DT_BF16,ND,46.74,bf16
dynamic,AI_CORE,"256,256;6144,256",DT_BF16;DT_BF16,ND;ND,"256,6144",DT_BF16,ND,44.45,bf16
dynamic,AI_CORE,"256,6144;19360,6144",DT_BF16;DT_BF16,ND;ND,"256,19360",DT_BF16,ND,354.10,bf16
dynamic,AI_CORE,"256,6144;256,6144",DT_BF16;DT_BF16,ND;ND,"256,256",DT_BF16,ND,46.67,bf16
dynamic,AI_CORE,"512,6144;24576,6144",DT_BF16;DT_BF16,ND;ND,"512,24576",DT_BF16,ND,698.15,bf16
dynamic,AI_CORE,"512,12288;6144,12288",DT_BF16;DT_BF16,ND;ND,"512,6144",DT_BF16,ND,355.77,bf16
dynamic,AI_CORE,"512,6144;4096,6144",DT_BF16;DT_BF16,ND;ND,"512,4096",DT_BF16,ND,128.88,bf16
dynamic,AI_CORE,"512,2048;6144,2048",DT_BF16;DT_BF16,ND;ND,"512,6144",DT_BF16,ND,43.09,bf16
dynamic,AI_CORE,"512,6144;154880,6144",DT_BF16;DT_BF16,ND;ND,"512,154880",DT_BF16,ND,4433.51,bf16
dynamic,AI_CORE,"512,6144;12288,6144",DT_BF16;DT_BF16,ND;ND,"512,12288",DT_BF16,ND,348.96,bf16
dynamic,AI_CORE,"512,6144;6144,6144",DT_BF16;DT_BF16,ND;ND,"512,6144",DT_BF16,ND,176.19,bf16
dynamic,AI_CORE,"512,6144;2048,6144",DT_BF16;DT_BF16,ND;ND,"512,2048",DT_BF16,ND,52.20,bf16
dynamic,AI_CORE,"512,1024;6144,1024",DT_BF16;DT_BF16,ND;ND,"512,6144",DT_BF16,ND,40.28,bf16
dynamic,AI_CORE,"512,6144;77440,6144",DT_BF16;DT_BF16,ND;ND,"512,77440",DT_BF16,ND,2259.30,bf16
dynamic,AI_CORE,"512,3072;6144,3072",DT_BF16;DT_BF16,ND;ND,"512,6144",DT_BF16,ND,90.49,bf16
dynamic,AI_CORE,"512,6144;1024,6144",DT_BF16;DT_BF16,ND;ND,"512,1024",DT_BF16,ND,39.47,bf16
dynamic,AI_CORE,"512,512;6144,512",DT_BF16;DT_BF16,ND;ND,"512,6144",DT_BF16,ND,39.91,bf16
dynamic,AI_CORE,"512,6144;38720,6144",DT_BF16;DT_BF16,ND;ND,"512,38720",DT_BF16,ND,1154.21,bf16
dynamic,AI_CORE,"512,6144;3072,6144",DT_BF16;DT_BF16,ND;ND,"512,3072",DT_BF16,ND,90.98,bf16
dynamic,AI_CORE,"512,1536;6144,1536",DT_BF16;DT_BF16,ND;ND,"512,6144",DT_BF16,ND,57.31,bf16
dynamic,AI_CORE,"512,6144;512,6144",DT_BF16;DT_BF16,ND;ND,"512,512",DT_BF16,ND,43.39,bf16
dynamic,AI_CORE,"512,256;6144,256",DT_BF16;DT_BF16,ND;ND,"512,6144",DT_BF16,ND,39.29,bf16
dynamic,AI_CORE,"512,6144;19360,6144",DT_BF16;DT_BF16,ND;ND,"512,19360",DT_BF16,ND,579.62,bf16
dynamic,AI_CORE,"512,6144;256,6144",DT_BF16;DT_BF16,ND;ND,"512,256",DT_BF16,ND,42.03,bf16
dynamic,AI_CORE,"1024,6144;24576,6144",DT_BF16;DT_BF16,ND;ND,"1024,24576",DT_BF16,ND,1139.73,bf16
dynamic,AI_CORE,"1024,12288;6144,12288",DT_BF16;DT_BF16,ND;ND,"1024,6144",DT_BF16,ND,584.73,bf16
dynamic,AI_CORE,"1024,6144;4096,6144",DT_BF16;DT_BF16,ND;ND,"1024,4096",DT_BF16,ND,193.66,bf16
dynamic,AI_CORE,"1024,2048;6144,2048",DT_BF16;DT_BF16,ND;ND,"1024,6144",DT_BF16,ND,83.77,bf16
dynamic,AI_CORE,"1024,6144;154880,6144",DT_BF16;DT_BF16,ND;ND,"1024,154880",DT_BF16,ND,6517.50,bf16
dynamic,AI_CORE,"1024,6144;12288,6144",DT_BF16;DT_BF16,ND;ND,"1024,12288",DT_BF16,ND,566.36,bf16
dynamic,AI_CORE,"1024,6144;6144,6144",DT_BF16;DT_BF16,ND;ND,"1024,6144",DT_BF16,ND,269.63,bf16
dynamic,AI_CORE,"1024,6144;2048,6144",DT_BF16;DT_BF16,ND;ND,"1024,2048",DT_BF16,ND,91.32,bf16
dynamic,AI_CORE,"1024,1024;6144,1024",DT_BF16;DT_BF16,ND;ND,"1024,6144",DT_BF16,ND,43.77,bf16
dynamic,AI_CORE,"1024,6144;77440,6144",DT_BF16;DT_BF16,ND;ND,"1024,77440",DT_BF16,ND,3386.50,bf16
dynamic,AI_CORE,"1024,3072;6144,3072",DT_BF16;DT_BF16,ND;ND,"1024,6144",DT_BF16,ND,138.26,bf16
dynamic,AI_CORE,"1024,6144;1024,6144",DT_BF16;DT_BF16,ND;ND,"1024,1024",DT_BF16,ND,52.06,bf16
dynamic,AI_CORE,"1024,512;6144,512",DT_BF16;DT_BF16,ND;ND,"1024,6144",DT_BF16,ND,44.62,bf16
dynamic,AI_CORE,"1024,6144;38720,6144",DT_BF16;DT_BF16,ND;ND,"1024,38720",DT_BF16,ND,1732.24,bf16
dynamic,AI_CORE,"1024,6144;3072,6144",DT_BF16;DT_BF16,ND;ND,"1024,3072",DT_BF16,ND,138.66,bf16
dynamic,AI_CORE,"1024,1536;6144,1536",DT_BF16;DT_BF16,ND;ND,"1024,6144",DT_BF16,ND,64.09,bf16
dynamic,AI_CORE,"1024,6144;512,6144",DT_BF16;DT_BF16,ND;ND,"1024,512",DT_BF16,ND,39.19,bf16
dynamic,AI_CORE,"1024,256;6144,256",DT_BF16;DT_BF16,ND;ND,"1024,6144",DT_BF16,ND,38.89,bf16
dynamic,AI_CORE,"1024,6144;19360,6144",DT_BF16;DT_BF16,ND;ND,"1024,19360",DT_BF16,ND,896.56,bf16
dynamic,AI_CORE,"1024,6144;256,6144",DT_BF16;DT_BF16,ND;ND,"1024,256",DT_BF16,ND,42.69,bf16
dynamic,AI_CORE,"2048,6144;24576,6144",DT_BF16;DT_BF16,ND;ND,"2048,24576",DT_BF16,ND,2100.64,bf16
dynamic,AI_CORE,"2048,12288;6144,12288",DT_BF16;DT_BF16,ND;ND,"2048,6144",DT_BF16,ND,1001.79,bf16
dynamic,AI_CORE,"2048,6144;4096,6144",DT_BF16;DT_BF16,ND;ND,"2048,4096",DT_BF16,ND,337.87,bf16
dynamic,AI_CORE,"2048,2048;6144,2048",DT_BF16;DT_BF16,ND;ND,"2048,6144",DT_BF16,ND,157.67,bf16
dynamic,AI_CORE,"2048,6144;154880,6144",DT_BF16;DT_BF16,ND;ND,"2048,154880",DT_BF16,ND,12002.19,bf16
dynamic,AI_CORE,"2048,6144;12288,6144",DT_BF16;DT_BF16,ND;ND,"2048,12288",DT_BF16,ND,982.88,bf16
dynamic,AI_CORE,"2048,6144;6144,6144",DT_BF16;DT_BF16,ND;ND,"2048,6144",DT_BF16,ND,489.77,bf16
dynamic,AI_CORE,"2048,6144;2048,6144",DT_BF16;DT_BF16,ND;ND,"2048,2048",DT_BF16,ND,181.96,bf16
dynamic,AI_CORE,"2048,1024;6144,1024",DT_BF16;DT_BF16,ND;ND,"2048,6144",DT_BF16,ND,83.53,bf16
dynamic,AI_CORE,"2048,6144;77440,6144",DT_BF16;DT_BF16,ND;ND,"2048,77440",DT_BF16,ND,6145.67,bf16
dynamic,AI_CORE,"2048,3072;6144,3072",DT_BF16;DT_BF16,ND;ND,"2048,6144",DT_BF16,ND,248.00,bf16
dynamic,AI_CORE,"2048,6144;1024,6144",DT_BF16;DT_BF16,ND;ND,"2048,1024",DT_BF16,ND,94.93,bf16
dynamic,AI_CORE,"2048,512;6144,512",DT_BF16;DT_BF16,ND;ND,"2048,6144",DT_BF16,ND,45.39,bf16
dynamic,AI_CORE,"2048,6144;38720,6144",DT_BF16;DT_BF16,ND;ND,"2048,38720",DT_BF16,ND,3143.02,bf16
dynamic,AI_CORE,"2048,6144;3072,6144",DT_BF16;DT_BF16,ND;ND,"2048,3072",DT_BF16,ND,249.70,bf16
dynamic,AI_CORE,"2048,1536;6144,1536",DT_BF16;DT_BF16,ND;ND,"2048,6144",DT_BF16,ND,118.92,bf16
dynamic,AI_CORE,"2048,6144;512,6144",DT_BF16;DT_BF16,ND;ND,"2048,512",DT_BF16,ND,52.15,bf16
dynamic,AI_CORE,"2048,256;6144,256",DT_BF16;DT_BF16,ND;ND,"2048,6144",DT_BF16,ND,39.98,bf16
dynamic,AI_CORE,"2048,6144;19360,6144",DT_BF16;DT_BF16,ND;ND,"2048,19360",DT_BF16,ND,1778.77,bf16
dynamic,AI_CORE,"2048,6144;256,6144",DT_BF16;DT_BF16,ND;ND,"2048,256",DT_BF16,ND,40.05,bf16
dynamic,AI_CORE,"4096,6144;24576,6144",DT_BF16;DT_BF16,ND;ND,"4096,24576",DT_BF16,ND,4076.07,bf16
dynamic,AI_CORE,"4096,12288;6144,12288",DT_BF16;DT_BF16,ND;ND,"4096,6144",DT_BF16,ND,1911.31,bf16
dynamic,AI_CORE,"4096,6144;4096,6144",DT_BF16;DT_BF16,ND;ND,"4096,4096",DT_BF16,ND,635.80,bf16
dynamic,AI_CORE,"4096,2048;6144,2048",DT_BF16;DT_BF16,ND;ND,"4096,6144",DT_BF16,ND,311.11,bf16
dynamic,AI_CORE,"4096,6144;154880,6144",DT_BF16;DT_BF16,ND;ND,"4096,154880",DT_BF16,ND,23838.42,bf16
dynamic,AI_CORE,"4096,6144;12288,6144",DT_BF16;DT_BF16,ND;ND,"4096,12288",DT_BF16,ND,1862.98,bf16
dynamic,AI_CORE,"4096,6144;6144,6144",DT_BF16;DT_BF16,ND;ND,"4096,6144",DT_BF16,ND,942.73,bf16
dynamic,AI_CORE,"4096,6144;2048,6144",DT_BF16;DT_BF16,ND;ND,"4096,2048",DT_BF16,ND,324.75,bf16
dynamic,AI_CORE,"4096,1024;6144,1024",DT_BF16;DT_BF16,ND;ND,"4096,6144",DT_BF16,ND,157.36,bf16
dynamic,AI_CORE,"4096,6144;77440,6144",DT_BF16;DT_BF16,ND;ND,"4096,77440",DT_BF16,ND,12714.43,bf16
dynamic,AI_CORE,"4096,3072;6144,3072",DT_BF16;DT_BF16,ND;ND,"4096,6144",DT_BF16,ND,467.90,bf16
dynamic,AI_CORE,"4096,6144;1024,6144",DT_BF16;DT_BF16,ND;ND,"4096,1024",DT_BF16,ND,171.34,bf16
dynamic,AI_CORE,"4096,512;6144,512",DT_BF16;DT_BF16,ND;ND,"4096,6144",DT_BF16,ND,85.47,bf16
dynamic,AI_CORE,"4096,6144;38720,6144",DT_BF16;DT_BF16,ND;ND,"4096,38720",DT_BF16,ND,6382.94,bf16
dynamic,AI_CORE,"4096,6144;3072,6144",DT_BF16;DT_BF16,ND;ND,"4096,3072",DT_BF16,ND,474.73,bf16
dynamic,AI_CORE,"4096,1536;6144,1536",DT_BF16;DT_BF16,ND;ND,"4096,6144",DT_BF16,ND,228.83,bf16
dynamic,AI_CORE,"4096,6144;512,6144",DT_BF16;DT_BF16,ND;ND,"4096,512",DT_BF16,ND,82.80,bf16
dynamic,AI_CORE,"4096,256;6144,256",DT_BF16;DT_BF16,ND;ND,"4096,6144",DT_BF16,ND,43.98,bf16
dynamic,AI_CORE,"4096,6144;19360,6144",DT_BF16;DT_BF16,ND;ND,"4096,19360",DT_BF16,ND,3461.64,bf16
dynamic,AI_CORE,"4096,6144;256,6144",DT_BF16;DT_BF16,ND;ND,"4096,256",DT_BF16,ND,57.39,bf16
dynamic,AI_CORE,"8192,6144;24576,6144",DT_BF16;DT_BF16,ND;ND,"8192,24576",DT_BF16,ND,8347.81,bf16
dynamic,AI_CORE,"8192,12288;6144,12288",DT_BF16;DT_BF16,ND;ND,"8192,6144",DT_BF16,ND,4086.69,bf16
dynamic,AI_CORE,"8192,6144;4096,6144",DT_BF16;DT_BF16,ND;ND,"8192,4096",DT_BF16,ND,1276.67,bf16
dynamic,AI_CORE,"8192,2048;6144,2048",DT_BF16;DT_BF16,ND;ND,"8192,6144",DT_BF16,ND,610.70,bf16
dynamic,AI_CORE,"8192,6144;154880,6144",DT_BF16;DT_BF16,ND;ND,"8192,154880",DT_BF16,ND,49749.16,bf16
dynamic,AI_CORE,"8192,6144;12288,6144",DT_BF16;DT_BF16,ND;ND,"8192,12288",DT_BF16,ND,4018.34,bf16
dynamic,AI_CORE,"8192,6144;6144,6144",DT_BF16;DT_BF16,ND;ND,"8192,6144",DT_BF16,ND,1923.29,bf16
dynamic,AI_CORE,"8192,6144;2048,6144",DT_BF16;DT_BF16,ND;ND,"8192,2048",DT_BF16,ND,633.63,bf16
dynamic,AI_CORE,"8192,1024;6144,1024",DT_BF16;DT_BF16,ND;ND,"8192,6144",DT_BF16,ND,306.89,bf16
dynamic,AI_CORE,"8192,6144;77440,6144",DT_BF16;DT_BF16,ND;ND,"8192,77440",DT_BF16,ND,25379.20,bf16
dynamic,AI_CORE,"8192,3072;6144,3072",DT_BF16;DT_BF16,ND;ND,"8192,6144",DT_BF16,ND,911.45,bf16
dynamic,AI_CORE,"8192,6144;1024,6144",DT_BF16;DT_BF16,ND;ND,"8192,1024",DT_BF16,ND,323.73,bf16
dynamic,AI_CORE,"8192,512;6144,512",DT_BF16;DT_BF16,ND;ND,"8192,6144",DT_BF16,ND,162.23,bf16
dynamic,AI_CORE,"8192,6144;38720,6144",DT_BF16;DT_BF16,ND;ND,"8192,38720",DT_BF16,ND,12715.41,bf16
dynamic,AI_CORE,"8192,6144;3072,6144",DT_BF16;DT_BF16,ND;ND,"8192,3072",DT_BF16,ND,933.90,bf16
dynamic,AI_CORE,"8192,1536;6144,1536",DT_BF16;DT_BF16,ND;ND,"8192,6144",DT_BF16,ND,458.66,bf16
dynamic,AI_CORE,"8192,6144;512,6144",DT_BF16;DT_BF16,ND;ND,"8192,512",DT_BF16,ND,159.31,bf16
dynamic,AI_CORE,"8192,256;6144,256",DT_BF16;DT_BF16,ND;ND,"8192,6144",DT_BF16,ND,94.31,bf16
dynamic,AI_CORE,"8192,6144;19360,6144",DT_BF16;DT_BF16,ND;ND,"8192,19360",DT_BF16,ND,6761.91,bf16
dynamic,AI_CORE,"8192,6144;256,6144",DT_BF16;DT_BF16,ND;ND,"8192,256",DT_BF16,ND,110.03,bf16
dynamic,AI_CORE,"16384,6144;24576,6144",DT_BF16;DT_BF16,ND;ND,"16384,24576",DT_BF16,ND,16618.48,bf16
dynamic,AI_CORE,"16384,12288;6144,12288",DT_BF16;DT_BF16,ND;ND,"16384,6144",DT_BF16,ND,8182.42,bf16
dynamic,AI_CORE,"16384,6144;4096,6144",DT_BF16;DT_BF16,ND;ND,"16384,4096",DT_BF16,ND,2537.08,bf16
dynamic,AI_CORE,"16384,2048;6144,2048",DT_BF16;DT_BF16,ND;ND,"16384,6144",DT_BF16,ND,1277.27,bf16
dynamic,AI_CORE,"16384,6144;154880,6144",DT_BF16;DT_BF16,ND;ND,"16384,154880",DT_BF16,ND,95168.85,bf16
dynamic,AI_CORE,"16384,6144;12288,6144",DT_BF16;DT_BF16,ND;ND,"16384,12288",DT_BF16,ND,8013.95,bf16
dynamic,AI_CORE,"16384,6144;6144,6144",DT_BF16;DT_BF16,ND;ND,"16384,6144",DT_BF16,ND,3760.25,bf16
dynamic,AI_CORE,"16384,6144;2048,6144",DT_BF16;DT_BF16,ND;ND,"16384,2048",DT_BF16,ND,1388.34,bf16
dynamic,AI_CORE,"16384,1024;6144,1024",DT_BF16;DT_BF16,ND;ND,"16384,6144",DT_BF16,ND,660.27,bf16
dynamic,AI_CORE,"16384,6144;77440,6144",DT_BF16;DT_BF16,ND;ND,"16384,77440",DT_BF16,ND,62933.70,bf16
dynamic,AI_CORE,"16384,3072;6144,3072",DT_BF16;DT_BF16,ND;ND,"16384,6144",DT_BF16,ND,1923.39,bf16
dynamic,AI_CORE,"16384,6144;1024,6144",DT_BF16;DT_BF16,ND;ND,"16384,1024",DT_BF16,ND,737.50,bf16
dynamic,AI_CORE,"16384,512;6144,512",DT_BF16;DT_BF16,ND;ND,"16384,6144",DT_BF16,ND,332.21,bf16
dynamic,AI_CORE,"16384,6144;38720,6144",DT_BF16;DT_BF16,ND;ND,"16384,38720",DT_BF16,ND,29242.15,bf16
dynamic,AI_CORE,"16384,6144;3072,6144",DT_BF16;DT_BF16,ND;ND,"16384,3072",DT_BF16,ND,1957.21,bf16
dynamic,AI_CORE,"16384,1536;6144,1536",DT_BF16;DT_BF16,ND;ND,"16384,6144",DT_BF16,ND,971.44,bf16
dynamic,AI_CORE,"16384,6144;512,6144",DT_BF16;DT_BF16,ND;ND,"16384,512",DT_BF16,ND,454.08,bf16
dynamic,AI_CORE,"16384,256;6144,256",DT_BF16;DT_BF16,ND;ND,"16384,6144",DT_BF16,ND,170.41,bf16
dynamic,AI_CORE,"16384,6144;19360,6144",DT_BF16;DT_BF16,ND;ND,"16384,19360",DT_BF16,ND,13404.22,bf16
dynamic,AI_CORE,"16384,6144;256,6144",DT_BF16;DT_BF16,ND;ND,"16384,256",DT_BF16,ND,260.47,bf16
dynamic,AI_CORE,"3,6144;24576,6144",DT_BF16;DT_BF16,ND;ND,"3,24576",DT_BF16,ND,228.56,bf16
dynamic,AI_CORE,"3,12288;6144,12288",DT_BF16;DT_BF16,ND;ND,"3,6144",DT_BF16,ND,123.30,bf16
dynamic,AI_CORE,"3,6144;4096,6144",DT_BF16;DT_BF16,ND;ND,"3,4096",DT_BF16,ND,44.34,bf16
dynamic,AI_CORE,"3,2048;6144,2048",DT_BF16;DT_BF16,ND;ND,"3,6144",DT_BF16,ND,37.38,bf16
dynamic,AI_CORE,"3,6144;154880,6144",DT_BF16;DT_BF16,ND;ND,"3,154880",DT_BF16,ND,1413.76,bf16
dynamic,AI_CORE,"3,6144;12288,6144",DT_BF16;DT_BF16,ND;ND,"3,12288",DT_BF16,ND,121.49,bf16
dynamic,AI_CORE,"3,6144;6144,6144",DT_BF16;DT_BF16,ND;ND,"3,6144",DT_BF16,ND,62.77,bf16
dynamic,AI_CORE,"3,6144;2048,6144",DT_BF16;DT_BF16,ND;ND,"3,2048",DT_BF16,ND,37.24,bf16
dynamic,AI_CORE,"3,1024;6144,1024",DT_BF16;DT_BF16,ND;ND,"3,6144",DT_BF16,ND,38.19,bf16
dynamic,AI_CORE,"3,6144;77440,6144",DT_BF16;DT_BF16,ND;ND,"3,77440",DT_BF16,ND,712.65,bf16
dynamic,AI_CORE,"3,3072;6144,3072",DT_BF16;DT_BF16,ND;ND,"3,6144",DT_BF16,ND,37.45,bf16
dynamic,AI_CORE,"3,6144;1024,6144",DT_BF16;DT_BF16,ND;ND,"3,1024",DT_BF16,ND,36.98,bf16
dynamic,AI_CORE,"3,512;6144,512",DT_BF16;DT_BF16,ND;ND,"3,6144",DT_BF16,ND,38.79,bf16
dynamic,AI_CORE,"3,6144;38720,6144",DT_BF16;DT_BF16,ND;ND,"3,38720",DT_BF16,ND,363.88,bf16
dynamic,AI_CORE,"3,6144;3072,6144",DT_BF16;DT_BF16,ND;ND,"3,3072",DT_BF16,ND,37.74,bf16
dynamic,AI_CORE,"3,1536;6144,1536",DT_BF16;DT_BF16,ND;ND,"3,6144",DT_BF16,ND,37.52,bf16
dynamic,AI_CORE,"3,6144;512,6144",DT_BF16;DT_BF16,ND;ND,"3,512",DT_BF16,ND,37.72,bf16
dynamic,AI_CORE,"3,256;6144,256",DT_BF16;DT_BF16,ND;ND,"3,6144",DT_BF16,ND,38.05,bf16
dynamic,AI_CORE,"3,6144;19360,6144",DT_BF16;DT_BF16,ND;ND,"3,19360",DT_BF16,ND,195.13,bf16
dynamic,AI_CORE,"3,6144;256,6144",DT_BF16;DT_BF16,ND;ND,"3,256",DT_BF16,ND,42.29,bf16
dynamic,AI_CORE,"5,6144;24576,6144",DT_BF16;DT_BF16,ND;ND,"5,24576",DT_BF16,ND,228.92,bf16
dynamic,AI_CORE,"5,12288;6144,12288",DT_BF16;DT_BF16,ND;ND,"5,6144",DT_BF16,ND,118.52,bf16
dynamic,AI_CORE,"5,6144;4096,6144",DT_BF16;DT_BF16,ND;ND,"5,4096",DT_BF16,ND,42.61,bf16
dynamic,AI_CORE,"5,2048;6144,2048",DT_BF16;DT_BF16,ND;ND,"5,6144",DT_BF16,ND,37.61,bf16
dynamic,AI_CORE,"5,6144;154880,6144",DT_BF16;DT_BF16,ND;ND,"5,154880",DT_BF16,ND,1429.23,bf16
dynamic,AI_CORE,"5,6144;12288,6144",DT_BF16;DT_BF16,ND;ND,"5,12288",DT_BF16,ND,116.02,bf16
dynamic,AI_CORE,"5,6144;6144,6144",DT_BF16;DT_BF16,ND;ND,"5,6144",DT_BF16,ND,64.19,bf16
dynamic,AI_CORE,"5,6144;2048,6144",DT_BF16;DT_BF16,ND;ND,"5,2048",DT_BF16,ND,38.07,bf16
dynamic,AI_CORE,"5,1024;6144,1024",DT_BF16;DT_BF16,ND;ND,"5,6144",DT_BF16,ND,38.70,bf16
dynamic,AI_CORE,"5,6144;77440,6144",DT_BF16;DT_BF16,ND;ND,"5,77440",DT_BF16,ND,711.21,bf16
dynamic,AI_CORE,"5,3072;6144,3072",DT_BF16;DT_BF16,ND;ND,"5,6144",DT_BF16,ND,41.25,bf16
dynamic,AI_CORE,"5,6144;1024,6144",DT_BF16;DT_BF16,ND;ND,"5,1024",DT_BF16,ND,37.38,bf16
dynamic,AI_CORE,"5,512;6144,512",DT_BF16;DT_BF16,ND;ND,"5,6144",DT_BF16,ND,37.38,bf16
dynamic,AI_CORE,"5,6144;38720,6144",DT_BF16;DT_BF16,ND;ND,"5,38720",DT_BF16,ND,365.60,bf16
dynamic,AI_CORE,"5,6144;3072,6144",DT_BF16;DT_BF16,ND;ND,"5,3072",DT_BF16,ND,37.82,bf16
dynamic,AI_CORE,"5,1536;6144,1536",DT_BF16;DT_BF16,ND;ND,"5,6144",DT_BF16,ND,42.05,bf16
dynamic,AI_CORE,"5,6144;512,6144",DT_BF16;DT_BF16,ND;ND,"5,512",DT_BF16,ND,39.74,bf16
dynamic,AI_CORE,"5,256;6144,256",DT_BF16;DT_BF16,ND;ND,"5,6144",DT_BF16,ND,40.38,bf16
dynamic,AI_CORE,"5,6144;19360,6144",DT_BF16;DT_BF16,ND;ND,"5,19360",DT_BF16,ND,190.67,bf16
dynamic,AI_CORE,"5,6144;256,6144",DT_BF16;DT_BF16,ND;ND,"5,256",DT_BF16,ND,40.33,bf16
dynamic,AI_CORE,"6,6144;24576,6144",DT_BF16;DT_BF16,ND;ND,"6,24576",DT_BF16,ND,232.51,bf16
dynamic,AI_CORE,"6,12288;6144,12288",DT_BF16;DT_BF16,ND;ND,"6,6144",DT_BF16,ND,118.67,bf16
dynamic,AI_CORE,"6,6144;4096,6144",DT_BF16;DT_BF16,ND;ND,"6,4096",DT_BF16,ND,43.33,bf16
dynamic,AI_CORE,"6,2048;6144,2048",DT_BF16;DT_BF16,ND;ND,"6,6144",DT_BF16,ND,42.44,bf16
dynamic,AI_CORE,"6,6144;154880,6144",DT_BF16;DT_BF16,ND;ND,"6,154880",DT_BF16,ND,1421.21,bf16
dynamic,AI_CORE,"6,6144;12288,6144",DT_BF16;DT_BF16,ND;ND,"6,12288",DT_BF16,ND,115.18,bf16
dynamic,AI_CORE,"6,6144;6144,6144",DT_BF16;DT_BF16,ND;ND,"6,6144",DT_BF16,ND,62.69,bf16
dynamic,AI_CORE,"6,6144;2048,6144",DT_BF16;DT_BF16,ND;ND,"6,2048",DT_BF16,ND,45.44,bf16
dynamic,AI_CORE,"6,1024;6144,1024",DT_BF16;DT_BF16,ND;ND,"6,6144",DT_BF16,ND,42.28,bf16
dynamic,AI_CORE,"6,6144;77440,6144",DT_BF16;DT_BF16,ND;ND,"6,77440",DT_BF16,ND,716.93,bf16
dynamic,AI_CORE,"6,3072;6144,3072",DT_BF16;DT_BF16,ND;ND,"6,6144",DT_BF16,ND,42.83,bf16
dynamic,AI_CORE,"6,6144;1024,6144",DT_BF16;DT_BF16,ND;ND,"6,1024",DT_BF16,ND,42.90,bf16
dynamic,AI_CORE,"6,512;6144,512",DT_BF16;DT_BF16,ND;ND,"6,6144",DT_BF16,ND,42.65,bf16
dynamic,AI_CORE,"6,6144;38720,6144",DT_BF16;DT_BF16,ND;ND,"6,38720",DT_BF16,ND,369.92,bf16
dynamic,AI_CORE,"6,6144;3072,6144",DT_BF16;DT_BF16,ND;ND,"6,3072",DT_BF16,ND,42.42,bf16
dynamic,AI_CORE,"6,1536;6144,1536",DT_BF16;DT_BF16,ND;ND,"6,6144",DT_BF16,ND,43.01,bf16
dynamic,AI_CORE,"6,6144;512,6144",DT_BF16;DT_BF16,ND;ND,"6,512",DT_BF16,ND,42.37,bf16
dynamic,AI_CORE,"6,256;6144,256",DT_BF16;DT_BF16,ND;ND,"6,6144",DT_BF16,ND,42.38,bf16
dynamic,AI_CORE,"6,6144;19360,6144",DT_BF16;DT_BF16,ND;ND,"6,19360",DT_BF16,ND,192.57,bf16
dynamic,AI_CORE,"6,6144;256,6144",DT_BF16;DT_BF16,ND;ND,"6,256",DT_BF16,ND,43.88,bf16
dynamic,AI_CORE,"7,6144;24576,6144",DT_BF16;DT_BF16,ND;ND,"7,24576",DT_BF16,ND,229.15,bf16
dynamic,AI_CORE,"7,12288;6144,12288",DT_BF16;DT_BF16,ND;ND,"7,6144",DT_BF16,ND,120.24,bf16
dynamic,AI_CORE,"7,6144;4096,6144",DT_BF16;DT_BF16,ND;ND,"7,4096",DT_BF16,ND,43.53,bf16
dynamic,AI_CORE,"7,2048;6144,2048",DT_BF16;DT_BF16,ND;ND,"7,6144",DT_BF16,ND,42.77,bf16
dynamic,AI_CORE,"7,6144;154880,6144",DT_BF16;DT_BF16,ND;ND,"7,154880",DT_BF16,ND,1430.61,bf16
dynamic,AI_CORE,"7,6144;12288,6144",DT_BF16;DT_BF16,ND;ND,"7,12288",DT_BF16,ND,117.82,bf16
dynamic,AI_CORE,"7,6144;6144,6144",DT_BF16;DT_BF16,ND;ND,"7,6144",DT_BF16,ND,61.02,bf16
dynamic,AI_CORE,"7,6144;2048,6144",DT_BF16;DT_BF16,ND;ND,"7,2048",DT_BF16,ND,42.42,bf16
dynamic,AI_CORE,"7,1024;6144,1024",DT_BF16;DT_BF16,ND;ND,"7,6144",DT_BF16,ND,42.45,bf16
dynamic,AI_CORE,"7,6144;77440,6144",DT_BF16;DT_BF16,ND;ND,"7,77440",DT_BF16,ND,719.86,bf16
dynamic,AI_CORE,"7,3072;6144,3072",DT_BF16;DT_BF16,ND;ND,"7,6144",DT_BF16,ND,69.85,bf16
dynamic,AI_CORE,"7,6144;1024,6144",DT_BF16;DT_BF16,ND;ND,"7,1024",DT_BF16,ND,42.35,bf16
dynamic,AI_CORE,"7,512;6144,512",DT_BF16;DT_BF16,ND;ND,"7,6144",DT_BF16,ND,42.35,bf16
dynamic,AI_CORE,"7,6144;38720,6144",DT_BF16;DT_BF16,ND;ND,"7,38720",DT_BF16,ND,367.91,bf16
dynamic,AI_CORE,"7,6144;3072,6144",DT_BF16;DT_BF16,ND;ND,"7,3072",DT_BF16,ND,41.09,bf16
dynamic,AI_CORE,"7,1536;6144,1536",DT_BF16;DT_BF16,ND;ND,"7,6144",DT_BF16,ND,41.82,bf16
dynamic,AI_CORE,"7,6144;512,6144",DT_BF16;DT_BF16,ND;ND,"7,512",DT_BF16,ND,42.28,bf16
dynamic,AI_CORE,"7,256;6144,256",DT_BF16;DT_BF16,ND;ND,"7,6144",DT_BF16,ND,41.99,bf16
dynamic,AI_CORE,"7,6144;19360,6144",DT_BF16;DT_BF16,ND;ND,"7,19360",DT_BF16,ND,190.82,bf16
dynamic,AI_CORE,"7,6144;256,6144",DT_BF16;DT_BF16,ND;ND,"7,256",DT_BF16,ND,42.23,bf16
dynamic,AI_CORE,"9,6144;24576,6144",DT_BF16;DT_BF16,ND;ND,"9,24576",DT_BF16,ND,232.37,bf16
dynamic,AI_CORE,"9,12288;6144,12288",DT_BF16;DT_BF16,ND;ND,"9,6144",DT_BF16,ND,121.84,bf16
dynamic,AI_CORE,"9,6144;4096,6144",DT_BF16;DT_BF16,ND;ND,"9,4096",DT_BF16,ND,43.30,bf16
dynamic,AI_CORE,"9,2048;6144,2048",DT_BF16;DT_BF16,ND;ND,"9,6144",DT_BF16,ND,42.15,bf16
dynamic,AI_CORE,"9,6144;154880,6144",DT_BF16;DT_BF16,ND;ND,"9,154880",DT_BF16,ND,1436.94,bf16
dynamic,AI_CORE,"9,6144;12288,6144",DT_BF16;DT_BF16,ND;ND,"9,12288",DT_BF16,ND,117.02,bf16
dynamic,AI_CORE,"9,6144;6144,6144",DT_BF16;DT_BF16,ND;ND,"9,6144",DT_BF16,ND,61.94,bf16
dynamic,AI_CORE,"9,6144;2048,6144",DT_BF16;DT_BF16,ND;ND,"9,2048",DT_BF16,ND,40.37,bf16
dynamic,AI_CORE,"9,1024;6144,1024",DT_BF16;DT_BF16,ND;ND,"9,6144",DT_BF16,ND,42.10,bf16
dynamic,AI_CORE,"9,6144;77440,6144",DT_BF16;DT_BF16,ND;ND,"9,77440",DT_BF16,ND,728.53,bf16
dynamic,AI_CORE,"9,3072;6144,3072",DT_BF16;DT_BF16,ND;ND,"9,6144",DT_BF16,ND,41.20,bf16
dynamic,AI_CORE,"9,6144;1024,6144",DT_BF16;DT_BF16,ND;ND,"9,1024",DT_BF16,ND,40.87,bf16
dynamic,AI_CORE,"9,512;6144,512",DT_BF16;DT_BF16,ND;ND,"9,6144",DT_BF16,ND,43.28,bf16
dynamic,AI_CORE,"9,6144;38720,6144",DT_BF16;DT_BF16,ND;ND,"9,38720",DT_BF16,ND,372.79,bf16
dynamic,AI_CORE,"9,6144;3072,6144",DT_BF16;DT_BF16,ND;ND,"9,3072",DT_BF16,ND,41.35,bf16
dynamic,AI_CORE,"9,1536;6144,1536",DT_BF16;DT_BF16,ND;ND,"9,6144",DT_BF16,ND,41.76,bf16
dynamic,AI_CORE,"9,6144;512,6144",DT_BF16;DT_BF16,ND;ND,"9,512",DT_BF16,ND,41.16,bf16
dynamic,AI_CORE,"9,256;6144,256",DT_BF16;DT_BF16,ND;ND,"9,6144",DT_BF16,ND,41.13,bf16
dynamic,AI_CORE,"9,6144;19360,6144",DT_BF16;DT_BF16,ND;ND,"9,19360",DT_BF16,ND,192.79,bf16
dynamic,AI_CORE,"9,6144;256,6144",DT_BF16;DT_BF16,ND;ND,"9,256",DT_BF16,ND,41.07,bf16
dynamic,AI_CORE,"10,6144;24576,6144",DT_BF16;DT_BF16,ND;ND,"10,24576",DT_BF16,ND,232.07,bf16
dynamic,AI_CORE,"10,12288;6144,12288",DT_BF16;DT_BF16,ND;ND,"10,6144",DT_BF16,ND,122.62,bf16
dynamic,AI_CORE,"10,6144;4096,6144",DT_BF16;DT_BF16,ND;ND,"10,4096",DT_BF16,ND,42.92,bf16
dynamic,AI_CORE,"10,2048;6144,2048",DT_BF16;DT_BF16,ND;ND,"10,6144",DT_BF16,ND,37.88,bf16
dynamic,AI_CORE,"10,6144;154880,6144",DT_BF16;DT_BF16,ND;ND,"10,154880",DT_BF16,ND,1439.08,bf16
dynamic,AI_CORE,"10,6144;12288,6144",DT_BF16;DT_BF16,ND;ND,"10,12288",DT_BF16,ND,115.55,bf16
dynamic,AI_CORE,"10,6144;6144,6144",DT_BF16;DT_BF16,ND;ND,"10,6144",DT_BF16,ND,63.55,bf16
dynamic,AI_CORE,"10,6144;2048,6144",DT_BF16;DT_BF16,ND;ND,"10,2048",DT_BF16,ND,43.77,bf16
dynamic,AI_CORE,"10,1024;6144,1024",DT_BF16;DT_BF16,ND;ND,"10,6144",DT_BF16,ND,43.16,bf16
dynamic,AI_CORE,"10,6144;77440,6144",DT_BF16;DT_BF16,ND;ND,"10,77440",DT_BF16,ND,725.06,bf16
dynamic,AI_CORE,"10,3072;6144,3072",DT_BF16;DT_BF16,ND;ND,"10,6144",DT_BF16,ND,44.23,bf16
dynamic,AI_CORE,"10,6144;1024,6144",DT_BF16;DT_BF16,ND;ND,"10,1024",DT_BF16,ND,44.53,bf16
dynamic,AI_CORE,"10,512;6144,512",DT_BF16;DT_BF16,ND;ND,"10,6144",DT_BF16,ND,43.02,bf16
dynamic,AI_CORE,"10,6144;38720,6144",DT_BF16;DT_BF16,ND;ND,"10,38720",DT_BF16,ND,370.69,bf16
dynamic,AI_CORE,"10,6144;3072,6144",DT_BF16;DT_BF16,ND;ND,"10,3072",DT_BF16,ND,43.64,bf16
dynamic,AI_CORE,"10,1536;6144,1536",DT_BF16;DT_BF16,ND;ND,"10,6144",DT_BF16,ND,43.35,bf16
dynamic,AI_CORE,"10,6144;512,6144",DT_BF16;DT_BF16,ND;ND,"10,512",DT_BF16,ND,43.19,bf16
dynamic,AI_CORE,"10,256;6144,256",DT_BF16;DT_BF16,ND;ND,"10,6144",DT_BF16,ND,43.40,bf16
dynamic,AI_CORE,"10,6144;19360,6144",DT_BF16;DT_BF16,ND;ND,"10,19360",DT_BF16,ND,190.54,bf16
dynamic,AI_CORE,"10,6144;256,6144",DT_BF16;DT_BF16,ND;ND,"10,256",DT_BF16,ND,44.75,bf16
dynamic,AI_CORE,"11,6144;24576,6144",DT_BF16;DT_BF16,ND;ND,"11,24576",DT_BF16,ND,232.31,bf16
dynamic,AI_CORE,"11,12288;6144,12288",DT_BF16;DT_BF16,ND;ND,"11,6144",DT_BF16,ND,123.15,bf16
dynamic,AI_CORE,"11,6144;4096,6144",DT_BF16;DT_BF16,ND;ND,"11,4096",DT_BF16,ND,43.58,bf16
dynamic,AI_CORE,"11,2048;6144,2048",DT_BF16;DT_BF16,ND;ND,"11,6144",DT_BF16,ND,41.12,bf16
dynamic,AI_CORE,"11,6144;154880,6144",DT_BF16;DT_BF16,ND;ND,"11,154880",DT_BF16,ND,1444.69,bf16
dynamic,AI_CORE,"11,6144;12288,6144",DT_BF16;DT_BF16,ND;ND,"11,12288",DT_BF16,ND,117.76,bf16
dynamic,AI_CORE,"11,6144;6144,6144",DT_BF16;DT_BF16,ND;ND,"11,6144",DT_BF16,ND,61.02,bf16
dynamic,AI_CORE,"11,6144;2048,6144",DT_BF16;DT_BF16,ND;ND,"11,2048",DT_BF16,ND,41.96,bf16
dynamic,AI_CORE,"11,1024;6144,1024",DT_BF16;DT_BF16,ND;ND,"11,6144",DT_BF16,ND,43.22,bf16
dynamic,AI_CORE,"11,6144;77440,6144",DT_BF16;DT_BF16,ND;ND,"11,77440",DT_BF16,ND,724.08,bf16
dynamic,AI_CORE,"11,3072;6144,3072",DT_BF16;DT_BF16,ND;ND,"11,6144",DT_BF16,ND,51.27,bf16
dynamic,AI_CORE,"11,6144;1024,6144",DT_BF16;DT_BF16,ND;ND,"11,1024",DT_BF16,ND,41.78,bf16
dynamic,AI_CORE,"11,512;6144,512",DT_BF16;DT_BF16,ND;ND,"11,6144",DT_BF16,ND,41.25,bf16
dynamic,AI_CORE,"11,6144;38720,6144",DT_BF16;DT_BF16,ND;ND,"11,38720",DT_BF16,ND,375.13,bf16
dynamic,AI_CORE,"11,6144;3072,6144",DT_BF16;DT_BF16,ND;ND,"11,3072",DT_BF16,ND,41.52,bf16
dynamic,AI_CORE,"11,1536;6144,1536",DT_BF16;DT_BF16,ND;ND,"11,6144",DT_BF16,ND,43.10,bf16
dynamic,AI_CORE,"11,6144;512,6144",DT_BF16;DT_BF16,ND;ND,"11,512",DT_BF16,ND,42.35,bf16
dynamic,AI_CORE,"11,256;6144,256",DT_BF16;DT_BF16,ND;ND,"11,6144",DT_BF16,ND,41.55,bf16
dynamic,AI_CORE,"11,6144;19360,6144",DT_BF16;DT_BF16,ND;ND,"11,19360",DT_BF16,ND,191.53,bf16
dynamic,AI_CORE,"11,6144;256,6144",DT_BF16;DT_BF16,ND;ND,"11,256",DT_BF16,ND,41.66,bf16
dynamic,AI_CORE,"12,6144;24576,6144",DT_BF16;DT_BF16,ND;ND,"12,24576",DT_BF16,ND,233.05,bf16
dynamic,AI_CORE,"12,12288;6144,12288",DT_BF16;DT_BF16,ND;ND,"12,6144",DT_BF16,ND,120.93,bf16
dynamic,AI_CORE,"12,6144;4096,6144",DT_BF16;DT_BF16,ND;ND,"12,4096",DT_BF16,ND,44.27,bf16
dynamic,AI_CORE,"12,2048;6144,2048",DT_BF16;DT_BF16,ND;ND,"12,6144",DT_BF16,ND,43.31,bf16
dynamic,AI_CORE,"12,6144;154880,6144",DT_BF16;DT_BF16,ND;ND,"12,154880",DT_BF16,ND,1455.17,bf16
dynamic,AI_CORE,"12,6144;12288,6144",DT_BF16;DT_BF16,ND;ND,"12,12288",DT_BF16,ND,117.40,bf16
dynamic,AI_CORE,"12,6144;6144,6144",DT_BF16;DT_BF16,ND;ND,"12,6144",DT_BF16,ND,66.09,bf16
dynamic,AI_CORE,"12,6144;2048,6144",DT_BF16;DT_BF16,ND;ND,"12,2048",DT_BF16,ND,43.08,bf16
dynamic,AI_CORE,"12,1024;6144,1024",DT_BF16;DT_BF16,ND;ND,"12,6144",DT_BF16,ND,43.08,bf16
dynamic,AI_CORE,"12,6144;77440,6144",DT_BF16;DT_BF16,ND;ND,"12,77440",DT_BF16,ND,728.91,bf16
dynamic,AI_CORE,"12,3072;6144,3072",DT_BF16;DT_BF16,ND;ND,"12,6144",DT_BF16,ND,41.84,bf16
dynamic,AI_CORE,"12,6144;1024,6144",DT_BF16;DT_BF16,ND;ND,"12,1024",DT_BF16,ND,42.29,bf16
dynamic,AI_CORE,"12,512;6144,512",DT_BF16;DT_BF16,ND;ND,"12,6144",DT_BF16,ND,41.66,bf16
dynamic,AI_CORE,"12,6144;38720,6144",DT_BF16;DT_BF16,ND;ND,"12,38720",DT_BF16,ND,376.37,bf16
dynamic,AI_CORE,"12,6144;3072,6144",DT_BF16;DT_BF16,ND;ND,"12,3072",DT_BF16,ND,46.61,bf16
dynamic,AI_CORE,"12,1536;6144,1536",DT_BF16;DT_BF16,ND;ND,"12,6144",DT_BF16,ND,44.00,bf16
dynamic,AI_CORE,"12,6144;512,6144",DT_BF16;DT_BF16,ND;ND,"12,512",DT_BF16,ND,43.71,bf16
dynamic,AI_CORE,"12,256;6144,256",DT_BF16;DT_BF16,ND;ND,"12,6144",DT_BF16,ND,43.68,bf16
dynamic,AI_CORE,"12,6144;19360,6144",DT_BF16;DT_BF16,ND;ND,"12,19360",DT_BF16,ND,192.12,bf16
dynamic,AI_CORE,"12,6144;256,6144",DT_BF16;DT_BF16,ND;ND,"12,256",DT_BF16,ND,44.09,bf16
dynamic,AI_CORE,"14,6144;24576,6144",DT_BF16;DT_BF16,ND;ND,"14,24576",DT_BF16,ND,234.26,bf16
dynamic,AI_CORE,"14,12288;6144,12288",DT_BF16;DT_BF16,ND;ND,"14,6144",DT_BF16,ND,122.03,bf16
dynamic,AI_CORE,"14,6144;4096,6144",DT_BF16;DT_BF16,ND;ND,"14,4096",DT_BF16,ND,44.57,bf16
dynamic,AI_CORE,"14,2048;6144,2048",DT_BF16;DT_BF16,ND;ND,"14,6144",DT_BF16,ND,44.03,bf16
dynamic,AI_CORE,"14,6144;154880,6144",DT_BF16;DT_BF16,ND;ND,"14,154880",DT_BF16,ND,1448.77,bf16
dynamic,AI_CORE,"14,6144;12288,6144",DT_BF16;DT_BF16,ND;ND,"14,12288",DT_BF16,ND,116.52,bf16
dynamic,AI_CORE,"14,6144;6144,6144",DT_BF16;DT_BF16,ND;ND,"14,6144",DT_BF16,ND,61.39,bf16
dynamic,AI_CORE,"14,6144;2048,6144",DT_BF16;DT_BF16,ND;ND,"14,2048",DT_BF16,ND,44.37,bf16
dynamic,AI_CORE,"14,1024;6144,1024",DT_BF16;DT_BF16,ND;ND,"14,6144",DT_BF16,ND,43.47,bf16
dynamic,AI_CORE,"14,6144;77440,6144",DT_BF16;DT_BF16,ND;ND,"14,77440",DT_BF16,ND,738.77,bf16
dynamic,AI_CORE,"14,3072;6144,3072",DT_BF16;DT_BF16,ND;ND,"14,6144",DT_BF16,ND,43.70,bf16
dynamic,AI_CORE,"14,6144;1024,6144",DT_BF16;DT_BF16,ND;ND,"14,1024",DT_BF16,ND,40.76,bf16
dynamic,AI_CORE,"14,512;6144,512",DT_BF16;DT_BF16,ND;ND,"14,6144",DT_BF16,ND,44.56,bf16
dynamic,AI_CORE,"14,6144;38720,6144",DT_BF16;DT_BF16,ND;ND,"14,38720",DT_BF16,ND,378.36,bf16
dynamic,AI_CORE,"14,6144;3072,6144",DT_BF16;DT_BF16,ND;ND,"14,3072",DT_BF16,ND,42.02,bf16
dynamic,AI_CORE,"14,1536;6144,1536",DT_BF16;DT_BF16,ND;ND,"14,6144",DT_BF16,ND,42.76,bf16
dynamic,AI_CORE,"14,6144;512,6144",DT_BF16;DT_BF16,ND;ND,"14,512",DT_BF16,ND,42.57,bf16
dynamic,AI_CORE,"14,256;6144,256",DT_BF16;DT_BF16,ND;ND,"14,6144",DT_BF16,ND,42.14,bf16
dynamic,AI_CORE,"14,6144;19360,6144",DT_BF16;DT_BF16,ND;ND,"14,19360",DT_BF16,ND,197.74,bf16
dynamic,AI_CORE,"14,6144;256,6144",DT_BF16;DT_BF16,ND;ND,"14,256",DT_BF16,ND,42.41,bf16
dynamic,AI_CORE,"15,6144;24576,6144",DT_BF16;DT_BF16,ND;ND,"15,24576",DT_BF16,ND,233.86,bf16
dynamic,AI_CORE,"15,12288;6144,12288",DT_BF16;DT_BF16,ND;ND,"15,6144",DT_BF16,ND,121.98,bf16
dynamic,AI_CORE,"15,6144;4096,6144",DT_BF16;DT_BF16,ND;ND,"15,4096",DT_BF16,ND,47.57,bf16
dynamic,AI_CORE,"15,2048;6144,2048",DT_BF16;DT_BF16,ND;ND,"15,6144",DT_BF16,ND,44.67,bf16
dynamic,AI_CORE,"15,6144;154880,6144",DT_BF16;DT_BF16,ND;ND,"15,154880",DT_BF16,ND,1452.67,bf16
dynamic,AI_CORE,"15,6144;12288,6144",DT_BF16;DT_BF16,ND;ND,"15,12288",DT_BF16,ND,118.47,bf16
dynamic,AI_CORE,"15,6144;6144,6144",DT_BF16;DT_BF16,ND;ND,"15,6144",DT_BF16,ND,63.52,bf16
dynamic,AI_CORE,"15,6144;2048,6144",DT_BF16;DT_BF16,ND;ND,"15,2048",DT_BF16,ND,37.45,bf16
dynamic,AI_CORE,"15,1024;6144,1024",DT_BF16;DT_BF16,ND;ND,"15,6144",DT_BF16,ND,37.33,bf16
dynamic,AI_CORE,"15,6144;77440,6144",DT_BF16;DT_BF16,ND;ND,"15,77440",DT_BF16,ND,738.35,bf16
dynamic,AI_CORE,"15,3072;6144,3072",DT_BF16;DT_BF16,ND;ND,"15,6144",DT_BF16,ND,40.44,bf16
dynamic,AI_CORE,"15,6144;1024,6144",DT_BF16;DT_BF16,ND;ND,"15,1024",DT_BF16,ND,38.55,bf16
dynamic,AI_CORE,"15,512;6144,512",DT_BF16;DT_BF16,ND;ND,"15,6144",DT_BF16,ND,38.51,bf16
dynamic,AI_CORE,"15,6144;38720,6144",DT_BF16;DT_BF16,ND;ND,"15,38720",DT_BF16,ND,378.27,bf16
dynamic,AI_CORE,"15,6144;3072,6144",DT_BF16;DT_BF16,ND;ND,"15,3072",DT_BF16,ND,37.86,bf16
dynamic,AI_CORE,"15,1536;6144,1536",DT_BF16;DT_BF16,ND;ND,"15,6144",DT_BF16,ND,39.20,bf16
dynamic,AI_CORE,"15,6144;512,6144",DT_BF16;DT_BF16,ND;ND,"15,512",DT_BF16,ND,42.01,bf16
dynamic,AI_CORE,"15,256;6144,256",DT_BF16;DT_BF16,ND;ND,"15,6144",DT_BF16,ND,40.99,bf16
dynamic,AI_CORE,"15,6144;19360,6144",DT_BF16;DT_BF16,ND;ND,"15,19360",DT_BF16,ND,197.09,bf16
dynamic,AI_CORE,"15,6144;256,6144",DT_BF16;DT_BF16,ND;ND,"15,256",DT_BF16,ND,39.36,bf16
dynamic,AI_CORE,"18,6144;24576,6144",DT_BF16;DT_BF16,ND;ND,"18,24576",DT_BF16,ND,239.80,bf16
dynamic,AI_CORE,"18,12288;6144,12288",DT_BF16;DT_BF16,ND;ND,"18,6144",DT_BF16,ND,119.04,bf16
dynamic,AI_CORE,"18,6144;4096,6144",DT_BF16;DT_BF16,ND;ND,"18,4096",DT_BF16,ND,49.64,bf16
dynamic,AI_CORE,"18,2048;6144,2048",DT_BF16;DT_BF16,ND;ND,"18,6144",DT_BF16,ND,38.72,bf16
dynamic,AI_CORE,"18,6144;154880,6144",DT_BF16;DT_BF16,ND;ND,"18,154880",DT_BF16,ND,1498.71,bf16
dynamic,AI_CORE,"18,6144;12288,6144",DT_BF16;DT_BF16,ND;ND,"18,12288",DT_BF16,ND,119.31,bf16
dynamic,AI_CORE,"18,6144;6144,6144",DT_BF16;DT_BF16,ND;ND,"18,6144",DT_BF16,ND,63.54,bf16
dynamic,AI_CORE,"18,6144;2048,6144",DT_BF16;DT_BF16,ND;ND,"18,2048",DT_BF16,ND,39.01,bf16
dynamic,AI_CORE,"18,1024;6144,1024",DT_BF16;DT_BF16,ND;ND,"18,6144",DT_BF16,ND,39.99,bf16
dynamic,AI_CORE,"18,6144;77440,6144",DT_BF16;DT_BF16,ND;ND,"18,77440",DT_BF16,ND,768.70,bf16
dynamic,AI_CORE,"18,3072;6144,3072",DT_BF16;DT_BF16,ND;ND,"18,6144",DT_BF16,ND,38.83,bf16
dynamic,AI_CORE,"18,6144;1024,6144",DT_BF16;DT_BF16,ND;ND,"18,1024",DT_BF16,ND,38.48,bf16
dynamic,AI_CORE,"18,512;6144,512",DT_BF16;DT_BF16,ND;ND,"18,6144",DT_BF16,ND,38.41,bf16
dynamic,AI_CORE,"18,6144;38720,6144",DT_BF16;DT_BF16,ND;ND,"18,38720",DT_BF16,ND,386.52,bf16
dynamic,AI_CORE,"18,6144;3072,6144",DT_BF16;DT_BF16,ND;ND,"18,3072",DT_BF16,ND,39.60,bf16
dynamic,AI_CORE,"18,1536;6144,1536",DT_BF16;DT_BF16,ND;ND,"18,6144",DT_BF16,ND,38.58,bf16
dynamic,AI_CORE,"18,6144;512,6144",DT_BF16;DT_BF16,ND;ND,"18,512",DT_BF16,ND,39.15,bf16
dynamic,AI_CORE,"18,256;6144,256",DT_BF16;DT_BF16,ND;ND,"18,6144",DT_BF16,ND,39.12,bf16
dynamic,AI_CORE,"18,6144;19360,6144",DT_BF16;DT_BF16,ND;ND,"18,19360",DT_BF16,ND,199.79,bf16
dynamic,AI_CORE,"18,6144;256,6144",DT_BF16;DT_BF16,ND;ND,"18,256",DT_BF16,ND,39.75,bf16
dynamic,AI_CORE,"19,6144;24576,6144",DT_BF16;DT_BF16,ND;ND,"19,24576",DT_BF16,ND,247.34,bf16
dynamic,AI_CORE,"19,12288;6144,12288",DT_BF16;DT_BF16,ND;ND,"19,6144",DT_BF16,ND,123.33,bf16
dynamic,AI_CORE,"19,6144;4096,6144",DT_BF16;DT_BF16,ND;ND,"19,4096",DT_BF16,ND,49.52,bf16
dynamic,AI_CORE,"19,2048;6144,2048",DT_BF16;DT_BF16,ND;ND,"19,6144",DT_BF16,ND,39.39,bf16
dynamic,AI_CORE,"19,6144;154880,6144",DT_BF16;DT_BF16,ND;ND,"19,154880",DT_BF16,ND,1501.15,bf16
dynamic,AI_CORE,"19,6144;12288,6144",DT_BF16;DT_BF16,ND;ND,"19,12288",DT_BF16,ND,122.20,bf16
dynamic,AI_CORE,"19,6144;6144,6144",DT_BF16;DT_BF16,ND;ND,"19,6144",DT_BF16,ND,66.44,bf16
dynamic,AI_CORE,"19,6144;2048,6144",DT_BF16;DT_BF16,ND;ND,"19,2048",DT_BF16,ND,44.29,bf16
dynamic,AI_CORE,"19,1024;6144,1024",DT_BF16;DT_BF16,ND;ND,"19,6144",DT_BF16,ND,43.56,bf16
dynamic,AI_CORE,"19,6144;77440,6144",DT_BF16;DT_BF16,ND;ND,"19,77440",DT_BF16,ND,768.83,bf16
dynamic,AI_CORE,"19,3072;6144,3072",DT_BF16;DT_BF16,ND;ND,"19,6144",DT_BF16,ND,43.93,bf16
dynamic,AI_CORE,"19,6144;1024,6144",DT_BF16;DT_BF16,ND;ND,"19,1024",DT_BF16,ND,43.41,bf16
dynamic,AI_CORE,"19,512;6144,512",DT_BF16;DT_BF16,ND;ND,"19,6144",DT_BF16,ND,44.68,bf16
dynamic,AI_CORE,"19,6144;38720,6144",DT_BF16;DT_BF16,ND;ND,"19,38720",DT_BF16,ND,385.70,bf16
dynamic,AI_CORE,"19,6144;3072,6144",DT_BF16;DT_BF16,ND;ND,"19,3072",DT_BF16,ND,44.21,bf16
dynamic,AI_CORE,"19,1536;6144,1536",DT_BF16;DT_BF16,ND;ND,"19,6144",DT_BF16,ND,43.35,bf16
dynamic,AI_CORE,"19,6144;512,6144",DT_BF16;DT_BF16,ND;ND,"19,512",DT_BF16,ND,43.99,bf16
dynamic,AI_CORE,"19,256;6144,256",DT_BF16;DT_BF16,ND;ND,"19,6144",DT_BF16,ND,43.34,bf16
dynamic,AI_CORE,"19,6144;19360,6144",DT_BF16;DT_BF16,ND;ND,"19,19360",DT_BF16,ND,194.82,bf16
dynamic,AI_CORE,"19,6144;256,6144",DT_BF16;DT_BF16,ND;ND,"19,256",DT_BF16,ND,44.04,bf16
dynamic,AI_CORE,"20,6144;24576,6144",DT_BF16;DT_BF16,ND;ND,"20,24576",DT_BF16,ND,246.62,bf16
dynamic,AI_CORE,"20,12288;6144,12288",DT_BF16;DT_BF16,ND;ND,"20,6144",DT_BF16,ND,120.93,bf16
dynamic,AI_CORE,"20,6144;4096,6144",DT_BF16;DT_BF16,ND;ND,"20,4096",DT_BF16,ND,47.65,bf16
dynamic,AI_CORE,"20,2048;6144,2048",DT_BF16;DT_BF16,ND;ND,"20,6144",DT_BF16,ND,42.95,bf16
dynamic,AI_CORE,"20,6144;154880,6144",DT_BF16;DT_BF16,ND;ND,"20,154880",DT_BF16,ND,1521.78,bf16
dynamic,AI_CORE,"20,6144;12288,6144",DT_BF16;DT_BF16,ND;ND,"20,12288",DT_BF16,ND,122.60,bf16
dynamic,AI_CORE,"20,6144;6144,6144",DT_BF16;DT_BF16,ND;ND,"20,6144",DT_BF16,ND,66.44,bf16
dynamic,AI_CORE,"20,6144;2048,6144",DT_BF16;DT_BF16,ND;ND,"20,2048",DT_BF16,ND,39.36,bf16
dynamic,AI_CORE,"20,1024;6144,1024",DT_BF16;DT_BF16,ND;ND,"20,6144",DT_BF16,ND,38.85,bf16
dynamic,AI_CORE,"20,6144;77440,6144",DT_BF16;DT_BF16,ND;ND,"20,77440",DT_BF16,ND,769.89,bf16
dynamic,AI_CORE,"20,3072;6144,3072",DT_BF16;DT_BF16,ND;ND,"20,6144",DT_BF16,ND,47.16,bf16
dynamic,AI_CORE,"20,6144;1024,6144",DT_BF16;DT_BF16,ND;ND,"20,1024",DT_BF16,ND,44.26,bf16
dynamic,AI_CORE,"20,512;6144,512",DT_BF16;DT_BF16,ND;ND,"20,6144",DT_BF16,ND,44.23,bf16
dynamic,AI_CORE,"20,6144;38720,6144",DT_BF16;DT_BF16,ND;ND,"20,38720",DT_BF16,ND,386.60,bf16
dynamic,AI_CORE,"20,6144;3072,6144",DT_BF16;DT_BF16,ND;ND,"20,3072",DT_BF16,ND,46.52,bf16
dynamic,AI_CORE,"20,1536;6144,1536",DT_BF16;DT_BF16,ND;ND,"20,6144",DT_BF16,ND,44.07,bf16
dynamic,AI_CORE,"20,6144;512,6144",DT_BF16;DT_BF16,ND;ND,"20,512",DT_BF16,ND,48.40,bf16
dynamic,AI_CORE,"20,256;6144,256",DT_BF16;DT_BF16,ND;ND,"20,6144",DT_BF16,ND,45.26,bf16
dynamic,AI_CORE,"20,6144;19360,6144",DT_BF16;DT_BF16,ND;ND,"20,19360",DT_BF16,ND,193.36,bf16
dynamic,AI_CORE,"20,6144;256,6144",DT_BF16;DT_BF16,ND;ND,"20,256",DT_BF16,ND,45.37,bf16
dynamic,AI_CORE,"21,6144;24576,6144",DT_BF16;DT_BF16,ND;ND,"21,24576",DT_BF16,ND,241.41,bf16
dynamic,AI_CORE,"21,12288;6144,12288",DT_BF16;DT_BF16,ND;ND,"21,6144",DT_BF16,ND,123.03,bf16
dynamic,AI_CORE,"21,6144;4096,6144",DT_BF16;DT_BF16,ND;ND,"21,4096",DT_BF16,ND,47.92,bf16
dynamic,AI_CORE,"21,2048;6144,2048",DT_BF16;DT_BF16,ND;ND,"21,6144",DT_BF16,ND,45.84,bf16
dynamic,AI_CORE,"21,6144;154880,6144",DT_BF16;DT_BF16,ND;ND,"21,154880",DT_BF16,ND,1511.61,bf16
dynamic,AI_CORE,"21,6144;12288,6144",DT_BF16;DT_BF16,ND;ND,"21,12288",DT_BF16,ND,119.10,bf16
dynamic,AI_CORE,"21,6144;6144,6144",DT_BF16;DT_BF16,ND;ND,"21,6144",DT_BF16,ND,66.07,bf16
dynamic,AI_CORE,"21,6144;2048,6144",DT_BF16;DT_BF16,ND;ND,"21,2048",DT_BF16,ND,48.60,bf16
dynamic,AI_CORE,"21,1024;6144,1024",DT_BF16;DT_BF16,ND;ND,"21,6144",DT_BF16,ND,45.36,bf16
dynamic,AI_CORE,"21,6144;77440,6144",DT_BF16;DT_BF16,ND;ND,"21,77440",DT_BF16,ND,761.68,bf16
dynamic,AI_CORE,"21,3072;6144,3072",DT_BF16;DT_BF16,ND;ND,"21,6144",DT_BF16,ND,46.96,bf16
dynamic,AI_CORE,"21,6144;1024,6144",DT_BF16;DT_BF16,ND;ND,"21,1024",DT_BF16,ND,45.47,bf16
dynamic,AI_CORE,"21,512;6144,512",DT_BF16;DT_BF16,ND;ND,"21,6144",DT_BF16,ND,48.99,bf16
dynamic,AI_CORE,"21,6144;38720,6144",DT_BF16;DT_BF16,ND;ND,"21,38720",DT_BF16,ND,392.45,bf16
dynamic,AI_CORE,"21,6144;3072,6144",DT_BF16;DT_BF16,ND;ND,"21,3072",DT_BF16,ND,43.85,bf16
dynamic,AI_CORE,"21,1536;6144,1536",DT_BF16;DT_BF16,ND;ND,"21,6144",DT_BF16,ND,43.79,bf16
dynamic,AI_CORE,"21,6144;512,6144",DT_BF16;DT_BF16,ND;ND,"21,512",DT_BF16,ND,43.89,bf16
dynamic,AI_CORE,"21,256;6144,256",DT_BF16;DT_BF16,ND;ND,"21,6144",DT_BF16,ND,44.03,bf16
dynamic,AI_CORE,"21,6144;19360,6144",DT_BF16;DT_BF16,ND;ND,"21,19360",DT_BF16,ND,192.33,bf16
dynamic,AI_CORE,"21,6144;256,6144",DT_BF16;DT_BF16,ND;ND,"21,256",DT_BF16,ND,44.97,bf16
dynamic,AI_CORE,"24,6144;24576,6144",DT_BF16;DT_BF16,ND;ND,"24,24576",DT_BF16,ND,243.57,bf16
dynamic,AI_CORE,"24,12288;6144,12288",DT_BF16;DT_BF16,ND;ND,"24,6144",DT_BF16,ND,120.89,bf16
dynamic,AI_CORE,"24,6144;4096,6144",DT_BF16;DT_BF16,ND;ND,"24,4096",DT_BF16,ND,49.08,bf16
dynamic,AI_CORE,"24,2048;6144,2048",DT_BF16;DT_BF16,ND;ND,"24,6144",DT_BF16,ND,43.67,bf16
dynamic,AI_CORE,"24,6144;154880,6144",DT_BF16;DT_BF16,ND;ND,"24,154880",DT_BF16,ND,1526.33,bf16
dynamic,AI_CORE,"24,6144;12288,6144",DT_BF16;DT_BF16,ND;ND,"24,12288",DT_BF16,ND,120.56,bf16
dynamic,AI_CORE,"24,6144;6144,6144",DT_BF16;DT_BF16,ND;ND,"24,6144",DT_BF16,ND,62.04,bf16
dynamic,AI_CORE,"24,6144;2048,6144",DT_BF16;DT_BF16,ND;ND,"24,2048",DT_BF16,ND,39.62,bf16
dynamic,AI_CORE,"24,1024;6144,1024",DT_BF16;DT_BF16,ND;ND,"24,6144",DT_BF16,ND,39.55,bf16
dynamic,AI_CORE,"24,6144;77440,6144",DT_BF16;DT_BF16,ND;ND,"24,77440",DT_BF16,ND,768.49,bf16
dynamic,AI_CORE,"24,3072;6144,3072",DT_BF16;DT_BF16,ND;ND,"24,6144",DT_BF16,ND,38.63,bf16
dynamic,AI_CORE,"24,6144;1024,6144",DT_BF16;DT_BF16,ND;ND,"24,1024",DT_BF16,ND,39.09,bf16
dynamic,AI_CORE,"24,512;6144,512",DT_BF16;DT_BF16,ND;ND,"24,6144",DT_BF16,ND,41.52,bf16
dynamic,AI_CORE,"24,6144;38720,6144",DT_BF16;DT_BF16,ND;ND,"24,38720",DT_BF16,ND,388.35,bf16
dynamic,AI_CORE,"24,6144;3072,6144",DT_BF16;DT_BF16,ND;ND,"24,3072",DT_BF16,ND,44.85,bf16
dynamic,AI_CORE,"24,1536;6144,1536",DT_BF16;DT_BF16,ND;ND,"24,6144",DT_BF16,ND,46.19,bf16
dynamic,AI_CORE,"24,6144;512,6144",DT_BF16;DT_BF16,ND;ND,"24,512",DT_BF16,ND,46.24,bf16
dynamic,AI_CORE,"24,256;6144,256",DT_BF16;DT_BF16,ND;ND,"24,6144",DT_BF16,ND,44.95,bf16
dynamic,AI_CORE,"24,6144;19360,6144",DT_BF16;DT_BF16,ND;ND,"24,19360",DT_BF16,ND,193.18,bf16
dynamic,AI_CORE,"24,6144;256,6144",DT_BF16;DT_BF16,ND;ND,"24,256",DT_BF16,ND,44.56,bf16
dynamic,AI_CORE,"27,6144;24576,6144",DT_BF16;DT_BF16,ND;ND,"27,24576",DT_BF16,ND,247.62,bf16
dynamic,AI_CORE,"27,12288;6144,12288",DT_BF16;DT_BF16,ND;ND,"27,6144",DT_BF16,ND,121.35,bf16
dynamic,AI_CORE,"27,6144;4096,6144",DT_BF16;DT_BF16,ND;ND,"27,4096",DT_BF16,ND,48.27,bf16
dynamic,AI_CORE,"27,2048;6144,2048",DT_BF16;DT_BF16,ND;ND,"27,6144",DT_BF16,ND,39.33,bf16
dynamic,AI_CORE,"27,6144;154880,6144",DT_BF16;DT_BF16,ND;ND,"27,154880",DT_BF16,ND,1533.72,bf16
dynamic,AI_CORE,"27,6144;12288,6144",DT_BF16;DT_BF16,ND;ND,"27,12288",DT_BF16,ND,122.79,bf16
dynamic,AI_CORE,"27,6144;6144,6144",DT_BF16;DT_BF16,ND;ND,"27,6144",DT_BF16,ND,69.90,bf16
dynamic,AI_CORE,"27,6144;2048,6144",DT_BF16;DT_BF16,ND;ND,"27,2048",DT_BF16,ND,38.08,bf16
dynamic,AI_CORE,"27,1024;6144,1024",DT_BF16;DT_BF16,ND;ND,"27,6144",DT_BF16,ND,38.33,bf16
dynamic,AI_CORE,"27,6144;77440,6144",DT_BF16;DT_BF16,ND;ND,"27,77440",DT_BF16,ND,779.85,bf16
dynamic,AI_CORE,"27,3072;6144,3072",DT_BF16;DT_BF16,ND;ND,"27,6144",DT_BF16,ND,45.07,bf16
dynamic,AI_CORE,"27,6144;1024,6144",DT_BF16;DT_BF16,ND;ND,"27,1024",DT_BF16,ND,44.11,bf16
dynamic,AI_CORE,"27,512;6144,512",DT_BF16;DT_BF16,ND;ND,"27,6144",DT_BF16,ND,44.96,bf16
dynamic,AI_CORE,"27,6144;38720,6144",DT_BF16;DT_BF16,ND;ND,"27,38720",DT_BF16,ND,393.34,bf16
dynamic,AI_CORE,"27,6144;3072,6144",DT_BF16;DT_BF16,ND;ND,"27,3072",DT_BF16,ND,44.41,bf16
dynamic,AI_CORE,"27,1536;6144,1536",DT_BF16;DT_BF16,ND;ND,"27,6144",DT_BF16,ND,46.86,bf16
dynamic,AI_CORE,"27,6144;512,6144",DT_BF16;DT_BF16,ND;ND,"27,512",DT_BF16,ND,45.11,bf16
dynamic,AI_CORE,"27,256;6144,256",DT_BF16;DT_BF16,ND;ND,"27,6144",DT_BF16,ND,45.04,bf16
dynamic,AI_CORE,"27,6144;19360,6144",DT_BF16;DT_BF16,ND;ND,"27,19360",DT_BF16,ND,193.91,bf16
dynamic,AI_CORE,"27,6144;256,6144",DT_BF16;DT_BF16,ND;ND,"27,256",DT_BF16,ND,47.43,bf16
dynamic,AI_CORE,"28,6144;24576,6144",DT_BF16;DT_BF16,ND;ND,"28,24576",DT_BF16,ND,250.62,bf16
dynamic,AI_CORE,"28,12288;6144,12288",DT_BF16;DT_BF16,ND;ND,"28,6144",DT_BF16,ND,123.93,bf16
dynamic,AI_CORE,"28,6144;4096,6144",DT_BF16;DT_BF16,ND;ND,"28,4096",DT_BF16,ND,45.00,bf16
dynamic,AI_CORE,"28,2048;6144,2048",DT_BF16;DT_BF16,ND;ND,"28,6144",DT_BF16,ND,43.03,bf16
dynamic,AI_CORE,"28,6144;154880,6144",DT_BF16;DT_BF16,ND;ND,"28,154880",DT_BF16,ND,1548.83,bf16
dynamic,AI_CORE,"28,6144;12288,6144",DT_BF16;DT_BF16,ND;ND,"28,12288",DT_BF16,ND,119.21,bf16
dynamic,AI_CORE,"28,6144;6144,6144",DT_BF16;DT_BF16,ND;ND,"28,6144",DT_BF16,ND,66.24,bf16
dynamic,AI_CORE,"28,6144;2048,6144",DT_BF16;DT_BF16,ND;ND,"28,2048",DT_BF16,ND,44.75,bf16
dynamic,AI_CORE,"28,1024;6144,1024",DT_BF16;DT_BF16,ND;ND,"28,6144",DT_BF16,ND,43.05,bf16
dynamic,AI_CORE,"28,6144;77440,6144",DT_BF16;DT_BF16,ND;ND,"28,77440",DT_BF16,ND,780.39,bf16
dynamic,AI_CORE,"28,3072;6144,3072",DT_BF16;DT_BF16,ND;ND,"28,6144",DT_BF16,ND,43.77,bf16
dynamic,AI_CORE,"28,6144;1024,6144",DT_BF16;DT_BF16,ND;ND,"28,1024",DT_BF16,ND,44.30,bf16
dynamic,AI_CORE,"28,512;6144,512",DT_BF16;DT_BF16,ND;ND,"28,6144",DT_BF16,ND,43.64,bf16
dynamic,AI_CORE,"28,6144;38720,6144",DT_BF16;DT_BF16,ND;ND,"28,38720",DT_BF16,ND,393.52,bf16
dynamic,AI_CORE,"28,6144;3072,6144",DT_BF16;DT_BF16,ND;ND,"28,3072",DT_BF16,ND,43.77,bf16
dynamic,AI_CORE,"28,1536;6144,1536",DT_BF16;DT_BF16,ND;ND,"28,6144",DT_BF16,ND,43.20,bf16
dynamic,AI_CORE,"28,6144;512,6144",DT_BF16;DT_BF16,ND;ND,"28,512",DT_BF16,ND,45.34,bf16
dynamic,AI_CORE,"28,256;6144,256",DT_BF16;DT_BF16,ND;ND,"28,6144",DT_BF16,ND,43.40,bf16
dynamic,AI_CORE,"28,6144;19360,6144",DT_BF16;DT_BF16,ND;ND,"28,19360",DT_BF16,ND,196.33,bf16
dynamic,AI_CORE,"28,6144;256,6144",DT_BF16;DT_BF16,ND;ND,"28,256",DT_BF16,ND,40.09,bf16
dynamic,AI_CORE,"30,6144;24576,6144",DT_BF16;DT_BF16,ND;ND,"30,24576",DT_BF16,ND,245.30,bf16
dynamic,AI_CORE,"30,12288;6144,12288",DT_BF16;DT_BF16,ND;ND,"30,6144",DT_BF16,ND,122.41,bf16
dynamic,AI_CORE,"30,6144;4096,6144",DT_BF16;DT_BF16,ND;ND,"30,4096",DT_BF16,ND,46.45,bf16
dynamic,AI_CORE,"30,2048;6144,2048",DT_BF16;DT_BF16,ND;ND,"30,6144",DT_BF16,ND,39.09,bf16
dynamic,AI_CORE,"30,6144;154880,6144",DT_BF16;DT_BF16,ND;ND,"30,154880",DT_BF16,ND,1553.27,bf16
dynamic,AI_CORE,"30,6144;12288,6144",DT_BF16;DT_BF16,ND;ND,"30,12288",DT_BF16,ND,120.54,bf16
dynamic,AI_CORE,"30,6144;6144,6144",DT_BF16;DT_BF16,ND;ND,"30,6144",DT_BF16,ND,61.96,bf16
dynamic,AI_CORE,"30,6144;2048,6144",DT_BF16;DT_BF16,ND;ND,"30,2048",DT_BF16,ND,38.48,bf16
dynamic,AI_CORE,"30,1024;6144,1024",DT_BF16;DT_BF16,ND;ND,"30,6144",DT_BF16,ND,38.44,bf16
dynamic,AI_CORE,"30,6144;77440,6144",DT_BF16;DT_BF16,ND;ND,"30,77440",DT_BF16,ND,786.46,bf16
dynamic,AI_CORE,"30,3072;6144,3072",DT_BF16;DT_BF16,ND;ND,"30,6144",DT_BF16,ND,37.59,bf16
dynamic,AI_CORE,"30,6144;1024,6144",DT_BF16;DT_BF16,ND;ND,"30,1024",DT_BF16,ND,37.91,bf16
dynamic,AI_CORE,"30,512;6144,512",DT_BF16;DT_BF16,ND;ND,"30,6144",DT_BF16,ND,37.52,bf16
dynamic,AI_CORE,"30,6144;38720,6144",DT_BF16;DT_BF16,ND;ND,"30,38720",DT_BF16,ND,392.74,bf16
dynamic,AI_CORE,"30,6144;3072,6144",DT_BF16;DT_BF16,ND;ND,"30,3072",DT_BF16,ND,38.91,bf16
dynamic,AI_CORE,"30,1536;6144,1536",DT_BF16;DT_BF16,ND;ND,"30,6144",DT_BF16,ND,37.63,bf16
dynamic,AI_CORE,"30,6144;512,6144",DT_BF16;DT_BF16,ND;ND,"30,512",DT_BF16,ND,37.22,bf16
dynamic,AI_CORE,"30,256;6144,256",DT_BF16;DT_BF16,ND;ND,"30,6144",DT_BF16,ND,38.71,bf16
dynamic,AI_CORE,"30,6144;19360,6144",DT_BF16;DT_BF16,ND;ND,"30,19360",DT_BF16,ND,196.49,bf16
dynamic,AI_CORE,"30,6144;256,6144",DT_BF16;DT_BF16,ND;ND,"30,256",DT_BF16,ND,38.77,bf16
dynamic,AI_CORE,"33,6144;24576,6144",DT_BF16;DT_BF16,ND;ND,"33,24576",DT_BF16,ND,248.02,bf16
dynamic,AI_CORE,"33,12288;6144,12288",DT_BF16;DT_BF16,ND;ND,"33,6144",DT_BF16,ND,123.46,bf16
dynamic,AI_CORE,"33,6144;4096,6144",DT_BF16;DT_BF16,ND;ND,"33,4096",DT_BF16,ND,52.35,bf16
dynamic,AI_CORE,"33,2048;6144,2048",DT_BF16;DT_BF16,ND;ND,"33,6144",DT_BF16,ND,40.68,bf16
dynamic,AI_CORE,"33,6144;154880,6144",DT_BF16;DT_BF16,ND;ND,"33,154880",DT_BF16,ND,1552.81,bf16
dynamic,AI_CORE,"33,6144;12288,6144",DT_BF16;DT_BF16,ND;ND,"33,12288",DT_BF16,ND,127.36,bf16
dynamic,AI_CORE,"33,6144;6144,6144",DT_BF16;DT_BF16,ND;ND,"33,6144",DT_BF16,ND,69.78,bf16
dynamic,AI_CORE,"33,6144;2048,6144",DT_BF16;DT_BF16,ND;ND,"33,2048",DT_BF16,ND,37.93,bf16
dynamic,AI_CORE,"33,1024;6144,1024",DT_BF16;DT_BF16,ND;ND,"33,6144",DT_BF16,ND,38.47,bf16
dynamic,AI_CORE,"33,6144;77440,6144",DT_BF16;DT_BF16,ND;ND,"33,77440",DT_BF16,ND,785.05,bf16
dynamic,AI_CORE,"33,3072;6144,3072",DT_BF16;DT_BF16,ND;ND,"33,6144",DT_BF16,ND,38.34,bf16
dynamic,AI_CORE,"33,6144;1024,6144",DT_BF16;DT_BF16,ND;ND,"33,1024",DT_BF16,ND,38.03,bf16
dynamic,AI_CORE,"33,512;6144,512",DT_BF16;DT_BF16,ND;ND,"33,6144",DT_BF16,ND,37.51,bf16
dynamic,AI_CORE,"33,6144;38720,6144",DT_BF16;DT_BF16,ND;ND,"33,38720",DT_BF16,ND,399.23,bf16
dynamic,AI_CORE,"33,6144;3072,6144",DT_BF16;DT_BF16,ND;ND,"33,3072",DT_BF16,ND,38.11,bf16
dynamic,AI_CORE,"33,1536;6144,1536",DT_BF16;DT_BF16,ND;ND,"33,6144",DT_BF16,ND,44.35,bf16
dynamic,AI_CORE,"33,6144;512,6144",DT_BF16;DT_BF16,ND;ND,"33,512",DT_BF16,ND,42.69,bf16
dynamic,AI_CORE,"33,256;6144,256",DT_BF16;DT_BF16,ND;ND,"33,6144",DT_BF16,ND,43.51,bf16
dynamic,AI_CORE,"33,6144;19360,6144",DT_BF16;DT_BF16,ND;ND,"33,19360",DT_BF16,ND,196.69,bf16
dynamic,AI_CORE,"33,6144;256,6144",DT_BF16;DT_BF16,ND;ND,"33,256",DT_BF16,ND,42.95,bf16
dynamic,AI_CORE,"36,6144;24576,6144",DT_BF16;DT_BF16,ND;ND,"36,24576",DT_BF16,ND,254.82,bf16
dynamic,AI_CORE,"36,12288;6144,12288",DT_BF16;DT_BF16,ND;ND,"36,6144",DT_BF16,ND,121.75,bf16
dynamic,AI_CORE,"36,6144;4096,6144",DT_BF16;DT_BF16,ND;ND,"36,4096",DT_BF16,ND,50.91,bf16
dynamic,AI_CORE,"36,2048;6144,2048",DT_BF16;DT_BF16,ND;ND,"36,6144",DT_BF16,ND,43.09,bf16
dynamic,AI_CORE,"36,6144;154880,6144",DT_BF16;DT_BF16,ND;ND,"36,154880",DT_BF16,ND,1569.05,bf16
dynamic,AI_CORE,"36,6144;12288,6144",DT_BF16;DT_BF16,ND;ND,"36,12288",DT_BF16,ND,120.77,bf16
dynamic,AI_CORE,"36,6144;6144,6144",DT_BF16;DT_BF16,ND;ND,"36,6144",DT_BF16,ND,68.85,bf16
dynamic,AI_CORE,"36,6144;2048,6144",DT_BF16;DT_BF16,ND;ND,"36,2048",DT_BF16,ND,39.93,bf16
dynamic,AI_CORE,"36,1024;6144,1024",DT_BF16;DT_BF16,ND;ND,"36,6144",DT_BF16,ND,38.68,bf16
dynamic,AI_CORE,"36,6144;77440,6144",DT_BF16;DT_BF16,ND;ND,"36,77440",DT_BF16,ND,775.98,bf16
dynamic,AI_CORE,"36,3072;6144,3072",DT_BF16;DT_BF16,ND;ND,"36,6144",DT_BF16,ND,37.81,bf16
dynamic,AI_CORE,"36,6144;1024,6144",DT_BF16;DT_BF16,ND;ND,"36,1024",DT_BF16,ND,38.06,bf16
dynamic,AI_CORE,"36,512;6144,512",DT_BF16;DT_BF16,ND;ND,"36,6144",DT_BF16,ND,37.62,bf16
dynamic,AI_CORE,"36,6144;38720,6144",DT_BF16;DT_BF16,ND;ND,"36,38720",DT_BF16,ND,402.56,bf16
dynamic,AI_CORE,"36,6144;3072,6144",DT_BF16;DT_BF16,ND;ND,"36,3072",DT_BF16,ND,37.98,bf16
dynamic,AI_CORE,"36,1536;6144,1536",DT_BF16;DT_BF16,ND;ND,"36,6144",DT_BF16,ND,38.47,bf16
dynamic,AI_CORE,"36,6144;512,6144",DT_BF16;DT_BF16,ND;ND,"36,512",DT_BF16,ND,38.15,bf16
dynamic,AI_CORE,"36,256;6144,256",DT_BF16;DT_BF16,ND;ND,"36,6144",DT_BF16,ND,38.15,bf16
dynamic,AI_CORE,"36,6144;19360,6144",DT_BF16;DT_BF16,ND;ND,"36,19360",DT_BF16,ND,195.85,bf16
dynamic,AI_CORE,"36,6144;256,6144",DT_BF16;DT_BF16,ND;ND,"36,256",DT_BF16,ND,44.00,bf16
dynamic,AI_CORE,"38,6144;24576,6144",DT_BF16;DT_BF16,ND;ND,"38,24576",DT_BF16,ND,250.42,bf16
dynamic,AI_CORE,"38,12288;6144,12288",DT_BF16;DT_BF16,ND;ND,"38,6144",DT_BF16,ND,126.75,bf16
dynamic,AI_CORE,"38,6144;4096,6144",DT_BF16;DT_BF16,ND;ND,"38,4096",DT_BF16,ND,53.67,bf16
dynamic,AI_CORE,"38,2048;6144,2048",DT_BF16;DT_BF16,ND;ND,"38,6144",DT_BF16,ND,44.02,bf16
dynamic,AI_CORE,"38,6144;154880,6144",DT_BF16;DT_BF16,ND;ND,"38,154880",DT_BF16,ND,1555.31,bf16
dynamic,AI_CORE,"38,6144;12288,6144",DT_BF16;DT_BF16,ND;ND,"38,12288",DT_BF16,ND,126.81,bf16
dynamic,AI_CORE,"38,6144;6144,6144",DT_BF16;DT_BF16,ND;ND,"38,6144",DT_BF16,ND,62.74,bf16
dynamic,AI_CORE,"38,6144;2048,6144",DT_BF16;DT_BF16,ND;ND,"38,2048",DT_BF16,ND,38.14,bf16
dynamic,AI_CORE,"38,1024;6144,1024",DT_BF16;DT_BF16,ND;ND,"38,6144",DT_BF16,ND,37.89,bf16
dynamic,AI_CORE,"38,6144;77440,6144",DT_BF16;DT_BF16,ND;ND,"38,77440",DT_BF16,ND,798.41,bf16
dynamic,AI_CORE,"38,3072;6144,3072",DT_BF16;DT_BF16,ND;ND,"38,6144",DT_BF16,ND,38.22,bf16
dynamic,AI_CORE,"38,6144;1024,6144",DT_BF16;DT_BF16,ND;ND,"38,1024",DT_BF16,ND,37.46,bf16
dynamic,AI_CORE,"38,512;6144,512",DT_BF16;DT_BF16,ND;ND,"38,6144",DT_BF16,ND,37.55,bf16
dynamic,AI_CORE,"38,6144;38720,6144",DT_BF16;DT_BF16,ND;ND,"38,38720",DT_BF16,ND,400.32,bf16
dynamic,AI_CORE,"38,6144;3072,6144",DT_BF16;DT_BF16,ND;ND,"38,3072",DT_BF16,ND,38.07,bf16
dynamic,AI_CORE,"38,1536;6144,1536",DT_BF16;DT_BF16,ND;ND,"38,6144",DT_BF16,ND,37.50,bf16
dynamic,AI_CORE,"38,6144;512,6144",DT_BF16;DT_BF16,ND;ND,"38,512",DT_BF16,ND,39.29,bf16
dynamic,AI_CORE,"38,256;6144,256",DT_BF16;DT_BF16,ND;ND,"38,6144",DT_BF16,ND,37.53,bf16
dynamic,AI_CORE,"38,6144;19360,6144",DT_BF16;DT_BF16,ND;ND,"38,19360",DT_BF16,ND,196.88,bf16
dynamic,AI_CORE,"38,6144;256,6144",DT_BF16;DT_BF16,ND;ND,"38,256",DT_BF16,ND,38.28,bf16
dynamic,AI_CORE,"40,6144;24576,6144",DT_BF16;DT_BF16,ND;ND,"40,24576",DT_BF16,ND,252.14,bf16
dynamic,AI_CORE,"40,12288;6144,12288",DT_BF16;DT_BF16,ND;ND,"40,6144",DT_BF16,ND,123.03,bf16
dynamic,AI_CORE,"40,6144;4096,6144",DT_BF16;DT_BF16,ND;ND,"40,4096",DT_BF16,ND,52.74,bf16
dynamic,AI_CORE,"40,2048;6144,2048",DT_BF16;DT_BF16,ND;ND,"40,6144",DT_BF16,ND,37.08,bf16
dynamic,AI_CORE,"40,6144;154880,6144",DT_BF16;DT_BF16,ND;ND,"40,154880",DT_BF16,ND,1557.12,bf16
dynamic,AI_CORE,"40,6144;12288,6144",DT_BF16;DT_BF16,ND;ND,"40,12288",DT_BF16,ND,121.67,bf16
dynamic,AI_CORE,"40,6144;6144,6144",DT_BF16;DT_BF16,ND;ND,"40,6144",DT_BF16,ND,69.39,bf16
dynamic,AI_CORE,"40,6144;2048,6144",DT_BF16;DT_BF16,ND;ND,"40,2048",DT_BF16,ND,46.86,bf16
dynamic,AI_CORE,"40,1024;6144,1024",DT_BF16;DT_BF16,ND;ND,"40,6144",DT_BF16,ND,44.89,bf16
dynamic,AI_CORE,"40,6144;77440,6144",DT_BF16;DT_BF16,ND;ND,"40,77440",DT_BF16,ND,801.28,bf16
dynamic,AI_CORE,"40,3072;6144,3072",DT_BF16;DT_BF16,ND;ND,"40,6144",DT_BF16,ND,47.72,bf16
dynamic,AI_CORE,"40,6144;1024,6144",DT_BF16;DT_BF16,ND;ND,"40,1024",DT_BF16,ND,46.66,bf16
dynamic,AI_CORE,"40,512;6144,512",DT_BF16;DT_BF16,ND;ND,"40,6144",DT_BF16,ND,45.72,bf16
dynamic,AI_CORE,"40,6144;38720,6144",DT_BF16;DT_BF16,ND;ND,"40,38720",DT_BF16,ND,406.59,bf16
dynamic,AI_CORE,"40,6144;3072,6144",DT_BF16;DT_BF16,ND;ND,"40,3072",DT_BF16,ND,40.17,bf16
dynamic,AI_CORE,"40,1536;6144,1536",DT_BF16;DT_BF16,ND;ND,"40,6144",DT_BF16,ND,41.17,bf16
dynamic,AI_CORE,"40,6144;512,6144",DT_BF16;DT_BF16,ND;ND,"40,512",DT_BF16,ND,38.09,bf16
dynamic,AI_CORE,"40,256;6144,256",DT_BF16;DT_BF16,ND;ND,"40,6144",DT_BF16,ND,39.59,bf16
dynamic,AI_CORE,"40,6144;19360,6144",DT_BF16;DT_BF16,ND;ND,"40,19360",DT_BF16,ND,196.99,bf16
dynamic,AI_CORE,"40,6144;256,6144",DT_BF16;DT_BF16,ND;ND,"40,256",DT_BF16,ND,40.07,bf16
dynamic,AI_CORE,"42,6144;24576,6144",DT_BF16;DT_BF16,ND;ND,"42,24576",DT_BF16,ND,251.48,bf16
dynamic,AI_CORE,"42,12288;6144,12288",DT_BF16;DT_BF16,ND;ND,"42,6144",DT_BF16,ND,123.03,bf16
dynamic,AI_CORE,"42,6144;4096,6144",DT_BF16;DT_BF16,ND;ND,"42,4096",DT_BF16,ND,51.08,bf16
dynamic,AI_CORE,"42,2048;6144,2048",DT_BF16;DT_BF16,ND;ND,"42,6144",DT_BF16,ND,39.63,bf16
dynamic,AI_CORE,"42,6144;154880,6144",DT_BF16;DT_BF16,ND;ND,"42,154880",DT_BF16,ND,1562.29,bf16
dynamic,AI_CORE,"42,6144;12288,6144",DT_BF16;DT_BF16,ND;ND,"42,12288",DT_BF16,ND,120.27,bf16
dynamic,AI_CORE,"42,6144;6144,6144",DT_BF16;DT_BF16,ND;ND,"42,6144",DT_BF16,ND,65.67,bf16
dynamic,AI_CORE,"42,6144;2048,6144",DT_BF16;DT_BF16,ND;ND,"42,2048",DT_BF16,ND,45.15,bf16
dynamic,AI_CORE,"42,1024;6144,1024",DT_BF16;DT_BF16,ND;ND,"42,6144",DT_BF16,ND,46.04,bf16
dynamic,AI_CORE,"42,6144;77440,6144",DT_BF16;DT_BF16,ND;ND,"42,77440",DT_BF16,ND,805.53,bf16
dynamic,AI_CORE,"42,3072;6144,3072",DT_BF16;DT_BF16,ND;ND,"42,6144",DT_BF16,ND,43.99,bf16
dynamic,AI_CORE,"42,6144;1024,6144",DT_BF16;DT_BF16,ND;ND,"42,1024",DT_BF16,ND,43.54,bf16
dynamic,AI_CORE,"42,512;6144,512",DT_BF16;DT_BF16,ND;ND,"42,6144",DT_BF16,ND,47.85,bf16
dynamic,AI_CORE,"42,6144;38720,6144",DT_BF16;DT_BF16,ND;ND,"42,38720",DT_BF16,ND,404.28,bf16
dynamic,AI_CORE,"42,6144;3072,6144",DT_BF16;DT_BF16,ND;ND,"42,3072",DT_BF16,ND,43.30,bf16
dynamic,AI_CORE,"42,1536;6144,1536",DT_BF16;DT_BF16,ND;ND,"42,6144",DT_BF16,ND,43.49,bf16
dynamic,AI_CORE,"42,6144;512,6144",DT_BF16;DT_BF16,ND;ND,"42,512",DT_BF16,ND,44.40,bf16
dynamic,AI_CORE,"42,256;6144,256",DT_BF16;DT_BF16,ND;ND,"42,6144",DT_BF16,ND,44.68,bf16
dynamic,AI_CORE,"42,6144;19360,6144",DT_BF16;DT_BF16,ND;ND,"42,19360",DT_BF16,ND,199.27,bf16
dynamic,AI_CORE,"42,6144;256,6144",DT_BF16;DT_BF16,ND;ND,"42,256",DT_BF16,ND,43.99,bf16
dynamic,AI_CORE,"48,6144;24576,6144",DT_BF16;DT_BF16,ND;ND,"48,24576",DT_BF16,ND,253.70,bf16
dynamic,AI_CORE,"48,12288;6144,12288",DT_BF16;DT_BF16,ND;ND,"48,6144",DT_BF16,ND,128.96,bf16
dynamic,AI_CORE,"48,6144;4096,6144",DT_BF16;DT_BF16,ND;ND,"48,4096",DT_BF16,ND,52.38,bf16
dynamic,AI_CORE,"48,2048;6144,2048",DT_BF16;DT_BF16,ND;ND,"48,6144",DT_BF16,ND,43.46,bf16
dynamic,AI_CORE,"48,6144;154880,6144",DT_BF16;DT_BF16,ND;ND,"48,154880",DT_BF16,ND,1591.26,bf16
dynamic,AI_CORE,"48,6144;12288,6144",DT_BF16;DT_BF16,ND;ND,"48,12288",DT_BF16,ND,123.85,bf16
dynamic,AI_CORE,"48,6144;6144,6144",DT_BF16;DT_BF16,ND;ND,"48,6144",DT_BF16,ND,63.69,bf16
dynamic,AI_CORE,"48,6144;2048,6144",DT_BF16;DT_BF16,ND;ND,"48,2048",DT_BF16,ND,43.59,bf16
dynamic,AI_CORE,"48,1024;6144,1024",DT_BF16;DT_BF16,ND;ND,"48,6144",DT_BF16,ND,44.32,bf16
dynamic,AI_CORE,"48,6144;77440,6144",DT_BF16;DT_BF16,ND;ND,"48,77440",DT_BF16,ND,831.03,bf16
dynamic,AI_CORE,"48,3072;6144,3072",DT_BF16;DT_BF16,ND;ND,"48,6144",DT_BF16,ND,46.09,bf16
dynamic,AI_CORE,"48,6144;1024,6144",DT_BF16;DT_BF16,ND;ND,"48,1024",DT_BF16,ND,43.76,bf16
dynamic,AI_CORE,"48,512;6144,512",DT_BF16;DT_BF16,ND;ND,"48,6144",DT_BF16,ND,44.01,bf16
dynamic,AI_CORE,"48,6144;38720,6144",DT_BF16;DT_BF16,ND;ND,"48,38720",DT_BF16,ND,411.23,bf16
dynamic,AI_CORE,"48,6144;3072,6144",DT_BF16;DT_BF16,ND;ND,"48,3072",DT_BF16,ND,43.43,bf16
dynamic,AI_CORE,"48,1536;6144,1536",DT_BF16;DT_BF16,ND;ND,"48,6144",DT_BF16,ND,43.14,bf16
dynamic,AI_CORE,"48,6144;512,6144",DT_BF16;DT_BF16,ND;ND,"48,512",DT_BF16,ND,44.05,bf16
dynamic,AI_CORE,"48,256;6144,256",DT_BF16;DT_BF16,ND;ND,"48,6144",DT_BF16,ND,38.64,bf16
dynamic,AI_CORE,"48,6144;19360,6144",DT_BF16;DT_BF16,ND;ND,"48,19360",DT_BF16,ND,203.05,bf16
dynamic,AI_CORE,"48,6144;256,6144",DT_BF16;DT_BF16,ND;ND,"48,256",DT_BF16,ND,38.64,bf16
dynamic,AI_CORE,"56,6144;24576,6144",DT_BF16;DT_BF16,ND;ND,"56,24576",DT_BF16,ND,260.49,bf16
dynamic,AI_CORE,"56,12288;6144,12288",DT_BF16;DT_BF16,ND;ND,"56,6144",DT_BF16,ND,133.71,bf16
dynamic,AI_CORE,"56,6144;4096,6144",DT_BF16;DT_BF16,ND;ND,"56,4096",DT_BF16,ND,56.23,bf16
dynamic,AI_CORE,"56,2048;6144,2048",DT_BF16;DT_BF16,ND;ND,"56,6144",DT_BF16,ND,38.65,bf16
dynamic,AI_CORE,"56,6144;154880,6144",DT_BF16;DT_BF16,ND;ND,"56,154880",DT_BF16,ND,1604.11,bf16
dynamic,AI_CORE,"56,6144;12288,6144",DT_BF16;DT_BF16,ND;ND,"56,12288",DT_BF16,ND,125.19,bf16
dynamic,AI_CORE,"56,6144;6144,6144",DT_BF16;DT_BF16,ND;ND,"56,6144",DT_BF16,ND,64.38,bf16
dynamic,AI_CORE,"56,6144;2048,6144",DT_BF16;DT_BF16,ND;ND,"56,2048",DT_BF16,ND,39.00,bf16
dynamic,AI_CORE,"56,1024;6144,1024",DT_BF16;DT_BF16,ND;ND,"56,6144",DT_BF16,ND,45.29,bf16
dynamic,AI_CORE,"56,6144;77440,6144",DT_BF16;DT_BF16,ND;ND,"56,77440",DT_BF16,ND,822.12,bf16
dynamic,AI_CORE,"56,3072;6144,3072",DT_BF16;DT_BF16,ND;ND,"56,6144",DT_BF16,ND,44.64,bf16
dynamic,AI_CORE,"56,6144;1024,6144",DT_BF16;DT_BF16,ND;ND,"56,1024",DT_BF16,ND,44.66,bf16
dynamic,AI_CORE,"56,512;6144,512",DT_BF16;DT_BF16,ND;ND,"56,6144",DT_BF16,ND,44.29,bf16
dynamic,AI_CORE,"56,6144;38720,6144",DT_BF16;DT_BF16,ND;ND,"56,38720",DT_BF16,ND,411.89,bf16
dynamic,AI_CORE,"56,6144;3072,6144",DT_BF16;DT_BF16,ND;ND,"56,3072",DT_BF16,ND,45.55,bf16
dynamic,AI_CORE,"56,1536;6144,1536",DT_BF16;DT_BF16,ND;ND,"56,6144",DT_BF16,ND,45.25,bf16
dynamic,AI_CORE,"56,6144;512,6144",DT_BF16;DT_BF16,ND;ND,"56,512",DT_BF16,ND,45.43,bf16
dynamic,AI_CORE,"56,256;6144,256",DT_BF16;DT_BF16,ND;ND,"56,6144",DT_BF16,ND,45.00,bf16
dynamic,AI_CORE,"56,6144;19360,6144",DT_BF16;DT_BF16,ND;ND,"56,19360",DT_BF16,ND,207.05,bf16
dynamic,AI_CORE,"56,6144;256,6144",DT_BF16;DT_BF16,ND;ND,"56,256",DT_BF16,ND,44.29,bf16
dynamic,AI_CORE,"57,6144;24576,6144",DT_BF16;DT_BF16,ND;ND,"57,24576",DT_BF16,ND,263.38,bf16
dynamic,AI_CORE,"57,12288;6144,12288",DT_BF16;DT_BF16,ND;ND,"57,6144",DT_BF16,ND,128.60,bf16
dynamic,AI_CORE,"57,6144;4096,6144",DT_BF16;DT_BF16,ND;ND,"57,4096",DT_BF16,ND,57.32,bf16
dynamic,AI_CORE,"57,2048;6144,2048",DT_BF16;DT_BF16,ND;ND,"57,6144",DT_BF16,ND,44.08,bf16
dynamic,AI_CORE,"57,6144;154880,6144",DT_BF16;DT_BF16,ND;ND,"57,154880",DT_BF16,ND,1628.85,bf16
dynamic,AI_CORE,"57,6144;12288,6144",DT_BF16;DT_BF16,ND;ND,"57,12288",DT_BF16,ND,122.20,bf16
dynamic,AI_CORE,"57,6144;6144,6144",DT_BF16;DT_BF16,ND;ND,"57,6144",DT_BF16,ND,67.35,bf16
dynamic,AI_CORE,"57,6144;2048,6144",DT_BF16;DT_BF16,ND;ND,"57,2048",DT_BF16,ND,44.97,bf16
dynamic,AI_CORE,"57,1024;6144,1024",DT_BF16;DT_BF16,ND;ND,"57,6144",DT_BF16,ND,44.70,bf16
dynamic,AI_CORE,"57,6144;77440,6144",DT_BF16;DT_BF16,ND;ND,"57,77440",DT_BF16,ND,805.90,bf16
dynamic,AI_CORE,"57,3072;6144,3072",DT_BF16;DT_BF16,ND;ND,"57,6144",DT_BF16,ND,45.52,bf16
dynamic,AI_CORE,"57,6144;1024,6144",DT_BF16;DT_BF16,ND;ND,"57,1024",DT_BF16,ND,44.49,bf16
dynamic,AI_CORE,"57,512;6144,512",DT_BF16;DT_BF16,ND;ND,"57,6144",DT_BF16,ND,46.19,bf16
dynamic,AI_CORE,"57,6144;38720,6144",DT_BF16;DT_BF16,ND;ND,"57,38720",DT_BF16,ND,412.05,bf16
dynamic,AI_CORE,"57,6144;3072,6144",DT_BF16;DT_BF16,ND;ND,"57,3072",DT_BF16,ND,44.79,bf16
dynamic,AI_CORE,"57,1536;6144,1536",DT_BF16;DT_BF16,ND;ND,"57,6144",DT_BF16,ND,45.54,bf16
dynamic,AI_CORE,"57,6144;512,6144",DT_BF16;DT_BF16,ND;ND,"57,512",DT_BF16,ND,45.48,bf16
dynamic,AI_CORE,"57,256;6144,256",DT_BF16;DT_BF16,ND;ND,"57,6144",DT_BF16,ND,44.93,bf16
dynamic,AI_CORE,"57,6144;19360,6144",DT_BF16;DT_BF16,ND;ND,"57,19360",DT_BF16,ND,204.19,bf16
dynamic,AI_CORE,"57,6144;256,6144",DT_BF16;DT_BF16,ND;ND,"57,256",DT_BF16,ND,43.37,bf16
dynamic,AI_CORE,"76,6144;24576,6144",DT_BF16;DT_BF16,ND;ND,"76,24576",DT_BF16,ND,268.90,bf16
dynamic,AI_CORE,"76,12288;6144,12288",DT_BF16;DT_BF16,ND;ND,"76,6144",DT_BF16,ND,131.91,bf16
dynamic,AI_CORE,"76,6144;4096,6144",DT_BF16;DT_BF16,ND;ND,"76,4096",DT_BF16,ND,59.16,bf16
dynamic,AI_CORE,"76,2048;6144,2048",DT_BF16;DT_BF16,ND;ND,"76,6144",DT_BF16,ND,43.77,bf16
dynamic,AI_CORE,"76,6144;154880,6144",DT_BF16;DT_BF16,ND;ND,"76,154880",DT_BF16,ND,1655.98,bf16
dynamic,AI_CORE,"76,6144;12288,6144",DT_BF16;DT_BF16,ND;ND,"76,12288",DT_BF16,ND,125.70,bf16
dynamic,AI_CORE,"76,6144;6144,6144",DT_BF16;DT_BF16,ND;ND,"76,6144",DT_BF16,ND,69.99,bf16
dynamic,AI_CORE,"76,6144;2048,6144",DT_BF16;DT_BF16,ND;ND,"76,2048",DT_BF16,ND,43.37,bf16
dynamic,AI_CORE,"76,1024;6144,1024",DT_BF16;DT_BF16,ND;ND,"76,6144",DT_BF16,ND,42.81,bf16
dynamic,AI_CORE,"76,6144;77440,6144",DT_BF16;DT_BF16,ND;ND,"76,77440",DT_BF16,ND,844.92,bf16
dynamic,AI_CORE,"76,3072;6144,3072",DT_BF16;DT_BF16,ND;ND,"76,6144",DT_BF16,ND,44.00,bf16
dynamic,AI_CORE,"76,6144;1024,6144",DT_BF16;DT_BF16,ND;ND,"76,1024",DT_BF16,ND,42.50,bf16
dynamic,AI_CORE,"76,512;6144,512",DT_BF16;DT_BF16,ND;ND,"76,6144",DT_BF16,ND,42.69,bf16
dynamic,AI_CORE,"76,6144;38720,6144",DT_BF16;DT_BF16,ND;ND,"76,38720",DT_BF16,ND,432.80,bf16
dynamic,AI_CORE,"76,6144;3072,6144",DT_BF16;DT_BF16,ND;ND,"76,3072",DT_BF16,ND,44.11,bf16
dynamic,AI_CORE,"76,1536;6144,1536",DT_BF16;DT_BF16,ND;ND,"76,6144",DT_BF16,ND,43.52,bf16
dynamic,AI_CORE,"76,6144;512,6144",DT_BF16;DT_BF16,ND;ND,"76,512",DT_BF16,ND,43.69,bf16
dynamic,AI_CORE,"76,256;6144,256",DT_BF16;DT_BF16,ND;ND,"76,6144",DT_BF16,ND,43.65,bf16
dynamic,AI_CORE,"76,6144;19360,6144",DT_BF16;DT_BF16,ND;ND,"76,19360",DT_BF16,ND,208.03,bf16
dynamic,AI_CORE,"76,6144;256,6144",DT_BF16;DT_BF16,ND;ND,"76,256",DT_BF16,ND,42.59,bf16
dynamic,AI_CORE,"80,6144;24576,6144",DT_BF16;DT_BF16,ND;ND,"80,24576",DT_BF16,ND,266.26,bf16
dynamic,AI_CORE,"80,12288;6144,12288",DT_BF16;DT_BF16,ND;ND,"80,6144",DT_BF16,ND,133.11,bf16
dynamic,AI_CORE,"80,6144;4096,6144",DT_BF16;DT_BF16,ND;ND,"80,4096",DT_BF16,ND,50.95,bf16
dynamic,AI_CORE,"80,2048;6144,2048",DT_BF16;DT_BF16,ND;ND,"80,6144",DT_BF16,ND,43.11,bf16
dynamic,AI_CORE,"80,6144;154880,6144",DT_BF16;DT_BF16,ND;ND,"80,154880",DT_BF16,ND,1667.77,bf16
dynamic,AI_CORE,"80,6144;12288,6144",DT_BF16;DT_BF16,ND;ND,"80,12288",DT_BF16,ND,125.78,bf16
dynamic,AI_CORE,"80,6144;6144,6144",DT_BF16;DT_BF16,ND;ND,"80,6144",DT_BF16,ND,68.75,bf16
dynamic,AI_CORE,"80,6144;2048,6144",DT_BF16;DT_BF16,ND;ND,"80,2048",DT_BF16,ND,41.75,bf16
dynamic,AI_CORE,"80,1024;6144,1024",DT_BF16;DT_BF16,ND;ND,"80,6144",DT_BF16,ND,43.37,bf16
dynamic,AI_CORE,"80,6144;77440,6144",DT_BF16;DT_BF16,ND;ND,"80,77440",DT_BF16,ND,850.87,bf16
dynamic,AI_CORE,"80,3072;6144,3072",DT_BF16;DT_BF16,ND;ND,"80,6144",DT_BF16,ND,41.99,bf16
dynamic,AI_CORE,"80,6144;1024,6144",DT_BF16;DT_BF16,ND;ND,"80,1024",DT_BF16,ND,41.84,bf16
dynamic,AI_CORE,"80,512;6144,512",DT_BF16;DT_BF16,ND;ND,"80,6144",DT_BF16,ND,41.49,bf16
dynamic,AI_CORE,"80,6144;38720,6144",DT_BF16;DT_BF16,ND;ND,"80,38720",DT_BF16,ND,434.39,bf16
dynamic,AI_CORE,"80,6144;3072,6144",DT_BF16;DT_BF16,ND;ND,"80,3072",DT_BF16,ND,43.31,bf16
dynamic,AI_CORE,"80,1536;6144,1536",DT_BF16;DT_BF16,ND;ND,"80,6144",DT_BF16,ND,44.07,bf16
dynamic,AI_CORE,"80,6144;512,6144",DT_BF16;DT_BF16,ND;ND,"80,512",DT_BF16,ND,42.83,bf16
dynamic,AI_CORE,"80,256;6144,256",DT_BF16;DT_BF16,ND;ND,"80,6144",DT_BF16,ND,42.64,bf16
dynamic,AI_CORE,"80,6144;19360,6144",DT_BF16;DT_BF16,ND;ND,"80,19360",DT_BF16,ND,207.69,bf16
dynamic,AI_CORE,"80,6144;256,6144",DT_BF16;DT_BF16,ND;ND,"80,256",DT_BF16,ND,44.63,bf16
dynamic,AI_CORE,"95,6144;24576,6144",DT_BF16;DT_BF16,ND;ND,"95,24576",DT_BF16,ND,277.40,bf16
dynamic,AI_CORE,"95,12288;6144,12288",DT_BF16;DT_BF16,ND;ND,"95,6144",DT_BF16,ND,130.97,bf16
dynamic,AI_CORE,"95,6144;4096,6144",DT_BF16;DT_BF16,ND;ND,"95,4096",DT_BF16,ND,63.56,bf16
dynamic,AI_CORE,"95,2048;6144,2048",DT_BF16;DT_BF16,ND;ND,"95,6144",DT_BF16,ND,42.29,bf16
dynamic,AI_CORE,"95,6144;154880,6144",DT_BF16;DT_BF16,ND;ND,"95,154880",DT_BF16,ND,1719.00,bf16
dynamic,AI_CORE,"95,6144;12288,6144",DT_BF16;DT_BF16,ND;ND,"95,12288",DT_BF16,ND,128.54,bf16
dynamic,AI_CORE,"95,6144;6144,6144",DT_BF16;DT_BF16,ND;ND,"95,6144",DT_BF16,ND,67.55,bf16
dynamic,AI_CORE,"95,6144;2048,6144",DT_BF16;DT_BF16,ND;ND,"95,2048",DT_BF16,ND,45.90,bf16
dynamic,AI_CORE,"95,1024;6144,1024",DT_BF16;DT_BF16,ND;ND,"95,6144",DT_BF16,ND,42.41,bf16
dynamic,AI_CORE,"95,6144;77440,6144",DT_BF16;DT_BF16,ND;ND,"95,77440",DT_BF16,ND,863.34,bf16
dynamic,AI_CORE,"95,3072;6144,3072",DT_BF16;DT_BF16,ND;ND,"95,6144",DT_BF16,ND,42.24,bf16
dynamic,AI_CORE,"95,6144;1024,6144",DT_BF16;DT_BF16,ND;ND,"95,1024",DT_BF16,ND,46.15,bf16
dynamic,AI_CORE,"95,512;6144,512",DT_BF16;DT_BF16,ND;ND,"95,6144",DT_BF16,ND,42.60,bf16
dynamic,AI_CORE,"95,6144;38720,6144",DT_BF16;DT_BF16,ND;ND,"95,38720",DT_BF16,ND,432.42,bf16
dynamic,AI_CORE,"95,6144;3072,6144",DT_BF16;DT_BF16,ND;ND,"95,3072",DT_BF16,ND,44.82,bf16
dynamic,AI_CORE,"95,1536;6144,1536",DT_BF16;DT_BF16,ND;ND,"95,6144",DT_BF16,ND,41.96,bf16
dynamic,AI_CORE,"95,6144;512,6144",DT_BF16;DT_BF16,ND;ND,"95,512",DT_BF16,ND,44.72,bf16
dynamic,AI_CORE,"95,256;6144,256",DT_BF16;DT_BF16,ND;ND,"95,6144",DT_BF16,ND,45.83,bf16
dynamic,AI_CORE,"95,6144;19360,6144",DT_BF16;DT_BF16,ND;ND,"95,19360",DT_BF16,ND,214.10,bf16
dynamic,AI_CORE,"95,6144;256,6144",DT_BF16;DT_BF16,ND;ND,"95,256",DT_BF16,ND,46.07,bf16
dynamic,AI_CORE,"96,6144;24576,6144",DT_BF16;DT_BF16,ND;ND,"96,24576",DT_BF16,ND,275.63,bf16
dynamic,AI_CORE,"96,12288;6144,12288",DT_BF16;DT_BF16,ND;ND,"96,6144",DT_BF16,ND,135.17,bf16
dynamic,AI_CORE,"96,6144;4096,6144",DT_BF16;DT_BF16,ND;ND,"96,4096",DT_BF16,ND,56.27,bf16
dynamic,AI_CORE,"96,2048;6144,2048",DT_BF16;DT_BF16,ND;ND,"96,6144",DT_BF16,ND,44.28,bf16
dynamic,AI_CORE,"96,6144;154880,6144",DT_BF16;DT_BF16,ND;ND,"96,154880",DT_BF16,ND,1709.89,bf16
dynamic,AI_CORE,"96,6144;12288,6144",DT_BF16;DT_BF16,ND;ND,"96,12288",DT_BF16,ND,136.23,bf16
dynamic,AI_CORE,"96,6144;6144,6144",DT_BF16;DT_BF16,ND;ND,"96,6144",DT_BF16,ND,69.92,bf16
dynamic,AI_CORE,"96,6144;2048,6144",DT_BF16;DT_BF16,ND;ND,"96,2048",DT_BF16,ND,46.57,bf16
dynamic,AI_CORE,"96,1024;6144,1024",DT_BF16;DT_BF16,ND;ND,"96,6144",DT_BF16,ND,43.84,bf16
dynamic,AI_CORE,"96,6144;77440,6144",DT_BF16;DT_BF16,ND;ND,"96,77440",DT_BF16,ND,865.51,bf16
dynamic,AI_CORE,"96,3072;6144,3072",DT_BF16;DT_BF16,ND;ND,"96,6144",DT_BF16,ND,40.60,bf16
dynamic,AI_CORE,"96,6144;1024,6144",DT_BF16;DT_BF16,ND;ND,"96,1024",DT_BF16,ND,42.45,bf16
dynamic,AI_CORE,"96,512;6144,512",DT_BF16;DT_BF16,ND;ND,"96,6144",DT_BF16,ND,39.91,bf16
dynamic,AI_CORE,"96,6144;38720,6144",DT_BF16;DT_BF16,ND;ND,"96,38720",DT_BF16,ND,444.28,bf16
dynamic,AI_CORE,"96,6144;3072,6144",DT_BF16;DT_BF16,ND;ND,"96,3072",DT_BF16,ND,42.14,bf16
dynamic,AI_CORE,"96,1536;6144,1536",DT_BF16;DT_BF16,ND;ND,"96,6144",DT_BF16,ND,51.25,bf16
dynamic,AI_CORE,"96,6144;512,6144",DT_BF16;DT_BF16,ND;ND,"96,512",DT_BF16,ND,46.64,bf16
dynamic,AI_CORE,"96,256;6144,256",DT_BF16;DT_BF16,ND;ND,"96,6144",DT_BF16,ND,47.00,bf16
dynamic,AI_CORE,"96,6144;19360,6144",DT_BF16;DT_BF16,ND;ND,"96,19360",DT_BF16,ND,216.43,bf16
dynamic,AI_CORE,"96,6144;256,6144",DT_BF16;DT_BF16,ND;ND,"96,256",DT_BF16,ND,42.22,bf16
dynamic,AI_CORE,"100,6144;24576,6144",DT_BF16;DT_BF16,ND;ND,"100,24576",DT_BF16,ND,281.18,bf16
dynamic,AI_CORE,"100,12288;6144,12288",DT_BF16;DT_BF16,ND;ND,"100,6144",DT_BF16,ND,133.81,bf16
dynamic,AI_CORE,"100,6144;4096,6144",DT_BF16;DT_BF16,ND;ND,"100,4096",DT_BF16,ND,64.75,bf16
dynamic,AI_CORE,"100,2048;6144,2048",DT_BF16;DT_BF16,ND;ND,"100,6144",DT_BF16,ND,39.10,bf16
dynamic,AI_CORE,"100,6144;154880,6144",DT_BF16;DT_BF16,ND;ND,"100,154880",DT_BF16,ND,1717.59,bf16
dynamic,AI_CORE,"100,6144;12288,6144",DT_BF16;DT_BF16,ND;ND,"100,12288",DT_BF16,ND,129.14,bf16
dynamic,AI_CORE,"100,6144;6144,6144",DT_BF16;DT_BF16,ND;ND,"100,6144",DT_BF16,ND,70.46,bf16
dynamic,AI_CORE,"100,6144;2048,6144",DT_BF16;DT_BF16,ND;ND,"100,2048",DT_BF16,ND,52.05,bf16
dynamic,AI_CORE,"100,1024;6144,1024",DT_BF16;DT_BF16,ND;ND,"100,6144",DT_BF16,ND,44.80,bf16
dynamic,AI_CORE,"100,6144;77440,6144",DT_BF16;DT_BF16,ND;ND,"100,77440",DT_BF16,ND,875.93,bf16
dynamic,AI_CORE,"100,3072;6144,3072",DT_BF16;DT_BF16,ND;ND,"100,6144",DT_BF16,ND,45.09,bf16
dynamic,AI_CORE,"100,6144;1024,6144",DT_BF16;DT_BF16,ND;ND,"100,1024",DT_BF16,ND,42.15,bf16
dynamic,AI_CORE,"100,512;6144,512",DT_BF16;DT_BF16,ND;ND,"100,6144",DT_BF16,ND,40.50,bf16
dynamic,AI_CORE,"100,6144;38720,6144",DT_BF16;DT_BF16,ND;ND,"100,38720",DT_BF16,ND,450.72,bf16
dynamic,AI_CORE,"100,6144;3072,6144",DT_BF16;DT_BF16,ND;ND,"100,3072",DT_BF16,ND,48.24,bf16
dynamic,AI_CORE,"100,1536;6144,1536",DT_BF16;DT_BF16,ND;ND,"100,6144",DT_BF16,ND,46.58,bf16
dynamic,AI_CORE,"100,6144;512,6144",DT_BF16;DT_BF16,ND;ND,"100,512",DT_BF16,ND,47.27,bf16
dynamic,AI_CORE,"100,256;6144,256",DT_BF16;DT_BF16,ND;ND,"100,6144",DT_BF16,ND,45.74,bf16
dynamic,AI_CORE,"100,6144;19360,6144",DT_BF16;DT_BF16,ND;ND,"100,19360",DT_BF16,ND,219.31,bf16
dynamic,AI_CORE,"100,6144;256,6144",DT_BF16;DT_BF16,ND;ND,"100,256",DT_BF16,ND,49.03,bf16
dynamic,AI_CORE,"114,6144;24576,6144",DT_BF16;DT_BF16,ND;ND,"114,24576",DT_BF16,ND,287.09,bf16
dynamic,AI_CORE,"114,12288;6144,12288",DT_BF16;DT_BF16,ND;ND,"114,6144",DT_BF16,ND,135.87,bf16
dynamic,AI_CORE,"114,6144;4096,6144",DT_BF16;DT_BF16,ND;ND,"114,4096",DT_BF16,ND,56.51,bf16
dynamic,AI_CORE,"114,2048;6144,2048",DT_BF16;DT_BF16,ND;ND,"114,6144",DT_BF16,ND,44.52,bf16
dynamic,AI_CORE,"114,6144;154880,6144",DT_BF16;DT_BF16,ND;ND,"114,154880",DT_BF16,ND,1750.44,bf16
dynamic,AI_CORE,"114,6144;12288,6144",DT_BF16;DT_BF16,ND;ND,"114,12288",DT_BF16,ND,133.86,bf16
dynamic,AI_CORE,"114,6144;6144,6144",DT_BF16;DT_BF16,ND;ND,"114,6144",DT_BF16,ND,68.89,bf16
dynamic,AI_CORE,"114,6144;2048,6144",DT_BF16;DT_BF16,ND;ND,"114,2048",DT_BF16,ND,47.13,bf16
dynamic,AI_CORE,"114,1024;6144,1024",DT_BF16;DT_BF16,ND;ND,"114,6144",DT_BF16,ND,46.61,bf16
dynamic,AI_CORE,"114,6144;77440,6144",DT_BF16;DT_BF16,ND;ND,"114,77440",DT_BF16,ND,913.98,bf16
dynamic,AI_CORE,"114,3072;6144,3072",DT_BF16;DT_BF16,ND;ND,"114,6144",DT_BF16,ND,44.81,bf16
dynamic,AI_CORE,"114,6144;1024,6144",DT_BF16;DT_BF16,ND;ND,"114,1024",DT_BF16,ND,50.89,bf16
dynamic,AI_CORE,"114,512;6144,512",DT_BF16;DT_BF16,ND;ND,"114,6144",DT_BF16,ND,45.25,bf16
dynamic,AI_CORE,"114,6144;38720,6144",DT_BF16;DT_BF16,ND;ND,"114,38720",DT_BF16,ND,456.70,bf16
dynamic,AI_CORE,"114,6144;3072,6144",DT_BF16;DT_BF16,ND;ND,"114,3072",DT_BF16,ND,47.89,bf16
dynamic,AI_CORE,"114,1536;6144,1536",DT_BF16;DT_BF16,ND;ND,"114,6144",DT_BF16,ND,45.48,bf16
dynamic,AI_CORE,"114,6144;512,6144",DT_BF16;DT_BF16,ND;ND,"114,512",DT_BF16,ND,47.66,bf16
dynamic,AI_CORE,"114,256;6144,256",DT_BF16;DT_BF16,ND;ND,"114,6144",DT_BF16,ND,41.05,bf16
dynamic,AI_CORE,"114,6144;19360,6144",DT_BF16;DT_BF16,ND;ND,"114,19360",DT_BF16,ND,222.52,bf16
dynamic,AI_CORE,"114,6144;256,6144",DT_BF16;DT_BF16,ND;ND,"114,256",DT_BF16,ND,40.99,bf16
dynamic,AI_CORE,"152,6144;24576,6144",DT_BF16;DT_BF16,ND;ND,"152,24576",DT_BF16,ND,390.93,bf16
dynamic,AI_CORE,"152,12288;6144,12288",DT_BF16;DT_BF16,ND;ND,"152,6144",DT_BF16,ND,193.90,bf16
dynamic,AI_CORE,"152,6144;4096,6144",DT_BF16;DT_BF16,ND;ND,"152,4096",DT_BF16,ND,73.30,bf16
dynamic,AI_CORE,"152,2048;6144,2048",DT_BF16;DT_BF16,ND;ND,"152,6144",DT_BF16,ND,42.33,bf16
dynamic,AI_CORE,"152,6144;154880,6144",DT_BF16;DT_BF16,ND;ND,"152,154880",DT_BF16,ND,2434.33,bf16
dynamic,AI_CORE,"152,6144;12288,6144",DT_BF16;DT_BF16,ND;ND,"152,12288",DT_BF16,ND,191.07,bf16
dynamic,AI_CORE,"152,6144;6144,6144",DT_BF16;DT_BF16,ND;ND,"152,6144",DT_BF16,ND,98.39,bf16
dynamic,AI_CORE,"152,6144;2048,6144",DT_BF16;DT_BF16,ND;ND,"152,2048",DT_BF16,ND,45.21,bf16
dynamic,AI_CORE,"152,1024;6144,1024",DT_BF16;DT_BF16,ND;ND,"152,6144",DT_BF16,ND,42.78,bf16
dynamic,AI_CORE,"152,6144;77440,6144",DT_BF16;DT_BF16,ND;ND,"152,77440",DT_BF16,ND,1229.09,bf16
dynamic,AI_CORE,"152,3072;6144,3072",DT_BF16;DT_BF16,ND;ND,"152,6144",DT_BF16,ND,50.56,bf16
dynamic,AI_CORE,"152,6144;1024,6144",DT_BF16;DT_BF16,ND;ND,"152,1024",DT_BF16,ND,48.10,bf16
dynamic,AI_CORE,"152,512;6144,512",DT_BF16;DT_BF16,ND;ND,"152,6144",DT_BF16,ND,45.34,bf16
dynamic,AI_CORE,"152,6144;38720,6144",DT_BF16;DT_BF16,ND;ND,"152,38720",DT_BF16,ND,626.87,bf16
dynamic,AI_CORE,"152,6144;3072,6144",DT_BF16;DT_BF16,ND;ND,"152,3072",DT_BF16,ND,55.54,bf16
dynamic,AI_CORE,"152,1536;6144,1536",DT_BF16;DT_BF16,ND;ND,"152,6144",DT_BF16,ND,47.35,bf16
dynamic,AI_CORE,"152,6144;512,6144",DT_BF16;DT_BF16,ND;ND,"152,512",DT_BF16,ND,47.61,bf16
dynamic,AI_CORE,"152,256;6144,256",DT_BF16;DT_BF16,ND;ND,"152,6144",DT_BF16,ND,44.73,bf16
dynamic,AI_CORE,"152,6144;19360,6144",DT_BF16;DT_BF16,ND;ND,"152,19360",DT_BF16,ND,312.00,bf16
dynamic,AI_CORE,"152,6144;256,6144",DT_BF16;DT_BF16,ND;ND,"152,256",DT_BF16,ND,48.70,bf16
dynamic,AI_CORE,"160,6144;24576,6144",DT_BF16;DT_BF16,ND;ND,"160,24576",DT_BF16,ND,392.66,bf16
dynamic,AI_CORE,"160,12288;6144,12288",DT_BF16;DT_BF16,ND;ND,"160,6144",DT_BF16,ND,195.66,bf16
dynamic,AI_CORE,"160,6144;4096,6144",DT_BF16;DT_BF16,ND;ND,"160,4096",DT_BF16,ND,74.04,bf16
dynamic,AI_CORE,"160,2048;6144,2048",DT_BF16;DT_BF16,ND;ND,"160,6144",DT_BF16,ND,40.12,bf16
dynamic,AI_CORE,"160,6144;154880,6144",DT_BF16;DT_BF16,ND;ND,"160,154880",DT_BF16,ND,2439.33,bf16
dynamic,AI_CORE,"160,6144;12288,6144",DT_BF16;DT_BF16,ND;ND,"160,12288",DT_BF16,ND,192.52,bf16
dynamic,AI_CORE,"160,6144;6144,6144",DT_BF16;DT_BF16,ND;ND,"160,6144",DT_BF16,ND,98.77,bf16
dynamic,AI_CORE,"160,6144;2048,6144",DT_BF16;DT_BF16,ND;ND,"160,2048",DT_BF16,ND,48.32,bf16
dynamic,AI_CORE,"160,1024;6144,1024",DT_BF16;DT_BF16,ND;ND,"160,6144",DT_BF16,ND,44.54,bf16
dynamic,AI_CORE,"160,6144;77440,6144",DT_BF16;DT_BF16,ND;ND,"160,77440",DT_BF16,ND,1232.67,bf16
dynamic,AI_CORE,"160,3072;6144,3072",DT_BF16;DT_BF16,ND;ND,"160,6144",DT_BF16,ND,52.17,bf16
dynamic,AI_CORE,"160,6144;1024,6144",DT_BF16;DT_BF16,ND;ND,"160,1024",DT_BF16,ND,47.31,bf16
dynamic,AI_CORE,"160,512;6144,512",DT_BF16;DT_BF16,ND;ND,"160,6144",DT_BF16,ND,44.51,bf16
dynamic,AI_CORE,"160,6144;38720,6144",DT_BF16;DT_BF16,ND;ND,"160,38720",DT_BF16,ND,633.40,bf16
dynamic,AI_CORE,"160,6144;3072,6144",DT_BF16;DT_BF16,ND;ND,"160,3072",DT_BF16,ND,55.06,bf16
dynamic,AI_CORE,"160,1536;6144,1536",DT_BF16;DT_BF16,ND;ND,"160,6144",DT_BF16,ND,44.66,bf16
dynamic,AI_CORE,"160,6144;512,6144",DT_BF16;DT_BF16,ND;ND,"160,512",DT_BF16,ND,47.74,bf16
dynamic,AI_CORE,"160,256;6144,256",DT_BF16;DT_BF16,ND;ND,"160,6144",DT_BF16,ND,44.90,bf16
dynamic,AI_CORE,"160,6144;19360,6144",DT_BF16;DT_BF16,ND;ND,"160,19360",DT_BF16,ND,315.65,bf16
dynamic,AI_CORE,"160,6144;256,6144",DT_BF16;DT_BF16,ND;ND,"160,256",DT_BF16,ND,49.38,bf16
dynamic,AI_CORE,"192,6144;24576,6144",DT_BF16;DT_BF16,ND;ND,"192,24576",DT_BF16,ND,405.20,bf16
dynamic,AI_CORE,"192,12288;6144,12288",DT_BF16;DT_BF16,ND;ND,"192,6144",DT_BF16,ND,204.37,bf16
dynamic,AI_CORE,"192,6144;4096,6144",DT_BF16;DT_BF16,ND;ND,"192,4096",DT_BF16,ND,76.65,bf16
dynamic,AI_CORE,"192,2048;6144,2048",DT_BF16;DT_BF16,ND;ND,"192,6144",DT_BF16,ND,45.44,bf16
dynamic,AI_CORE,"192,6144;154880,6144",DT_BF16;DT_BF16,ND;ND,"192,154880",DT_BF16,ND,2542.11,bf16
dynamic,AI_CORE,"192,6144;12288,6144",DT_BF16;DT_BF16,ND;ND,"192,12288",DT_BF16,ND,200.38,bf16
dynamic,AI_CORE,"192,6144;6144,6144",DT_BF16;DT_BF16,ND;ND,"192,6144",DT_BF16,ND,101.92,bf16
dynamic,AI_CORE,"192,6144;2048,6144",DT_BF16;DT_BF16,ND;ND,"192,2048",DT_BF16,ND,46.95,bf16
dynamic,AI_CORE,"192,1024;6144,1024",DT_BF16;DT_BF16,ND;ND,"192,6144",DT_BF16,ND,44.08,bf16
dynamic,AI_CORE,"192,6144;77440,6144",DT_BF16;DT_BF16,ND;ND,"192,77440",DT_BF16,ND,1288.29,bf16
dynamic,AI_CORE,"192,3072;6144,3072",DT_BF16;DT_BF16,ND;ND,"192,6144",DT_BF16,ND,74.48,bf16
dynamic,AI_CORE,"192,6144;1024,6144",DT_BF16;DT_BF16,ND;ND,"192,1024",DT_BF16,ND,49.75,bf16
dynamic,AI_CORE,"192,512;6144,512",DT_BF16;DT_BF16,ND;ND,"192,6144",DT_BF16,ND,45.97,bf16
dynamic,AI_CORE,"192,6144;38720,6144",DT_BF16;DT_BF16,ND;ND,"192,38720",DT_BF16,ND,656.24,bf16
dynamic,AI_CORE,"192,6144;3072,6144",DT_BF16;DT_BF16,ND;ND,"192,3072",DT_BF16,ND,52.62,bf16
dynamic,AI_CORE,"192,1536;6144,1536",DT_BF16;DT_BF16,ND;ND,"192,6144",DT_BF16,ND,44.12,bf16
dynamic,AI_CORE,"192,6144;512,6144",DT_BF16;DT_BF16,ND;ND,"192,512",DT_BF16,ND,47.05,bf16
dynamic,AI_CORE,"192,256;6144,256",DT_BF16;DT_BF16,ND;ND,"192,6144",DT_BF16,ND,44.89,bf16
dynamic,AI_CORE,"192,6144;19360,6144",DT_BF16;DT_BF16,ND;ND,"192,19360",DT_BF16,ND,326.40,bf16
dynamic,AI_CORE,"192,6144;256,6144",DT_BF16;DT_BF16,ND;ND,"192,256",DT_BF16,ND,46.73,bf16
dynamic,AI_CORE,"200,6144;24576,6144",DT_BF16;DT_BF16,ND;ND,"200,24576",DT_BF16,ND,410.19,bf16
dynamic,AI_CORE,"200,12288;6144,12288",DT_BF16;DT_BF16,ND;ND,"200,6144",DT_BF16,ND,203.15,bf16
dynamic,AI_CORE,"200,6144;4096,6144",DT_BF16;DT_BF16,ND;ND,"200,4096",DT_BF16,ND,77.03,bf16
dynamic,AI_CORE,"200,2048;6144,2048",DT_BF16;DT_BF16,ND;ND,"200,6144",DT_BF16,ND,44.87,bf16
dynamic,AI_CORE,"200,6144;154880,6144",DT_BF16;DT_BF16,ND;ND,"200,154880",DT_BF16,ND,2560.77,bf16
dynamic,AI_CORE,"200,6144;12288,6144",DT_BF16;DT_BF16,ND;ND,"200,12288",DT_BF16,ND,200.29,bf16
dynamic,AI_CORE,"200,6144;6144,6144",DT_BF16;DT_BF16,ND;ND,"200,6144",DT_BF16,ND,102.73,bf16
dynamic,AI_CORE,"200,6144;2048,6144",DT_BF16;DT_BF16,ND;ND,"200,2048",DT_BF16,ND,46.72,bf16
dynamic,AI_CORE,"200,1024;6144,1024",DT_BF16;DT_BF16,ND;ND,"200,6144",DT_BF16,ND,44.13,bf16
dynamic,AI_CORE,"200,6144;77440,6144",DT_BF16;DT_BF16,ND;ND,"200,77440",DT_BF16,ND,1291.75,bf16
dynamic,AI_CORE,"200,3072;6144,3072",DT_BF16;DT_BF16,ND;ND,"200,6144",DT_BF16,ND,54.31,bf16
dynamic,AI_CORE,"200,6144;1024,6144",DT_BF16;DT_BF16,ND;ND,"200,1024",DT_BF16,ND,46.08,bf16
dynamic,AI_CORE,"200,512;6144,512",DT_BF16;DT_BF16,ND;ND,"200,6144",DT_BF16,ND,44.58,bf16
dynamic,AI_CORE,"200,6144;38720,6144",DT_BF16;DT_BF16,ND;ND,"200,38720",DT_BF16,ND,659.98,bf16
dynamic,AI_CORE,"200,6144;3072,6144",DT_BF16;DT_BF16,ND;ND,"200,3072",DT_BF16,ND,54.66,bf16
dynamic,AI_CORE,"200,1536;6144,1536",DT_BF16;DT_BF16,ND;ND,"200,6144",DT_BF16,ND,46.46,bf16
dynamic,AI_CORE,"200,6144;512,6144",DT_BF16;DT_BF16,ND;ND,"200,512",DT_BF16,ND,47.20,bf16
dynamic,AI_CORE,"200,256;6144,256",DT_BF16;DT_BF16,ND;ND,"200,6144",DT_BF16,ND,43.86,bf16
dynamic,AI_CORE,"200,6144;19360,6144",DT_BF16;DT_BF16,ND;ND,"200,19360",DT_BF16,ND,327.86,bf16
dynamic,AI_CORE,"200,6144;256,6144",DT_BF16;DT_BF16,ND;ND,"200,256",DT_BF16,ND,46.86,bf16
dynamic,AI_CORE,"304,6144;24576,6144",DT_BF16;DT_BF16,ND;ND,"304,24576",DT_BF16,ND,530.34,bf16
dynamic,AI_CORE,"304,12288;6144,12288",DT_BF16;DT_BF16,ND;ND,"304,6144",DT_BF16,ND,268.53,bf16
dynamic,AI_CORE,"304,6144;4096,6144",DT_BF16;DT_BF16,ND;ND,"304,4096",DT_BF16,ND,91.38,bf16
dynamic,AI_CORE,"304,2048;6144,2048",DT_BF16;DT_BF16,ND;ND,"304,6144",DT_BF16,ND,45.95,bf16
dynamic,AI_CORE,"304,6144;154880,6144",DT_BF16;DT_BF16,ND;ND,"304,154880",DT_BF16,ND,3348.99,bf16
dynamic,AI_CORE,"304,6144;12288,6144",DT_BF16;DT_BF16,ND;ND,"304,12288",DT_BF16,ND,264.46,bf16
dynamic,AI_CORE,"304,6144;6144,6144",DT_BF16;DT_BF16,ND;ND,"304,6144",DT_BF16,ND,135.46,bf16
dynamic,AI_CORE,"304,6144;2048,6144",DT_BF16;DT_BF16,ND;ND,"304,2048",DT_BF16,ND,45.14,bf16
dynamic,AI_CORE,"304,1024;6144,1024",DT_BF16;DT_BF16,ND;ND,"304,6144",DT_BF16,ND,45.58,bf16
dynamic,AI_CORE,"304,6144;77440,6144",DT_BF16;DT_BF16,ND;ND,"304,77440",DT_BF16,ND,1687.62,bf16
dynamic,AI_CORE,"304,3072;6144,3072",DT_BF16;DT_BF16,ND;ND,"304,6144",DT_BF16,ND,69.67,bf16
dynamic,AI_CORE,"304,6144;1024,6144",DT_BF16;DT_BF16,ND;ND,"304,1024",DT_BF16,ND,48.45,bf16
dynamic,AI_CORE,"304,512;6144,512",DT_BF16;DT_BF16,ND;ND,"304,6144",DT_BF16,ND,48.62,bf16
dynamic,AI_CORE,"304,6144;38720,6144",DT_BF16;DT_BF16,ND;ND,"304,38720",DT_BF16,ND,676.44,bf16
dynamic,AI_CORE,"304,6144;3072,6144",DT_BF16;DT_BF16,ND;ND,"304,3072",DT_BF16,ND,65.42,bf16
dynamic,AI_CORE,"304,1536;6144,1536",DT_BF16;DT_BF16,ND;ND,"304,6144",DT_BF16,ND,45.78,bf16
dynamic,AI_CORE,"304,6144;512,6144",DT_BF16;DT_BF16,ND;ND,"304,512",DT_BF16,ND,48.85,bf16
dynamic,AI_CORE,"304,256;6144,256",DT_BF16;DT_BF16,ND;ND,"304,6144",DT_BF16,ND,46.22,bf16
dynamic,AI_CORE,"304,6144;19360,6144",DT_BF16;DT_BF16,ND;ND,"304,19360",DT_BF16,ND,447.08,bf16
dynamic,AI_CORE,"304,6144;256,6144",DT_BF16;DT_BF16,ND;ND,"304,256",DT_BF16,ND,48.76,bf16
dynamic,AI_CORE,"320,6144;24576,6144",DT_BF16;DT_BF16,ND;ND,"320,24576",DT_BF16,ND,522.11,bf16
dynamic,AI_CORE,"320,12288;6144,12288",DT_BF16;DT_BF16,ND;ND,"320,6144",DT_BF16,ND,264.84,bf16
dynamic,AI_CORE,"320,6144;4096,6144",DT_BF16;DT_BF16,ND;ND,"320,4096",DT_BF16,ND,89.77,bf16
dynamic,AI_CORE,"320,2048;6144,2048",DT_BF16;DT_BF16,ND;ND,"320,6144",DT_BF16,ND,47.27,bf16
dynamic,AI_CORE,"320,6144;154880,6144",DT_BF16;DT_BF16,ND;ND,"320,154880",DT_BF16,ND,3311.19,bf16
dynamic,AI_CORE,"320,6144;12288,6144",DT_BF16;DT_BF16,ND;ND,"320,12288",DT_BF16,ND,260.30,bf16
dynamic,AI_CORE,"320,6144;6144,6144",DT_BF16;DT_BF16,ND;ND,"320,6144",DT_BF16,ND,132.11,bf16
dynamic,AI_CORE,"320,6144;2048,6144",DT_BF16;DT_BF16,ND;ND,"320,2048",DT_BF16,ND,46.75,bf16
dynamic,AI_CORE,"320,1024;6144,1024",DT_BF16;DT_BF16,ND;ND,"320,6144",DT_BF16,ND,47.09,bf16
dynamic,AI_CORE,"320,6144;77440,6144",DT_BF16;DT_BF16,ND;ND,"320,77440",DT_BF16,ND,1668.26,bf16
dynamic,AI_CORE,"320,3072;6144,3072",DT_BF16;DT_BF16,ND;ND,"320,6144",DT_BF16,ND,67.79,bf16
dynamic,AI_CORE,"320,6144;1024,6144",DT_BF16;DT_BF16,ND;ND,"320,1024",DT_BF16,ND,48.38,bf16
dynamic,AI_CORE,"320,512;6144,512",DT_BF16;DT_BF16,ND;ND,"320,6144",DT_BF16,ND,45.74,bf16
dynamic,AI_CORE,"320,6144;38720,6144",DT_BF16;DT_BF16,ND;ND,"320,38720",DT_BF16,ND,836.65,bf16
dynamic,AI_CORE,"320,6144;3072,6144",DT_BF16;DT_BF16,ND;ND,"320,3072",DT_BF16,ND,72.20,bf16
dynamic,AI_CORE,"320,1536;6144,1536",DT_BF16;DT_BF16,ND;ND,"320,6144",DT_BF16,ND,45.63,bf16
dynamic,AI_CORE,"320,6144;512,6144",DT_BF16;DT_BF16,ND;ND,"320,512",DT_BF16,ND,50.74,bf16
dynamic,AI_CORE,"320,256;6144,256",DT_BF16;DT_BF16,ND;ND,"320,6144",DT_BF16,ND,46.98,bf16
dynamic,AI_CORE,"320,6144;19360,6144",DT_BF16;DT_BF16,ND;ND,"320,19360",DT_BF16,ND,438.91,bf16
dynamic,AI_CORE,"320,6144;256,6144",DT_BF16;DT_BF16,ND;ND,"320,256",DT_BF16,ND,48.56,bf16
dynamic,AI_CORE,"384,6144;24576,6144",DT_BF16;DT_BF16,ND;ND,"384,24576",DT_BF16,ND,535.91,bf16
dynamic,AI_CORE,"384,12288;6144,12288",DT_BF16;DT_BF16,ND;ND,"384,6144",DT_BF16,ND,272.72,bf16
dynamic,AI_CORE,"384,6144;4096,6144",DT_BF16;DT_BF16,ND;ND,"384,4096",DT_BF16,ND,91.96,bf16
dynamic,AI_CORE,"384,2048;6144,2048",DT_BF16;DT_BF16,ND;ND,"384,6144",DT_BF16,ND,72.46,bf16
dynamic,AI_CORE,"384,6144;154880,6144",DT_BF16;DT_BF16,ND;ND,"384,154880",DT_BF16,ND,3419.07,bf16
dynamic,AI_CORE,"384,6144;12288,6144",DT_BF16;DT_BF16,ND;ND,"384,12288",DT_BF16,ND,266.47,bf16
dynamic,AI_CORE,"384,6144;6144,6144",DT_BF16;DT_BF16,ND;ND,"384,6144",DT_BF16,ND,134.98,bf16
dynamic,AI_CORE,"384,6144;2048,6144",DT_BF16;DT_BF16,ND;ND,"384,2048",DT_BF16,ND,44.39,bf16
dynamic,AI_CORE,"384,1024;6144,1024",DT_BF16;DT_BF16,ND;ND,"384,6144",DT_BF16,ND,46.25,bf16
dynamic,AI_CORE,"384,6144;77440,6144",DT_BF16;DT_BF16,ND;ND,"384,77440",DT_BF16,ND,1722.83,bf16
dynamic,AI_CORE,"384,3072;6144,3072",DT_BF16;DT_BF16,ND;ND,"384,6144",DT_BF16,ND,68.71,bf16
dynamic,AI_CORE,"384,6144;1024,6144",DT_BF16;DT_BF16,ND;ND,"384,1024",DT_BF16,ND,46.76,bf16
dynamic,AI_CORE,"384,512;6144,512",DT_BF16;DT_BF16,ND;ND,"384,6144",DT_BF16,ND,44.40,bf16
dynamic,AI_CORE,"384,6144;38720,6144",DT_BF16;DT_BF16,ND;ND,"384,38720",DT_BF16,ND,863.17,bf16
dynamic,AI_CORE,"384,6144;3072,6144",DT_BF16;DT_BF16,ND;ND,"384,3072",DT_BF16,ND,66.74,bf16
dynamic,AI_CORE,"384,1536;6144,1536",DT_BF16;DT_BF16,ND;ND,"384,6144",DT_BF16,ND,57.08,bf16
dynamic,AI_CORE,"384,6144;512,6144",DT_BF16;DT_BF16,ND;ND,"384,512",DT_BF16,ND,46.17,bf16
dynamic,AI_CORE,"384,256;6144,256",DT_BF16;DT_BF16,ND;ND,"384,6144",DT_BF16,ND,44.35,bf16
dynamic,AI_CORE,"384,6144;19360,6144",DT_BF16;DT_BF16,ND;ND,"384,19360",DT_BF16,ND,450.78,bf16
dynamic,AI_CORE,"384,6144;256,6144",DT_BF16;DT_BF16,ND;ND,"384,256",DT_BF16,ND,46.95,bf16
dynamic,AI_CORE,"400,6144;24576,6144",DT_BF16;DT_BF16,ND;ND,"400,24576",DT_BF16,ND,522.09,bf16
dynamic,AI_CORE,"400,12288;6144,12288",DT_BF16;DT_BF16,ND;ND,"400,6144",DT_BF16,ND,262.74,bf16
dynamic,AI_CORE,"400,6144;4096,6144",DT_BF16;DT_BF16,ND;ND,"400,4096",DT_BF16,ND,132.68,bf16
dynamic,AI_CORE,"400,2048;6144,2048",DT_BF16;DT_BF16,ND;ND,"400,6144",DT_BF16,ND,44.85,bf16
dynamic,AI_CORE,"400,6144;154880,6144",DT_BF16;DT_BF16,ND;ND,"400,154880",DT_BF16,ND,3415.95,bf16
dynamic,AI_CORE,"400,6144;12288,6144",DT_BF16;DT_BF16,ND;ND,"400,12288",DT_BF16,ND,253.81,bf16
dynamic,AI_CORE,"400,6144;6144,6144",DT_BF16;DT_BF16,ND;ND,"400,6144",DT_BF16,ND,129.31,bf16
dynamic,AI_CORE,"400,6144;2048,6144",DT_BF16;DT_BF16,ND;ND,"400,2048",DT_BF16,ND,54.84,bf16
dynamic,AI_CORE,"400,1024;6144,1024",DT_BF16;DT_BF16,ND;ND,"400,6144",DT_BF16,ND,46.41,bf16
dynamic,AI_CORE,"400,6144;77440,6144",DT_BF16;DT_BF16,ND;ND,"400,77440",DT_BF16,ND,1705.09,bf16
dynamic,AI_CORE,"400,3072;6144,3072",DT_BF16;DT_BF16,ND;ND,"400,6144",DT_BF16,ND,66.38,bf16
dynamic,AI_CORE,"400,6144;1024,6144",DT_BF16;DT_BF16,ND;ND,"400,1024",DT_BF16,ND,47.34,bf16
dynamic,AI_CORE,"400,512;6144,512",DT_BF16;DT_BF16,ND;ND,"400,6144",DT_BF16,ND,45.63,bf16
dynamic,AI_CORE,"400,6144;38720,6144",DT_BF16;DT_BF16,ND;ND,"400,38720",DT_BF16,ND,860.59,bf16
dynamic,AI_CORE,"400,6144;3072,6144",DT_BF16;DT_BF16,ND;ND,"400,3072",DT_BF16,ND,66.94,bf16
dynamic,AI_CORE,"400,1536;6144,1536",DT_BF16;DT_BF16,ND;ND,"400,6144",DT_BF16,ND,57.12,bf16
dynamic,AI_CORE,"400,6144;512,6144",DT_BF16;DT_BF16,ND;ND,"400,512",DT_BF16,ND,47.91,bf16
dynamic,AI_CORE,"400,256;6144,256",DT_BF16;DT_BF16,ND;ND,"400,6144",DT_BF16,ND,46.92,bf16
dynamic,AI_CORE,"400,6144;19360,6144",DT_BF16;DT_BF16,ND;ND,"400,19360",DT_BF16,ND,421.54,bf16
dynamic,AI_CORE,"400,6144;256,6144",DT_BF16;DT_BF16,ND;ND,"400,256",DT_BF16,ND,48.77,bf16
dynamic,AI_CORE,"608,6144;24576,6144",DT_BF16;DT_BF16,ND;ND,"608,24576",DT_BF16,ND,736.59,bf16
dynamic,AI_CORE,"608,12288;6144,12288",DT_BF16;DT_BF16,ND;ND,"608,6144",DT_BF16,ND,352.55,bf16
dynamic,AI_CORE,"608,6144;4096,6144",DT_BF16;DT_BF16,ND;ND,"608,4096",DT_BF16,ND,125.26,bf16
dynamic,AI_CORE,"608,2048;6144,2048",DT_BF16;DT_BF16,ND;ND,"608,6144",DT_BF16,ND,51.89,bf16
dynamic,AI_CORE,"608,6144;154880,6144",DT_BF16;DT_BF16,ND;ND,"608,154880",DT_BF16,ND,4728.93,bf16
dynamic,AI_CORE,"608,6144;12288,6144",DT_BF16;DT_BF16,ND;ND,"608,12288",DT_BF16,ND,368.91,bf16
dynamic,AI_CORE,"608,6144;6144,6144",DT_BF16;DT_BF16,ND;ND,"608,6144",DT_BF16,ND,185.23,bf16
dynamic,AI_CORE,"608,6144;2048,6144",DT_BF16;DT_BF16,ND;ND,"608,2048",DT_BF16,ND,51.85,bf16
dynamic,AI_CORE,"608,1024;6144,1024",DT_BF16;DT_BF16,ND;ND,"608,6144",DT_BF16,ND,45.12,bf16
dynamic,AI_CORE,"608,6144;77440,6144",DT_BF16;DT_BF16,ND;ND,"608,77440",DT_BF16,ND,2368.08,bf16
dynamic,AI_CORE,"608,3072;6144,3072",DT_BF16;DT_BF16,ND;ND,"608,6144",DT_BF16,ND,96.20,bf16
dynamic,AI_CORE,"608,6144;1024,6144",DT_BF16;DT_BF16,ND;ND,"608,1024",DT_BF16,ND,43.57,bf16
dynamic,AI_CORE,"608,512;6144,512",DT_BF16;DT_BF16,ND;ND,"608,6144",DT_BF16,ND,44.57,bf16
dynamic,AI_CORE,"608,6144;38720,6144",DT_BF16;DT_BF16,ND;ND,"608,38720",DT_BF16,ND,1217.27,bf16
dynamic,AI_CORE,"608,6144;3072,6144",DT_BF16;DT_BF16,ND;ND,"608,3072",DT_BF16,ND,95.91,bf16
dynamic,AI_CORE,"608,1536;6144,1536",DT_BF16;DT_BF16,ND;ND,"608,6144",DT_BF16,ND,43.88,bf16
dynamic,AI_CORE,"608,6144;512,6144",DT_BF16;DT_BF16,ND;ND,"608,512",DT_BF16,ND,46.95,bf16
dynamic,AI_CORE,"608,256;6144,256",DT_BF16;DT_BF16,ND;ND,"608,6144",DT_BF16,ND,43.53,bf16
dynamic,AI_CORE,"608,6144;19360,6144",DT_BF16;DT_BF16,ND;ND,"608,19360",DT_BF16,ND,621.58,bf16
dynamic,AI_CORE,"608,6144;256,6144",DT_BF16;DT_BF16,ND;ND,"608,256",DT_BF16,ND,45.31,bf16
dynamic,AI_CORE,"640,6144;24576,6144",DT_BF16;DT_BF16,ND;ND,"640,24576",DT_BF16,ND,735.06,bf16
dynamic,AI_CORE,"640,12288;6144,12288",DT_BF16;DT_BF16,ND;ND,"640,6144",DT_BF16,ND,351.60,bf16
dynamic,AI_CORE,"640,6144;4096,6144",DT_BF16;DT_BF16,ND;ND,"640,4096",DT_BF16,ND,130.69,bf16
dynamic,AI_CORE,"640,2048;6144,2048",DT_BF16;DT_BF16,ND;ND,"640,6144",DT_BF16,ND,62.13,bf16
dynamic,AI_CORE,"640,6144;154880,6144",DT_BF16;DT_BF16,ND;ND,"640,154880",DT_BF16,ND,4742.37,bf16
dynamic,AI_CORE,"640,6144;12288,6144",DT_BF16;DT_BF16,ND;ND,"640,12288",DT_BF16,ND,379.88,bf16
dynamic,AI_CORE,"640,6144;6144,6144",DT_BF16;DT_BF16,ND;ND,"640,6144",DT_BF16,ND,191.21,bf16
dynamic,AI_CORE,"640,6144;2048,6144",DT_BF16;DT_BF16,ND;ND,"640,2048",DT_BF16,ND,54.22,bf16
dynamic,AI_CORE,"640,1024;6144,1024",DT_BF16;DT_BF16,ND;ND,"640,6144",DT_BF16,ND,46.90,bf16
dynamic,AI_CORE,"640,6144;77440,6144",DT_BF16;DT_BF16,ND;ND,"640,77440",DT_BF16,ND,2398.84,bf16
dynamic,AI_CORE,"640,3072;6144,3072",DT_BF16;DT_BF16,ND;ND,"640,6144",DT_BF16,ND,97.75,bf16
dynamic,AI_CORE,"640,6144;1024,6144",DT_BF16;DT_BF16,ND;ND,"640,1024",DT_BF16,ND,45.12,bf16
dynamic,AI_CORE,"640,512;6144,512",DT_BF16;DT_BF16,ND;ND,"640,6144",DT_BF16,ND,45.27,bf16
dynamic,AI_CORE,"640,6144;38720,6144",DT_BF16;DT_BF16,ND;ND,"640,38720",DT_BF16,ND,1265.32,bf16
dynamic,AI_CORE,"640,6144;3072,6144",DT_BF16;DT_BF16,ND;ND,"640,3072",DT_BF16,ND,99.35,bf16
dynamic,AI_CORE,"640,1536;6144,1536",DT_BF16;DT_BF16,ND;ND,"640,6144",DT_BF16,ND,44.53,bf16
dynamic,AI_CORE,"640,6144;512,6144",DT_BF16;DT_BF16,ND;ND,"640,512",DT_BF16,ND,48.64,bf16
dynamic,AI_CORE,"640,256;6144,256",DT_BF16;DT_BF16,ND;ND,"640,6144",DT_BF16,ND,46.46,bf16
dynamic,AI_CORE,"640,6144;19360,6144",DT_BF16;DT_BF16,ND;ND,"640,19360",DT_BF16,ND,624.07,bf16
dynamic,AI_CORE,"640,6144;256,6144",DT_BF16;DT_BF16,ND;ND,"640,256",DT_BF16,ND,46.24,bf16
dynamic,AI_CORE,"768,6144;24576,6144",DT_BF16;DT_BF16,ND;ND,"768,24576",DT_BF16,ND,838.91,bf16
dynamic,AI_CORE,"768,12288;6144,12288",DT_BF16;DT_BF16,ND;ND,"768,6144",DT_BF16,ND,412.64,bf16
dynamic,AI_CORE,"768,6144;4096,6144",DT_BF16;DT_BF16,ND;ND,"768,4096",DT_BF16,ND,135.07,bf16
dynamic,AI_CORE,"768,2048;6144,2048",DT_BF16;DT_BF16,ND;ND,"768,6144",DT_BF16,ND,61.59,bf16
dynamic,AI_CORE,"768,6144;154880,6144",DT_BF16;DT_BF16,ND;ND,"768,154880",DT_BF16,ND,5103.64,bf16
dynamic,AI_CORE,"768,6144;12288,6144",DT_BF16;DT_BF16,ND;ND,"768,12288",DT_BF16,ND,392.34,bf16
dynamic,AI_CORE,"768,6144;6144,6144",DT_BF16;DT_BF16,ND;ND,"768,6144",DT_BF16,ND,200.68,bf16
dynamic,AI_CORE,"768,6144;2048,6144",DT_BF16;DT_BF16,ND;ND,"768,2048",DT_BF16,ND,63.05,bf16
dynamic,AI_CORE,"768,1024;6144,1024",DT_BF16;DT_BF16,ND;ND,"768,6144",DT_BF16,ND,43.13,bf16
dynamic,AI_CORE,"768,6144;77440,6144",DT_BF16;DT_BF16,ND;ND,"768,77440",DT_BF16,ND,2699.65,bf16
dynamic,AI_CORE,"768,3072;6144,3072",DT_BF16;DT_BF16,ND;ND,"768,6144",DT_BF16,ND,101.08,bf16
dynamic,AI_CORE,"768,6144;1024,6144",DT_BF16;DT_BF16,ND;ND,"768,1024",DT_BF16,ND,43.51,bf16
dynamic,AI_CORE,"768,512;6144,512",DT_BF16;DT_BF16,ND;ND,"768,6144",DT_BF16,ND,47.60,bf16
dynamic,AI_CORE,"768,6144;38720,6144",DT_BF16;DT_BF16,ND;ND,"768,38720",DT_BF16,ND,1357.66,bf16
dynamic,AI_CORE,"768,6144;3072,6144",DT_BF16;DT_BF16,ND;ND,"768,3072",DT_BF16,ND,103.86,bf16
dynamic,AI_CORE,"768,1536;6144,1536",DT_BF16;DT_BF16,ND;ND,"768,6144",DT_BF16,ND,46.59,bf16
dynamic,AI_CORE,"768,6144;512,6144",DT_BF16;DT_BF16,ND;ND,"768,512",DT_BF16,ND,46.03,bf16
dynamic,AI_CORE,"768,256;6144,256",DT_BF16;DT_BF16,ND;ND,"768,6144",DT_BF16,ND,43.95,bf16
dynamic,AI_CORE,"768,6144;19360,6144",DT_BF16;DT_BF16,ND;ND,"768,19360",DT_BF16,ND,686.65,bf16
dynamic,AI_CORE,"768,6144;256,6144",DT_BF16;DT_BF16,ND;ND,"768,256",DT_BF16,ND,46.92,bf16
dynamic,AI_CORE,"800,6144;24576,6144",DT_BF16;DT_BF16,ND;ND,"800,24576",DT_BF16,ND,1081.34,bf16
dynamic,AI_CORE,"800,12288;6144,12288",DT_BF16;DT_BF16,ND;ND,"800,6144",DT_BF16,ND,557.48,bf16
dynamic,AI_CORE,"800,6144;4096,6144",DT_BF16;DT_BF16,ND;ND,"800,4096",DT_BF16,ND,184.35,bf16
dynamic,AI_CORE,"800,2048;6144,2048",DT_BF16;DT_BF16,ND;ND,"800,6144",DT_BF16,ND,67.33,bf16
dynamic,AI_CORE,"800,6144;154880,6144",DT_BF16;DT_BF16,ND;ND,"800,154880",DT_BF16,ND,6207.08,bf16
dynamic,AI_CORE,"800,6144;12288,6144",DT_BF16;DT_BF16,ND;ND,"800,12288",DT_BF16,ND,563.36,bf16
dynamic,AI_CORE,"800,6144;6144,6144",DT_BF16;DT_BF16,ND;ND,"800,6144",DT_BF16,ND,274.16,bf16
dynamic,AI_CORE,"800,6144;2048,6144",DT_BF16;DT_BF16,ND;ND,"800,2048",DT_BF16,ND,87.11,bf16
dynamic,AI_CORE,"800,1024;6144,1024",DT_BF16;DT_BF16,ND;ND,"800,6144",DT_BF16,ND,43.26,bf16
dynamic,AI_CORE,"800,6144;77440,6144",DT_BF16;DT_BF16,ND;ND,"800,77440",DT_BF16,ND,3123.94,bf16
dynamic,AI_CORE,"800,3072;6144,3072",DT_BF16;DT_BF16,ND;ND,"800,6144",DT_BF16,ND,124.12,bf16
dynamic,AI_CORE,"800,6144;1024,6144",DT_BF16;DT_BF16,ND;ND,"800,1024",DT_BF16,ND,46.94,bf16
dynamic,AI_CORE,"800,512;6144,512",DT_BF16;DT_BF16,ND;ND,"800,6144",DT_BF16,ND,43.88,bf16
dynamic,AI_CORE,"800,6144;38720,6144",DT_BF16;DT_BF16,ND;ND,"800,38720",DT_BF16,ND,1643.63,bf16
dynamic,AI_CORE,"800,6144;3072,6144",DT_BF16;DT_BF16,ND;ND,"800,3072",DT_BF16,ND,127.00,bf16
dynamic,AI_CORE,"800,1536;6144,1536",DT_BF16;DT_BF16,ND;ND,"800,6144",DT_BF16,ND,51.40,bf16
dynamic,AI_CORE,"800,6144;512,6144",DT_BF16;DT_BF16,ND;ND,"800,512",DT_BF16,ND,50.41,bf16
dynamic,AI_CORE,"800,256;6144,256",DT_BF16;DT_BF16,ND;ND,"800,6144",DT_BF16,ND,45.42,bf16
dynamic,AI_CORE,"800,6144;19360,6144",DT_BF16;DT_BF16,ND;ND,"800,19360",DT_BF16,ND,967.33,bf16
dynamic,AI_CORE,"800,6144;256,6144",DT_BF16;DT_BF16,ND;ND,"800,256",DT_BF16,ND,49.70,bf16
dynamic,AI_CORE,"1216,6144;24576,6144",DT_BF16;DT_BF16,ND;ND,"1216,24576",DT_BF16,ND,1393.13,bf16
dynamic,AI_CORE,"1216,12288;6144,12288",DT_BF16;DT_BF16,ND;ND,"1216,6144",DT_BF16,ND,650.87,bf16
dynamic,AI_CORE,"1216,6144;4096,6144",DT_BF16;DT_BF16,ND;ND,"1216,4096",DT_BF16,ND,222.98,bf16
dynamic,AI_CORE,"1216,2048;6144,2048",DT_BF16;DT_BF16,ND;ND,"1216,6144",DT_BF16,ND,101.65,bf16
dynamic,AI_CORE,"1216,6144;154880,6144",DT_BF16;DT_BF16,ND;ND,"1216,154880",DT_BF16,ND,7499.00,bf16
dynamic,AI_CORE,"1216,6144;12288,6144",DT_BF16;DT_BF16,ND;ND,"1216,12288",DT_BF16,ND,638.05,bf16
dynamic,AI_CORE,"1216,6144;6144,6144",DT_BF16;DT_BF16,ND;ND,"1216,6144",DT_BF16,ND,319.75,bf16
dynamic,AI_CORE,"1216,6144;2048,6144",DT_BF16;DT_BF16,ND;ND,"1216,2048",DT_BF16,ND,111.56,bf16
dynamic,AI_CORE,"1216,1024;6144,1024",DT_BF16;DT_BF16,ND;ND,"1216,6144",DT_BF16,ND,73.68,bf16
dynamic,AI_CORE,"1216,6144;77440,6144",DT_BF16;DT_BF16,ND;ND,"1216,77440",DT_BF16,ND,3816.65,bf16
dynamic,AI_CORE,"1216,3072;6144,3072",DT_BF16;DT_BF16,ND;ND,"1216,6144",DT_BF16,ND,166.62,bf16
dynamic,AI_CORE,"1216,6144;1024,6144",DT_BF16;DT_BF16,ND;ND,"1216,1024",DT_BF16,ND,51.75,bf16
dynamic,AI_CORE,"1216,512;6144,512",DT_BF16;DT_BF16,ND;ND,"1216,6144",DT_BF16,ND,44.67,bf16
dynamic,AI_CORE,"1216,6144;38720,6144",DT_BF16;DT_BF16,ND;ND,"1216,38720",DT_BF16,ND,1980.93,bf16
dynamic,AI_CORE,"1216,6144;3072,6144",DT_BF16;DT_BF16,ND;ND,"1216,3072",DT_BF16,ND,164.36,bf16
dynamic,AI_CORE,"1216,1536;6144,1536",DT_BF16;DT_BF16,ND;ND,"1216,6144",DT_BF16,ND,78.72,bf16
dynamic,AI_CORE,"1216,6144;512,6144",DT_BF16;DT_BF16,ND;ND,"1216,512",DT_BF16,ND,45.47,bf16
dynamic,AI_CORE,"1216,256;6144,256",DT_BF16;DT_BF16,ND;ND,"1216,6144",DT_BF16,ND,45.52,bf16
dynamic,AI_CORE,"1216,6144;19360,6144",DT_BF16;DT_BF16,ND;ND,"1216,19360",DT_BF16,ND,1118.38,bf16
dynamic,AI_CORE,"1216,6144;256,6144",DT_BF16;DT_BF16,ND;ND,"1216,256",DT_BF16,ND,48.71,bf16
dynamic,AI_CORE,"1280,6144;24576,6144",DT_BF16;DT_BF16,ND;ND,"1280,24576",DT_BF16,ND,1403.28,bf16
dynamic,AI_CORE,"1280,12288;6144,12288",DT_BF16;DT_BF16,ND;ND,"1280,6144",DT_BF16,ND,668.48,bf16
dynamic,AI_CORE,"1280,6144;4096,6144",DT_BF16;DT_BF16,ND;ND,"1280,4096",DT_BF16,ND,222.81,bf16
dynamic,AI_CORE,"1280,2048;6144,2048",DT_BF16;DT_BF16,ND;ND,"1280,6144",DT_BF16,ND,101.83,bf16
dynamic,AI_CORE,"1280,6144;154880,6144",DT_BF16;DT_BF16,ND;ND,"1280,154880",DT_BF16,ND,7630.68,bf16
dynamic,AI_CORE,"1280,6144;12288,6144",DT_BF16;DT_BF16,ND;ND,"1280,12288",DT_BF16,ND,675.07,bf16
dynamic,AI_CORE,"1280,6144;6144,6144",DT_BF16;DT_BF16,ND;ND,"1280,6144",DT_BF16,ND,316.97,bf16
dynamic,AI_CORE,"1280,6144;2048,6144",DT_BF16;DT_BF16,ND;ND,"1280,2048",DT_BF16,ND,111.45,bf16
dynamic,AI_CORE,"1280,1024;6144,1024",DT_BF16;DT_BF16,ND;ND,"1280,6144",DT_BF16,ND,73.67,bf16
dynamic,AI_CORE,"1280,6144;77440,6144",DT_BF16;DT_BF16,ND;ND,"1280,77440",DT_BF16,ND,3942.51,bf16
dynamic,AI_CORE,"1280,3072;6144,3072",DT_BF16;DT_BF16,ND;ND,"1280,6144",DT_BF16,ND,163.81,bf16
dynamic,AI_CORE,"1280,6144;1024,6144",DT_BF16;DT_BF16,ND;ND,"1280,1024",DT_BF16,ND,54.89,bf16
dynamic,AI_CORE,"1280,512;6144,512",DT_BF16;DT_BF16,ND;ND,"1280,6144",DT_BF16,ND,43.78,bf16
dynamic,AI_CORE,"1280,6144;38720,6144",DT_BF16;DT_BF16,ND;ND,"1280,38720",DT_BF16,ND,2010.93,bf16
dynamic,AI_CORE,"1280,6144;3072,6144",DT_BF16;DT_BF16,ND;ND,"1280,3072",DT_BF16,ND,165.19,bf16
dynamic,AI_CORE,"1280,1536;6144,1536",DT_BF16;DT_BF16,ND;ND,"1280,6144",DT_BF16,ND,77.69,bf16
dynamic,AI_CORE,"1280,6144;512,6144",DT_BF16;DT_BF16,ND;ND,"1280,512",DT_BF16,ND,44.00,bf16
dynamic,AI_CORE,"1280,256;6144,256",DT_BF16;DT_BF16,ND;ND,"1280,6144",DT_BF16,ND,46.03,bf16
dynamic,AI_CORE,"1280,6144;19360,6144",DT_BF16;DT_BF16,ND;ND,"1280,19360",DT_BF16,ND,1135.27,bf16
dynamic,AI_CORE,"1280,6144;256,6144",DT_BF16;DT_BF16,ND;ND,"1280,256",DT_BF16,ND,47.36,bf16
dynamic,AI_CORE,"1536,6144;24576,6144",DT_BF16;DT_BF16,ND;ND,"1536,24576",DT_BF16,ND,1639.08,bf16
dynamic,AI_CORE,"1536,12288;6144,12288",DT_BF16;DT_BF16,ND;ND,"1536,6144",DT_BF16,ND,786.88,bf16
dynamic,AI_CORE,"1536,6144;4096,6144",DT_BF16;DT_BF16,ND;ND,"1536,4096",DT_BF16,ND,252.72,bf16
dynamic,AI_CORE,"1536,2048;6144,2048",DT_BF16;DT_BF16,ND;ND,"1536,6144",DT_BF16,ND,120.41,bf16
dynamic,AI_CORE,"1536,6144;154880,6144",DT_BF16;DT_BF16,ND;ND,"1536,154880",DT_BF16,ND,9350.42,bf16
dynamic,AI_CORE,"1536,6144;12288,6144",DT_BF16;DT_BF16,ND;ND,"1536,12288",DT_BF16,ND,796.12,bf16
dynamic,AI_CORE,"1536,6144;6144,6144",DT_BF16;DT_BF16,ND;ND,"1536,6144",DT_BF16,ND,380.44,bf16
dynamic,AI_CORE,"1536,6144;2048,6144",DT_BF16;DT_BF16,ND;ND,"1536,2048",DT_BF16,ND,119.34,bf16
dynamic,AI_CORE,"1536,1024;6144,1024",DT_BF16;DT_BF16,ND;ND,"1536,6144",DT_BF16,ND,64.85,bf16
dynamic,AI_CORE,"1536,6144;77440,6144",DT_BF16;DT_BF16,ND;ND,"1536,77440",DT_BF16,ND,4829.69,bf16
dynamic,AI_CORE,"1536,3072;6144,3072",DT_BF16;DT_BF16,ND;ND,"1536,6144",DT_BF16,ND,191.17,bf16
dynamic,AI_CORE,"1536,6144;1024,6144",DT_BF16;DT_BF16,ND;ND,"1536,1024",DT_BF16,ND,63.85,bf16
dynamic,AI_CORE,"1536,512;6144,512",DT_BF16;DT_BF16,ND;ND,"1536,6144",DT_BF16,ND,44.35,bf16
dynamic,AI_CORE,"1536,6144;38720,6144",DT_BF16;DT_BF16,ND;ND,"1536,38720",DT_BF16,ND,2472.42,bf16
dynamic,AI_CORE,"1536,6144;3072,6144",DT_BF16;DT_BF16,ND;ND,"1536,3072",DT_BF16,ND,192.99,bf16
dynamic,AI_CORE,"1536,1536;6144,1536",DT_BF16;DT_BF16,ND;ND,"1536,6144",DT_BF16,ND,92.07,bf16
dynamic,AI_CORE,"1536,6144;512,6144",DT_BF16;DT_BF16,ND;ND,"1536,512",DT_BF16,ND,46.56,bf16
dynamic,AI_CORE,"1536,256;6144,256",DT_BF16;DT_BF16,ND;ND,"1536,6144",DT_BF16,ND,47.43,bf16
dynamic,AI_CORE,"1536,6144;19360,6144",DT_BF16;DT_BF16,ND;ND,"1536,19360",DT_BF16,ND,1334.40,bf16
dynamic,AI_CORE,"1536,6144;256,6144",DT_BF16;DT_BF16,ND;ND,"1536,256",DT_BF16,ND,51.23,bf16
dynamic,AI_CORE,"1824,6144;24576,6144",DT_BF16;DT_BF16,ND;ND,"1824,24576",DT_BF16,ND,1977.09,bf16
dynamic,AI_CORE,"1824,12288;6144,12288",DT_BF16;DT_BF16,ND;ND,"1824,6144",DT_BF16,ND,956.09,bf16
dynamic,AI_CORE,"1824,6144;4096,6144",DT_BF16;DT_BF16,ND;ND,"1824,4096",DT_BF16,ND,310.19,bf16
dynamic,AI_CORE,"1824,2048;6144,2048",DT_BF16;DT_BF16,ND;ND,"1824,6144",DT_BF16,ND,148.92,bf16
dynamic,AI_CORE,"1824,6144;154880,6144",DT_BF16;DT_BF16,ND;ND,"1824,154880",DT_BF16,ND,11275.74,bf16
dynamic,AI_CORE,"1824,6144;12288,6144",DT_BF16;DT_BF16,ND;ND,"1824,12288",DT_BF16,ND,977.86,bf16
dynamic,AI_CORE,"1824,6144;6144,6144",DT_BF16;DT_BF16,ND;ND,"1824,6144",DT_BF16,ND,456.58,bf16
dynamic,AI_CORE,"1824,6144;2048,6144",DT_BF16;DT_BF16,ND;ND,"1824,2048",DT_BF16,ND,154.98,bf16
dynamic,AI_CORE,"1824,1024;6144,1024",DT_BF16;DT_BF16,ND;ND,"1824,6144",DT_BF16,ND,78.49,bf16
dynamic,AI_CORE,"1824,6144;77440,6144",DT_BF16;DT_BF16,ND;ND,"1824,77440",DT_BF16,ND,5746.14,bf16
dynamic,AI_CORE,"1824,3072;6144,3072",DT_BF16;DT_BF16,ND;ND,"1824,6144",DT_BF16,ND,235.71,bf16
dynamic,AI_CORE,"1824,6144;1024,6144",DT_BF16;DT_BF16,ND;ND,"1824,1024",DT_BF16,ND,88.48,bf16
dynamic,AI_CORE,"1824,512;6144,512",DT_BF16;DT_BF16,ND;ND,"1824,6144",DT_BF16,ND,49.41,bf16
dynamic,AI_CORE,"1824,6144;38720,6144",DT_BF16;DT_BF16,ND;ND,"1824,38720",DT_BF16,ND,2898.88,bf16
dynamic,AI_CORE,"1824,6144;3072,6144",DT_BF16;DT_BF16,ND;ND,"1824,3072",DT_BF16,ND,249.05,bf16
dynamic,AI_CORE,"1824,1536;6144,1536",DT_BF16;DT_BF16,ND;ND,"1824,6144",DT_BF16,ND,113.40,bf16
dynamic,AI_CORE,"1824,6144;512,6144",DT_BF16;DT_BF16,ND;ND,"1824,512",DT_BF16,ND,53.37,bf16
dynamic,AI_CORE,"1824,256;6144,256",DT_BF16;DT_BF16,ND;ND,"1824,6144",DT_BF16,ND,43.93,bf16
dynamic,AI_CORE,"1824,6144;19360,6144",DT_BF16;DT_BF16,ND;ND,"1824,19360",DT_BF16,ND,1629.78,bf16
dynamic,AI_CORE,"1824,6144;256,6144",DT_BF16;DT_BF16,ND;ND,"1824,256",DT_BF16,ND,47.68,bf16
dynamic,AI_CORE,"3072,6144;24576,6144",DT_BF16;DT_BF16,ND;ND,"3072,24576",DT_BF16,ND,3094.32,bf16
dynamic,AI_CORE,"3072,12288;6144,12288",DT_BF16;DT_BF16,ND;ND,"3072,6144",DT_BF16,ND,1570.32,bf16
dynamic,AI_CORE,"3072,6144;4096,6144",DT_BF16;DT_BF16,ND;ND,"3072,4096",DT_BF16,ND,474.99,bf16
dynamic,AI_CORE,"3072,2048;6144,2048",DT_BF16;DT_BF16,ND;ND,"3072,6144",DT_BF16,ND,235.17,bf16
dynamic,AI_CORE,"3072,6144;154880,6144",DT_BF16;DT_BF16,ND;ND,"3072,154880",DT_BF16,ND,18395.71,bf16
dynamic,AI_CORE,"3072,6144;12288,6144",DT_BF16;DT_BF16,ND;ND,"3072,12288",DT_BF16,ND,1533.48,bf16
dynamic,AI_CORE,"3072,6144;6144,6144",DT_BF16;DT_BF16,ND;ND,"3072,6144",DT_BF16,ND,705.80,bf16
dynamic,AI_CORE,"3072,6144;2048,6144",DT_BF16;DT_BF16,ND;ND,"3072,2048",DT_BF16,ND,232.42,bf16
dynamic,AI_CORE,"3072,1024;6144,1024",DT_BF16;DT_BF16,ND;ND,"3072,6144",DT_BF16,ND,120.44,bf16
dynamic,AI_CORE,"3072,6144;77440,6144",DT_BF16;DT_BF16,ND;ND,"3072,77440",DT_BF16,ND,9693.34,bf16
dynamic,AI_CORE,"3072,3072;6144,3072",DT_BF16;DT_BF16,ND;ND,"3072,6144",DT_BF16,ND,358.68,bf16
dynamic,AI_CORE,"3072,6144;1024,6144",DT_BF16;DT_BF16,ND;ND,"3072,1024",DT_BF16,ND,119.36,bf16
dynamic,AI_CORE,"3072,512;6144,512",DT_BF16;DT_BF16,ND;ND,"3072,6144",DT_BF16,ND,61.82,bf16
dynamic,AI_CORE,"3072,6144;38720,6144",DT_BF16;DT_BF16,ND;ND,"3072,38720",DT_BF16,ND,4873.14,bf16
dynamic,AI_CORE,"3072,6144;3072,6144",DT_BF16;DT_BF16,ND;ND,"3072,3072",DT_BF16,ND,362.00,bf16
dynamic,AI_CORE,"3072,1536;6144,1536",DT_BF16;DT_BF16,ND;ND,"3072,6144",DT_BF16,ND,174.10,bf16
dynamic,AI_CORE,"3072,6144;512,6144",DT_BF16;DT_BF16,ND;ND,"3072,512",DT_BF16,ND,61.61,bf16
dynamic,AI_CORE,"3072,256;6144,256",DT_BF16;DT_BF16,ND;ND,"3072,6144",DT_BF16,ND,47.06,bf16
dynamic,AI_CORE,"3072,6144;19360,6144",DT_BF16;DT_BF16,ND;ND,"3072,19360",DT_BF16,ND,2555.12,bf16
dynamic,AI_CORE,"3072,6144;256,6144",DT_BF16;DT_BF16,ND;ND,"3072,256",DT_BF16,ND,47.36,bf16
dynamic,AI_CORE,"6144,6144;24576,6144",DT_BF16;DT_BF16,ND;ND,"6144,24576",DT_BF16,ND,6068.90,bf16
dynamic,AI_CORE,"6144,12288;6144,12288",DT_BF16;DT_BF16,ND;ND,"6144,6144",DT_BF16,ND,3129.56,bf16
dynamic,AI_CORE,"6144,6144;4096,6144",DT_BF16;DT_BF16,ND;ND,"6144,4096",DT_BF16,ND,923.86,bf16
dynamic,AI_CORE,"6144,2048;6144,2048",DT_BF16;DT_BF16,ND;ND,"6144,6144",DT_BF16,ND,462.53,bf16
dynamic,AI_CORE,"6144,6144;154880,6144",DT_BF16;DT_BF16,ND;ND,"6144,154880",DT_BF16,ND,36652.10,bf16
dynamic,AI_CORE,"6144,6144;12288,6144",DT_BF16;DT_BF16,ND;ND,"6144,12288",DT_BF16,ND,3019.75,bf16
dynamic,AI_CORE,"6144,6144;6144,6144",DT_BF16;DT_BF16,ND;ND,"6144,6144",DT_BF16,ND,1479.20,bf16
dynamic,AI_CORE,"6144,6144;2048,6144",DT_BF16;DT_BF16,ND;ND,"6144,2048",DT_BF16,ND,466.43,bf16
dynamic,AI_CORE,"6144,1024;6144,1024",DT_BF16;DT_BF16,ND;ND,"6144,6144",DT_BF16,ND,230.66,bf16
dynamic,AI_CORE,"6144,6144;77440,6144",DT_BF16;DT_BF16,ND;ND,"6144,77440",DT_BF16,ND,19542.40,bf16
dynamic,AI_CORE,"6144,3072;6144,3072",DT_BF16;DT_BF16,ND;ND,"6144,6144",DT_BF16,ND,689.74,bf16
dynamic,AI_CORE,"6144,6144;1024,6144",DT_BF16;DT_BF16,ND;ND,"6144,1024",DT_BF16,ND,227.68,bf16
dynamic,AI_CORE,"6144,512;6144,512",DT_BF16;DT_BF16,ND;ND,"6144,6144",DT_BF16,ND,117.04,bf16
dynamic,AI_CORE,"6144,6144;38720,6144",DT_BF16;DT_BF16,ND;ND,"6144,38720",DT_BF16,ND,9661.16,bf16
dynamic,AI_CORE,"6144,6144;3072,6144",DT_BF16;DT_BF16,ND;ND,"6144,3072",DT_BF16,ND,700.53,bf16
dynamic,AI_CORE,"6144,1536;6144,1536",DT_BF16;DT_BF16,ND;ND,"6144,6144",DT_BF16,ND,343.71,bf16
dynamic,AI_CORE,"6144,6144;512,6144",DT_BF16;DT_BF16,ND;ND,"6144,512",DT_BF16,ND,116.82,bf16
dynamic,AI_CORE,"6144,256;6144,256",DT_BF16;DT_BF16,ND;ND,"6144,6144",DT_BF16,ND,60.94,bf16
dynamic,AI_CORE,"6144,6144;19360,6144",DT_BF16;DT_BF16,ND;ND,"6144,19360",DT_BF16,ND,4997.03,bf16
dynamic,AI_CORE,"6144,6144;256,6144",DT_BF16;DT_BF16,ND;ND,"6144,256",DT_BF16,ND,75.51,bf16
dynamic,AI_CORE,"12288,6144;24576,6144",DT_BF16;DT_BF16,ND;ND,"12288,24576",DT_BF16,ND,12755.32,bf16
dynamic,AI_CORE,"12288,12288;6144,12288",DT_BF16;DT_BF16,ND;ND,"12288,6144",DT_BF16,ND,6231.67,bf16
dynamic,AI_CORE,"12288,6144;4096,6144",DT_BF16;DT_BF16,ND;ND,"12288,4096",DT_BF16,ND,1897.65,bf16
dynamic,AI_CORE,"12288,2048;6144,2048",DT_BF16;DT_BF16,ND;ND,"12288,6144",DT_BF16,ND,967.70,bf16
dynamic,AI_CORE,"12288,6144;154880,6144",DT_BF16;DT_BF16,ND;ND,"12288,154880",DT_BF16,ND,73310.59,bf16
dynamic,AI_CORE,"12288,6144;12288,6144",DT_BF16;DT_BF16,ND;ND,"12288,12288",DT_BF16,ND,6046.99,bf16
dynamic,AI_CORE,"12288,6144;6144,6144",DT_BF16;DT_BF16,ND;ND,"12288,6144",DT_BF16,ND,2842.53,bf16
dynamic,AI_CORE,"12288,6144;2048,6144",DT_BF16;DT_BF16,ND;ND,"12288,2048",DT_BF16,ND,997.00,bf16
dynamic,AI_CORE,"12288,1024;6144,1024",DT_BF16;DT_BF16,ND;ND,"12288,6144",DT_BF16,ND,470.39,bf16
dynamic,AI_CORE,"12288,6144;77440,6144",DT_BF16;DT_BF16,ND;ND,"12288,77440",DT_BF16,ND,38958.23,bf16
dynamic,AI_CORE,"12288,3072;6144,3072",DT_BF16;DT_BF16,ND;ND,"12288,6144",DT_BF16,ND,1458.26,bf16
dynamic,AI_CORE,"12288,6144;1024,6144",DT_BF16;DT_BF16,ND;ND,"12288,1024",DT_BF16,ND,490.58,bf16
dynamic,AI_CORE,"12288,512;6144,512",DT_BF16;DT_BF16,ND;ND,"12288,6144",DT_BF16,ND,246.35,bf16
dynamic,AI_CORE,"12288,6144;38720,6144",DT_BF16;DT_BF16,ND;ND,"12288,38720",DT_BF16,ND,19334.40,bf16
dynamic,AI_CORE,"12288,6144;3072,6144",DT_BF16;DT_BF16,ND;ND,"12288,3072",DT_BF16,ND,1473.18,bf16
dynamic,AI_CORE,"12288,1536;6144,1536",DT_BF16;DT_BF16,ND;ND,"12288,6144",DT_BF16,ND,714.18,bf16
dynamic,AI_CORE,"12288,6144;512,6144",DT_BF16;DT_BF16,ND;ND,"12288,512",DT_BF16,ND,233.71,bf16
dynamic,AI_CORE,"12288,256;6144,256",DT_BF16;DT_BF16,ND;ND,"12288,6144",DT_BF16,ND,121.61,bf16
dynamic,AI_CORE,"12288,6144;19360,6144",DT_BF16;DT_BF16,ND;ND,"12288,19360",DT_BF16,ND,9858.03,bf16
dynamic,AI_CORE,"12288,6144;256,6144",DT_BF16;DT_BF16,ND;ND,"12288,256",DT_BF16,ND,162.44,bf16
