OP State,Accelerator Core,Input Shapes,Input Data Types,Input Formats,Output Shapes,Output Data Types,Output Formats,Average Duration(us),Quant Type
dynamic,AI_CORE,"1,256;256,256",DT_BF16;DT_BF16,ND;ND,"1,256",DT_BF16,ND,38.49,bf16
dynamic,AI_CORE,"1,512;256,512",DT_BF16;DT_BF16,ND;ND,"1,256",DT_BF16,ND,38.12,bf16
dynamic,AI_CORE,"1,1024;256,1024",DT_BF16;DT_BF16,ND;ND,"1,256",DT_BF16,ND,38.16,bf16
dynamic,AI_CORE,"1,2048;256,2048",DT_BF16;DT_BF16,ND;ND,"1,256",DT_BF16,ND,37.81,bf16
dynamic,AI_CORE,"1,4096;256,4096",DT_BF16;DT_BF16,ND;ND,"1,256",DT_BF16,ND,37.20,bf16
dynamic,AI_CORE,"1,7168;256,7168",DT_BF16;DT_BF16,ND;ND,"1,256",DT_BF16,ND,37.94,bf16
dynamic,AI_CORE,"1,8192;256,8192",DT_BF16;DT_BF16,ND;ND,"1,256",DT_BF16,ND,37.06,bf16
dynamic,AI_CORE,"1,12288;256,12288",DT_BF16;DT_BF16,ND;ND,"1,256",DT_BF16,ND,37.13,bf16
dynamic,AI_CORE,"1,16384;256,16384",DT_BF16;DT_BF16,ND;ND,"1,256",DT_BF16,ND,36.95,bf16
dynamic,AI_CORE,"1,256;512,256",DT_BF16;DT_BF16,ND;ND,"1,512",DT_BF16,ND,37.27,bf16
dynamic,AI_CORE,"1,512;512,512",DT_BF16;DT_BF16,ND;ND,"1,512",DT_BF16,ND,40.50,bf16
dynamic,AI_CORE,"1,1024;512,1024",DT_BF16;DT_BF16,ND;ND,"1,512",DT_BF16,ND,37.23,bf16
dynamic,AI_CORE,"1,2048;512,2048",DT_BF16;DT_BF16,ND;ND,"1,512",DT_BF16,ND,37.21,bf16
dynamic,AI_CORE,"1,4096;512,4096",DT_BF16;DT_BF16,ND;ND,"1,512",DT_BF16,ND,37.03,bf16
dynamic,AI_CORE,"1,7168;512,7168",DT_BF16;DT_BF16,ND;ND,"1,512",DT_BF16,ND,37.03,bf16
dynamic,AI_CORE,"1,8192;512,8192",DT_BF16;DT_BF16,ND;ND,"1,512",DT_BF16,ND,37.53,bf16
dynamic,AI_CORE,"1,12288;512,12288",DT_BF16;DT_BF16,ND;ND,"1,512",DT_BF16,ND,38.33,bf16
dynamic,AI_CORE,"1,16384;512,16384",DT_BF16;DT_BF16,ND;ND,"1,512",DT_BF16,ND,38.15,bf16
dynamic,AI_CORE,"1,256;1024,256",DT_BF16;DT_BF16,ND;ND,"1,1024",DT_BF16,ND,38.09,bf16
dynamic,AI_CORE,"1,512;1024,512",DT_BF16;DT_BF16,ND;ND,"1,1024",DT_BF16,ND,38.09,bf16
dynamic,AI_CORE,"1,1024;1024,1024",DT_BF16;DT_BF16,ND;ND,"1,1024",DT_BF16,ND,37.93,bf16
dynamic,AI_CORE,"1,2048;1024,2048",DT_BF16;DT_BF16,ND;ND,"1,1024",DT_BF16,ND,37.93,bf16
dynamic,AI_CORE,"1,4096;1024,4096",DT_BF16;DT_BF16,ND;ND,"1,1024",DT_BF16,ND,37.84,bf16
dynamic,AI_CORE,"1,7168;1024,7168",DT_BF16;DT_BF16,ND;ND,"1,1024",DT_BF16,ND,37.82,bf16
dynamic,AI_CORE,"1,8192;1024,8192",DT_BF16;DT_BF16,ND;ND,"1,1024",DT_BF16,ND,38.00,bf16
dynamic,AI_CORE,"1,12288;1024,12288",DT_BF16;DT_BF16,ND;ND,"1,1024",DT_BF16,ND,38.42,bf16
dynamic,AI_CORE,"1,16384;1024,16384",DT_BF16;DT_BF16,ND;ND,"1,1024",DT_BF16,ND,47.93,bf16
dynamic,AI_CORE,"1,256;2048,256",DT_BF16;DT_BF16,ND;ND,"1,2048",DT_BF16,ND,40.99,bf16
dynamic,AI_CORE,"1,512;2048,512",DT_BF16;DT_BF16,ND;ND,"1,2048",DT_BF16,ND,36.93,bf16
dynamic,AI_CORE,"1,1024;2048,1024",DT_BF16;DT_BF16,ND;ND,"1,2048",DT_BF16,ND,36.95,bf16
dynamic,AI_CORE,"1,2048;2048,2048",DT_BF16;DT_BF16,ND;ND,"1,2048",DT_BF16,ND,41.93,bf16
dynamic,AI_CORE,"1,4096;2048,4096",DT_BF16;DT_BF16,ND;ND,"1,2048",DT_BF16,ND,36.57,bf16
dynamic,AI_CORE,"1,7168;2048,7168",DT_BF16;DT_BF16,ND;ND,"1,2048",DT_BF16,ND,36.68,bf16
dynamic,AI_CORE,"1,8192;2048,8192",DT_BF16;DT_BF16,ND;ND,"1,2048",DT_BF16,ND,36.50,bf16
dynamic,AI_CORE,"1,12288;2048,12288",DT_BF16;DT_BF16,ND;ND,"1,2048",DT_BF16,ND,46.65,bf16
dynamic,AI_CORE,"1,16384;2048,16384",DT_BF16;DT_BF16,ND;ND,"1,2048",DT_BF16,ND,58.54,bf16
dynamic,AI_CORE,"1,256;4096,256",DT_BF16;DT_BF16,ND;ND,"1,4096",DT_BF16,ND,37.06,bf16
dynamic,AI_CORE,"1,512;4096,512",DT_BF16;DT_BF16,ND;ND,"1,4096",DT_BF16,ND,36.65,bf16
dynamic,AI_CORE,"1,1024;4096,1024",DT_BF16;DT_BF16,ND;ND,"1,4096",DT_BF16,ND,36.51,bf16
dynamic,AI_CORE,"1,2048;4096,2048",DT_BF16;DT_BF16,ND;ND,"1,4096",DT_BF16,ND,36.74,bf16
dynamic,AI_CORE,"1,4096;4096,4096",DT_BF16;DT_BF16,ND;ND,"1,4096",DT_BF16,ND,36.52,bf16
dynamic,AI_CORE,"1,7168;4096,7168",DT_BF16;DT_BF16,ND;ND,"1,4096",DT_BF16,ND,50.44,bf16
dynamic,AI_CORE,"1,8192;4096,8192",DT_BF16;DT_BF16,ND;ND,"1,4096",DT_BF16,ND,49.80,bf16
dynamic,AI_CORE,"1,12288;4096,12288",DT_BF16;DT_BF16,ND;ND,"1,4096",DT_BF16,ND,89.24,bf16
dynamic,AI_CORE,"1,16384;4096,16384",DT_BF16;DT_BF16,ND;ND,"1,4096",DT_BF16,ND,116.28,bf16
dynamic,AI_CORE,"1,256;7168,256",DT_BF16;DT_BF16,ND;ND,"1,7168",DT_BF16,ND,37.85,bf16
dynamic,AI_CORE,"1,512;7168,512",DT_BF16;DT_BF16,ND;ND,"1,7168",DT_BF16,ND,38.01,bf16
dynamic,AI_CORE,"1,1024;7168,1024",DT_BF16;DT_BF16,ND;ND,"1,7168",DT_BF16,ND,37.69,bf16
dynamic,AI_CORE,"1,2048;7168,2048",DT_BF16;DT_BF16,ND;ND,"1,7168",DT_BF16,ND,38.29,bf16
dynamic,AI_CORE,"1,4096;7168,4096",DT_BF16;DT_BF16,ND;ND,"1,7168",DT_BF16,ND,52.04,bf16
dynamic,AI_CORE,"1,7168;7168,7168",DT_BF16;DT_BF16,ND;ND,"1,7168",DT_BF16,ND,95.62,bf16
dynamic,AI_CORE,"1,8192;7168,8192",DT_BF16;DT_BF16,ND;ND,"1,7168",DT_BF16,ND,86.42,bf16
dynamic,AI_CORE,"1,12288;7168,12288",DT_BF16;DT_BF16,ND;ND,"1,7168",DT_BF16,ND,156.41,bf16
dynamic,AI_CORE,"1,16384;7168,16384",DT_BF16;DT_BF16,ND;ND,"1,7168",DT_BF16,ND,202.58,bf16
dynamic,AI_CORE,"1,256;8192,256",DT_BF16;DT_BF16,ND;ND,"1,8192",DT_BF16,ND,37.93,bf16
dynamic,AI_CORE,"1,512;8192,512",DT_BF16;DT_BF16,ND;ND,"1,8192",DT_BF16,ND,38.08,bf16
dynamic,AI_CORE,"1,1024;8192,1024",DT_BF16;DT_BF16,ND;ND,"1,8192",DT_BF16,ND,37.60,bf16
dynamic,AI_CORE,"1,2048;8192,2048",DT_BF16;DT_BF16,ND;ND,"1,8192",DT_BF16,ND,37.45,bf16
dynamic,AI_CORE,"1,4096;8192,4096",DT_BF16;DT_BF16,ND;ND,"1,8192",DT_BF16,ND,54.34,bf16
dynamic,AI_CORE,"1,7168;8192,7168",DT_BF16;DT_BF16,ND;ND,"1,8192",DT_BF16,ND,98.46,bf16
dynamic,AI_CORE,"1,8192;8192,8192",DT_BF16;DT_BF16,ND;ND,"1,8192",DT_BF16,ND,101.34,bf16
dynamic,AI_CORE,"1,12288;8192,12288",DT_BF16;DT_BF16,ND;ND,"1,8192",DT_BF16,ND,168.24,bf16
dynamic,AI_CORE,"1,16384;8192,16384",DT_BF16;DT_BF16,ND;ND,"1,8192",DT_BF16,ND,207.38,bf16
dynamic,AI_CORE,"1,256;12288,256",DT_BF16;DT_BF16,ND;ND,"1,12288",DT_BF16,ND,38.62,bf16
dynamic,AI_CORE,"1,512;12288,512",DT_BF16;DT_BF16,ND;ND,"1,12288",DT_BF16,ND,38.68,bf16
dynamic,AI_CORE,"1,1024;12288,1024",DT_BF16;DT_BF16,ND;ND,"1,12288",DT_BF16,ND,38.16,bf16
dynamic,AI_CORE,"1,2048;12288,2048",DT_BF16;DT_BF16,ND;ND,"1,12288",DT_BF16,ND,37.96,bf16
dynamic,AI_CORE,"1,4096;12288,4096",DT_BF16;DT_BF16,ND;ND,"1,12288",DT_BF16,ND,72.84,bf16
dynamic,AI_CORE,"1,7168;12288,7168",DT_BF16;DT_BF16,ND;ND,"1,12288",DT_BF16,ND,147.25,bf16
dynamic,AI_CORE,"1,8192;12288,8192",DT_BF16;DT_BF16,ND;ND,"1,12288",DT_BF16,ND,149.40,bf16
dynamic,AI_CORE,"1,12288;12288,12288",DT_BF16;DT_BF16,ND;ND,"1,12288",DT_BF16,ND,235.40,bf16
dynamic,AI_CORE,"1,16384;12288,16384",DT_BF16;DT_BF16,ND;ND,"1,12288",DT_BF16,ND,291.74,bf16
dynamic,AI_CORE,"1,256;16384,256",DT_BF16;DT_BF16,ND;ND,"1,16384",DT_BF16,ND,37.84,bf16
dynamic,AI_CORE,"1,512;16384,512",DT_BF16;DT_BF16,ND;ND,"1,16384",DT_BF16,ND,37.64,bf16
dynamic,AI_CORE,"1,1024;16384,1024",DT_BF16;DT_BF16,ND;ND,"1,16384",DT_BF16,ND,37.71,bf16
dynamic,AI_CORE,"1,2048;16384,2048",DT_BF16;DT_BF16,ND;ND,"1,16384",DT_BF16,ND,51.14,bf16
dynamic,AI_CORE,"1,4096;16384,4096",DT_BF16;DT_BF16,ND;ND,"1,16384",DT_BF16,ND,97.32,bf16
dynamic,AI_CORE,"1,7168;16384,7168",DT_BF16;DT_BF16,ND;ND,"1,16384",DT_BF16,ND,196.75,bf16
dynamic,AI_CORE,"1,8192;16384,8192",DT_BF16;DT_BF16,ND;ND,"1,16384",DT_BF16,ND,194.62,bf16
dynamic,AI_CORE,"1,12288;16384,12288",DT_BF16;DT_BF16,ND;ND,"1,16384",DT_BF16,ND,324.86,bf16
dynamic,AI_CORE,"1,16384;16384,16384",DT_BF16;DT_BF16,ND;ND,"1,16384",DT_BF16,ND,405.00,bf16
dynamic,AI_CORE,"2,256;256,256",DT_BF16;DT_BF16,ND;ND,"2,256",DT_BF16,ND,38.51,bf16
dynamic,AI_CORE,"2,512;256,512",DT_BF16;DT_BF16,ND;ND,"2,256",DT_BF16,ND,38.24,bf16
dynamic,AI_CORE,"2,1024;256,1024",DT_BF16;DT_BF16,ND;ND,"2,256",DT_BF16,ND,39.67,bf16
dynamic,AI_CORE,"2,2048;256,2048",DT_BF16;DT_BF16,ND;ND,"2,256",DT_BF16,ND,37.46,bf16
dynamic,AI_CORE,"2,4096;256,4096",DT_BF16;DT_BF16,ND;ND,"2,256",DT_BF16,ND,37.40,bf16
dynamic,AI_CORE,"2,7168;256,7168",DT_BF16;DT_BF16,ND;ND,"2,256",DT_BF16,ND,37.52,bf16
dynamic,AI_CORE,"2,8192;256,8192",DT_BF16;DT_BF16,ND;ND,"2,256",DT_BF16,ND,38.04,bf16
dynamic,AI_CORE,"2,12288;256,12288",DT_BF16;DT_BF16,ND;ND,"2,256",DT_BF16,ND,37.45,bf16
dynamic,AI_CORE,"2,16384;256,16384",DT_BF16;DT_BF16,ND;ND,"2,256",DT_BF16,ND,37.55,bf16
dynamic,AI_CORE,"2,256;512,256",DT_BF16;DT_BF16,ND;ND,"2,512",DT_BF16,ND,37.42,bf16
dynamic,AI_CORE,"2,512;512,512",DT_BF16;DT_BF16,ND;ND,"2,512",DT_BF16,ND,39.42,bf16
dynamic,AI_CORE,"2,1024;512,1024",DT_BF16;DT_BF16,ND;ND,"2,512",DT_BF16,ND,38.20,bf16
dynamic,AI_CORE,"2,2048;512,2048",DT_BF16;DT_BF16,ND;ND,"2,512",DT_BF16,ND,37.71,bf16
dynamic,AI_CORE,"2,4096;512,4096",DT_BF16;DT_BF16,ND;ND,"2,512",DT_BF16,ND,37.74,bf16
dynamic,AI_CORE,"2,7168;512,7168",DT_BF16;DT_BF16,ND;ND,"2,512",DT_BF16,ND,43.49,bf16
dynamic,AI_CORE,"2,8192;512,8192",DT_BF16;DT_BF16,ND;ND,"2,512",DT_BF16,ND,38.23,bf16
dynamic,AI_CORE,"2,12288;512,12288",DT_BF16;DT_BF16,ND;ND,"2,512",DT_BF16,ND,39.05,bf16
dynamic,AI_CORE,"2,16384;512,16384",DT_BF16;DT_BF16,ND;ND,"2,512",DT_BF16,ND,41.87,bf16
dynamic,AI_CORE,"2,256;1024,256",DT_BF16;DT_BF16,ND;ND,"2,1024",DT_BF16,ND,38.47,bf16
dynamic,AI_CORE,"2,512;1024,512",DT_BF16;DT_BF16,ND;ND,"2,1024",DT_BF16,ND,37.95,bf16
dynamic,AI_CORE,"2,1024;1024,1024",DT_BF16;DT_BF16,ND;ND,"2,1024",DT_BF16,ND,40.13,bf16
dynamic,AI_CORE,"2,2048;1024,2048",DT_BF16;DT_BF16,ND;ND,"2,1024",DT_BF16,ND,38.29,bf16
dynamic,AI_CORE,"2,4096;1024,4096",DT_BF16;DT_BF16,ND;ND,"2,1024",DT_BF16,ND,39.87,bf16
dynamic,AI_CORE,"2,7168;1024,7168",DT_BF16;DT_BF16,ND;ND,"2,1024",DT_BF16,ND,38.48,bf16
dynamic,AI_CORE,"2,8192;1024,8192",DT_BF16;DT_BF16,ND;ND,"2,1024",DT_BF16,ND,42.73,bf16
dynamic,AI_CORE,"2,12288;1024,12288",DT_BF16;DT_BF16,ND;ND,"2,1024",DT_BF16,ND,37.67,bf16
dynamic,AI_CORE,"2,16384;1024,16384",DT_BF16;DT_BF16,ND;ND,"2,1024",DT_BF16,ND,48.12,bf16
dynamic,AI_CORE,"2,256;2048,256",DT_BF16;DT_BF16,ND;ND,"2,2048",DT_BF16,ND,38.01,bf16
dynamic,AI_CORE,"2,512;2048,512",DT_BF16;DT_BF16,ND;ND,"2,2048",DT_BF16,ND,38.62,bf16
dynamic,AI_CORE,"2,1024;2048,1024",DT_BF16;DT_BF16,ND;ND,"2,2048",DT_BF16,ND,37.74,bf16
dynamic,AI_CORE,"2,2048;2048,2048",DT_BF16;DT_BF16,ND;ND,"2,2048",DT_BF16,ND,38.12,bf16
dynamic,AI_CORE,"2,4096;2048,4096",DT_BF16;DT_BF16,ND;ND,"2,2048",DT_BF16,ND,40.44,bf16
dynamic,AI_CORE,"2,7168;2048,7168",DT_BF16;DT_BF16,ND;ND,"2,2048",DT_BF16,ND,39.56,bf16
dynamic,AI_CORE,"2,8192;2048,8192",DT_BF16;DT_BF16,ND;ND,"2,2048",DT_BF16,ND,40.94,bf16
dynamic,AI_CORE,"2,12288;2048,12288",DT_BF16;DT_BF16,ND;ND,"2,2048",DT_BF16,ND,46.92,bf16
dynamic,AI_CORE,"2,16384;2048,16384",DT_BF16;DT_BF16,ND;ND,"2,2048",DT_BF16,ND,58.55,bf16
dynamic,AI_CORE,"2,256;4096,256",DT_BF16;DT_BF16,ND;ND,"2,4096",DT_BF16,ND,38.52,bf16
dynamic,AI_CORE,"2,512;4096,512",DT_BF16;DT_BF16,ND;ND,"2,4096",DT_BF16,ND,38.53,bf16
dynamic,AI_CORE,"2,1024;4096,1024",DT_BF16;DT_BF16,ND;ND,"2,4096",DT_BF16,ND,39.09,bf16
dynamic,AI_CORE,"2,2048;4096,2048",DT_BF16;DT_BF16,ND;ND,"2,4096",DT_BF16,ND,46.12,bf16
dynamic,AI_CORE,"2,4096;4096,4096",DT_BF16;DT_BF16,ND;ND,"2,4096",DT_BF16,ND,38.47,bf16
dynamic,AI_CORE,"2,7168;4096,7168",DT_BF16;DT_BF16,ND;ND,"2,4096",DT_BF16,ND,49.85,bf16
dynamic,AI_CORE,"2,8192;4096,8192",DT_BF16;DT_BF16,ND;ND,"2,4096",DT_BF16,ND,50.03,bf16
dynamic,AI_CORE,"2,12288;4096,12288",DT_BF16;DT_BF16,ND;ND,"2,4096",DT_BF16,ND,90.32,bf16
dynamic,AI_CORE,"2,16384;4096,16384",DT_BF16;DT_BF16,ND;ND,"2,4096",DT_BF16,ND,114.55,bf16
dynamic,AI_CORE,"2,256;7168,256",DT_BF16;DT_BF16,ND;ND,"2,7168",DT_BF16,ND,43.74,bf16
dynamic,AI_CORE,"2,512;7168,512",DT_BF16;DT_BF16,ND;ND,"2,7168",DT_BF16,ND,38.71,bf16
dynamic,AI_CORE,"2,1024;7168,1024",DT_BF16;DT_BF16,ND;ND,"2,7168",DT_BF16,ND,40.27,bf16
dynamic,AI_CORE,"2,2048;7168,2048",DT_BF16;DT_BF16,ND;ND,"2,7168",DT_BF16,ND,44.99,bf16
dynamic,AI_CORE,"2,4096;7168,4096",DT_BF16;DT_BF16,ND;ND,"2,7168",DT_BF16,ND,52.35,bf16
dynamic,AI_CORE,"2,7168;7168,7168",DT_BF16;DT_BF16,ND;ND,"2,7168",DT_BF16,ND,95.53,bf16
dynamic,AI_CORE,"2,8192;7168,8192",DT_BF16;DT_BF16,ND;ND,"2,7168",DT_BF16,ND,84.20,bf16
dynamic,AI_CORE,"2,12288;7168,12288",DT_BF16;DT_BF16,ND;ND,"2,7168",DT_BF16,ND,155.59,bf16
dynamic,AI_CORE,"2,16384;7168,16384",DT_BF16;DT_BF16,ND;ND,"2,7168",DT_BF16,ND,205.45,bf16
dynamic,AI_CORE,"2,256;8192,256",DT_BF16;DT_BF16,ND;ND,"2,8192",DT_BF16,ND,39.77,bf16
dynamic,AI_CORE,"2,512;8192,512",DT_BF16;DT_BF16,ND;ND,"2,8192",DT_BF16,ND,39.22,bf16
dynamic,AI_CORE,"2,1024;8192,1024",DT_BF16;DT_BF16,ND;ND,"2,8192",DT_BF16,ND,42.18,bf16
dynamic,AI_CORE,"2,2048;8192,2048",DT_BF16;DT_BF16,ND;ND,"2,8192",DT_BF16,ND,39.25,bf16
dynamic,AI_CORE,"2,4096;8192,4096",DT_BF16;DT_BF16,ND;ND,"2,8192",DT_BF16,ND,53.39,bf16
dynamic,AI_CORE,"2,7168;8192,7168",DT_BF16;DT_BF16,ND;ND,"2,8192",DT_BF16,ND,98.46,bf16
dynamic,AI_CORE,"2,8192;8192,8192",DT_BF16;DT_BF16,ND;ND,"2,8192",DT_BF16,ND,100.87,bf16
dynamic,AI_CORE,"2,12288;8192,12288",DT_BF16;DT_BF16,ND;ND,"2,8192",DT_BF16,ND,164.14,bf16
dynamic,AI_CORE,"2,16384;8192,16384",DT_BF16;DT_BF16,ND;ND,"2,8192",DT_BF16,ND,204.22,bf16
dynamic,AI_CORE,"2,256;12288,256",DT_BF16;DT_BF16,ND;ND,"2,12288",DT_BF16,ND,40.30,bf16
dynamic,AI_CORE,"2,512;12288,512",DT_BF16;DT_BF16,ND;ND,"2,12288",DT_BF16,ND,37.93,bf16
dynamic,AI_CORE,"2,1024;12288,1024",DT_BF16;DT_BF16,ND;ND,"2,12288",DT_BF16,ND,39.18,bf16
dynamic,AI_CORE,"2,2048;12288,2048",DT_BF16;DT_BF16,ND;ND,"2,12288",DT_BF16,ND,46.56,bf16
dynamic,AI_CORE,"2,4096;12288,4096",DT_BF16;DT_BF16,ND;ND,"2,12288",DT_BF16,ND,75.18,bf16
dynamic,AI_CORE,"2,7168;12288,7168",DT_BF16;DT_BF16,ND;ND,"2,12288",DT_BF16,ND,143.52,bf16
dynamic,AI_CORE,"2,8192;12288,8192",DT_BF16;DT_BF16,ND;ND,"2,12288",DT_BF16,ND,145.34,bf16
dynamic,AI_CORE,"2,12288;12288,12288",DT_BF16;DT_BF16,ND;ND,"2,12288",DT_BF16,ND,232.31,bf16
dynamic,AI_CORE,"2,16384;12288,16384",DT_BF16;DT_BF16,ND;ND,"2,12288",DT_BF16,ND,288.87,bf16
dynamic,AI_CORE,"2,256;16384,256",DT_BF16;DT_BF16,ND;ND,"2,16384",DT_BF16,ND,38.84,bf16
dynamic,AI_CORE,"2,512;16384,512",DT_BF16;DT_BF16,ND;ND,"2,16384",DT_BF16,ND,40.08,bf16
dynamic,AI_CORE,"2,1024;16384,1024",DT_BF16;DT_BF16,ND;ND,"2,16384",DT_BF16,ND,38.13,bf16
dynamic,AI_CORE,"2,2048;16384,2048",DT_BF16;DT_BF16,ND;ND,"2,16384",DT_BF16,ND,49.46,bf16
dynamic,AI_CORE,"2,4096;16384,4096",DT_BF16;DT_BF16,ND;ND,"2,16384",DT_BF16,ND,102.19,bf16
dynamic,AI_CORE,"2,7168;16384,7168",DT_BF16;DT_BF16,ND;ND,"2,16384",DT_BF16,ND,196.90,bf16
dynamic,AI_CORE,"2,8192;16384,8192",DT_BF16;DT_BF16,ND;ND,"2,16384",DT_BF16,ND,195.22,bf16
dynamic,AI_CORE,"2,12288;16384,12288",DT_BF16;DT_BF16,ND;ND,"2,16384",DT_BF16,ND,320.37,bf16
dynamic,AI_CORE,"2,16384;16384,16384",DT_BF16;DT_BF16,ND;ND,"2,16384",DT_BF16,ND,404.49,bf16
dynamic,AI_CORE,"4,256;256,256",DT_BF16;DT_BF16,ND;ND,"4,256",DT_BF16,ND,39.79,bf16
dynamic,AI_CORE,"4,512;256,512",DT_BF16;DT_BF16,ND;ND,"4,256",DT_BF16,ND,37.38,bf16
dynamic,AI_CORE,"4,1024;256,1024",DT_BF16;DT_BF16,ND;ND,"4,256",DT_BF16,ND,38.51,bf16
dynamic,AI_CORE,"4,2048;256,2048",DT_BF16;DT_BF16,ND;ND,"4,256",DT_BF16,ND,38.92,bf16
dynamic,AI_CORE,"4,4096;256,4096",DT_BF16;DT_BF16,ND;ND,"4,256",DT_BF16,ND,38.25,bf16
dynamic,AI_CORE,"4,7168;256,7168",DT_BF16;DT_BF16,ND;ND,"4,256",DT_BF16,ND,37.43,bf16
dynamic,AI_CORE,"4,8192;256,8192",DT_BF16;DT_BF16,ND;ND,"4,256",DT_BF16,ND,37.47,bf16
dynamic,AI_CORE,"4,12288;256,12288",DT_BF16;DT_BF16,ND;ND,"4,256",DT_BF16,ND,37.70,bf16
dynamic,AI_CORE,"4,16384;256,16384",DT_BF16;DT_BF16,ND;ND,"4,256",DT_BF16,ND,37.41,bf16
dynamic,AI_CORE,"4,256;512,256",DT_BF16;DT_BF16,ND;ND,"4,512",DT_BF16,ND,38.37,bf16
dynamic,AI_CORE,"4,512;512,512",DT_BF16;DT_BF16,ND;ND,"4,512",DT_BF16,ND,40.50,bf16
dynamic,AI_CORE,"4,1024;512,1024",DT_BF16;DT_BF16,ND;ND,"4,512",DT_BF16,ND,43.63,bf16
dynamic,AI_CORE,"4,2048;512,2048",DT_BF16;DT_BF16,ND;ND,"4,512",DT_BF16,ND,38.60,bf16
dynamic,AI_CORE,"4,4096;512,4096",DT_BF16;DT_BF16,ND;ND,"4,512",DT_BF16,ND,39.14,bf16
dynamic,AI_CORE,"4,7168;512,7168",DT_BF16;DT_BF16,ND;ND,"4,512",DT_BF16,ND,38.54,bf16
dynamic,AI_CORE,"4,8192;512,8192",DT_BF16;DT_BF16,ND;ND,"4,512",DT_BF16,ND,38.05,bf16
dynamic,AI_CORE,"4,12288;512,12288",DT_BF16;DT_BF16,ND;ND,"4,512",DT_BF16,ND,38.24,bf16
dynamic,AI_CORE,"4,16384;512,16384",DT_BF16;DT_BF16,ND;ND,"4,512",DT_BF16,ND,40.89,bf16
dynamic,AI_CORE,"4,256;1024,256",DT_BF16;DT_BF16,ND;ND,"4,1024",DT_BF16,ND,37.84,bf16
dynamic,AI_CORE,"4,512;1024,512",DT_BF16;DT_BF16,ND;ND,"4,1024",DT_BF16,ND,38.16,bf16
dynamic,AI_CORE,"4,1024;1024,1024",DT_BF16;DT_BF16,ND;ND,"4,1024",DT_BF16,ND,38.46,bf16
dynamic,AI_CORE,"4,2048;1024,2048",DT_BF16;DT_BF16,ND;ND,"4,1024",DT_BF16,ND,37.57,bf16
dynamic,AI_CORE,"4,4096;1024,4096",DT_BF16;DT_BF16,ND;ND,"4,1024",DT_BF16,ND,37.89,bf16
dynamic,AI_CORE,"4,7168;1024,7168",DT_BF16;DT_BF16,ND;ND,"4,1024",DT_BF16,ND,38.81,bf16
dynamic,AI_CORE,"4,8192;1024,8192",DT_BF16;DT_BF16,ND;ND,"4,1024",DT_BF16,ND,38.44,bf16
dynamic,AI_CORE,"4,12288;1024,12288",DT_BF16;DT_BF16,ND;ND,"4,1024",DT_BF16,ND,42.19,bf16
dynamic,AI_CORE,"4,16384;1024,16384",DT_BF16;DT_BF16,ND;ND,"4,1024",DT_BF16,ND,47.79,bf16
dynamic,AI_CORE,"4,256;2048,256",DT_BF16;DT_BF16,ND;ND,"4,2048",DT_BF16,ND,38.20,bf16
dynamic,AI_CORE,"4,512;2048,512",DT_BF16;DT_BF16,ND;ND,"4,2048",DT_BF16,ND,47.62,bf16
dynamic,AI_CORE,"4,1024;2048,1024",DT_BF16;DT_BF16,ND;ND,"4,2048",DT_BF16,ND,37.68,bf16
dynamic,AI_CORE,"4,2048;2048,2048",DT_BF16;DT_BF16,ND;ND,"4,2048",DT_BF16,ND,37.75,bf16
dynamic,AI_CORE,"4,4096;2048,4096",DT_BF16;DT_BF16,ND;ND,"4,2048",DT_BF16,ND,37.70,bf16
dynamic,AI_CORE,"4,7168;2048,7168",DT_BF16;DT_BF16,ND;ND,"4,2048",DT_BF16,ND,37.65,bf16
dynamic,AI_CORE,"4,8192;2048,8192",DT_BF16;DT_BF16,ND;ND,"4,2048",DT_BF16,ND,38.51,bf16
dynamic,AI_CORE,"4,12288;2048,12288",DT_BF16;DT_BF16,ND;ND,"4,2048",DT_BF16,ND,46.38,bf16
dynamic,AI_CORE,"4,16384;2048,16384",DT_BF16;DT_BF16,ND;ND,"4,2048",DT_BF16,ND,59.57,bf16
dynamic,AI_CORE,"4,256;4096,256",DT_BF16;DT_BF16,ND;ND,"4,4096",DT_BF16,ND,37.79,bf16
dynamic,AI_CORE,"4,512;4096,512",DT_BF16;DT_BF16,ND;ND,"4,4096",DT_BF16,ND,38.11,bf16
dynamic,AI_CORE,"4,1024;4096,1024",DT_BF16;DT_BF16,ND;ND,"4,4096",DT_BF16,ND,37.89,bf16
dynamic,AI_CORE,"4,2048;4096,2048",DT_BF16;DT_BF16,ND;ND,"4,4096",DT_BF16,ND,37.86,bf16
dynamic,AI_CORE,"4,4096;4096,4096",DT_BF16;DT_BF16,ND;ND,"4,4096",DT_BF16,ND,37.84,bf16
dynamic,AI_CORE,"4,7168;4096,7168",DT_BF16;DT_BF16,ND;ND,"4,4096",DT_BF16,ND,49.81,bf16
dynamic,AI_CORE,"4,8192;4096,8192",DT_BF16;DT_BF16,ND;ND,"4,4096",DT_BF16,ND,49.72,bf16
dynamic,AI_CORE,"4,12288;4096,12288",DT_BF16;DT_BF16,ND;ND,"4,4096",DT_BF16,ND,90.72,bf16
dynamic,AI_CORE,"4,16384;4096,16384",DT_BF16;DT_BF16,ND;ND,"4,4096",DT_BF16,ND,115.48,bf16
dynamic,AI_CORE,"4,256;7168,256",DT_BF16;DT_BF16,ND;ND,"4,7168",DT_BF16,ND,38.15,bf16
dynamic,AI_CORE,"4,512;7168,512",DT_BF16;DT_BF16,ND;ND,"4,7168",DT_BF16,ND,38.60,bf16
dynamic,AI_CORE,"4,1024;7168,1024",DT_BF16;DT_BF16,ND;ND,"4,7168",DT_BF16,ND,37.71,bf16
dynamic,AI_CORE,"4,2048;7168,2048",DT_BF16;DT_BF16,ND;ND,"4,7168",DT_BF16,ND,37.92,bf16
dynamic,AI_CORE,"4,4096;7168,4096",DT_BF16;DT_BF16,ND;ND,"4,7168",DT_BF16,ND,52.01,bf16
dynamic,AI_CORE,"4,7168;7168,7168",DT_BF16;DT_BF16,ND;ND,"4,7168",DT_BF16,ND,96.93,bf16
dynamic,AI_CORE,"4,8192;7168,8192",DT_BF16;DT_BF16,ND;ND,"4,7168",DT_BF16,ND,85.99,bf16
dynamic,AI_CORE,"4,12288;7168,12288",DT_BF16;DT_BF16,ND;ND,"4,7168",DT_BF16,ND,157.49,bf16
dynamic,AI_CORE,"4,16384;7168,16384",DT_BF16;DT_BF16,ND;ND,"4,7168",DT_BF16,ND,203.69,bf16
dynamic,AI_CORE,"4,256;8192,256",DT_BF16;DT_BF16,ND;ND,"4,8192",DT_BF16,ND,37.83,bf16
dynamic,AI_CORE,"4,512;8192,512",DT_BF16;DT_BF16,ND;ND,"4,8192",DT_BF16,ND,37.87,bf16
dynamic,AI_CORE,"4,1024;8192,1024",DT_BF16;DT_BF16,ND;ND,"4,8192",DT_BF16,ND,37.73,bf16
dynamic,AI_CORE,"4,2048;8192,2048",DT_BF16;DT_BF16,ND;ND,"4,8192",DT_BF16,ND,37.88,bf16
dynamic,AI_CORE,"4,4096;8192,4096",DT_BF16;DT_BF16,ND;ND,"4,8192",DT_BF16,ND,58.68,bf16
dynamic,AI_CORE,"4,7168;8192,7168",DT_BF16;DT_BF16,ND;ND,"4,8192",DT_BF16,ND,98.38,bf16
dynamic,AI_CORE,"4,8192;8192,8192",DT_BF16;DT_BF16,ND;ND,"4,8192",DT_BF16,ND,100.24,bf16
dynamic,AI_CORE,"4,12288;8192,12288",DT_BF16;DT_BF16,ND;ND,"4,8192",DT_BF16,ND,165.85,bf16
dynamic,AI_CORE,"4,16384;8192,16384",DT_BF16;DT_BF16,ND;ND,"4,8192",DT_BF16,ND,204.94,bf16
dynamic,AI_CORE,"4,256;12288,256",DT_BF16;DT_BF16,ND;ND,"4,12288",DT_BF16,ND,38.46,bf16
dynamic,AI_CORE,"4,512;12288,512",DT_BF16;DT_BF16,ND;ND,"4,12288",DT_BF16,ND,38.67,bf16
dynamic,AI_CORE,"4,1024;12288,1024",DT_BF16;DT_BF16,ND;ND,"4,12288",DT_BF16,ND,38.20,bf16
dynamic,AI_CORE,"4,2048;12288,2048",DT_BF16;DT_BF16,ND;ND,"4,12288",DT_BF16,ND,37.95,bf16
dynamic,AI_CORE,"4,4096;12288,4096",DT_BF16;DT_BF16,ND;ND,"4,12288",DT_BF16,ND,72.59,bf16
dynamic,AI_CORE,"4,7168;12288,7168",DT_BF16;DT_BF16,ND;ND,"4,12288",DT_BF16,ND,147.32,bf16
dynamic,AI_CORE,"4,8192;12288,8192",DT_BF16;DT_BF16,ND;ND,"4,12288",DT_BF16,ND,146.12,bf16
dynamic,AI_CORE,"4,12288;12288,12288",DT_BF16;DT_BF16,ND;ND,"4,12288",DT_BF16,ND,234.74,bf16
dynamic,AI_CORE,"4,16384;12288,16384",DT_BF16;DT_BF16,ND;ND,"4,12288",DT_BF16,ND,294.89,bf16
dynamic,AI_CORE,"4,256;16384,256",DT_BF16;DT_BF16,ND;ND,"4,16384",DT_BF16,ND,38.55,bf16
dynamic,AI_CORE,"4,512;16384,512",DT_BF16;DT_BF16,ND;ND,"4,16384",DT_BF16,ND,38.48,bf16
dynamic,AI_CORE,"4,1024;16384,1024",DT_BF16;DT_BF16,ND;ND,"4,16384",DT_BF16,ND,39.88,bf16
dynamic,AI_CORE,"4,2048;16384,2048",DT_BF16;DT_BF16,ND;ND,"4,16384",DT_BF16,ND,54.57,bf16
dynamic,AI_CORE,"4,4096;16384,4096",DT_BF16;DT_BF16,ND;ND,"4,16384",DT_BF16,ND,96.82,bf16
dynamic,AI_CORE,"4,7168;16384,7168",DT_BF16;DT_BF16,ND;ND,"4,16384",DT_BF16,ND,191.89,bf16
dynamic,AI_CORE,"4,8192;16384,8192",DT_BF16;DT_BF16,ND;ND,"4,16384",DT_BF16,ND,198.00,bf16
dynamic,AI_CORE,"4,12288;16384,12288",DT_BF16;DT_BF16,ND;ND,"4,16384",DT_BF16,ND,324.90,bf16
dynamic,AI_CORE,"4,16384;16384,16384",DT_BF16;DT_BF16,ND;ND,"4,16384",DT_BF16,ND,402.67,bf16
dynamic,AI_CORE,"8,256;256,256",DT_BF16;DT_BF16,ND;ND,"8,256",DT_BF16,ND,38.25,bf16
dynamic,AI_CORE,"8,512;256,512",DT_BF16;DT_BF16,ND;ND,"8,256",DT_BF16,ND,39.31,bf16
dynamic,AI_CORE,"8,1024;256,1024",DT_BF16;DT_BF16,ND;ND,"8,256",DT_BF16,ND,38.05,bf16
dynamic,AI_CORE,"8,2048;256,2048",DT_BF16;DT_BF16,ND;ND,"8,256",DT_BF16,ND,39.02,bf16
dynamic,AI_CORE,"8,4096;256,4096",DT_BF16;DT_BF16,ND;ND,"8,256",DT_BF16,ND,39.36,bf16
dynamic,AI_CORE,"8,7168;256,7168",DT_BF16;DT_BF16,ND;ND,"8,256",DT_BF16,ND,38.17,bf16
dynamic,AI_CORE,"8,8192;256,8192",DT_BF16;DT_BF16,ND;ND,"8,256",DT_BF16,ND,38.39,bf16
dynamic,AI_CORE,"8,12288;256,12288",DT_BF16;DT_BF16,ND;ND,"8,256",DT_BF16,ND,37.56,bf16
dynamic,AI_CORE,"8,16384;256,16384",DT_BF16;DT_BF16,ND;ND,"8,256",DT_BF16,ND,38.41,bf16
dynamic,AI_CORE,"8,256;512,256",DT_BF16;DT_BF16,ND;ND,"8,512",DT_BF16,ND,37.60,bf16
dynamic,AI_CORE,"8,512;512,512",DT_BF16;DT_BF16,ND;ND,"8,512",DT_BF16,ND,39.60,bf16
dynamic,AI_CORE,"8,1024;512,1024",DT_BF16;DT_BF16,ND;ND,"8,512",DT_BF16,ND,37.70,bf16
dynamic,AI_CORE,"8,2048;512,2048",DT_BF16;DT_BF16,ND;ND,"8,512",DT_BF16,ND,37.75,bf16
dynamic,AI_CORE,"8,4096;512,4096",DT_BF16;DT_BF16,ND;ND,"8,512",DT_BF16,ND,37.46,bf16
dynamic,AI_CORE,"8,7168;512,7168",DT_BF16;DT_BF16,ND;ND,"8,512",DT_BF16,ND,37.38,bf16
dynamic,AI_CORE,"8,8192;512,8192",DT_BF16;DT_BF16,ND;ND,"8,512",DT_BF16,ND,37.60,bf16
dynamic,AI_CORE,"8,12288;512,12288",DT_BF16;DT_BF16,ND;ND,"8,512",DT_BF16,ND,37.48,bf16
dynamic,AI_CORE,"8,16384;512,16384",DT_BF16;DT_BF16,ND;ND,"8,512",DT_BF16,ND,37.90,bf16
dynamic,AI_CORE,"8,256;1024,256",DT_BF16;DT_BF16,ND;ND,"8,1024",DT_BF16,ND,37.65,bf16
dynamic,AI_CORE,"8,512;1024,512",DT_BF16;DT_BF16,ND;ND,"8,1024",DT_BF16,ND,37.84,bf16
dynamic,AI_CORE,"8,1024;1024,1024",DT_BF16;DT_BF16,ND;ND,"8,1024",DT_BF16,ND,37.89,bf16
dynamic,AI_CORE,"8,2048;1024,2048",DT_BF16;DT_BF16,ND;ND,"8,1024",DT_BF16,ND,37.63,bf16
dynamic,AI_CORE,"8,4096;1024,4096",DT_BF16;DT_BF16,ND;ND,"8,1024",DT_BF16,ND,38.05,bf16
dynamic,AI_CORE,"8,7168;1024,7168",DT_BF16;DT_BF16,ND;ND,"8,1024",DT_BF16,ND,37.85,bf16
dynamic,AI_CORE,"8,8192;1024,8192",DT_BF16;DT_BF16,ND;ND,"8,1024",DT_BF16,ND,38.15,bf16
dynamic,AI_CORE,"8,12288;1024,12288",DT_BF16;DT_BF16,ND;ND,"8,1024",DT_BF16,ND,37.99,bf16
dynamic,AI_CORE,"8,16384;1024,16384",DT_BF16;DT_BF16,ND;ND,"8,1024",DT_BF16,ND,47.80,bf16
dynamic,AI_CORE,"8,256;2048,256",DT_BF16;DT_BF16,ND;ND,"8,2048",DT_BF16,ND,37.78,bf16
dynamic,AI_CORE,"8,512;2048,512",DT_BF16;DT_BF16,ND;ND,"8,2048",DT_BF16,ND,37.55,bf16
dynamic,AI_CORE,"8,1024;2048,1024",DT_BF16;DT_BF16,ND;ND,"8,2048",DT_BF16,ND,37.45,bf16
dynamic,AI_CORE,"8,2048;2048,2048",DT_BF16;DT_BF16,ND;ND,"8,2048",DT_BF16,ND,37.55,bf16
dynamic,AI_CORE,"8,4096;2048,4096",DT_BF16;DT_BF16,ND;ND,"8,2048",DT_BF16,ND,37.70,bf16
dynamic,AI_CORE,"8,7168;2048,7168",DT_BF16;DT_BF16,ND;ND,"8,2048",DT_BF16,ND,38.30,bf16
dynamic,AI_CORE,"8,8192;2048,8192",DT_BF16;DT_BF16,ND;ND,"8,2048",DT_BF16,ND,37.80,bf16
dynamic,AI_CORE,"8,12288;2048,12288",DT_BF16;DT_BF16,ND;ND,"8,2048",DT_BF16,ND,46.85,bf16
dynamic,AI_CORE,"8,16384;2048,16384",DT_BF16;DT_BF16,ND;ND,"8,2048",DT_BF16,ND,59.44,bf16
dynamic,AI_CORE,"8,256;4096,256",DT_BF16;DT_BF16,ND;ND,"8,4096",DT_BF16,ND,39.51,bf16
dynamic,AI_CORE,"8,512;4096,512",DT_BF16;DT_BF16,ND;ND,"8,4096",DT_BF16,ND,37.86,bf16
dynamic,AI_CORE,"8,1024;4096,1024",DT_BF16;DT_BF16,ND;ND,"8,4096",DT_BF16,ND,37.73,bf16
dynamic,AI_CORE,"8,2048;4096,2048",DT_BF16;DT_BF16,ND;ND,"8,4096",DT_BF16,ND,38.09,bf16
dynamic,AI_CORE,"8,4096;4096,4096",DT_BF16;DT_BF16,ND;ND,"8,4096",DT_BF16,ND,37.75,bf16
dynamic,AI_CORE,"8,7168;4096,7168",DT_BF16;DT_BF16,ND;ND,"8,4096",DT_BF16,ND,49.80,bf16
dynamic,AI_CORE,"8,8192;4096,8192",DT_BF16;DT_BF16,ND;ND,"8,4096",DT_BF16,ND,50.31,bf16
dynamic,AI_CORE,"8,12288;4096,12288",DT_BF16;DT_BF16,ND;ND,"8,4096",DT_BF16,ND,90.02,bf16
dynamic,AI_CORE,"8,16384;4096,16384",DT_BF16;DT_BF16,ND;ND,"8,4096",DT_BF16,ND,116.01,bf16
dynamic,AI_CORE,"8,256;7168,256",DT_BF16;DT_BF16,ND;ND,"8,7168",DT_BF16,ND,37.63,bf16
dynamic,AI_CORE,"8,512;7168,512",DT_BF16;DT_BF16,ND;ND,"8,7168",DT_BF16,ND,37.25,bf16
dynamic,AI_CORE,"8,1024;7168,1024",DT_BF16;DT_BF16,ND;ND,"8,7168",DT_BF16,ND,37.86,bf16
dynamic,AI_CORE,"8,2048;7168,2048",DT_BF16;DT_BF16,ND;ND,"8,7168",DT_BF16,ND,38.08,bf16
dynamic,AI_CORE,"8,4096;7168,4096",DT_BF16;DT_BF16,ND;ND,"8,7168",DT_BF16,ND,52.23,bf16
dynamic,AI_CORE,"8,7168;7168,7168",DT_BF16;DT_BF16,ND;ND,"8,7168",DT_BF16,ND,95.63,bf16
dynamic,AI_CORE,"8,8192;7168,8192",DT_BF16;DT_BF16,ND;ND,"8,7168",DT_BF16,ND,83.83,bf16
dynamic,AI_CORE,"8,12288;7168,12288",DT_BF16;DT_BF16,ND;ND,"8,7168",DT_BF16,ND,157.55,bf16
dynamic,AI_CORE,"8,16384;7168,16384",DT_BF16;DT_BF16,ND;ND,"8,7168",DT_BF16,ND,204.05,bf16
dynamic,AI_CORE,"8,256;8192,256",DT_BF16;DT_BF16,ND;ND,"8,8192",DT_BF16,ND,38.03,bf16
dynamic,AI_CORE,"8,512;8192,512",DT_BF16;DT_BF16,ND;ND,"8,8192",DT_BF16,ND,38.14,bf16
dynamic,AI_CORE,"8,1024;8192,1024",DT_BF16;DT_BF16,ND;ND,"8,8192",DT_BF16,ND,37.84,bf16
dynamic,AI_CORE,"8,2048;8192,2048",DT_BF16;DT_BF16,ND;ND,"8,8192",DT_BF16,ND,37.78,bf16
dynamic,AI_CORE,"8,4096;8192,4096",DT_BF16;DT_BF16,ND;ND,"8,8192",DT_BF16,ND,53.05,bf16
dynamic,AI_CORE,"8,7168;8192,7168",DT_BF16;DT_BF16,ND;ND,"8,8192",DT_BF16,ND,98.02,bf16
dynamic,AI_CORE,"8,8192;8192,8192",DT_BF16;DT_BF16,ND;ND,"8,8192",DT_BF16,ND,102.92,bf16
dynamic,AI_CORE,"8,12288;8192,12288",DT_BF16;DT_BF16,ND;ND,"8,8192",DT_BF16,ND,162.31,bf16
dynamic,AI_CORE,"8,16384;8192,16384",DT_BF16;DT_BF16,ND;ND,"8,8192",DT_BF16,ND,207.00,bf16
dynamic,AI_CORE,"8,256;12288,256",DT_BF16;DT_BF16,ND;ND,"8,12288",DT_BF16,ND,38.95,bf16
dynamic,AI_CORE,"8,512;12288,512",DT_BF16;DT_BF16,ND;ND,"8,12288",DT_BF16,ND,38.45,bf16
dynamic,AI_CORE,"8,1024;12288,1024",DT_BF16;DT_BF16,ND;ND,"8,12288",DT_BF16,ND,39.51,bf16
dynamic,AI_CORE,"8,2048;12288,2048",DT_BF16;DT_BF16,ND;ND,"8,12288",DT_BF16,ND,42.32,bf16
dynamic,AI_CORE,"8,4096;12288,4096",DT_BF16;DT_BF16,ND;ND,"8,12288",DT_BF16,ND,71.22,bf16
dynamic,AI_CORE,"8,7168;12288,7168",DT_BF16;DT_BF16,ND;ND,"8,12288",DT_BF16,ND,142.22,bf16
dynamic,AI_CORE,"8,8192;12288,8192",DT_BF16;DT_BF16,ND;ND,"8,12288",DT_BF16,ND,144.01,bf16
dynamic,AI_CORE,"8,12288;12288,12288",DT_BF16;DT_BF16,ND;ND,"8,12288",DT_BF16,ND,237.21,bf16
dynamic,AI_CORE,"8,16384;12288,16384",DT_BF16;DT_BF16,ND;ND,"8,12288",DT_BF16,ND,287.42,bf16
dynamic,AI_CORE,"8,256;16384,256",DT_BF16;DT_BF16,ND;ND,"8,16384",DT_BF16,ND,38.30,bf16
dynamic,AI_CORE,"8,512;16384,512",DT_BF16;DT_BF16,ND;ND,"8,16384",DT_BF16,ND,38.16,bf16
dynamic,AI_CORE,"8,1024;16384,1024",DT_BF16;DT_BF16,ND;ND,"8,16384",DT_BF16,ND,38.57,bf16
dynamic,AI_CORE,"8,2048;16384,2048",DT_BF16;DT_BF16,ND;ND,"8,16384",DT_BF16,ND,49.93,bf16
dynamic,AI_CORE,"8,4096;16384,4096",DT_BF16;DT_BF16,ND;ND,"8,16384",DT_BF16,ND,96.49,bf16
dynamic,AI_CORE,"8,7168;16384,7168",DT_BF16;DT_BF16,ND;ND,"8,16384",DT_BF16,ND,199.19,bf16
dynamic,AI_CORE,"8,8192;16384,8192",DT_BF16;DT_BF16,ND;ND,"8,16384",DT_BF16,ND,200.07,bf16
dynamic,AI_CORE,"8,12288;16384,12288",DT_BF16;DT_BF16,ND;ND,"8,16384",DT_BF16,ND,326.39,bf16
dynamic,AI_CORE,"8,16384;16384,16384",DT_BF16;DT_BF16,ND;ND,"8,16384",DT_BF16,ND,403.19,bf16
dynamic,AI_CORE,"16,256;256,256",DT_BF16;DT_BF16,ND;ND,"16,256",DT_BF16,ND,38.33,bf16
dynamic,AI_CORE,"16,512;256,512",DT_BF16;DT_BF16,ND;ND,"16,256",DT_BF16,ND,37.70,bf16
dynamic,AI_CORE,"16,1024;256,1024",DT_BF16;DT_BF16,ND;ND,"16,256",DT_BF16,ND,37.59,bf16
dynamic,AI_CORE,"16,2048;256,2048",DT_BF16;DT_BF16,ND;ND,"16,256",DT_BF16,ND,38.29,bf16
dynamic,AI_CORE,"16,4096;256,4096",DT_BF16;DT_BF16,ND;ND,"16,256",DT_BF16,ND,37.71,bf16
dynamic,AI_CORE,"16,7168;256,7168",DT_BF16;DT_BF16,ND;ND,"16,256",DT_BF16,ND,38.07,bf16
dynamic,AI_CORE,"16,8192;256,8192",DT_BF16;DT_BF16,ND;ND,"16,256",DT_BF16,ND,37.42,bf16
dynamic,AI_CORE,"16,12288;256,12288",DT_BF16;DT_BF16,ND;ND,"16,256",DT_BF16,ND,37.65,bf16
dynamic,AI_CORE,"16,16384;256,16384",DT_BF16;DT_BF16,ND;ND,"16,256",DT_BF16,ND,38.27,bf16
dynamic,AI_CORE,"16,256;512,256",DT_BF16;DT_BF16,ND;ND,"16,512",DT_BF16,ND,38.27,bf16
dynamic,AI_CORE,"16,512;512,512",DT_BF16;DT_BF16,ND;ND,"16,512",DT_BF16,ND,39.48,bf16
dynamic,AI_CORE,"16,1024;512,1024",DT_BF16;DT_BF16,ND;ND,"16,512",DT_BF16,ND,37.80,bf16
dynamic,AI_CORE,"16,2048;512,2048",DT_BF16;DT_BF16,ND;ND,"16,512",DT_BF16,ND,37.88,bf16
dynamic,AI_CORE,"16,4096;512,4096",DT_BF16;DT_BF16,ND;ND,"16,512",DT_BF16,ND,38.65,bf16
dynamic,AI_CORE,"16,7168;512,7168",DT_BF16;DT_BF16,ND;ND,"16,512",DT_BF16,ND,37.69,bf16
dynamic,AI_CORE,"16,8192;512,8192",DT_BF16;DT_BF16,ND;ND,"16,512",DT_BF16,ND,40.10,bf16
dynamic,AI_CORE,"16,12288;512,12288",DT_BF16;DT_BF16,ND;ND,"16,512",DT_BF16,ND,37.80,bf16
dynamic,AI_CORE,"16,16384;512,16384",DT_BF16;DT_BF16,ND;ND,"16,512",DT_BF16,ND,37.67,bf16
dynamic,AI_CORE,"16,256;1024,256",DT_BF16;DT_BF16,ND;ND,"16,1024",DT_BF16,ND,37.38,bf16
dynamic,AI_CORE,"16,512;1024,512",DT_BF16;DT_BF16,ND;ND,"16,1024",DT_BF16,ND,37.47,bf16
dynamic,AI_CORE,"16,1024;1024,1024",DT_BF16;DT_BF16,ND;ND,"16,1024",DT_BF16,ND,37.49,bf16
dynamic,AI_CORE,"16,2048;1024,2048",DT_BF16;DT_BF16,ND;ND,"16,1024",DT_BF16,ND,37.52,bf16
dynamic,AI_CORE,"16,4096;1024,4096",DT_BF16;DT_BF16,ND;ND,"16,1024",DT_BF16,ND,37.61,bf16
dynamic,AI_CORE,"16,7168;1024,7168",DT_BF16;DT_BF16,ND;ND,"16,1024",DT_BF16,ND,37.65,bf16
dynamic,AI_CORE,"16,8192;1024,8192",DT_BF16;DT_BF16,ND;ND,"16,1024",DT_BF16,ND,37.92,bf16
dynamic,AI_CORE,"16,12288;1024,12288",DT_BF16;DT_BF16,ND;ND,"16,1024",DT_BF16,ND,38.15,bf16
dynamic,AI_CORE,"16,16384;1024,16384",DT_BF16;DT_BF16,ND;ND,"16,1024",DT_BF16,ND,37.52,bf16
dynamic,AI_CORE,"16,256;2048,256",DT_BF16;DT_BF16,ND;ND,"16,2048",DT_BF16,ND,37.79,bf16
dynamic,AI_CORE,"16,512;2048,512",DT_BF16;DT_BF16,ND;ND,"16,2048",DT_BF16,ND,37.85,bf16
dynamic,AI_CORE,"16,1024;2048,1024",DT_BF16;DT_BF16,ND;ND,"16,2048",DT_BF16,ND,37.97,bf16
dynamic,AI_CORE,"16,2048;2048,2048",DT_BF16;DT_BF16,ND;ND,"16,2048",DT_BF16,ND,38.07,bf16
dynamic,AI_CORE,"16,4096;2048,4096",DT_BF16;DT_BF16,ND;ND,"16,2048",DT_BF16,ND,39.48,bf16
dynamic,AI_CORE,"16,7168;2048,7168",DT_BF16;DT_BF16,ND;ND,"16,2048",DT_BF16,ND,37.74,bf16
dynamic,AI_CORE,"16,8192;2048,8192",DT_BF16;DT_BF16,ND;ND,"16,2048",DT_BF16,ND,38.12,bf16
dynamic,AI_CORE,"16,12288;2048,12288",DT_BF16;DT_BF16,ND;ND,"16,2048",DT_BF16,ND,45.17,bf16
dynamic,AI_CORE,"16,16384;2048,16384",DT_BF16;DT_BF16,ND;ND,"16,2048",DT_BF16,ND,69.16,bf16
dynamic,AI_CORE,"16,256;4096,256",DT_BF16;DT_BF16,ND;ND,"16,4096",DT_BF16,ND,38.02,bf16
dynamic,AI_CORE,"16,512;4096,512",DT_BF16;DT_BF16,ND;ND,"16,4096",DT_BF16,ND,38.08,bf16
dynamic,AI_CORE,"16,1024;4096,1024",DT_BF16;DT_BF16,ND;ND,"16,4096",DT_BF16,ND,38.05,bf16
dynamic,AI_CORE,"16,2048;4096,2048",DT_BF16;DT_BF16,ND;ND,"16,4096",DT_BF16,ND,39.11,bf16
dynamic,AI_CORE,"16,4096;4096,4096",DT_BF16;DT_BF16,ND;ND,"16,4096",DT_BF16,ND,38.31,bf16
dynamic,AI_CORE,"16,7168;4096,7168",DT_BF16;DT_BF16,ND;ND,"16,4096",DT_BF16,ND,50.61,bf16
dynamic,AI_CORE,"16,8192;4096,8192",DT_BF16;DT_BF16,ND;ND,"16,4096",DT_BF16,ND,54.03,bf16
dynamic,AI_CORE,"16,12288;4096,12288",DT_BF16;DT_BF16,ND;ND,"16,4096",DT_BF16,ND,97.12,bf16
dynamic,AI_CORE,"16,16384;4096,16384",DT_BF16;DT_BF16,ND;ND,"16,4096",DT_BF16,ND,135.51,bf16
dynamic,AI_CORE,"16,256;7168,256",DT_BF16;DT_BF16,ND;ND,"16,7168",DT_BF16,ND,38.65,bf16
dynamic,AI_CORE,"16,512;7168,512",DT_BF16;DT_BF16,ND;ND,"16,7168",DT_BF16,ND,38.18,bf16
dynamic,AI_CORE,"16,1024;7168,1024",DT_BF16;DT_BF16,ND;ND,"16,7168",DT_BF16,ND,38.70,bf16
dynamic,AI_CORE,"16,2048;7168,2048",DT_BF16;DT_BF16,ND;ND,"16,7168",DT_BF16,ND,38.22,bf16
dynamic,AI_CORE,"16,4096;7168,4096",DT_BF16;DT_BF16,ND;ND,"16,7168",DT_BF16,ND,49.49,bf16
dynamic,AI_CORE,"16,7168;7168,7168",DT_BF16;DT_BF16,ND;ND,"16,7168",DT_BF16,ND,99.33,bf16
dynamic,AI_CORE,"16,8192;7168,8192",DT_BF16;DT_BF16,ND;ND,"16,7168",DT_BF16,ND,99.82,bf16
dynamic,AI_CORE,"16,12288;7168,12288",DT_BF16;DT_BF16,ND;ND,"16,7168",DT_BF16,ND,156.79,bf16
dynamic,AI_CORE,"16,16384;7168,16384",DT_BF16;DT_BF16,ND;ND,"16,7168",DT_BF16,ND,215.03,bf16
dynamic,AI_CORE,"16,256;8192,256",DT_BF16;DT_BF16,ND;ND,"16,8192",DT_BF16,ND,37.87,bf16
dynamic,AI_CORE,"16,512;8192,512",DT_BF16;DT_BF16,ND;ND,"16,8192",DT_BF16,ND,37.21,bf16
dynamic,AI_CORE,"16,1024;8192,1024",DT_BF16;DT_BF16,ND;ND,"16,8192",DT_BF16,ND,37.35,bf16
dynamic,AI_CORE,"16,2048;8192,2048",DT_BF16;DT_BF16,ND;ND,"16,8192",DT_BF16,ND,37.64,bf16
dynamic,AI_CORE,"16,4096;8192,4096",DT_BF16;DT_BF16,ND;ND,"16,8192",DT_BF16,ND,56.13,bf16
dynamic,AI_CORE,"16,7168;8192,7168",DT_BF16;DT_BF16,ND;ND,"16,8192",DT_BF16,ND,105.95,bf16
dynamic,AI_CORE,"16,8192;8192,8192",DT_BF16;DT_BF16,ND;ND,"16,8192",DT_BF16,ND,120.48,bf16
dynamic,AI_CORE,"16,12288;8192,12288",DT_BF16;DT_BF16,ND;ND,"16,8192",DT_BF16,ND,167.37,bf16
dynamic,AI_CORE,"16,16384;8192,16384",DT_BF16;DT_BF16,ND;ND,"16,8192",DT_BF16,ND,232.34,bf16
dynamic,AI_CORE,"16,256;12288,256",DT_BF16;DT_BF16,ND;ND,"16,12288",DT_BF16,ND,38.24,bf16
dynamic,AI_CORE,"16,512;12288,512",DT_BF16;DT_BF16,ND;ND,"16,12288",DT_BF16,ND,38.10,bf16
dynamic,AI_CORE,"16,1024;12288,1024",DT_BF16;DT_BF16,ND;ND,"16,12288",DT_BF16,ND,37.80,bf16
dynamic,AI_CORE,"16,2048;12288,2048",DT_BF16;DT_BF16,ND;ND,"16,12288",DT_BF16,ND,38.27,bf16
dynamic,AI_CORE,"16,4096;12288,4096",DT_BF16;DT_BF16,ND;ND,"16,12288",DT_BF16,ND,71.76,bf16
dynamic,AI_CORE,"16,7168;12288,7168",DT_BF16;DT_BF16,ND;ND,"16,12288",DT_BF16,ND,149.12,bf16
dynamic,AI_CORE,"16,8192;12288,8192",DT_BF16;DT_BF16,ND;ND,"16,12288",DT_BF16,ND,155.42,bf16
dynamic,AI_CORE,"16,12288;12288,12288",DT_BF16;DT_BF16,ND;ND,"16,12288",DT_BF16,ND,242.13,bf16
dynamic,AI_CORE,"16,16384;12288,16384",DT_BF16;DT_BF16,ND;ND,"16,12288",DT_BF16,ND,321.75,bf16
dynamic,AI_CORE,"16,256;16384,256",DT_BF16;DT_BF16,ND;ND,"16,16384",DT_BF16,ND,58.02,bf16
dynamic,AI_CORE,"16,512;16384,512",DT_BF16;DT_BF16,ND;ND,"16,16384",DT_BF16,ND,37.95,bf16
dynamic,AI_CORE,"16,1024;16384,1024",DT_BF16;DT_BF16,ND;ND,"16,16384",DT_BF16,ND,37.90,bf16
dynamic,AI_CORE,"16,2048;16384,2048",DT_BF16;DT_BF16,ND;ND,"16,16384",DT_BF16,ND,50.80,bf16
dynamic,AI_CORE,"16,4096;16384,4096",DT_BF16;DT_BF16,ND;ND,"16,16384",DT_BF16,ND,95.49,bf16
dynamic,AI_CORE,"16,7168;16384,7168",DT_BF16;DT_BF16,ND;ND,"16,16384",DT_BF16,ND,213.08,bf16
dynamic,AI_CORE,"16,8192;16384,8192",DT_BF16;DT_BF16,ND;ND,"16,16384",DT_BF16,ND,214.86,bf16
dynamic,AI_CORE,"16,12288;16384,12288",DT_BF16;DT_BF16,ND;ND,"16,16384",DT_BF16,ND,331.17,bf16
dynamic,AI_CORE,"16,16384;16384,16384",DT_BF16;DT_BF16,ND;ND,"16,16384",DT_BF16,ND,442.19,bf16
dynamic,AI_CORE,"32,256;256,256",DT_BF16;DT_BF16,ND;ND,"32,256",DT_BF16,ND,37.71,bf16
dynamic,AI_CORE,"32,512;256,512",DT_BF16;DT_BF16,ND;ND,"32,256",DT_BF16,ND,37.46,bf16
dynamic,AI_CORE,"32,1024;256,1024",DT_BF16;DT_BF16,ND;ND,"32,256",DT_BF16,ND,37.29,bf16
dynamic,AI_CORE,"32,2048;256,2048",DT_BF16;DT_BF16,ND;ND,"32,256",DT_BF16,ND,37.22,bf16
dynamic,AI_CORE,"32,4096;256,4096",DT_BF16;DT_BF16,ND;ND,"32,256",DT_BF16,ND,37.38,bf16
dynamic,AI_CORE,"32,7168;256,7168",DT_BF16;DT_BF16,ND;ND,"32,256",DT_BF16,ND,38.35,bf16
dynamic,AI_CORE,"32,8192;256,8192",DT_BF16;DT_BF16,ND;ND,"32,256",DT_BF16,ND,38.30,bf16
dynamic,AI_CORE,"32,12288;256,12288",DT_BF16;DT_BF16,ND;ND,"32,256",DT_BF16,ND,38.05,bf16
dynamic,AI_CORE,"32,16384;256,16384",DT_BF16;DT_BF16,ND;ND,"32,256",DT_BF16,ND,38.93,bf16
dynamic,AI_CORE,"32,256;512,256",DT_BF16;DT_BF16,ND;ND,"32,512",DT_BF16,ND,38.76,bf16
dynamic,AI_CORE,"32,512;512,512",DT_BF16;DT_BF16,ND;ND,"32,512",DT_BF16,ND,40.64,bf16
dynamic,AI_CORE,"32,1024;512,1024",DT_BF16;DT_BF16,ND;ND,"32,512",DT_BF16,ND,38.46,bf16
dynamic,AI_CORE,"32,2048;512,2048",DT_BF16;DT_BF16,ND;ND,"32,512",DT_BF16,ND,38.36,bf16
dynamic,AI_CORE,"32,4096;512,4096",DT_BF16;DT_BF16,ND;ND,"32,512",DT_BF16,ND,38.20,bf16
dynamic,AI_CORE,"32,7168;512,7168",DT_BF16;DT_BF16,ND;ND,"32,512",DT_BF16,ND,38.75,bf16
dynamic,AI_CORE,"32,8192;512,8192",DT_BF16;DT_BF16,ND;ND,"32,512",DT_BF16,ND,38.19,bf16
dynamic,AI_CORE,"32,12288;512,12288",DT_BF16;DT_BF16,ND;ND,"32,512",DT_BF16,ND,37.93,bf16
dynamic,AI_CORE,"32,16384;512,16384",DT_BF16;DT_BF16,ND;ND,"32,512",DT_BF16,ND,38.09,bf16
dynamic,AI_CORE,"32,256;1024,256",DT_BF16;DT_BF16,ND;ND,"32,1024",DT_BF16,ND,37.98,bf16
dynamic,AI_CORE,"32,512;1024,512",DT_BF16;DT_BF16,ND;ND,"32,1024",DT_BF16,ND,38.06,bf16
dynamic,AI_CORE,"32,1024;1024,1024",DT_BF16;DT_BF16,ND;ND,"32,1024",DT_BF16,ND,38.58,bf16
dynamic,AI_CORE,"32,2048;1024,2048",DT_BF16;DT_BF16,ND;ND,"32,1024",DT_BF16,ND,37.91,bf16
dynamic,AI_CORE,"32,4096;1024,4096",DT_BF16;DT_BF16,ND;ND,"32,1024",DT_BF16,ND,38.09,bf16
dynamic,AI_CORE,"32,7168;1024,7168",DT_BF16;DT_BF16,ND;ND,"32,1024",DT_BF16,ND,38.30,bf16
dynamic,AI_CORE,"32,8192;1024,8192",DT_BF16;DT_BF16,ND;ND,"32,1024",DT_BF16,ND,38.56,bf16
dynamic,AI_CORE,"32,12288;1024,12288",DT_BF16;DT_BF16,ND;ND,"32,1024",DT_BF16,ND,38.43,bf16
dynamic,AI_CORE,"32,16384;1024,16384",DT_BF16;DT_BF16,ND;ND,"32,1024",DT_BF16,ND,38.35,bf16
dynamic,AI_CORE,"32,256;2048,256",DT_BF16;DT_BF16,ND;ND,"32,2048",DT_BF16,ND,38.54,bf16
dynamic,AI_CORE,"32,512;2048,512",DT_BF16;DT_BF16,ND;ND,"32,2048",DT_BF16,ND,38.25,bf16
dynamic,AI_CORE,"32,1024;2048,1024",DT_BF16;DT_BF16,ND;ND,"32,2048",DT_BF16,ND,41.18,bf16
dynamic,AI_CORE,"32,2048;2048,2048",DT_BF16;DT_BF16,ND;ND,"32,2048",DT_BF16,ND,37.83,bf16
dynamic,AI_CORE,"32,4096;2048,4096",DT_BF16;DT_BF16,ND;ND,"32,2048",DT_BF16,ND,37.79,bf16
dynamic,AI_CORE,"32,7168;2048,7168",DT_BF16;DT_BF16,ND;ND,"32,2048",DT_BF16,ND,37.55,bf16
dynamic,AI_CORE,"32,8192;2048,8192",DT_BF16;DT_BF16,ND;ND,"32,2048",DT_BF16,ND,38.43,bf16
dynamic,AI_CORE,"32,12288;2048,12288",DT_BF16;DT_BF16,ND;ND,"32,2048",DT_BF16,ND,49.02,bf16
dynamic,AI_CORE,"32,16384;2048,16384",DT_BF16;DT_BF16,ND;ND,"32,2048",DT_BF16,ND,68.34,bf16
dynamic,AI_CORE,"32,256;4096,256",DT_BF16;DT_BF16,ND;ND,"32,4096",DT_BF16,ND,37.42,bf16
dynamic,AI_CORE,"32,512;4096,512",DT_BF16;DT_BF16,ND;ND,"32,4096",DT_BF16,ND,38.34,bf16
dynamic,AI_CORE,"32,1024;4096,1024",DT_BF16;DT_BF16,ND;ND,"32,4096",DT_BF16,ND,38.51,bf16
dynamic,AI_CORE,"32,2048;4096,2048",DT_BF16;DT_BF16,ND;ND,"32,4096",DT_BF16,ND,38.03,bf16
dynamic,AI_CORE,"32,4096;4096,4096",DT_BF16;DT_BF16,ND;ND,"32,4096",DT_BF16,ND,38.08,bf16
dynamic,AI_CORE,"32,7168;4096,7168",DT_BF16;DT_BF16,ND;ND,"32,4096",DT_BF16,ND,57.63,bf16
dynamic,AI_CORE,"32,8192;4096,8192",DT_BF16;DT_BF16,ND;ND,"32,4096",DT_BF16,ND,62.77,bf16
dynamic,AI_CORE,"32,12288;4096,12288",DT_BF16;DT_BF16,ND;ND,"32,4096",DT_BF16,ND,93.24,bf16
dynamic,AI_CORE,"32,16384;4096,16384",DT_BF16;DT_BF16,ND;ND,"32,4096",DT_BF16,ND,135.35,bf16
dynamic,AI_CORE,"32,256;7168,256",DT_BF16;DT_BF16,ND;ND,"32,7168",DT_BF16,ND,39.69,bf16
dynamic,AI_CORE,"32,512;7168,512",DT_BF16;DT_BF16,ND;ND,"32,7168",DT_BF16,ND,38.34,bf16
dynamic,AI_CORE,"32,1024;7168,1024",DT_BF16;DT_BF16,ND;ND,"32,7168",DT_BF16,ND,38.78,bf16
dynamic,AI_CORE,"32,2048;7168,2048",DT_BF16;DT_BF16,ND;ND,"32,7168",DT_BF16,ND,37.66,bf16
dynamic,AI_CORE,"32,4096;7168,4096",DT_BF16;DT_BF16,ND;ND,"32,7168",DT_BF16,ND,49.87,bf16
dynamic,AI_CORE,"32,7168;7168,7168",DT_BF16;DT_BF16,ND;ND,"32,7168",DT_BF16,ND,93.23,bf16
dynamic,AI_CORE,"32,8192;7168,8192",DT_BF16;DT_BF16,ND;ND,"32,7168",DT_BF16,ND,99.44,bf16
dynamic,AI_CORE,"32,12288;7168,12288",DT_BF16;DT_BF16,ND;ND,"32,7168",DT_BF16,ND,153.16,bf16
dynamic,AI_CORE,"32,16384;7168,16384",DT_BF16;DT_BF16,ND;ND,"32,7168",DT_BF16,ND,216.31,bf16
dynamic,AI_CORE,"32,256;8192,256",DT_BF16;DT_BF16,ND;ND,"32,8192",DT_BF16,ND,38.14,bf16
dynamic,AI_CORE,"32,512;8192,512",DT_BF16;DT_BF16,ND;ND,"32,8192",DT_BF16,ND,38.18,bf16
dynamic,AI_CORE,"32,1024;8192,1024",DT_BF16;DT_BF16,ND;ND,"32,8192",DT_BF16,ND,38.18,bf16
dynamic,AI_CORE,"32,2048;8192,2048",DT_BF16;DT_BF16,ND;ND,"32,8192",DT_BF16,ND,38.08,bf16
dynamic,AI_CORE,"32,4096;8192,4096",DT_BF16;DT_BF16,ND;ND,"32,8192",DT_BF16,ND,56.98,bf16
dynamic,AI_CORE,"32,7168;8192,7168",DT_BF16;DT_BF16,ND;ND,"32,8192",DT_BF16,ND,104.90,bf16
dynamic,AI_CORE,"32,8192;8192,8192",DT_BF16;DT_BF16,ND;ND,"32,8192",DT_BF16,ND,106.87,bf16
dynamic,AI_CORE,"32,12288;8192,12288",DT_BF16;DT_BF16,ND;ND,"32,8192",DT_BF16,ND,172.40,bf16
dynamic,AI_CORE,"32,16384;8192,16384",DT_BF16;DT_BF16,ND;ND,"32,8192",DT_BF16,ND,236.59,bf16
dynamic,AI_CORE,"32,256;12288,256",DT_BF16;DT_BF16,ND;ND,"32,12288",DT_BF16,ND,44.09,bf16
dynamic,AI_CORE,"32,512;12288,512",DT_BF16;DT_BF16,ND;ND,"32,12288",DT_BF16,ND,38.03,bf16
dynamic,AI_CORE,"32,1024;12288,1024",DT_BF16;DT_BF16,ND;ND,"32,12288",DT_BF16,ND,38.24,bf16
dynamic,AI_CORE,"32,2048;12288,2048",DT_BF16;DT_BF16,ND;ND,"32,12288",DT_BF16,ND,38.29,bf16
dynamic,AI_CORE,"32,4096;12288,4096",DT_BF16;DT_BF16,ND;ND,"32,12288",DT_BF16,ND,74.40,bf16
dynamic,AI_CORE,"32,7168;12288,7168",DT_BF16;DT_BF16,ND;ND,"32,12288",DT_BF16,ND,150.75,bf16
dynamic,AI_CORE,"32,8192;12288,8192",DT_BF16;DT_BF16,ND;ND,"32,12288",DT_BF16,ND,152.98,bf16
dynamic,AI_CORE,"32,12288;12288,12288",DT_BF16;DT_BF16,ND;ND,"32,12288",DT_BF16,ND,247.92,bf16
dynamic,AI_CORE,"32,16384;12288,16384",DT_BF16;DT_BF16,ND;ND,"32,12288",DT_BF16,ND,335.99,bf16
dynamic,AI_CORE,"32,256;16384,256",DT_BF16;DT_BF16,ND;ND,"32,16384",DT_BF16,ND,37.96,bf16
dynamic,AI_CORE,"32,512;16384,512",DT_BF16;DT_BF16,ND;ND,"32,16384",DT_BF16,ND,37.96,bf16
dynamic,AI_CORE,"32,1024;16384,1024",DT_BF16;DT_BF16,ND;ND,"32,16384",DT_BF16,ND,38.23,bf16
dynamic,AI_CORE,"32,2048;16384,2048",DT_BF16;DT_BF16,ND;ND,"32,16384",DT_BF16,ND,52.18,bf16
dynamic,AI_CORE,"32,4096;16384,4096",DT_BF16;DT_BF16,ND;ND,"32,16384",DT_BF16,ND,99.00,bf16
dynamic,AI_CORE,"32,7168;16384,7168",DT_BF16;DT_BF16,ND;ND,"32,16384",DT_BF16,ND,207.95,bf16
dynamic,AI_CORE,"32,8192;16384,8192",DT_BF16;DT_BF16,ND;ND,"32,16384",DT_BF16,ND,216.42,bf16
dynamic,AI_CORE,"32,12288;16384,12288",DT_BF16;DT_BF16,ND;ND,"32,16384",DT_BF16,ND,335.57,bf16
dynamic,AI_CORE,"32,16384;16384,16384",DT_BF16;DT_BF16,ND;ND,"32,16384",DT_BF16,ND,457.48,bf16
dynamic,AI_CORE,"64,256;256,256",DT_BF16;DT_BF16,ND;ND,"64,256",DT_BF16,ND,37.29,bf16
dynamic,AI_CORE,"64,512;256,512",DT_BF16;DT_BF16,ND;ND,"64,256",DT_BF16,ND,36.73,bf16
dynamic,AI_CORE,"64,1024;256,1024",DT_BF16;DT_BF16,ND;ND,"64,256",DT_BF16,ND,36.96,bf16
dynamic,AI_CORE,"64,2048;256,2048",DT_BF16;DT_BF16,ND;ND,"64,256",DT_BF16,ND,37.10,bf16
dynamic,AI_CORE,"64,4096;256,4096",DT_BF16;DT_BF16,ND;ND,"64,256",DT_BF16,ND,36.67,bf16
dynamic,AI_CORE,"64,7168;256,7168",DT_BF16;DT_BF16,ND;ND,"64,256",DT_BF16,ND,36.73,bf16
dynamic,AI_CORE,"64,8192;256,8192",DT_BF16;DT_BF16,ND;ND,"64,256",DT_BF16,ND,36.75,bf16
dynamic,AI_CORE,"64,12288;256,12288",DT_BF16;DT_BF16,ND;ND,"64,256",DT_BF16,ND,37.82,bf16
dynamic,AI_CORE,"64,16384;256,16384",DT_BF16;DT_BF16,ND;ND,"64,256",DT_BF16,ND,36.81,bf16
dynamic,AI_CORE,"64,256;512,256",DT_BF16;DT_BF16,ND;ND,"64,512",DT_BF16,ND,40.49,bf16
dynamic,AI_CORE,"64,512;512,512",DT_BF16;DT_BF16,ND;ND,"64,512",DT_BF16,ND,38.82,bf16
dynamic,AI_CORE,"64,1024;512,1024",DT_BF16;DT_BF16,ND;ND,"64,512",DT_BF16,ND,37.40,bf16
dynamic,AI_CORE,"64,2048;512,2048",DT_BF16;DT_BF16,ND;ND,"64,512",DT_BF16,ND,38.12,bf16
dynamic,AI_CORE,"64,4096;512,4096",DT_BF16;DT_BF16,ND;ND,"64,512",DT_BF16,ND,37.49,bf16
dynamic,AI_CORE,"64,7168;512,7168",DT_BF16;DT_BF16,ND;ND,"64,512",DT_BF16,ND,37.77,bf16
dynamic,AI_CORE,"64,8192;512,8192",DT_BF16;DT_BF16,ND;ND,"64,512",DT_BF16,ND,37.66,bf16
dynamic,AI_CORE,"64,12288;512,12288",DT_BF16;DT_BF16,ND;ND,"64,512",DT_BF16,ND,37.84,bf16
dynamic,AI_CORE,"64,16384;512,16384",DT_BF16;DT_BF16,ND;ND,"64,512",DT_BF16,ND,37.47,bf16
dynamic,AI_CORE,"64,256;1024,256",DT_BF16;DT_BF16,ND;ND,"64,1024",DT_BF16,ND,40.80,bf16
dynamic,AI_CORE,"64,512;1024,512",DT_BF16;DT_BF16,ND;ND,"64,1024",DT_BF16,ND,38.34,bf16
dynamic,AI_CORE,"64,1024;1024,1024",DT_BF16;DT_BF16,ND;ND,"64,1024",DT_BF16,ND,37.62,bf16
dynamic,AI_CORE,"64,2048;1024,2048",DT_BF16;DT_BF16,ND;ND,"64,1024",DT_BF16,ND,38.28,bf16
dynamic,AI_CORE,"64,4096;1024,4096",DT_BF16;DT_BF16,ND;ND,"64,1024",DT_BF16,ND,37.69,bf16
dynamic,AI_CORE,"64,7168;1024,7168",DT_BF16;DT_BF16,ND;ND,"64,1024",DT_BF16,ND,37.65,bf16
dynamic,AI_CORE,"64,8192;1024,8192",DT_BF16;DT_BF16,ND;ND,"64,1024",DT_BF16,ND,38.32,bf16
dynamic,AI_CORE,"64,12288;1024,12288",DT_BF16;DT_BF16,ND;ND,"64,1024",DT_BF16,ND,38.84,bf16
dynamic,AI_CORE,"64,16384;1024,16384",DT_BF16;DT_BF16,ND;ND,"64,1024",DT_BF16,ND,38.70,bf16
dynamic,AI_CORE,"64,256;2048,256",DT_BF16;DT_BF16,ND;ND,"64,2048",DT_BF16,ND,39.04,bf16
dynamic,AI_CORE,"64,512;2048,512",DT_BF16;DT_BF16,ND;ND,"64,2048",DT_BF16,ND,38.59,bf16
dynamic,AI_CORE,"64,1024;2048,1024",DT_BF16;DT_BF16,ND;ND,"64,2048",DT_BF16,ND,37.46,bf16
dynamic,AI_CORE,"64,2048;2048,2048",DT_BF16;DT_BF16,ND;ND,"64,2048",DT_BF16,ND,38.17,bf16
dynamic,AI_CORE,"64,4096;2048,4096",DT_BF16;DT_BF16,ND;ND,"64,2048",DT_BF16,ND,37.78,bf16
dynamic,AI_CORE,"64,7168;2048,7168",DT_BF16;DT_BF16,ND;ND,"64,2048",DT_BF16,ND,38.36,bf16
dynamic,AI_CORE,"64,8192;2048,8192",DT_BF16;DT_BF16,ND;ND,"64,2048",DT_BF16,ND,37.71,bf16
dynamic,AI_CORE,"64,12288;2048,12288",DT_BF16;DT_BF16,ND;ND,"64,2048",DT_BF16,ND,51.42,bf16
dynamic,AI_CORE,"64,16384;2048,16384",DT_BF16;DT_BF16,ND;ND,"64,2048",DT_BF16,ND,69.72,bf16
dynamic,AI_CORE,"64,256;4096,256",DT_BF16;DT_BF16,ND;ND,"64,4096",DT_BF16,ND,39.29,bf16
dynamic,AI_CORE,"64,512;4096,512",DT_BF16;DT_BF16,ND;ND,"64,4096",DT_BF16,ND,38.09,bf16
dynamic,AI_CORE,"64,1024;4096,1024",DT_BF16;DT_BF16,ND;ND,"64,4096",DT_BF16,ND,38.87,bf16
dynamic,AI_CORE,"64,2048;4096,2048",DT_BF16;DT_BF16,ND;ND,"64,4096",DT_BF16,ND,38.28,bf16
dynamic,AI_CORE,"64,4096;4096,4096",DT_BF16;DT_BF16,ND;ND,"64,4096",DT_BF16,ND,37.79,bf16
dynamic,AI_CORE,"64,7168;4096,7168",DT_BF16;DT_BF16,ND;ND,"64,4096",DT_BF16,ND,58.65,bf16
dynamic,AI_CORE,"64,8192;4096,8192",DT_BF16;DT_BF16,ND;ND,"64,4096",DT_BF16,ND,66.35,bf16
dynamic,AI_CORE,"64,12288;4096,12288",DT_BF16;DT_BF16,ND;ND,"64,4096",DT_BF16,ND,98.20,bf16
dynamic,AI_CORE,"64,16384;4096,16384",DT_BF16;DT_BF16,ND;ND,"64,4096",DT_BF16,ND,135.20,bf16
dynamic,AI_CORE,"64,256;7168,256",DT_BF16;DT_BF16,ND;ND,"64,7168",DT_BF16,ND,37.91,bf16
dynamic,AI_CORE,"64,512;7168,512",DT_BF16;DT_BF16,ND;ND,"64,7168",DT_BF16,ND,37.77,bf16
dynamic,AI_CORE,"64,1024;7168,1024",DT_BF16;DT_BF16,ND;ND,"64,7168",DT_BF16,ND,37.65,bf16
dynamic,AI_CORE,"64,2048;7168,2048",DT_BF16;DT_BF16,ND;ND,"64,7168",DT_BF16,ND,37.84,bf16
dynamic,AI_CORE,"64,4096;7168,4096",DT_BF16;DT_BF16,ND;ND,"64,7168",DT_BF16,ND,51.25,bf16
dynamic,AI_CORE,"64,7168;7168,7168",DT_BF16;DT_BF16,ND;ND,"64,7168",DT_BF16,ND,95.12,bf16
dynamic,AI_CORE,"64,8192;7168,8192",DT_BF16;DT_BF16,ND;ND,"64,7168",DT_BF16,ND,103.69,bf16
dynamic,AI_CORE,"64,12288;7168,12288",DT_BF16;DT_BF16,ND;ND,"64,7168",DT_BF16,ND,157.63,bf16
dynamic,AI_CORE,"64,16384;7168,16384",DT_BF16;DT_BF16,ND;ND,"64,7168",DT_BF16,ND,220.63,bf16
dynamic,AI_CORE,"64,256;8192,256",DT_BF16;DT_BF16,ND;ND,"64,8192",DT_BF16,ND,39.83,bf16
dynamic,AI_CORE,"64,512;8192,512",DT_BF16;DT_BF16,ND;ND,"64,8192",DT_BF16,ND,38.96,bf16
dynamic,AI_CORE,"64,1024;8192,1024",DT_BF16;DT_BF16,ND;ND,"64,8192",DT_BF16,ND,39.08,bf16
dynamic,AI_CORE,"64,2048;8192,2048",DT_BF16;DT_BF16,ND;ND,"64,8192",DT_BF16,ND,38.14,bf16
dynamic,AI_CORE,"64,4096;8192,4096",DT_BF16;DT_BF16,ND;ND,"64,8192",DT_BF16,ND,54.70,bf16
dynamic,AI_CORE,"64,7168;8192,7168",DT_BF16;DT_BF16,ND;ND,"64,8192",DT_BF16,ND,108.99,bf16
dynamic,AI_CORE,"64,8192;8192,8192",DT_BF16;DT_BF16,ND;ND,"64,8192",DT_BF16,ND,112.38,bf16
dynamic,AI_CORE,"64,12288;8192,12288",DT_BF16;DT_BF16,ND;ND,"64,8192",DT_BF16,ND,169.96,bf16
dynamic,AI_CORE,"64,16384;8192,16384",DT_BF16;DT_BF16,ND;ND,"64,8192",DT_BF16,ND,240.21,bf16
dynamic,AI_CORE,"64,256;12288,256",DT_BF16;DT_BF16,ND;ND,"64,12288",DT_BF16,ND,39.81,bf16
dynamic,AI_CORE,"64,512;12288,512",DT_BF16;DT_BF16,ND;ND,"64,12288",DT_BF16,ND,38.70,bf16
dynamic,AI_CORE,"64,1024;12288,1024",DT_BF16;DT_BF16,ND;ND,"64,12288",DT_BF16,ND,39.39,bf16
dynamic,AI_CORE,"64,2048;12288,2048",DT_BF16;DT_BF16,ND;ND,"64,12288",DT_BF16,ND,41.90,bf16
dynamic,AI_CORE,"64,4096;12288,4096",DT_BF16;DT_BF16,ND;ND,"64,12288",DT_BF16,ND,79.19,bf16
dynamic,AI_CORE,"64,7168;12288,7168",DT_BF16;DT_BF16,ND;ND,"64,12288",DT_BF16,ND,152.00,bf16
dynamic,AI_CORE,"64,8192;12288,8192",DT_BF16;DT_BF16,ND;ND,"64,12288",DT_BF16,ND,155.20,bf16
dynamic,AI_CORE,"64,12288;12288,12288",DT_BF16;DT_BF16,ND;ND,"64,12288",DT_BF16,ND,256.75,bf16
dynamic,AI_CORE,"64,16384;12288,16384",DT_BF16;DT_BF16,ND;ND,"64,12288",DT_BF16,ND,339.62,bf16
dynamic,AI_CORE,"64,256;16384,256",DT_BF16;DT_BF16,ND;ND,"64,16384",DT_BF16,ND,39.74,bf16
dynamic,AI_CORE,"64,512;16384,512",DT_BF16;DT_BF16,ND;ND,"64,16384",DT_BF16,ND,39.80,bf16
dynamic,AI_CORE,"64,1024;16384,1024",DT_BF16;DT_BF16,ND;ND,"64,16384",DT_BF16,ND,38.78,bf16
dynamic,AI_CORE,"64,2048;16384,2048",DT_BF16;DT_BF16,ND;ND,"64,16384",DT_BF16,ND,51.66,bf16
dynamic,AI_CORE,"64,4096;16384,4096",DT_BF16;DT_BF16,ND;ND,"64,16384",DT_BF16,ND,110.28,bf16
dynamic,AI_CORE,"64,7168;16384,7168",DT_BF16;DT_BF16,ND;ND,"64,16384",DT_BF16,ND,215.82,bf16
dynamic,AI_CORE,"64,8192;16384,8192",DT_BF16;DT_BF16,ND;ND,"64,16384",DT_BF16,ND,234.11,bf16
dynamic,AI_CORE,"64,12288;16384,12288",DT_BF16;DT_BF16,ND;ND,"64,16384",DT_BF16,ND,357.18,bf16
dynamic,AI_CORE,"64,16384;16384,16384",DT_BF16;DT_BF16,ND;ND,"64,16384",DT_BF16,ND,486.10,bf16
dynamic,AI_CORE,"128,256;256,256",DT_BF16;DT_BF16,ND;ND,"128,256",DT_BF16,ND,38.36,bf16
dynamic,AI_CORE,"128,512;256,512",DT_BF16;DT_BF16,ND;ND,"128,256",DT_BF16,ND,38.41,bf16
dynamic,AI_CORE,"128,1024;256,1024",DT_BF16;DT_BF16,ND;ND,"128,256",DT_BF16,ND,37.91,bf16
dynamic,AI_CORE,"128,2048;256,2048",DT_BF16;DT_BF16,ND;ND,"128,256",DT_BF16,ND,37.61,bf16
dynamic,AI_CORE,"128,4096;256,4096",DT_BF16;DT_BF16,ND;ND,"128,256",DT_BF16,ND,41.77,bf16
dynamic,AI_CORE,"128,7168;256,7168",DT_BF16;DT_BF16,ND;ND,"128,256",DT_BF16,ND,39.85,bf16
dynamic,AI_CORE,"128,8192;256,8192",DT_BF16;DT_BF16,ND;ND,"128,256",DT_BF16,ND,41.26,bf16
dynamic,AI_CORE,"128,12288;256,12288",DT_BF16;DT_BF16,ND;ND,"128,256",DT_BF16,ND,40.80,bf16
dynamic,AI_CORE,"128,16384;256,16384",DT_BF16;DT_BF16,ND;ND,"128,256",DT_BF16,ND,40.37,bf16
dynamic,AI_CORE,"128,256;512,256",DT_BF16;DT_BF16,ND;ND,"128,512",DT_BF16,ND,37.50,bf16
dynamic,AI_CORE,"128,512;512,512",DT_BF16;DT_BF16,ND;ND,"128,512",DT_BF16,ND,37.39,bf16
dynamic,AI_CORE,"128,1024;512,1024",DT_BF16;DT_BF16,ND;ND,"128,512",DT_BF16,ND,37.63,bf16
dynamic,AI_CORE,"128,2048;512,2048",DT_BF16;DT_BF16,ND;ND,"128,512",DT_BF16,ND,37.69,bf16
dynamic,AI_CORE,"128,4096;512,4096",DT_BF16;DT_BF16,ND;ND,"128,512",DT_BF16,ND,38.11,bf16
dynamic,AI_CORE,"128,7168;512,7168",DT_BF16;DT_BF16,ND;ND,"128,512",DT_BF16,ND,37.63,bf16
dynamic,AI_CORE,"128,8192;512,8192",DT_BF16;DT_BF16,ND;ND,"128,512",DT_BF16,ND,37.79,bf16
dynamic,AI_CORE,"128,12288;512,12288",DT_BF16;DT_BF16,ND;ND,"128,512",DT_BF16,ND,38.00,bf16
dynamic,AI_CORE,"128,16384;512,16384",DT_BF16;DT_BF16,ND;ND,"128,512",DT_BF16,ND,38.69,bf16
dynamic,AI_CORE,"128,256;1024,256",DT_BF16;DT_BF16,ND;ND,"128,1024",DT_BF16,ND,38.78,bf16
dynamic,AI_CORE,"128,512;1024,512",DT_BF16;DT_BF16,ND;ND,"128,1024",DT_BF16,ND,38.98,bf16
dynamic,AI_CORE,"128,1024;1024,1024",DT_BF16;DT_BF16,ND;ND,"128,1024",DT_BF16,ND,39.78,bf16
dynamic,AI_CORE,"128,2048;1024,2048",DT_BF16;DT_BF16,ND;ND,"128,1024",DT_BF16,ND,42.16,bf16
dynamic,AI_CORE,"128,4096;1024,4096",DT_BF16;DT_BF16,ND;ND,"128,1024",DT_BF16,ND,38.08,bf16
dynamic,AI_CORE,"128,7168;1024,7168",DT_BF16;DT_BF16,ND;ND,"128,1024",DT_BF16,ND,38.08,bf16
dynamic,AI_CORE,"128,8192;1024,8192",DT_BF16;DT_BF16,ND;ND,"128,1024",DT_BF16,ND,37.99,bf16
dynamic,AI_CORE,"128,12288;1024,12288",DT_BF16;DT_BF16,ND;ND,"128,1024",DT_BF16,ND,41.17,bf16
dynamic,AI_CORE,"128,16384;1024,16384",DT_BF16;DT_BF16,ND;ND,"128,1024",DT_BF16,ND,58.90,bf16
dynamic,AI_CORE,"128,256;2048,256",DT_BF16;DT_BF16,ND;ND,"128,2048",DT_BF16,ND,38.41,bf16
dynamic,AI_CORE,"128,512;2048,512",DT_BF16;DT_BF16,ND;ND,"128,2048",DT_BF16,ND,37.90,bf16
dynamic,AI_CORE,"128,1024;2048,1024",DT_BF16;DT_BF16,ND;ND,"128,2048",DT_BF16,ND,38.04,bf16
dynamic,AI_CORE,"128,2048;2048,2048",DT_BF16;DT_BF16,ND;ND,"128,2048",DT_BF16,ND,38.21,bf16
dynamic,AI_CORE,"128,4096;2048,4096",DT_BF16;DT_BF16,ND;ND,"128,2048",DT_BF16,ND,40.97,bf16
dynamic,AI_CORE,"128,7168;2048,7168",DT_BF16;DT_BF16,ND;ND,"128,2048",DT_BF16,ND,41.11,bf16
dynamic,AI_CORE,"128,8192;2048,8192",DT_BF16;DT_BF16,ND;ND,"128,2048",DT_BF16,ND,41.36,bf16
dynamic,AI_CORE,"128,12288;2048,12288",DT_BF16;DT_BF16,ND;ND,"128,2048",DT_BF16,ND,59.64,bf16
dynamic,AI_CORE,"128,16384;2048,16384",DT_BF16;DT_BF16,ND;ND,"128,2048",DT_BF16,ND,83.28,bf16
dynamic,AI_CORE,"128,256;4096,256",DT_BF16;DT_BF16,ND;ND,"128,4096",DT_BF16,ND,38.41,bf16
dynamic,AI_CORE,"128,512;4096,512",DT_BF16;DT_BF16,ND;ND,"128,4096",DT_BF16,ND,43.80,bf16
dynamic,AI_CORE,"128,1024;4096,1024",DT_BF16;DT_BF16,ND;ND,"128,4096",DT_BF16,ND,38.64,bf16
dynamic,AI_CORE,"128,2048;4096,2048",DT_BF16;DT_BF16,ND;ND,"128,4096",DT_BF16,ND,38.55,bf16
dynamic,AI_CORE,"128,4096;4096,4096",DT_BF16;DT_BF16,ND;ND,"128,4096",DT_BF16,ND,38.82,bf16
dynamic,AI_CORE,"128,7168;4096,7168",DT_BF16;DT_BF16,ND;ND,"128,4096",DT_BF16,ND,65.84,bf16
dynamic,AI_CORE,"128,8192;4096,8192",DT_BF16;DT_BF16,ND;ND,"128,4096",DT_BF16,ND,72.11,bf16
dynamic,AI_CORE,"128,12288;4096,12288",DT_BF16;DT_BF16,ND;ND,"128,4096",DT_BF16,ND,109.32,bf16
dynamic,AI_CORE,"128,16384;4096,16384",DT_BF16;DT_BF16,ND;ND,"128,4096",DT_BF16,ND,155.01,bf16
dynamic,AI_CORE,"128,256;7168,256",DT_BF16;DT_BF16,ND;ND,"128,7168",DT_BF16,ND,38.57,bf16
dynamic,AI_CORE,"128,512;7168,512",DT_BF16;DT_BF16,ND;ND,"128,7168",DT_BF16,ND,41.22,bf16
dynamic,AI_CORE,"128,1024;7168,1024",DT_BF16;DT_BF16,ND;ND,"128,7168",DT_BF16,ND,38.10,bf16
dynamic,AI_CORE,"128,2048;7168,2048",DT_BF16;DT_BF16,ND;ND,"128,7168",DT_BF16,ND,37.70,bf16
dynamic,AI_CORE,"128,4096;7168,4096",DT_BF16;DT_BF16,ND;ND,"128,7168",DT_BF16,ND,57.87,bf16
dynamic,AI_CORE,"128,7168;7168,7168",DT_BF16;DT_BF16,ND;ND,"128,7168",DT_BF16,ND,105.98,bf16
dynamic,AI_CORE,"128,8192;7168,8192",DT_BF16;DT_BF16,ND;ND,"128,7168",DT_BF16,ND,116.53,bf16
dynamic,AI_CORE,"128,12288;7168,12288",DT_BF16;DT_BF16,ND;ND,"128,7168",DT_BF16,ND,176.98,bf16
dynamic,AI_CORE,"128,16384;7168,16384",DT_BF16;DT_BF16,ND;ND,"128,7168",DT_BF16,ND,253.04,bf16
dynamic,AI_CORE,"128,256;8192,256",DT_BF16;DT_BF16,ND;ND,"128,8192",DT_BF16,ND,39.76,bf16
dynamic,AI_CORE,"128,512;8192,512",DT_BF16;DT_BF16,ND;ND,"128,8192",DT_BF16,ND,39.95,bf16
dynamic,AI_CORE,"128,1024;8192,1024",DT_BF16;DT_BF16,ND;ND,"128,8192",DT_BF16,ND,39.62,bf16
dynamic,AI_CORE,"128,2048;8192,2048",DT_BF16;DT_BF16,ND;ND,"128,8192",DT_BF16,ND,39.06,bf16
dynamic,AI_CORE,"128,4096;8192,4096",DT_BF16;DT_BF16,ND;ND,"128,8192",DT_BF16,ND,61.14,bf16
dynamic,AI_CORE,"128,7168;8192,7168",DT_BF16;DT_BF16,ND;ND,"128,8192",DT_BF16,ND,110.60,bf16
dynamic,AI_CORE,"128,8192;8192,8192",DT_BF16;DT_BF16,ND;ND,"128,8192",DT_BF16,ND,123.09,bf16
dynamic,AI_CORE,"128,12288;8192,12288",DT_BF16;DT_BF16,ND;ND,"128,8192",DT_BF16,ND,192.55,bf16
dynamic,AI_CORE,"128,16384;8192,16384",DT_BF16;DT_BF16,ND;ND,"128,8192",DT_BF16,ND,275.48,bf16
dynamic,AI_CORE,"128,256;12288,256",DT_BF16;DT_BF16,ND;ND,"128,12288",DT_BF16,ND,39.13,bf16
dynamic,AI_CORE,"128,512;12288,512",DT_BF16;DT_BF16,ND;ND,"128,12288",DT_BF16,ND,38.82,bf16
dynamic,AI_CORE,"128,1024;12288,1024",DT_BF16;DT_BF16,ND;ND,"128,12288",DT_BF16,ND,38.80,bf16
dynamic,AI_CORE,"128,2048;12288,2048",DT_BF16;DT_BF16,ND;ND,"128,12288",DT_BF16,ND,43.24,bf16
dynamic,AI_CORE,"128,4096;12288,4096",DT_BF16;DT_BF16,ND;ND,"128,12288",DT_BF16,ND,83.75,bf16
dynamic,AI_CORE,"128,7168;12288,7168",DT_BF16;DT_BF16,ND;ND,"128,12288",DT_BF16,ND,162.86,bf16
dynamic,AI_CORE,"128,8192;12288,8192",DT_BF16;DT_BF16,ND;ND,"128,12288",DT_BF16,ND,178.71,bf16
dynamic,AI_CORE,"128,12288;12288,12288",DT_BF16;DT_BF16,ND;ND,"128,12288",DT_BF16,ND,274.86,bf16
dynamic,AI_CORE,"128,16384;12288,16384",DT_BF16;DT_BF16,ND;ND,"128,12288",DT_BF16,ND,396.07,bf16
dynamic,AI_CORE,"128,256;16384,256",DT_BF16;DT_BF16,ND;ND,"128,16384",DT_BF16,ND,37.43,bf16
dynamic,AI_CORE,"128,512;16384,512",DT_BF16;DT_BF16,ND;ND,"128,16384",DT_BF16,ND,37.59,bf16
dynamic,AI_CORE,"128,1024;16384,1024",DT_BF16;DT_BF16,ND;ND,"128,16384",DT_BF16,ND,39.30,bf16
dynamic,AI_CORE,"128,2048;16384,2048",DT_BF16;DT_BF16,ND;ND,"128,16384",DT_BF16,ND,62.81,bf16
dynamic,AI_CORE,"128,4096;16384,4096",DT_BF16;DT_BF16,ND;ND,"128,16384",DT_BF16,ND,117.09,bf16
dynamic,AI_CORE,"128,7168;16384,7168",DT_BF16;DT_BF16,ND;ND,"128,16384",DT_BF16,ND,236.83,bf16
dynamic,AI_CORE,"128,8192;16384,8192",DT_BF16;DT_BF16,ND;ND,"128,16384",DT_BF16,ND,263.09,bf16
dynamic,AI_CORE,"128,12288;16384,12288",DT_BF16;DT_BF16,ND;ND,"128,16384",DT_BF16,ND,393.20,bf16
dynamic,AI_CORE,"128,16384;16384,16384",DT_BF16;DT_BF16,ND;ND,"128,16384",DT_BF16,ND,562.62,bf16
dynamic,AI_CORE,"256,256;256,256",DT_BF16;DT_BF16,ND;ND,"256,256",DT_BF16,ND,38.65,bf16
dynamic,AI_CORE,"256,512;256,512",DT_BF16;DT_BF16,ND;ND,"256,256",DT_BF16,ND,40.86,bf16
dynamic,AI_CORE,"256,1024;256,1024",DT_BF16;DT_BF16,ND;ND,"256,256",DT_BF16,ND,38.19,bf16
dynamic,AI_CORE,"256,2048;256,2048",DT_BF16;DT_BF16,ND;ND,"256,256",DT_BF16,ND,41.86,bf16
dynamic,AI_CORE,"256,4096;256,4096",DT_BF16;DT_BF16,ND;ND,"256,256",DT_BF16,ND,37.41,bf16
dynamic,AI_CORE,"256,7168;256,7168",DT_BF16;DT_BF16,ND;ND,"256,256",DT_BF16,ND,40.96,bf16
dynamic,AI_CORE,"256,8192;256,8192",DT_BF16;DT_BF16,ND;ND,"256,256",DT_BF16,ND,37.81,bf16
dynamic,AI_CORE,"256,12288;256,12288",DT_BF16;DT_BF16,ND;ND,"256,256",DT_BF16,ND,38.71,bf16
dynamic,AI_CORE,"256,16384;256,16384",DT_BF16;DT_BF16,ND;ND,"256,256",DT_BF16,ND,38.08,bf16
dynamic,AI_CORE,"256,256;512,256",DT_BF16;DT_BF16,ND;ND,"256,512",DT_BF16,ND,42.06,bf16
dynamic,AI_CORE,"256,512;512,512",DT_BF16;DT_BF16,ND;ND,"256,512",DT_BF16,ND,38.99,bf16
dynamic,AI_CORE,"256,1024;512,1024",DT_BF16;DT_BF16,ND;ND,"256,512",DT_BF16,ND,38.75,bf16
dynamic,AI_CORE,"256,2048;512,2048",DT_BF16;DT_BF16,ND;ND,"256,512",DT_BF16,ND,44.37,bf16
dynamic,AI_CORE,"256,4096;512,4096",DT_BF16;DT_BF16,ND;ND,"256,512",DT_BF16,ND,37.87,bf16
dynamic,AI_CORE,"256,7168;512,7168",DT_BF16;DT_BF16,ND;ND,"256,512",DT_BF16,ND,38.52,bf16
dynamic,AI_CORE,"256,8192;512,8192",DT_BF16;DT_BF16,ND;ND,"256,512",DT_BF16,ND,38.17,bf16
dynamic,AI_CORE,"256,12288;512,12288",DT_BF16;DT_BF16,ND;ND,"256,512",DT_BF16,ND,38.26,bf16
dynamic,AI_CORE,"256,16384;512,16384",DT_BF16;DT_BF16,ND;ND,"256,512",DT_BF16,ND,50.63,bf16
dynamic,AI_CORE,"256,256;1024,256",DT_BF16;DT_BF16,ND;ND,"256,1024",DT_BF16,ND,42.74,bf16
dynamic,AI_CORE,"256,512;1024,512",DT_BF16;DT_BF16,ND;ND,"256,1024",DT_BF16,ND,38.51,bf16
dynamic,AI_CORE,"256,1024;1024,1024",DT_BF16;DT_BF16,ND;ND,"256,1024",DT_BF16,ND,38.05,bf16
dynamic,AI_CORE,"256,2048;1024,2048",DT_BF16;DT_BF16,ND;ND,"256,1024",DT_BF16,ND,43.37,bf16
dynamic,AI_CORE,"256,4096;1024,4096",DT_BF16;DT_BF16,ND;ND,"256,1024",DT_BF16,ND,40.90,bf16
dynamic,AI_CORE,"256,7168;1024,7168",DT_BF16;DT_BF16,ND;ND,"256,1024",DT_BF16,ND,41.49,bf16
dynamic,AI_CORE,"256,8192;1024,8192",DT_BF16;DT_BF16,ND;ND,"256,1024",DT_BF16,ND,40.31,bf16
dynamic,AI_CORE,"256,12288;1024,12288",DT_BF16;DT_BF16,ND;ND,"256,1024",DT_BF16,ND,42.34,bf16
dynamic,AI_CORE,"256,16384;1024,16384",DT_BF16;DT_BF16,ND;ND,"256,1024",DT_BF16,ND,74.60,bf16
dynamic,AI_CORE,"256,256;2048,256",DT_BF16;DT_BF16,ND;ND,"256,2048",DT_BF16,ND,38.03,bf16
dynamic,AI_CORE,"256,512;2048,512",DT_BF16;DT_BF16,ND;ND,"256,2048",DT_BF16,ND,39.34,bf16
dynamic,AI_CORE,"256,1024;2048,1024",DT_BF16;DT_BF16,ND;ND,"256,2048",DT_BF16,ND,38.61,bf16
dynamic,AI_CORE,"256,2048;2048,2048",DT_BF16;DT_BF16,ND;ND,"256,2048",DT_BF16,ND,38.96,bf16
dynamic,AI_CORE,"256,4096;2048,4096",DT_BF16;DT_BF16,ND;ND,"256,2048",DT_BF16,ND,40.21,bf16
dynamic,AI_CORE,"256,7168;2048,7168",DT_BF16;DT_BF16,ND;ND,"256,2048",DT_BF16,ND,55.00,bf16
dynamic,AI_CORE,"256,8192;2048,8192",DT_BF16;DT_BF16,ND;ND,"256,2048",DT_BF16,ND,64.75,bf16
dynamic,AI_CORE,"256,12288;2048,12288",DT_BF16;DT_BF16,ND;ND,"256,2048",DT_BF16,ND,96.70,bf16
dynamic,AI_CORE,"256,16384;2048,16384",DT_BF16;DT_BF16,ND;ND,"256,2048",DT_BF16,ND,155.39,bf16
dynamic,AI_CORE,"256,256;4096,256",DT_BF16;DT_BF16,ND;ND,"256,4096",DT_BF16,ND,39.04,bf16
dynamic,AI_CORE,"256,512;4096,512",DT_BF16;DT_BF16,ND;ND,"256,4096",DT_BF16,ND,39.40,bf16
dynamic,AI_CORE,"256,1024;4096,1024",DT_BF16;DT_BF16,ND;ND,"256,4096",DT_BF16,ND,38.99,bf16
dynamic,AI_CORE,"256,2048;4096,2048",DT_BF16;DT_BF16,ND;ND,"256,4096",DT_BF16,ND,38.66,bf16
dynamic,AI_CORE,"256,4096;4096,4096",DT_BF16;DT_BF16,ND;ND,"256,4096",DT_BF16,ND,54.26,bf16
dynamic,AI_CORE,"256,7168;4096,7168",DT_BF16;DT_BF16,ND;ND,"256,4096",DT_BF16,ND,96.21,bf16
dynamic,AI_CORE,"256,8192;4096,8192",DT_BF16;DT_BF16,ND;ND,"256,4096",DT_BF16,ND,110.09,bf16
dynamic,AI_CORE,"256,12288;4096,12288",DT_BF16;DT_BF16,ND;ND,"256,4096",DT_BF16,ND,164.14,bf16
dynamic,AI_CORE,"256,16384;4096,16384",DT_BF16;DT_BF16,ND;ND,"256,4096",DT_BF16,ND,251.99,bf16
dynamic,AI_CORE,"256,256;7168,256",DT_BF16;DT_BF16,ND;ND,"256,7168",DT_BF16,ND,39.09,bf16
dynamic,AI_CORE,"256,512;7168,512",DT_BF16;DT_BF16,ND;ND,"256,7168",DT_BF16,ND,39.10,bf16
dynamic,AI_CORE,"256,1024;7168,1024",DT_BF16;DT_BF16,ND;ND,"256,7168",DT_BF16,ND,38.65,bf16
dynamic,AI_CORE,"256,2048;7168,2048",DT_BF16;DT_BF16,ND;ND,"256,7168",DT_BF16,ND,39.14,bf16
dynamic,AI_CORE,"256,4096;7168,4096",DT_BF16;DT_BF16,ND;ND,"256,7168",DT_BF16,ND,90.33,bf16
dynamic,AI_CORE,"256,7168;7168,7168",DT_BF16;DT_BF16,ND;ND,"256,7168",DT_BF16,ND,159.00,bf16
dynamic,AI_CORE,"256,8192;7168,8192",DT_BF16;DT_BF16,ND;ND,"256,7168",DT_BF16,ND,187.34,bf16
dynamic,AI_CORE,"256,12288;7168,12288",DT_BF16;DT_BF16,ND;ND,"256,7168",DT_BF16,ND,273.55,bf16
dynamic,AI_CORE,"256,16384;7168,16384",DT_BF16;DT_BF16,ND;ND,"256,7168",DT_BF16,ND,431.20,bf16
dynamic,AI_CORE,"256,256;8192,256",DT_BF16;DT_BF16,ND;ND,"256,8192",DT_BF16,ND,38.06,bf16
dynamic,AI_CORE,"256,512;8192,512",DT_BF16;DT_BF16,ND;ND,"256,8192",DT_BF16,ND,38.88,bf16
dynamic,AI_CORE,"256,1024;8192,1024",DT_BF16;DT_BF16,ND;ND,"256,8192",DT_BF16,ND,39.25,bf16
dynamic,AI_CORE,"256,2048;8192,2048",DT_BF16;DT_BF16,ND;ND,"256,8192",DT_BF16,ND,50.92,bf16
dynamic,AI_CORE,"256,4096;8192,4096",DT_BF16;DT_BF16,ND;ND,"256,8192",DT_BF16,ND,106.99,bf16
dynamic,AI_CORE,"256,7168;8192,7168",DT_BF16;DT_BF16,ND;ND,"256,8192",DT_BF16,ND,190.14,bf16
dynamic,AI_CORE,"256,8192;8192,8192",DT_BF16;DT_BF16,ND;ND,"256,8192",DT_BF16,ND,219.04,bf16
dynamic,AI_CORE,"256,12288;8192,12288",DT_BF16;DT_BF16,ND;ND,"256,8192",DT_BF16,ND,326.97,bf16
dynamic,AI_CORE,"256,16384;8192,16384",DT_BF16;DT_BF16,ND;ND,"256,8192",DT_BF16,ND,526.59,bf16
dynamic,AI_CORE,"256,256;12288,256",DT_BF16;DT_BF16,ND;ND,"256,12288",DT_BF16,ND,39.48,bf16
dynamic,AI_CORE,"256,512;12288,512",DT_BF16;DT_BF16,ND;ND,"256,12288",DT_BF16,ND,38.78,bf16
dynamic,AI_CORE,"256,1024;12288,1024",DT_BF16;DT_BF16,ND;ND,"256,12288",DT_BF16,ND,39.08,bf16
dynamic,AI_CORE,"256,2048;12288,2048",DT_BF16;DT_BF16,ND;ND,"256,12288",DT_BF16,ND,71.61,bf16
dynamic,AI_CORE,"256,4096;12288,4096",DT_BF16;DT_BF16,ND;ND,"256,12288",DT_BF16,ND,154.39,bf16
dynamic,AI_CORE,"256,7168;12288,7168",DT_BF16;DT_BF16,ND;ND,"256,12288",DT_BF16,ND,254.45,bf16
dynamic,AI_CORE,"256,8192;12288,8192",DT_BF16;DT_BF16,ND;ND,"256,12288",DT_BF16,ND,298.04,bf16
dynamic,AI_CORE,"256,12288;12288,12288",DT_BF16;DT_BF16,ND;ND,"256,12288",DT_BF16,ND,440.73,bf16
dynamic,AI_CORE,"256,16384;12288,16384",DT_BF16;DT_BF16,ND;ND,"256,12288",DT_BF16,ND,686.95,bf16
dynamic,AI_CORE,"256,256;16384,256",DT_BF16;DT_BF16,ND;ND,"256,16384",DT_BF16,ND,37.48,bf16
dynamic,AI_CORE,"256,512;16384,512",DT_BF16;DT_BF16,ND;ND,"256,16384",DT_BF16,ND,37.49,bf16
dynamic,AI_CORE,"256,1024;16384,1024",DT_BF16;DT_BF16,ND;ND,"256,16384",DT_BF16,ND,47.13,bf16
dynamic,AI_CORE,"256,2048;16384,2048",DT_BF16;DT_BF16,ND;ND,"256,16384",DT_BF16,ND,96.40,bf16
dynamic,AI_CORE,"256,4096;16384,4096",DT_BF16;DT_BF16,ND;ND,"256,16384",DT_BF16,ND,193.66,bf16
dynamic,AI_CORE,"256,7168;16384,7168",DT_BF16;DT_BF16,ND;ND,"256,16384",DT_BF16,ND,358.11,bf16
dynamic,AI_CORE,"256,8192;16384,8192",DT_BF16;DT_BF16,ND;ND,"256,16384",DT_BF16,ND,416.72,bf16
dynamic,AI_CORE,"256,12288;16384,12288",DT_BF16;DT_BF16,ND;ND,"256,16384",DT_BF16,ND,616.04,bf16
dynamic,AI_CORE,"256,16384;16384,16384",DT_BF16;DT_BF16,ND;ND,"256,16384",DT_BF16,ND,940.02,bf16
dynamic,AI_CORE,"512,256;256,256",DT_BF16;DT_BF16,ND;ND,"512,256",DT_BF16,ND,38.01,bf16
dynamic,AI_CORE,"512,512;256,512",DT_BF16;DT_BF16,ND;ND,"512,256",DT_BF16,ND,42.70,bf16
dynamic,AI_CORE,"512,1024;256,1024",DT_BF16;DT_BF16,ND;ND,"512,256",DT_BF16,ND,38.20,bf16
dynamic,AI_CORE,"512,2048;256,2048",DT_BF16;DT_BF16,ND;ND,"512,256",DT_BF16,ND,42.03,bf16
dynamic,AI_CORE,"512,4096;256,4096",DT_BF16;DT_BF16,ND;ND,"512,256",DT_BF16,ND,41.15,bf16
dynamic,AI_CORE,"512,7168;256,7168",DT_BF16;DT_BF16,ND;ND,"512,256",DT_BF16,ND,40.96,bf16
dynamic,AI_CORE,"512,8192;256,8192",DT_BF16;DT_BF16,ND;ND,"512,256",DT_BF16,ND,42.53,bf16
dynamic,AI_CORE,"512,12288;256,12288",DT_BF16;DT_BF16,ND;ND,"512,256",DT_BF16,ND,40.62,bf16
dynamic,AI_CORE,"512,16384;256,16384",DT_BF16;DT_BF16,ND;ND,"512,256",DT_BF16,ND,51.11,bf16
dynamic,AI_CORE,"512,256;512,256",DT_BF16;DT_BF16,ND;ND,"512,512",DT_BF16,ND,39.11,bf16
dynamic,AI_CORE,"512,512;512,512",DT_BF16;DT_BF16,ND;ND,"512,512",DT_BF16,ND,39.73,bf16
dynamic,AI_CORE,"512,1024;512,1024",DT_BF16;DT_BF16,ND;ND,"512,512",DT_BF16,ND,38.76,bf16
dynamic,AI_CORE,"512,2048;512,2048",DT_BF16;DT_BF16,ND;ND,"512,512",DT_BF16,ND,42.25,bf16
dynamic,AI_CORE,"512,4096;512,4096",DT_BF16;DT_BF16,ND;ND,"512,512",DT_BF16,ND,41.26,bf16
dynamic,AI_CORE,"512,7168;512,7168",DT_BF16;DT_BF16,ND;ND,"512,512",DT_BF16,ND,41.53,bf16
dynamic,AI_CORE,"512,8192;512,8192",DT_BF16;DT_BF16,ND;ND,"512,512",DT_BF16,ND,41.50,bf16
dynamic,AI_CORE,"512,12288;512,12288",DT_BF16;DT_BF16,ND;ND,"512,512",DT_BF16,ND,41.52,bf16
dynamic,AI_CORE,"512,16384;512,16384",DT_BF16;DT_BF16,ND;ND,"512,512",DT_BF16,ND,58.39,bf16
dynamic,AI_CORE,"512,256;1024,256",DT_BF16;DT_BF16,ND;ND,"512,1024",DT_BF16,ND,38.50,bf16
dynamic,AI_CORE,"512,512;1024,512",DT_BF16;DT_BF16,ND;ND,"512,1024",DT_BF16,ND,38.45,bf16
dynamic,AI_CORE,"512,1024;1024,1024",DT_BF16;DT_BF16,ND;ND,"512,1024",DT_BF16,ND,38.61,bf16
dynamic,AI_CORE,"512,2048;1024,2048",DT_BF16;DT_BF16,ND;ND,"512,1024",DT_BF16,ND,38.47,bf16
dynamic,AI_CORE,"512,4096;1024,4096",DT_BF16;DT_BF16,ND;ND,"512,1024",DT_BF16,ND,38.59,bf16
dynamic,AI_CORE,"512,7168;1024,7168",DT_BF16;DT_BF16,ND;ND,"512,1024",DT_BF16,ND,39.11,bf16
dynamic,AI_CORE,"512,8192;1024,8192",DT_BF16;DT_BF16,ND;ND,"512,1024",DT_BF16,ND,39.52,bf16
dynamic,AI_CORE,"512,12288;1024,12288",DT_BF16;DT_BF16,ND;ND,"512,1024",DT_BF16,ND,58.68,bf16
dynamic,AI_CORE,"512,16384;1024,16384",DT_BF16;DT_BF16,ND;ND,"512,1024",DT_BF16,ND,96.44,bf16
dynamic,AI_CORE,"512,256;2048,256",DT_BF16;DT_BF16,ND;ND,"512,2048",DT_BF16,ND,39.26,bf16
dynamic,AI_CORE,"512,512;2048,512",DT_BF16;DT_BF16,ND;ND,"512,2048",DT_BF16,ND,38.69,bf16
dynamic,AI_CORE,"512,1024;2048,1024",DT_BF16;DT_BF16,ND;ND,"512,2048",DT_BF16,ND,41.38,bf16
dynamic,AI_CORE,"512,2048;2048,2048",DT_BF16;DT_BF16,ND;ND,"512,2048",DT_BF16,ND,38.63,bf16
dynamic,AI_CORE,"512,4096;2048,4096",DT_BF16;DT_BF16,ND;ND,"512,2048",DT_BF16,ND,38.44,bf16
dynamic,AI_CORE,"512,7168;2048,7168",DT_BF16;DT_BF16,ND;ND,"512,2048",DT_BF16,ND,65.79,bf16
dynamic,AI_CORE,"512,8192;2048,8192",DT_BF16;DT_BF16,ND;ND,"512,2048",DT_BF16,ND,81.75,bf16
dynamic,AI_CORE,"512,12288;2048,12288",DT_BF16;DT_BF16,ND;ND,"512,2048",DT_BF16,ND,123.72,bf16
dynamic,AI_CORE,"512,16384;2048,16384",DT_BF16;DT_BF16,ND;ND,"512,2048",DT_BF16,ND,192.13,bf16
dynamic,AI_CORE,"512,256;4096,256",DT_BF16;DT_BF16,ND;ND,"512,4096",DT_BF16,ND,39.07,bf16
dynamic,AI_CORE,"512,512;4096,512",DT_BF16;DT_BF16,ND;ND,"512,4096",DT_BF16,ND,39.35,bf16
dynamic,AI_CORE,"512,1024;4096,1024",DT_BF16;DT_BF16,ND;ND,"512,4096",DT_BF16,ND,38.93,bf16
dynamic,AI_CORE,"512,2048;4096,2048",DT_BF16;DT_BF16,ND;ND,"512,4096",DT_BF16,ND,40.46,bf16
dynamic,AI_CORE,"512,4096;4096,4096",DT_BF16;DT_BF16,ND;ND,"512,4096",DT_BF16,ND,69.11,bf16
dynamic,AI_CORE,"512,7168;4096,7168",DT_BF16;DT_BF16,ND;ND,"512,4096",DT_BF16,ND,153.09,bf16
dynamic,AI_CORE,"512,8192;4096,8192",DT_BF16;DT_BF16,ND;ND,"512,4096",DT_BF16,ND,176.35,bf16
dynamic,AI_CORE,"512,12288;4096,12288",DT_BF16;DT_BF16,ND;ND,"512,4096",DT_BF16,ND,259.44,bf16
dynamic,AI_CORE,"512,16384;4096,16384",DT_BF16;DT_BF16,ND;ND,"512,4096",DT_BF16,ND,423.45,bf16
dynamic,AI_CORE,"512,256;7168,256",DT_BF16;DT_BF16,ND;ND,"512,7168",DT_BF16,ND,39.92,bf16
dynamic,AI_CORE,"512,512;7168,512",DT_BF16;DT_BF16,ND;ND,"512,7168",DT_BF16,ND,38.99,bf16
dynamic,AI_CORE,"512,1024;7168,1024",DT_BF16;DT_BF16,ND;ND,"512,7168",DT_BF16,ND,39.39,bf16
dynamic,AI_CORE,"512,2048;7168,2048",DT_BF16;DT_BF16,ND;ND,"512,7168",DT_BF16,ND,56.91,bf16
dynamic,AI_CORE,"512,4096;7168,4096",DT_BF16;DT_BF16,ND;ND,"512,7168",DT_BF16,ND,143.02,bf16
dynamic,AI_CORE,"512,7168;7168,7168",DT_BF16;DT_BF16,ND;ND,"512,7168",DT_BF16,ND,249.54,bf16
dynamic,AI_CORE,"512,8192;7168,8192",DT_BF16;DT_BF16,ND;ND,"512,7168",DT_BF16,ND,289.64,bf16
dynamic,AI_CORE,"512,12288;7168,12288",DT_BF16;DT_BF16,ND;ND,"512,7168",DT_BF16,ND,429.43,bf16
dynamic,AI_CORE,"512,16384;7168,16384",DT_BF16;DT_BF16,ND;ND,"512,7168",DT_BF16,ND,703.94,bf16
dynamic,AI_CORE,"512,256;8192,256",DT_BF16;DT_BF16,ND;ND,"512,8192",DT_BF16,ND,39.33,bf16
dynamic,AI_CORE,"512,512;8192,512",DT_BF16;DT_BF16,ND;ND,"512,8192",DT_BF16,ND,38.95,bf16
dynamic,AI_CORE,"512,1024;8192,1024",DT_BF16;DT_BF16,ND;ND,"512,8192",DT_BF16,ND,42.28,bf16
dynamic,AI_CORE,"512,2048;8192,2048",DT_BF16;DT_BF16,ND;ND,"512,8192",DT_BF16,ND,83.58,bf16
dynamic,AI_CORE,"512,4096;8192,4096",DT_BF16;DT_BF16,ND;ND,"512,8192",DT_BF16,ND,170.83,bf16
dynamic,AI_CORE,"512,7168;8192,7168",DT_BF16;DT_BF16,ND;ND,"512,8192",DT_BF16,ND,298.71,bf16
dynamic,AI_CORE,"512,8192;8192,8192",DT_BF16;DT_BF16,ND;ND,"512,8192",DT_BF16,ND,345.09,bf16
dynamic,AI_CORE,"512,12288;8192,12288",DT_BF16;DT_BF16,ND;ND,"512,8192",DT_BF16,ND,516.09,bf16
dynamic,AI_CORE,"512,16384;8192,16384",DT_BF16;DT_BF16,ND;ND,"512,8192",DT_BF16,ND,872.95,bf16
dynamic,AI_CORE,"512,256;12288,256",DT_BF16;DT_BF16,ND;ND,"512,12288",DT_BF16,ND,38.57,bf16
dynamic,AI_CORE,"512,512;12288,512",DT_BF16;DT_BF16,ND;ND,"512,12288",DT_BF16,ND,38.69,bf16
dynamic,AI_CORE,"512,1024;12288,1024",DT_BF16;DT_BF16,ND;ND,"512,12288",DT_BF16,ND,45.64,bf16
dynamic,AI_CORE,"512,2048;12288,2048",DT_BF16;DT_BF16,ND;ND,"512,12288",DT_BF16,ND,90.17,bf16
dynamic,AI_CORE,"512,4096;12288,4096",DT_BF16;DT_BF16,ND;ND,"512,12288",DT_BF16,ND,178.40,bf16
dynamic,AI_CORE,"512,7168;12288,7168",DT_BF16;DT_BF16,ND;ND,"512,12288",DT_BF16,ND,413.65,bf16
dynamic,AI_CORE,"512,8192;12288,8192",DT_BF16;DT_BF16,ND;ND,"512,12288",DT_BF16,ND,475.30,bf16
dynamic,AI_CORE,"512,12288;12288,12288",DT_BF16;DT_BF16,ND;ND,"512,12288",DT_BF16,ND,713.77,bf16
dynamic,AI_CORE,"512,16384;12288,16384",DT_BF16;DT_BF16,ND;ND,"512,12288",DT_BF16,ND,1212.81,bf16
dynamic,AI_CORE,"512,256;16384,256",DT_BF16;DT_BF16,ND;ND,"512,16384",DT_BF16,ND,39.88,bf16
dynamic,AI_CORE,"512,512;16384,512",DT_BF16;DT_BF16,ND;ND,"512,16384",DT_BF16,ND,38.66,bf16
dynamic,AI_CORE,"512,1024;16384,1024",DT_BF16;DT_BF16,ND;ND,"512,16384",DT_BF16,ND,58.28,bf16
dynamic,AI_CORE,"512,2048;16384,2048",DT_BF16;DT_BF16,ND;ND,"512,16384",DT_BF16,ND,155.48,bf16
dynamic,AI_CORE,"512,4096;16384,4096",DT_BF16;DT_BF16,ND;ND,"512,16384",DT_BF16,ND,316.82,bf16
dynamic,AI_CORE,"512,7168;16384,7168",DT_BF16;DT_BF16,ND;ND,"512,16384",DT_BF16,ND,573.60,bf16
dynamic,AI_CORE,"512,8192;16384,8192",DT_BF16;DT_BF16,ND;ND,"512,16384",DT_BF16,ND,659.27,bf16
dynamic,AI_CORE,"512,12288;16384,12288",DT_BF16;DT_BF16,ND;ND,"512,16384",DT_BF16,ND,989.54,bf16
dynamic,AI_CORE,"512,16384;16384,16384",DT_BF16;DT_BF16,ND;ND,"512,16384",DT_BF16,ND,1654.01,bf16
dynamic,AI_CORE,"1024,256;256,256",DT_BF16;DT_BF16,ND;ND,"1024,256",DT_BF16,ND,38.48,bf16
dynamic,AI_CORE,"1024,512;256,512",DT_BF16;DT_BF16,ND;ND,"1024,256",DT_BF16,ND,38.30,bf16
dynamic,AI_CORE,"1024,1024;256,1024",DT_BF16;DT_BF16,ND;ND,"1024,256",DT_BF16,ND,38.38,bf16
dynamic,AI_CORE,"1024,2048;256,2048",DT_BF16;DT_BF16,ND;ND,"1024,256",DT_BF16,ND,38.78,bf16
dynamic,AI_CORE,"1024,4096;256,4096",DT_BF16;DT_BF16,ND;ND,"1024,256",DT_BF16,ND,38.34,bf16
dynamic,AI_CORE,"1024,7168;256,7168",DT_BF16;DT_BF16,ND;ND,"1024,256",DT_BF16,ND,44.57,bf16
dynamic,AI_CORE,"1024,8192;256,8192",DT_BF16;DT_BF16,ND;ND,"1024,256",DT_BF16,ND,38.70,bf16
dynamic,AI_CORE,"1024,12288;256,12288",DT_BF16;DT_BF16,ND;ND,"1024,256",DT_BF16,ND,38.85,bf16
dynamic,AI_CORE,"1024,16384;256,16384",DT_BF16;DT_BF16,ND;ND,"1024,256",DT_BF16,ND,64.39,bf16
dynamic,AI_CORE,"1024,256;512,256",DT_BF16;DT_BF16,ND;ND,"1024,512",DT_BF16,ND,40.46,bf16
dynamic,AI_CORE,"1024,512;512,512",DT_BF16;DT_BF16,ND;ND,"1024,512",DT_BF16,ND,39.96,bf16
dynamic,AI_CORE,"1024,1024;512,1024",DT_BF16;DT_BF16,ND;ND,"1024,512",DT_BF16,ND,39.02,bf16
dynamic,AI_CORE,"1024,2048;512,2048",DT_BF16;DT_BF16,ND;ND,"1024,512",DT_BF16,ND,38.53,bf16
dynamic,AI_CORE,"1024,4096;512,4096",DT_BF16;DT_BF16,ND;ND,"1024,512",DT_BF16,ND,40.05,bf16
dynamic,AI_CORE,"1024,7168;512,7168",DT_BF16;DT_BF16,ND;ND,"1024,512",DT_BF16,ND,38.95,bf16
dynamic,AI_CORE,"1024,8192;512,8192",DT_BF16;DT_BF16,ND;ND,"1024,512",DT_BF16,ND,39.63,bf16
dynamic,AI_CORE,"1024,12288;512,12288",DT_BF16;DT_BF16,ND;ND,"1024,512",DT_BF16,ND,51.18,bf16
dynamic,AI_CORE,"1024,16384;512,16384",DT_BF16;DT_BF16,ND;ND,"1024,512",DT_BF16,ND,85.99,bf16
dynamic,AI_CORE,"1024,256;1024,256",DT_BF16;DT_BF16,ND;ND,"1024,1024",DT_BF16,ND,38.81,bf16
dynamic,AI_CORE,"1024,512;1024,512",DT_BF16;DT_BF16,ND;ND,"1024,1024",DT_BF16,ND,38.60,bf16
dynamic,AI_CORE,"1024,1024;1024,1024",DT_BF16;DT_BF16,ND;ND,"1024,1024",DT_BF16,ND,38.74,bf16
dynamic,AI_CORE,"1024,2048;1024,2048",DT_BF16;DT_BF16,ND;ND,"1024,1024",DT_BF16,ND,38.79,bf16
dynamic,AI_CORE,"1024,4096;1024,4096",DT_BF16;DT_BF16,ND;ND,"1024,1024",DT_BF16,ND,39.14,bf16
dynamic,AI_CORE,"1024,7168;1024,7168",DT_BF16;DT_BF16,ND;ND,"1024,1024",DT_BF16,ND,56.74,bf16
dynamic,AI_CORE,"1024,8192;1024,8192",DT_BF16;DT_BF16,ND;ND,"1024,1024",DT_BF16,ND,70.99,bf16
dynamic,AI_CORE,"1024,12288;1024,12288",DT_BF16;DT_BF16,ND;ND,"1024,1024",DT_BF16,ND,104.11,bf16
dynamic,AI_CORE,"1024,16384;1024,16384",DT_BF16;DT_BF16,ND;ND,"1024,1024",DT_BF16,ND,195.78,bf16
dynamic,AI_CORE,"1024,256;2048,256",DT_BF16;DT_BF16,ND;ND,"1024,2048",DT_BF16,ND,38.96,bf16
dynamic,AI_CORE,"1024,512;2048,512",DT_BF16;DT_BF16,ND;ND,"1024,2048",DT_BF16,ND,38.81,bf16
dynamic,AI_CORE,"1024,1024;2048,1024",DT_BF16;DT_BF16,ND;ND,"1024,2048",DT_BF16,ND,38.78,bf16
dynamic,AI_CORE,"1024,2048;2048,2048",DT_BF16;DT_BF16,ND;ND,"1024,2048",DT_BF16,ND,39.89,bf16
dynamic,AI_CORE,"1024,4096;2048,4096",DT_BF16;DT_BF16,ND;ND,"1024,2048",DT_BF16,ND,65.47,bf16
dynamic,AI_CORE,"1024,7168;2048,7168",DT_BF16;DT_BF16,ND;ND,"1024,2048",DT_BF16,ND,122.87,bf16
dynamic,AI_CORE,"1024,8192;2048,8192",DT_BF16;DT_BF16,ND;ND,"1024,2048",DT_BF16,ND,143.21,bf16
dynamic,AI_CORE,"1024,12288;2048,12288",DT_BF16;DT_BF16,ND;ND,"1024,2048",DT_BF16,ND,194.72,bf16
dynamic,AI_CORE,"1024,16384;2048,16384",DT_BF16;DT_BF16,ND;ND,"1024,2048",DT_BF16,ND,310.26,bf16
dynamic,AI_CORE,"1024,256;4096,256",DT_BF16;DT_BF16,ND;ND,"1024,4096",DT_BF16,ND,39.32,bf16
dynamic,AI_CORE,"1024,512;4096,512",DT_BF16;DT_BF16,ND;ND,"1024,4096",DT_BF16,ND,39.61,bf16
dynamic,AI_CORE,"1024,1024;4096,1024",DT_BF16;DT_BF16,ND;ND,"1024,4096",DT_BF16,ND,39.10,bf16
dynamic,AI_CORE,"1024,2048;4096,2048",DT_BF16;DT_BF16,ND;ND,"1024,4096",DT_BF16,ND,61.17,bf16
dynamic,AI_CORE,"1024,4096;4096,4096",DT_BF16;DT_BF16,ND;ND,"1024,4096",DT_BF16,ND,130.88,bf16
dynamic,AI_CORE,"1024,7168;4096,7168",DT_BF16;DT_BF16,ND;ND,"1024,4096",DT_BF16,ND,227.47,bf16
dynamic,AI_CORE,"1024,8192;4096,8192",DT_BF16;DT_BF16,ND;ND,"1024,4096",DT_BF16,ND,268.08,bf16
dynamic,AI_CORE,"1024,12288;4096,12288",DT_BF16;DT_BF16,ND;ND,"1024,4096",DT_BF16,ND,379.73,bf16
dynamic,AI_CORE,"1024,16384;4096,16384",DT_BF16;DT_BF16,ND;ND,"1024,4096",DT_BF16,ND,616.18,bf16
dynamic,AI_CORE,"1024,256;7168,256",DT_BF16;DT_BF16,ND;ND,"1024,7168",DT_BF16,ND,39.13,bf16
dynamic,AI_CORE,"1024,512;7168,512",DT_BF16;DT_BF16,ND;ND,"1024,7168",DT_BF16,ND,39.89,bf16
dynamic,AI_CORE,"1024,1024;7168,1024",DT_BF16;DT_BF16,ND;ND,"1024,7168",DT_BF16,ND,52.93,bf16
dynamic,AI_CORE,"1024,2048;7168,2048",DT_BF16;DT_BF16,ND;ND,"1024,7168",DT_BF16,ND,109.66,bf16
dynamic,AI_CORE,"1024,4096;7168,4096",DT_BF16;DT_BF16,ND;ND,"1024,7168",DT_BF16,ND,223.96,bf16
dynamic,AI_CORE,"1024,7168;7168,7168",DT_BF16;DT_BF16,ND;ND,"1024,7168",DT_BF16,ND,375.90,bf16
dynamic,AI_CORE,"1024,8192;7168,8192",DT_BF16;DT_BF16,ND;ND,"1024,7168",DT_BF16,ND,441.23,bf16
dynamic,AI_CORE,"1024,12288;7168,12288",DT_BF16;DT_BF16,ND;ND,"1024,7168",DT_BF16,ND,651.56,bf16
dynamic,AI_CORE,"1024,16384;7168,16384",DT_BF16;DT_BF16,ND;ND,"1024,7168",DT_BF16,ND,1074.36,bf16
dynamic,AI_CORE,"1024,256;8192,256",DT_BF16;DT_BF16,ND;ND,"1024,8192",DT_BF16,ND,39.27,bf16
dynamic,AI_CORE,"1024,512;8192,512",DT_BF16;DT_BF16,ND;ND,"1024,8192",DT_BF16,ND,39.26,bf16
dynamic,AI_CORE,"1024,1024;8192,1024",DT_BF16;DT_BF16,ND;ND,"1024,8192",DT_BF16,ND,57.70,bf16
dynamic,AI_CORE,"1024,2048;8192,2048",DT_BF16;DT_BF16,ND;ND,"1024,8192",DT_BF16,ND,125.65,bf16
dynamic,AI_CORE,"1024,4096;8192,4096",DT_BF16;DT_BF16,ND;ND,"1024,8192",DT_BF16,ND,244.32,bf16
dynamic,AI_CORE,"1024,7168;8192,7168",DT_BF16;DT_BF16,ND;ND,"1024,8192",DT_BF16,ND,426.15,bf16
dynamic,AI_CORE,"1024,8192;8192,8192",DT_BF16;DT_BF16,ND;ND,"1024,8192",DT_BF16,ND,489.58,bf16
dynamic,AI_CORE,"1024,12288;8192,12288",DT_BF16;DT_BF16,ND;ND,"1024,8192",DT_BF16,ND,753.20,bf16
dynamic,AI_CORE,"1024,16384;8192,16384",DT_BF16;DT_BF16,ND;ND,"1024,8192",DT_BF16,ND,1197.76,bf16
dynamic,AI_CORE,"1024,256;12288,256",DT_BF16;DT_BF16,ND;ND,"1024,12288",DT_BF16,ND,40.55,bf16
dynamic,AI_CORE,"1024,512;12288,512",DT_BF16;DT_BF16,ND;ND,"1024,12288",DT_BF16,ND,43.61,bf16
dynamic,AI_CORE,"1024,1024;12288,1024",DT_BF16;DT_BF16,ND;ND,"1024,12288",DT_BF16,ND,80.98,bf16
dynamic,AI_CORE,"1024,2048;12288,2048",DT_BF16;DT_BF16,ND;ND,"1024,12288",DT_BF16,ND,171.83,bf16
dynamic,AI_CORE,"1024,4096;12288,4096",DT_BF16;DT_BF16,ND;ND,"1024,12288",DT_BF16,ND,381.95,bf16
dynamic,AI_CORE,"1024,7168;12288,7168",DT_BF16;DT_BF16,ND;ND,"1024,12288",DT_BF16,ND,701.51,bf16
dynamic,AI_CORE,"1024,8192;12288,8192",DT_BF16;DT_BF16,ND;ND,"1024,12288",DT_BF16,ND,794.26,bf16
dynamic,AI_CORE,"1024,12288;12288,12288",DT_BF16;DT_BF16,ND;ND,"1024,12288",DT_BF16,ND,1170.98,bf16
dynamic,AI_CORE,"1024,16384;12288,16384",DT_BF16;DT_BF16,ND;ND,"1024,12288",DT_BF16,ND,1945.34,bf16
dynamic,AI_CORE,"1024,256;16384,256",DT_BF16;DT_BF16,ND;ND,"1024,16384",DT_BF16,ND,39.01,bf16
dynamic,AI_CORE,"1024,512;16384,512",DT_BF16;DT_BF16,ND;ND,"1024,16384",DT_BF16,ND,58.49,bf16
dynamic,AI_CORE,"1024,1024;16384,1024",DT_BF16;DT_BF16,ND;ND,"1024,16384",DT_BF16,ND,122.28,bf16
dynamic,AI_CORE,"1024,2048;16384,2048",DT_BF16;DT_BF16,ND;ND,"1024,16384",DT_BF16,ND,235.96,bf16
dynamic,AI_CORE,"1024,4096;16384,4096",DT_BF16;DT_BF16,ND;ND,"1024,16384",DT_BF16,ND,464.06,bf16
dynamic,AI_CORE,"1024,7168;16384,7168",DT_BF16;DT_BF16,ND;ND,"1024,16384",DT_BF16,ND,858.69,bf16
dynamic,AI_CORE,"1024,8192;16384,8192",DT_BF16;DT_BF16,ND;ND,"1024,16384",DT_BF16,ND,1019.50,bf16
dynamic,AI_CORE,"1024,12288;16384,12288",DT_BF16;DT_BF16,ND;ND,"1024,16384",DT_BF16,ND,1510.96,bf16
dynamic,AI_CORE,"1024,16384;16384,16384",DT_BF16;DT_BF16,ND;ND,"1024,16384",DT_BF16,ND,2347.27,bf16
dynamic,AI_CORE,"2048,256;256,256",DT_BF16;DT_BF16,ND;ND,"2048,256",DT_BF16,ND,39.65,bf16
dynamic,AI_CORE,"2048,512;256,512",DT_BF16;DT_BF16,ND;ND,"2048,256",DT_BF16,ND,38.18,bf16
dynamic,AI_CORE,"2048,1024;256,1024",DT_BF16;DT_BF16,ND;ND,"2048,256",DT_BF16,ND,38.51,bf16
dynamic,AI_CORE,"2048,2048;256,2048",DT_BF16;DT_BF16,ND;ND,"2048,256",DT_BF16,ND,38.04,bf16
dynamic,AI_CORE,"2048,4096;256,4096",DT_BF16;DT_BF16,ND;ND,"2048,256",DT_BF16,ND,38.80,bf16
dynamic,AI_CORE,"2048,7168;256,7168",DT_BF16;DT_BF16,ND;ND,"2048,256",DT_BF16,ND,40.09,bf16
dynamic,AI_CORE,"2048,8192;256,8192",DT_BF16;DT_BF16,ND;ND,"2048,256",DT_BF16,ND,51.06,bf16
dynamic,AI_CORE,"2048,12288;256,12288",DT_BF16;DT_BF16,ND;ND,"2048,256",DT_BF16,ND,65.18,bf16
dynamic,AI_CORE,"2048,16384;256,16384",DT_BF16;DT_BF16,ND;ND,"2048,256",DT_BF16,ND,120.49,bf16
dynamic,AI_CORE,"2048,256;512,256",DT_BF16;DT_BF16,ND;ND,"2048,512",DT_BF16,ND,38.11,bf16
dynamic,AI_CORE,"2048,512;512,512",DT_BF16;DT_BF16,ND;ND,"2048,512",DT_BF16,ND,38.63,bf16
dynamic,AI_CORE,"2048,1024;512,1024",DT_BF16;DT_BF16,ND;ND,"2048,512",DT_BF16,ND,42.74,bf16
dynamic,AI_CORE,"2048,2048;512,2048",DT_BF16;DT_BF16,ND;ND,"2048,512",DT_BF16,ND,38.79,bf16
dynamic,AI_CORE,"2048,4096;512,4096",DT_BF16;DT_BF16,ND;ND,"2048,512",DT_BF16,ND,38.95,bf16
dynamic,AI_CORE,"2048,7168;512,7168",DT_BF16;DT_BF16,ND;ND,"2048,512",DT_BF16,ND,56.20,bf16
dynamic,AI_CORE,"2048,8192;512,8192",DT_BF16;DT_BF16,ND;ND,"2048,512",DT_BF16,ND,87.95,bf16
dynamic,AI_CORE,"2048,12288;512,12288",DT_BF16;DT_BF16,ND;ND,"2048,512",DT_BF16,ND,96.04,bf16
dynamic,AI_CORE,"2048,16384;512,16384",DT_BF16;DT_BF16,ND;ND,"2048,512",DT_BF16,ND,168.87,bf16
dynamic,AI_CORE,"2048,256;1024,256",DT_BF16;DT_BF16,ND;ND,"2048,1024",DT_BF16,ND,39.38,bf16
dynamic,AI_CORE,"2048,512;1024,512",DT_BF16;DT_BF16,ND;ND,"2048,1024",DT_BF16,ND,38.71,bf16
dynamic,AI_CORE,"2048,1024;1024,1024",DT_BF16;DT_BF16,ND;ND,"2048,1024",DT_BF16,ND,39.92,bf16
dynamic,AI_CORE,"2048,2048;1024,2048",DT_BF16;DT_BF16,ND;ND,"2048,1024",DT_BF16,ND,38.70,bf16
dynamic,AI_CORE,"2048,4096;1024,4096",DT_BF16;DT_BF16,ND;ND,"2048,1024",DT_BF16,ND,57.72,bf16
dynamic,AI_CORE,"2048,7168;1024,7168",DT_BF16;DT_BF16,ND;ND,"2048,1024",DT_BF16,ND,105.94,bf16
dynamic,AI_CORE,"2048,8192;1024,8192",DT_BF16;DT_BF16,ND;ND,"2048,1024",DT_BF16,ND,130.49,bf16
dynamic,AI_CORE,"2048,12288;1024,12288",DT_BF16;DT_BF16,ND;ND,"2048,1024",DT_BF16,ND,173.52,bf16
dynamic,AI_CORE,"2048,16384;1024,16384",DT_BF16;DT_BF16,ND;ND,"2048,1024",DT_BF16,ND,311.71,bf16
dynamic,AI_CORE,"2048,256;2048,256",DT_BF16;DT_BF16,ND;ND,"2048,2048",DT_BF16,ND,39.84,bf16
dynamic,AI_CORE,"2048,512;2048,512",DT_BF16;DT_BF16,ND;ND,"2048,2048",DT_BF16,ND,36.32,bf16
dynamic,AI_CORE,"2048,1024;2048,1024",DT_BF16;DT_BF16,ND;ND,"2048,2048",DT_BF16,ND,55.25,bf16
dynamic,AI_CORE,"2048,2048;2048,2048",DT_BF16;DT_BF16,ND;ND,"2048,2048",DT_BF16,ND,57.85,bf16
dynamic,AI_CORE,"2048,4096;2048,4096",DT_BF16;DT_BF16,ND;ND,"2048,2048",DT_BF16,ND,123.76,bf16
dynamic,AI_CORE,"2048,7168;2048,7168",DT_BF16;DT_BF16,ND;ND,"2048,2048",DT_BF16,ND,218.39,bf16
dynamic,AI_CORE,"2048,8192;2048,8192",DT_BF16;DT_BF16,ND;ND,"2048,2048",DT_BF16,ND,259.65,bf16
dynamic,AI_CORE,"2048,12288;2048,12288",DT_BF16;DT_BF16,ND;ND,"2048,2048",DT_BF16,ND,373.77,bf16
dynamic,AI_CORE,"2048,16384;2048,16384",DT_BF16;DT_BF16,ND;ND,"2048,2048",DT_BF16,ND,491.16,bf16
dynamic,AI_CORE,"2048,256;4096,256",DT_BF16;DT_BF16,ND;ND,"2048,4096",DT_BF16,ND,38.52,bf16
dynamic,AI_CORE,"2048,512;4096,512",DT_BF16;DT_BF16,ND;ND,"2048,4096",DT_BF16,ND,41.94,bf16
dynamic,AI_CORE,"2048,1024;4096,1024",DT_BF16;DT_BF16,ND;ND,"2048,4096",DT_BF16,ND,84.11,bf16
dynamic,AI_CORE,"2048,2048;4096,2048",DT_BF16;DT_BF16,ND;ND,"2048,4096",DT_BF16,ND,114.80,bf16
dynamic,AI_CORE,"2048,4096;4096,4096",DT_BF16;DT_BF16,ND;ND,"2048,4096",DT_BF16,ND,229.60,bf16
dynamic,AI_CORE,"2048,7168;4096,7168",DT_BF16;DT_BF16,ND;ND,"2048,4096",DT_BF16,ND,399.65,bf16
dynamic,AI_CORE,"2048,8192;4096,8192",DT_BF16;DT_BF16,ND;ND,"2048,4096",DT_BF16,ND,464.44,bf16
dynamic,AI_CORE,"2048,12288;4096,12288",DT_BF16;DT_BF16,ND;ND,"2048,4096",DT_BF16,ND,662.42,bf16
dynamic,AI_CORE,"2048,16384;4096,16384",DT_BF16;DT_BF16,ND;ND,"2048,4096",DT_BF16,ND,875.38,bf16
dynamic,AI_CORE,"2048,256;7168,256",DT_BF16;DT_BF16,ND;ND,"2048,7168",DT_BF16,ND,38.43,bf16
dynamic,AI_CORE,"2048,512;7168,512",DT_BF16;DT_BF16,ND;ND,"2048,7168",DT_BF16,ND,50.86,bf16
dynamic,AI_CORE,"2048,1024;7168,1024",DT_BF16;DT_BF16,ND;ND,"2048,7168",DT_BF16,ND,100.65,bf16
dynamic,AI_CORE,"2048,2048;7168,2048",DT_BF16;DT_BF16,ND;ND,"2048,7168",DT_BF16,ND,199.76,bf16
dynamic,AI_CORE,"2048,4096;7168,4096",DT_BF16;DT_BF16,ND;ND,"2048,7168",DT_BF16,ND,396.72,bf16
dynamic,AI_CORE,"2048,7168;7168,7168",DT_BF16;DT_BF16,ND;ND,"2048,7168",DT_BF16,ND,681.29,bf16
dynamic,AI_CORE,"2048,8192;7168,8192",DT_BF16;DT_BF16,ND;ND,"2048,7168",DT_BF16,ND,796.15,bf16
dynamic,AI_CORE,"2048,12288;7168,12288",DT_BF16;DT_BF16,ND;ND,"2048,7168",DT_BF16,ND,1268.45,bf16
dynamic,AI_CORE,"2048,16384;7168,16384",DT_BF16;DT_BF16,ND;ND,"2048,7168",DT_BF16,ND,1482.28,bf16
dynamic,AI_CORE,"2048,256;8192,256",DT_BF16;DT_BF16,ND;ND,"2048,8192",DT_BF16,ND,43.99,bf16
dynamic,AI_CORE,"2048,512;8192,512",DT_BF16;DT_BF16,ND;ND,"2048,8192",DT_BF16,ND,57.98,bf16
dynamic,AI_CORE,"2048,1024;8192,1024",DT_BF16;DT_BF16,ND;ND,"2048,8192",DT_BF16,ND,114.72,bf16
dynamic,AI_CORE,"2048,2048;8192,2048",DT_BF16;DT_BF16,ND;ND,"2048,8192",DT_BF16,ND,228.16,bf16
dynamic,AI_CORE,"2048,4096;8192,4096",DT_BF16;DT_BF16,ND;ND,"2048,8192",DT_BF16,ND,454.58,bf16
dynamic,AI_CORE,"2048,7168;8192,7168",DT_BF16;DT_BF16,ND;ND,"2048,8192",DT_BF16,ND,777.60,bf16
dynamic,AI_CORE,"2048,8192;8192,8192",DT_BF16;DT_BF16,ND;ND,"2048,8192",DT_BF16,ND,909.59,bf16
dynamic,AI_CORE,"2048,12288;8192,12288",DT_BF16;DT_BF16,ND;ND,"2048,8192",DT_BF16,ND,1363.95,bf16
dynamic,AI_CORE,"2048,16384;8192,16384",DT_BF16;DT_BF16,ND;ND,"2048,8192",DT_BF16,ND,1721.92,bf16
dynamic,AI_CORE,"2048,256;12288,256",DT_BF16;DT_BF16,ND;ND,"2048,12288",DT_BF16,ND,44.97,bf16
dynamic,AI_CORE,"2048,512;12288,512",DT_BF16;DT_BF16,ND;ND,"2048,12288",DT_BF16,ND,82.08,bf16
dynamic,AI_CORE,"2048,1024;12288,1024",DT_BF16;DT_BF16,ND;ND,"2048,12288",DT_BF16,ND,158.77,bf16
dynamic,AI_CORE,"2048,2048;12288,2048",DT_BF16;DT_BF16,ND;ND,"2048,12288",DT_BF16,ND,329.98,bf16
dynamic,AI_CORE,"2048,4096;12288,4096",DT_BF16;DT_BF16,ND;ND,"2048,12288",DT_BF16,ND,653.10,bf16
dynamic,AI_CORE,"2048,7168;12288,7168",DT_BF16;DT_BF16,ND;ND,"2048,12288",DT_BF16,ND,1298.05,bf16
dynamic,AI_CORE,"2048,8192;12288,8192",DT_BF16;DT_BF16,ND;ND,"2048,12288",DT_BF16,ND,1390.88,bf16
dynamic,AI_CORE,"2048,12288;12288,12288",DT_BF16;DT_BF16,ND;ND,"2048,12288",DT_BF16,ND,2217.40,bf16
dynamic,AI_CORE,"2048,16384;12288,16384",DT_BF16;DT_BF16,ND;ND,"2048,12288",DT_BF16,ND,3267.21,bf16
dynamic,AI_CORE,"2048,256;16384,256",DT_BF16;DT_BF16,ND;ND,"2048,16384",DT_BF16,ND,64.14,bf16
dynamic,AI_CORE,"2048,512;16384,512",DT_BF16;DT_BF16,ND;ND,"2048,16384",DT_BF16,ND,113.64,bf16
dynamic,AI_CORE,"2048,1024;16384,1024",DT_BF16;DT_BF16,ND;ND,"2048,16384",DT_BF16,ND,224.55,bf16
dynamic,AI_CORE,"2048,2048;16384,2048",DT_BF16;DT_BF16,ND;ND,"2048,16384",DT_BF16,ND,437.75,bf16
dynamic,AI_CORE,"2048,4096;16384,4096",DT_BF16;DT_BF16,ND;ND,"2048,16384",DT_BF16,ND,914.12,bf16
dynamic,AI_CORE,"2048,7168;16384,7168",DT_BF16;DT_BF16,ND;ND,"2048,16384",DT_BF16,ND,1579.88,bf16
dynamic,AI_CORE,"2048,8192;16384,8192",DT_BF16;DT_BF16,ND;ND,"2048,16384",DT_BF16,ND,1808.85,bf16
dynamic,AI_CORE,"2048,12288;16384,12288",DT_BF16;DT_BF16,ND;ND,"2048,16384",DT_BF16,ND,2958.40,bf16
dynamic,AI_CORE,"2048,16384;16384,16384",DT_BF16;DT_BF16,ND;ND,"2048,16384",DT_BF16,ND,4268.08,bf16
dynamic,AI_CORE,"4096,256;256,256",DT_BF16;DT_BF16,ND;ND,"4096,256",DT_BF16,ND,38.25,bf16
dynamic,AI_CORE,"4096,512;256,512",DT_BF16;DT_BF16,ND;ND,"4096,256",DT_BF16,ND,38.49,bf16
dynamic,AI_CORE,"4096,1024;256,1024",DT_BF16;DT_BF16,ND;ND,"4096,256",DT_BF16,ND,39.59,bf16
dynamic,AI_CORE,"4096,2048;256,2048",DT_BF16;DT_BF16,ND;ND,"4096,256",DT_BF16,ND,38.59,bf16
dynamic,AI_CORE,"4096,4096;256,4096",DT_BF16;DT_BF16,ND;ND,"4096,256",DT_BF16,ND,49.85,bf16
dynamic,AI_CORE,"4096,7168;256,7168",DT_BF16;DT_BF16,ND;ND,"4096,256",DT_BF16,ND,66.59,bf16
dynamic,AI_CORE,"4096,8192;256,8192",DT_BF16;DT_BF16,ND;ND,"4096,256",DT_BF16,ND,68.79,bf16
dynamic,AI_CORE,"4096,12288;256,12288",DT_BF16;DT_BF16,ND;ND,"4096,256",DT_BF16,ND,117.73,bf16
dynamic,AI_CORE,"4096,16384;256,16384",DT_BF16;DT_BF16,ND;ND,"4096,256",DT_BF16,ND,210.66,bf16
dynamic,AI_CORE,"4096,256;512,256",DT_BF16;DT_BF16,ND;ND,"4096,512",DT_BF16,ND,38.39,bf16
dynamic,AI_CORE,"4096,512;512,512",DT_BF16;DT_BF16,ND;ND,"4096,512",DT_BF16,ND,39.06,bf16
dynamic,AI_CORE,"4096,1024;512,1024",DT_BF16;DT_BF16,ND;ND,"4096,512",DT_BF16,ND,38.16,bf16
dynamic,AI_CORE,"4096,2048;512,2048",DT_BF16;DT_BF16,ND;ND,"4096,512",DT_BF16,ND,38.07,bf16
dynamic,AI_CORE,"4096,4096;512,4096",DT_BF16;DT_BF16,ND;ND,"4096,512",DT_BF16,ND,58.02,bf16
dynamic,AI_CORE,"4096,7168;512,7168",DT_BF16;DT_BF16,ND;ND,"4096,512",DT_BF16,ND,96.16,bf16
dynamic,AI_CORE,"4096,8192;512,8192",DT_BF16;DT_BF16,ND;ND,"4096,512",DT_BF16,ND,121.29,bf16
dynamic,AI_CORE,"4096,12288;512,12288",DT_BF16;DT_BF16,ND;ND,"4096,512",DT_BF16,ND,176.01,bf16
dynamic,AI_CORE,"4096,16384;512,16384",DT_BF16;DT_BF16,ND;ND,"4096,512",DT_BF16,ND,327.05,bf16
dynamic,AI_CORE,"4096,256;1024,256",DT_BF16;DT_BF16,ND;ND,"4096,1024",DT_BF16,ND,38.74,bf16
dynamic,AI_CORE,"4096,512;1024,512",DT_BF16;DT_BF16,ND;ND,"4096,1024",DT_BF16,ND,39.09,bf16
dynamic,AI_CORE,"4096,1024;1024,1024",DT_BF16;DT_BF16,ND;ND,"4096,1024",DT_BF16,ND,45.49,bf16
dynamic,AI_CORE,"4096,2048;1024,2048",DT_BF16;DT_BF16,ND;ND,"4096,1024",DT_BF16,ND,57.76,bf16
dynamic,AI_CORE,"4096,4096;1024,4096",DT_BF16;DT_BF16,ND;ND,"4096,1024",DT_BF16,ND,129.53,bf16
dynamic,AI_CORE,"4096,7168;1024,7168",DT_BF16;DT_BF16,ND;ND,"4096,1024",DT_BF16,ND,200.94,bf16
dynamic,AI_CORE,"4096,8192;1024,8192",DT_BF16;DT_BF16,ND;ND,"4096,1024",DT_BF16,ND,262.72,bf16
dynamic,AI_CORE,"4096,12288;1024,12288",DT_BF16;DT_BF16,ND;ND,"4096,1024",DT_BF16,ND,367.12,bf16
dynamic,AI_CORE,"4096,16384;1024,16384",DT_BF16;DT_BF16,ND;ND,"4096,1024",DT_BF16,ND,619.65,bf16
dynamic,AI_CORE,"4096,256;2048,256",DT_BF16;DT_BF16,ND;ND,"4096,2048",DT_BF16,ND,39.07,bf16
dynamic,AI_CORE,"4096,512;2048,512",DT_BF16;DT_BF16,ND;ND,"4096,2048",DT_BF16,ND,38.57,bf16
dynamic,AI_CORE,"4096,1024;2048,1024",DT_BF16;DT_BF16,ND;ND,"4096,2048",DT_BF16,ND,58.29,bf16
dynamic,AI_CORE,"4096,2048;2048,2048",DT_BF16;DT_BF16,ND;ND,"4096,2048",DT_BF16,ND,117.53,bf16
dynamic,AI_CORE,"4096,4096;2048,4096",DT_BF16;DT_BF16,ND;ND,"4096,2048",DT_BF16,ND,222.24,bf16
dynamic,AI_CORE,"4096,7168;2048,7168",DT_BF16;DT_BF16,ND;ND,"4096,2048",DT_BF16,ND,392.04,bf16
dynamic,AI_CORE,"4096,8192;2048,8192",DT_BF16;DT_BF16,ND;ND,"4096,2048",DT_BF16,ND,491.64,bf16
dynamic,AI_CORE,"4096,12288;2048,12288",DT_BF16;DT_BF16,ND;ND,"4096,2048",DT_BF16,ND,682.85,bf16
dynamic,AI_CORE,"4096,16384;2048,16384",DT_BF16;DT_BF16,ND;ND,"4096,2048",DT_BF16,ND,1103.05,bf16
dynamic,AI_CORE,"4096,256;4096,256",DT_BF16;DT_BF16,ND;ND,"4096,4096",DT_BF16,ND,38.55,bf16
dynamic,AI_CORE,"4096,512;4096,512",DT_BF16;DT_BF16,ND;ND,"4096,4096",DT_BF16,ND,59.41,bf16
dynamic,AI_CORE,"4096,1024;4096,1024",DT_BF16;DT_BF16,ND;ND,"4096,4096",DT_BF16,ND,114.25,bf16
dynamic,AI_CORE,"4096,2048;4096,2048",DT_BF16;DT_BF16,ND;ND,"4096,4096",DT_BF16,ND,219.06,bf16
dynamic,AI_CORE,"4096,4096;4096,4096",DT_BF16;DT_BF16,ND;ND,"4096,4096",DT_BF16,ND,438.74,bf16
dynamic,AI_CORE,"4096,7168;4096,7168",DT_BF16;DT_BF16,ND;ND,"4096,4096",DT_BF16,ND,743.59,bf16
dynamic,AI_CORE,"4096,8192;4096,8192",DT_BF16;DT_BF16,ND;ND,"4096,4096",DT_BF16,ND,892.94,bf16
dynamic,AI_CORE,"4096,12288;4096,12288",DT_BF16;DT_BF16,ND;ND,"4096,4096",DT_BF16,ND,1295.45,bf16
dynamic,AI_CORE,"4096,16384;4096,16384",DT_BF16;DT_BF16,ND;ND,"4096,4096",DT_BF16,ND,1834.35,bf16
dynamic,AI_CORE,"4096,256;7168,256",DT_BF16;DT_BF16,ND;ND,"4096,7168",DT_BF16,ND,53.72,bf16
dynamic,AI_CORE,"4096,512;7168,512",DT_BF16;DT_BF16,ND;ND,"4096,7168",DT_BF16,ND,101.60,bf16
dynamic,AI_CORE,"4096,1024;7168,1024",DT_BF16;DT_BF16,ND;ND,"4096,7168",DT_BF16,ND,192.76,bf16
dynamic,AI_CORE,"4096,2048;7168,2048",DT_BF16;DT_BF16,ND;ND,"4096,7168",DT_BF16,ND,383.24,bf16
dynamic,AI_CORE,"4096,4096;7168,4096",DT_BF16;DT_BF16,ND;ND,"4096,7168",DT_BF16,ND,756.82,bf16
dynamic,AI_CORE,"4096,7168;7168,7168",DT_BF16;DT_BF16,ND;ND,"4096,7168",DT_BF16,ND,1343.32,bf16
dynamic,AI_CORE,"4096,8192;7168,8192",DT_BF16;DT_BF16,ND;ND,"4096,7168",DT_BF16,ND,1602.01,bf16
dynamic,AI_CORE,"4096,12288;7168,12288",DT_BF16;DT_BF16,ND;ND,"4096,7168",DT_BF16,ND,2395.42,bf16
dynamic,AI_CORE,"4096,16384;7168,16384",DT_BF16;DT_BF16,ND;ND,"4096,7168",DT_BF16,ND,3444.27,bf16
dynamic,AI_CORE,"4096,256;8192,256",DT_BF16;DT_BF16,ND;ND,"4096,8192",DT_BF16,ND,61.36,bf16
dynamic,AI_CORE,"4096,512;8192,512",DT_BF16;DT_BF16,ND;ND,"4096,8192",DT_BF16,ND,111.91,bf16
dynamic,AI_CORE,"4096,1024;8192,1024",DT_BF16;DT_BF16,ND;ND,"4096,8192",DT_BF16,ND,215.27,bf16
dynamic,AI_CORE,"4096,2048;8192,2048",DT_BF16;DT_BF16,ND;ND,"4096,8192",DT_BF16,ND,431.98,bf16
dynamic,AI_CORE,"4096,4096;8192,4096",DT_BF16;DT_BF16,ND;ND,"4096,8192",DT_BF16,ND,871.03,bf16
dynamic,AI_CORE,"4096,7168;8192,7168",DT_BF16;DT_BF16,ND;ND,"4096,8192",DT_BF16,ND,1557.07,bf16
dynamic,AI_CORE,"4096,8192;8192,8192",DT_BF16;DT_BF16,ND;ND,"4096,8192",DT_BF16,ND,1803.54,bf16
dynamic,AI_CORE,"4096,12288;8192,12288",DT_BF16;DT_BF16,ND;ND,"4096,8192",DT_BF16,ND,2592.53,bf16
dynamic,AI_CORE,"4096,16384;8192,16384",DT_BF16;DT_BF16,ND;ND,"4096,8192",DT_BF16,ND,3902.53,bf16
dynamic,AI_CORE,"4096,256;12288,256",DT_BF16;DT_BF16,ND;ND,"4096,12288",DT_BF16,ND,86.96,bf16
dynamic,AI_CORE,"4096,512;12288,512",DT_BF16;DT_BF16,ND;ND,"4096,12288",DT_BF16,ND,164.26,bf16
dynamic,AI_CORE,"4096,1024;12288,1024",DT_BF16;DT_BF16,ND;ND,"4096,12288",DT_BF16,ND,324.33,bf16
dynamic,AI_CORE,"4096,2048;12288,2048",DT_BF16;DT_BF16,ND;ND,"4096,12288",DT_BF16,ND,638.04,bf16
dynamic,AI_CORE,"4096,4096;12288,4096",DT_BF16;DT_BF16,ND;ND,"4096,12288",DT_BF16,ND,1351.22,bf16
dynamic,AI_CORE,"4096,7168;12288,7168",DT_BF16;DT_BF16,ND;ND,"4096,12288",DT_BF16,ND,2522.21,bf16
dynamic,AI_CORE,"4096,8192;12288,8192",DT_BF16;DT_BF16,ND;ND,"4096,12288",DT_BF16,ND,2733.66,bf16
dynamic,AI_CORE,"4096,12288;12288,12288",DT_BF16;DT_BF16,ND;ND,"4096,12288",DT_BF16,ND,4333.52,bf16
dynamic,AI_CORE,"4096,16384;12288,16384",DT_BF16;DT_BF16,ND;ND,"4096,12288",DT_BF16,ND,5828.83,bf16
dynamic,AI_CORE,"4096,256;16384,256",DT_BF16;DT_BF16,ND;ND,"4096,16384",DT_BF16,ND,123.75,bf16
dynamic,AI_CORE,"4096,512;16384,512",DT_BF16;DT_BF16,ND;ND,"4096,16384",DT_BF16,ND,217.86,bf16
dynamic,AI_CORE,"4096,1024;16384,1024",DT_BF16;DT_BF16,ND;ND,"4096,16384",DT_BF16,ND,427.54,bf16
dynamic,AI_CORE,"4096,2048;16384,2048",DT_BF16;DT_BF16,ND;ND,"4096,16384",DT_BF16,ND,901.92,bf16
dynamic,AI_CORE,"4096,4096;16384,4096",DT_BF16;DT_BF16,ND;ND,"4096,16384",DT_BF16,ND,1786.59,bf16
dynamic,AI_CORE,"4096,7168;16384,7168",DT_BF16;DT_BF16,ND;ND,"4096,16384",DT_BF16,ND,3116.83,bf16
dynamic,AI_CORE,"4096,8192;16384,8192",DT_BF16;DT_BF16,ND;ND,"4096,16384",DT_BF16,ND,3581.82,bf16
dynamic,AI_CORE,"4096,12288;16384,12288",DT_BF16;DT_BF16,ND;ND,"4096,16384",DT_BF16,ND,5757.08,bf16
dynamic,AI_CORE,"4096,16384;16384,16384",DT_BF16;DT_BF16,ND;ND,"4096,16384",DT_BF16,ND,7828.97,bf16
dynamic,AI_CORE,"8192,256;256,256",DT_BF16;DT_BF16,ND;ND,"8192,256",DT_BF16,ND,38.67,bf16
dynamic,AI_CORE,"8192,512;256,512",DT_BF16;DT_BF16,ND;ND,"8192,256",DT_BF16,ND,38.56,bf16
dynamic,AI_CORE,"8192,1024;256,1024",DT_BF16;DT_BF16,ND;ND,"8192,256",DT_BF16,ND,38.56,bf16
dynamic,AI_CORE,"8192,2048;256,2048",DT_BF16;DT_BF16,ND;ND,"8192,256",DT_BF16,ND,40.74,bf16
dynamic,AI_CORE,"8192,4096;256,4096",DT_BF16;DT_BF16,ND;ND,"8192,256",DT_BF16,ND,76.55,bf16
dynamic,AI_CORE,"8192,7168;256,7168",DT_BF16;DT_BF16,ND;ND,"8192,256",DT_BF16,ND,127.40,bf16
dynamic,AI_CORE,"8192,8192;256,8192",DT_BF16;DT_BF16,ND;ND,"8192,256",DT_BF16,ND,164.49,bf16
dynamic,AI_CORE,"8192,12288;256,12288",DT_BF16;DT_BF16,ND;ND,"8192,256",DT_BF16,ND,269.83,bf16
dynamic,AI_CORE,"8192,16384;256,16384",DT_BF16;DT_BF16,ND;ND,"8192,256",DT_BF16,ND,462.38,bf16
dynamic,AI_CORE,"8192,256;512,256",DT_BF16;DT_BF16,ND;ND,"8192,512",DT_BF16,ND,37.68,bf16
dynamic,AI_CORE,"8192,512;512,512",DT_BF16;DT_BF16,ND;ND,"8192,512",DT_BF16,ND,37.18,bf16
dynamic,AI_CORE,"8192,1024;512,1024",DT_BF16;DT_BF16,ND;ND,"8192,512",DT_BF16,ND,39.46,bf16
dynamic,AI_CORE,"8192,2048;512,2048",DT_BF16;DT_BF16,ND;ND,"8192,512",DT_BF16,ND,57.75,bf16
dynamic,AI_CORE,"8192,4096;512,4096",DT_BF16;DT_BF16,ND;ND,"8192,512",DT_BF16,ND,109.96,bf16
dynamic,AI_CORE,"8192,7168;512,7168",DT_BF16;DT_BF16,ND;ND,"8192,512",DT_BF16,ND,186.08,bf16
dynamic,AI_CORE,"8192,8192;512,8192",DT_BF16;DT_BF16,ND;ND,"8192,512",DT_BF16,ND,249.11,bf16
dynamic,AI_CORE,"8192,12288;512,12288",DT_BF16;DT_BF16,ND;ND,"8192,512",DT_BF16,ND,481.91,bf16
dynamic,AI_CORE,"8192,16384;512,16384",DT_BF16;DT_BF16,ND;ND,"8192,512",DT_BF16,ND,753.01,bf16
dynamic,AI_CORE,"8192,256;1024,256",DT_BF16;DT_BF16,ND;ND,"8192,1024",DT_BF16,ND,38.95,bf16
dynamic,AI_CORE,"8192,512;1024,512",DT_BF16;DT_BF16,ND;ND,"8192,1024",DT_BF16,ND,44.29,bf16
dynamic,AI_CORE,"8192,1024;1024,1024",DT_BF16;DT_BF16,ND;ND,"8192,1024",DT_BF16,ND,84.41,bf16
dynamic,AI_CORE,"8192,2048;1024,2048",DT_BF16;DT_BF16,ND;ND,"8192,1024",DT_BF16,ND,116.60,bf16
dynamic,AI_CORE,"8192,4096;1024,4096",DT_BF16;DT_BF16,ND;ND,"8192,1024",DT_BF16,ND,222.84,bf16
dynamic,AI_CORE,"8192,7168;1024,7168",DT_BF16;DT_BF16,ND;ND,"8192,1024",DT_BF16,ND,379.91,bf16
dynamic,AI_CORE,"8192,8192;1024,8192",DT_BF16;DT_BF16,ND;ND,"8192,1024",DT_BF16,ND,487.16,bf16
dynamic,AI_CORE,"8192,12288;1024,12288",DT_BF16;DT_BF16,ND;ND,"8192,1024",DT_BF16,ND,708.77,bf16
dynamic,AI_CORE,"8192,16384;1024,16384",DT_BF16;DT_BF16,ND;ND,"8192,1024",DT_BF16,ND,1219.76,bf16
dynamic,AI_CORE,"8192,256;2048,256",DT_BF16;DT_BF16,ND;ND,"8192,2048",DT_BF16,ND,38.76,bf16
dynamic,AI_CORE,"8192,512;2048,512",DT_BF16;DT_BF16,ND;ND,"8192,2048",DT_BF16,ND,74.28,bf16
dynamic,AI_CORE,"8192,1024;2048,1024",DT_BF16;DT_BF16,ND;ND,"8192,2048",DT_BF16,ND,115.74,bf16
dynamic,AI_CORE,"8192,2048;2048,2048",DT_BF16;DT_BF16,ND;ND,"8192,2048",DT_BF16,ND,224.75,bf16
dynamic,AI_CORE,"8192,4096;2048,4096",DT_BF16;DT_BF16,ND;ND,"8192,2048",DT_BF16,ND,440.81,bf16
dynamic,AI_CORE,"8192,7168;2048,7168",DT_BF16;DT_BF16,ND;ND,"8192,2048",DT_BF16,ND,748.88,bf16
dynamic,AI_CORE,"8192,8192;2048,8192",DT_BF16;DT_BF16,ND;ND,"8192,2048",DT_BF16,ND,943.99,bf16
dynamic,AI_CORE,"8192,12288;2048,12288",DT_BF16;DT_BF16,ND;ND,"8192,2048",DT_BF16,ND,1326.76,bf16
dynamic,AI_CORE,"8192,16384;2048,16384",DT_BF16;DT_BF16,ND;ND,"8192,2048",DT_BF16,ND,1865.10,bf16
dynamic,AI_CORE,"8192,256;4096,256",DT_BF16;DT_BF16,ND;ND,"8192,4096",DT_BF16,ND,61.65,bf16
dynamic,AI_CORE,"8192,512;4096,512",DT_BF16;DT_BF16,ND;ND,"8192,4096",DT_BF16,ND,112.30,bf16
dynamic,AI_CORE,"8192,1024;4096,1024",DT_BF16;DT_BF16,ND;ND,"8192,4096",DT_BF16,ND,215.26,bf16
dynamic,AI_CORE,"8192,2048;4096,2048",DT_BF16;DT_BF16,ND;ND,"8192,4096",DT_BF16,ND,424.46,bf16
dynamic,AI_CORE,"8192,4096;4096,4096",DT_BF16;DT_BF16,ND;ND,"8192,4096",DT_BF16,ND,841.83,bf16
dynamic,AI_CORE,"8192,7168;4096,7168",DT_BF16;DT_BF16,ND;ND,"8192,4096",DT_BF16,ND,1549.90,bf16
dynamic,AI_CORE,"8192,8192;4096,8192",DT_BF16;DT_BF16,ND;ND,"8192,4096",DT_BF16,ND,1776.70,bf16
dynamic,AI_CORE,"8192,12288;4096,12288",DT_BF16;DT_BF16,ND;ND,"8192,4096",DT_BF16,ND,2598.35,bf16
dynamic,AI_CORE,"8192,16384;4096,16384",DT_BF16;DT_BF16,ND;ND,"8192,4096",DT_BF16,ND,3775.23,bf16
dynamic,AI_CORE,"8192,256;7168,256",DT_BF16;DT_BF16,ND;ND,"8192,7168",DT_BF16,ND,103.13,bf16
dynamic,AI_CORE,"8192,512;7168,512",DT_BF16;DT_BF16,ND;ND,"8192,7168",DT_BF16,ND,188.19,bf16
dynamic,AI_CORE,"8192,1024;7168,1024",DT_BF16;DT_BF16,ND;ND,"8192,7168",DT_BF16,ND,371.49,bf16
dynamic,AI_CORE,"8192,2048;7168,2048",DT_BF16;DT_BF16,ND;ND,"8192,7168",DT_BF16,ND,737.56,bf16
dynamic,AI_CORE,"8192,4096;7168,4096",DT_BF16;DT_BF16,ND;ND,"8192,7168",DT_BF16,ND,1543.52,bf16
dynamic,AI_CORE,"8192,7168;7168,7168",DT_BF16;DT_BF16,ND;ND,"8192,7168",DT_BF16,ND,2680.18,bf16
dynamic,AI_CORE,"8192,8192;7168,8192",DT_BF16;DT_BF16,ND;ND,"8192,7168",DT_BF16,ND,3182.37,bf16
dynamic,AI_CORE,"8192,12288;7168,12288",DT_BF16;DT_BF16,ND;ND,"8192,7168",DT_BF16,ND,4812.90,bf16
dynamic,AI_CORE,"8192,16384;7168,16384",DT_BF16;DT_BF16,ND;ND,"8192,7168",DT_BF16,ND,5925.69,bf16
dynamic,AI_CORE,"8192,256;8192,256",DT_BF16;DT_BF16,ND;ND,"8192,8192",DT_BF16,ND,112.36,bf16
dynamic,AI_CORE,"8192,512;8192,512",DT_BF16;DT_BF16,ND;ND,"8192,8192",DT_BF16,ND,214.96,bf16
dynamic,AI_CORE,"8192,1024;8192,1024",DT_BF16;DT_BF16,ND;ND,"8192,8192",DT_BF16,ND,434.72,bf16
dynamic,AI_CORE,"8192,2048;8192,2048",DT_BF16;DT_BF16,ND;ND,"8192,8192",DT_BF16,ND,867.22,bf16
dynamic,AI_CORE,"8192,4096;8192,4096",DT_BF16;DT_BF16,ND;ND,"8192,8192",DT_BF16,ND,1736.55,bf16
dynamic,AI_CORE,"8192,7168;8192,7168",DT_BF16;DT_BF16,ND;ND,"8192,8192",DT_BF16,ND,3015.33,bf16
dynamic,AI_CORE,"8192,8192;8192,8192",DT_BF16;DT_BF16,ND;ND,"8192,8192",DT_BF16,ND,3513.59,bf16
dynamic,AI_CORE,"8192,12288;8192,12288",DT_BF16;DT_BF16,ND;ND,"8192,8192",DT_BF16,ND,5094.49,bf16
dynamic,AI_CORE,"8192,16384;8192,16384",DT_BF16;DT_BF16,ND;ND,"8192,8192",DT_BF16,ND,7117.20,bf16
dynamic,AI_CORE,"8192,256;12288,256",DT_BF16;DT_BF16,ND;ND,"8192,12288",DT_BF16,ND,182.94,bf16
dynamic,AI_CORE,"8192,512;12288,512",DT_BF16;DT_BF16,ND;ND,"8192,12288",DT_BF16,ND,345.60,bf16
dynamic,AI_CORE,"8192,1024;12288,1024",DT_BF16;DT_BF16,ND;ND,"8192,12288",DT_BF16,ND,673.83,bf16
dynamic,AI_CORE,"8192,2048;12288,2048",DT_BF16;DT_BF16,ND;ND,"8192,12288",DT_BF16,ND,1330.99,bf16
dynamic,AI_CORE,"8192,4096;12288,4096",DT_BF16;DT_BF16,ND;ND,"8192,12288",DT_BF16,ND,2623.78,bf16
dynamic,AI_CORE,"8192,7168;12288,7168",DT_BF16;DT_BF16,ND;ND,"8192,12288",DT_BF16,ND,4950.80,bf16
dynamic,AI_CORE,"8192,8192;12288,8192",DT_BF16;DT_BF16,ND;ND,"8192,12288",DT_BF16,ND,5247.85,bf16
dynamic,AI_CORE,"8192,12288;12288,12288",DT_BF16;DT_BF16,ND;ND,"8192,12288",DT_BF16,ND,8491.17,bf16
dynamic,AI_CORE,"8192,16384;12288,16384",DT_BF16;DT_BF16,ND;ND,"8192,12288",DT_BF16,ND,12963.53,bf16
dynamic,AI_CORE,"8192,256;16384,256",DT_BF16;DT_BF16,ND;ND,"8192,16384",DT_BF16,ND,326.36,bf16
dynamic,AI_CORE,"8192,512;16384,512",DT_BF16;DT_BF16,ND;ND,"8192,16384",DT_BF16,ND,485.50,bf16
dynamic,AI_CORE,"8192,1024;16384,1024",DT_BF16;DT_BF16,ND;ND,"8192,16384",DT_BF16,ND,895.00,bf16
dynamic,AI_CORE,"8192,2048;16384,2048",DT_BF16;DT_BF16,ND;ND,"8192,16384",DT_BF16,ND,1759.64,bf16
dynamic,AI_CORE,"8192,4096;16384,4096",DT_BF16;DT_BF16,ND;ND,"8192,16384",DT_BF16,ND,3520.21,bf16
dynamic,AI_CORE,"8192,7168;16384,7168",DT_BF16;DT_BF16,ND;ND,"8192,16384",DT_BF16,ND,6216.84,bf16
dynamic,AI_CORE,"8192,8192;16384,8192",DT_BF16;DT_BF16,ND;ND,"8192,16384",DT_BF16,ND,7161.14,bf16
dynamic,AI_CORE,"8192,12288;16384,12288",DT_BF16;DT_BF16,ND;ND,"8192,16384",DT_BF16,ND,11340.54,bf16
dynamic,AI_CORE,"8192,16384;16384,16384",DT_BF16;DT_BF16,ND;ND,"8192,16384",DT_BF16,ND,16677.29,bf16
dynamic,AI_CORE,"16384,256;256,256",DT_BF16;DT_BF16,ND;ND,"16384,256",DT_BF16,ND,38.22,bf16
dynamic,AI_CORE,"16384,512;256,512",DT_BF16;DT_BF16,ND;ND,"16384,256",DT_BF16,ND,38.20,bf16
dynamic,AI_CORE,"16384,1024;256,1024",DT_BF16;DT_BF16,ND;ND,"16384,256",DT_BF16,ND,38.45,bf16
dynamic,AI_CORE,"16384,2048;256,2048",DT_BF16;DT_BF16,ND;ND,"16384,256",DT_BF16,ND,69.63,bf16
dynamic,AI_CORE,"16384,4096;256,4096",DT_BF16;DT_BF16,ND;ND,"16384,256",DT_BF16,ND,135.27,bf16
dynamic,AI_CORE,"16384,7168;256,7168",DT_BF16;DT_BF16,ND;ND,"16384,256",DT_BF16,ND,329.90,bf16
dynamic,AI_CORE,"16384,8192;256,8192",DT_BF16;DT_BF16,ND;ND,"16384,256",DT_BF16,ND,387.49,bf16
dynamic,AI_CORE,"16384,12288;256,12288",DT_BF16;DT_BF16,ND;ND,"16384,256",DT_BF16,ND,592.10,bf16
dynamic,AI_CORE,"16384,16384;256,16384",DT_BF16;DT_BF16,ND;ND,"16384,256",DT_BF16,ND,870.12,bf16
dynamic,AI_CORE,"16384,256;512,256",DT_BF16;DT_BF16,ND;ND,"16384,512",DT_BF16,ND,40.30,bf16
dynamic,AI_CORE,"16384,512;512,512",DT_BF16;DT_BF16,ND;ND,"16384,512",DT_BF16,ND,41.36,bf16
dynamic,AI_CORE,"16384,1024;512,1024",DT_BF16;DT_BF16,ND;ND,"16384,512",DT_BF16,ND,59.67,bf16
dynamic,AI_CORE,"16384,2048;512,2048",DT_BF16;DT_BF16,ND;ND,"16384,512",DT_BF16,ND,107.15,bf16
dynamic,AI_CORE,"16384,4096;512,4096",DT_BF16;DT_BF16,ND;ND,"16384,512",DT_BF16,ND,244.05,bf16
dynamic,AI_CORE,"16384,7168;512,7168",DT_BF16;DT_BF16,ND;ND,"16384,512",DT_BF16,ND,563.80,bf16
dynamic,AI_CORE,"16384,8192;512,8192",DT_BF16;DT_BF16,ND;ND,"16384,512",DT_BF16,ND,548.61,bf16
dynamic,AI_CORE,"16384,12288;512,12288",DT_BF16;DT_BF16,ND;ND,"16384,512",DT_BF16,ND,817.57,bf16
dynamic,AI_CORE,"16384,16384;512,16384",DT_BF16;DT_BF16,ND;ND,"16384,512",DT_BF16,ND,1216.01,bf16
dynamic,AI_CORE,"16384,256;1024,256",DT_BF16;DT_BF16,ND;ND,"16384,1024",DT_BF16,ND,38.96,bf16
dynamic,AI_CORE,"16384,512;1024,512",DT_BF16;DT_BF16,ND;ND,"16384,1024",DT_BF16,ND,81.71,bf16
dynamic,AI_CORE,"16384,1024;1024,1024",DT_BF16;DT_BF16,ND;ND,"16384,1024",DT_BF16,ND,109.37,bf16
dynamic,AI_CORE,"16384,2048;1024,2048",DT_BF16;DT_BF16,ND;ND,"16384,1024",DT_BF16,ND,224.54,bf16
dynamic,AI_CORE,"16384,4096;1024,4096",DT_BF16;DT_BF16,ND;ND,"16384,1024",DT_BF16,ND,472.64,bf16
dynamic,AI_CORE,"16384,7168;1024,7168",DT_BF16;DT_BF16,ND;ND,"16384,1024",DT_BF16,ND,858.28,bf16
dynamic,AI_CORE,"16384,8192;1024,8192",DT_BF16;DT_BF16,ND;ND,"16384,1024",DT_BF16,ND,1007.48,bf16
dynamic,AI_CORE,"16384,12288;1024,12288",DT_BF16;DT_BF16,ND;ND,"16384,1024",DT_BF16,ND,1454.10,bf16
dynamic,AI_CORE,"16384,16384;1024,16384",DT_BF16;DT_BF16,ND;ND,"16384,1024",DT_BF16,ND,2313.51,bf16
dynamic,AI_CORE,"16384,256;2048,256",DT_BF16;DT_BF16,ND;ND,"16384,2048",DT_BF16,ND,63.31,bf16
dynamic,AI_CORE,"16384,512;2048,512",DT_BF16;DT_BF16,ND;ND,"16384,2048",DT_BF16,ND,113.05,bf16
dynamic,AI_CORE,"16384,1024;2048,1024",DT_BF16;DT_BF16,ND;ND,"16384,2048",DT_BF16,ND,219.89,bf16
dynamic,AI_CORE,"16384,2048;2048,2048",DT_BF16;DT_BF16,ND;ND,"16384,2048",DT_BF16,ND,434.20,bf16
dynamic,AI_CORE,"16384,4096;2048,4096",DT_BF16;DT_BF16,ND;ND,"16384,2048",DT_BF16,ND,904.13,bf16
dynamic,AI_CORE,"16384,7168;2048,7168",DT_BF16;DT_BF16,ND;ND,"16384,2048",DT_BF16,ND,1606.85,bf16
dynamic,AI_CORE,"16384,8192;2048,8192",DT_BF16;DT_BF16,ND;ND,"16384,2048",DT_BF16,ND,1909.37,bf16
dynamic,AI_CORE,"16384,12288;2048,12288",DT_BF16;DT_BF16,ND;ND,"16384,2048",DT_BF16,ND,2749.83,bf16
dynamic,AI_CORE,"16384,16384;2048,16384",DT_BF16;DT_BF16,ND;ND,"16384,2048",DT_BF16,ND,4461.76,bf16
dynamic,AI_CORE,"16384,256;4096,256",DT_BF16;DT_BF16,ND;ND,"16384,4096",DT_BF16,ND,120.51,bf16
dynamic,AI_CORE,"16384,512;4096,512",DT_BF16;DT_BF16,ND;ND,"16384,4096",DT_BF16,ND,215.61,bf16
dynamic,AI_CORE,"16384,1024;4096,1024",DT_BF16;DT_BF16,ND;ND,"16384,4096",DT_BF16,ND,425.92,bf16
dynamic,AI_CORE,"16384,2048;4096,2048",DT_BF16;DT_BF16,ND;ND,"16384,4096",DT_BF16,ND,874.53,bf16
dynamic,AI_CORE,"16384,4096;4096,4096",DT_BF16;DT_BF16,ND;ND,"16384,4096",DT_BF16,ND,1743.96,bf16
dynamic,AI_CORE,"16384,7168;4096,7168",DT_BF16;DT_BF16,ND;ND,"16384,4096",DT_BF16,ND,3051.70,bf16
dynamic,AI_CORE,"16384,8192;4096,8192",DT_BF16;DT_BF16,ND;ND,"16384,4096",DT_BF16,ND,3453.56,bf16
dynamic,AI_CORE,"16384,12288;4096,12288",DT_BF16;DT_BF16,ND;ND,"16384,4096",DT_BF16,ND,5096.80,bf16
dynamic,AI_CORE,"16384,16384;4096,16384",DT_BF16;DT_BF16,ND;ND,"16384,4096",DT_BF16,ND,8871.70,bf16
dynamic,AI_CORE,"16384,256;7168,256",DT_BF16;DT_BF16,ND;ND,"16384,7168",DT_BF16,ND,215.07,bf16
dynamic,AI_CORE,"16384,512;7168,512",DT_BF16;DT_BF16,ND;ND,"16384,7168",DT_BF16,ND,400.39,bf16
dynamic,AI_CORE,"16384,1024;7168,1024",DT_BF16;DT_BF16,ND;ND,"16384,7168",DT_BF16,ND,776.79,bf16
dynamic,AI_CORE,"16384,2048;7168,2048",DT_BF16;DT_BF16,ND;ND,"16384,7168",DT_BF16,ND,1525.63,bf16
dynamic,AI_CORE,"16384,4096;7168,4096",DT_BF16;DT_BF16,ND;ND,"16384,7168",DT_BF16,ND,2989.96,bf16
dynamic,AI_CORE,"16384,7168;7168,7168",DT_BF16;DT_BF16,ND;ND,"16384,7168",DT_BF16,ND,5267.45,bf16
dynamic,AI_CORE,"16384,8192;7168,8192",DT_BF16;DT_BF16,ND;ND,"16384,7168",DT_BF16,ND,6183.33,bf16
dynamic,AI_CORE,"16384,12288;7168,12288",DT_BF16;DT_BF16,ND;ND,"16384,7168",DT_BF16,ND,9409.90,bf16
dynamic,AI_CORE,"16384,16384;7168,16384",DT_BF16;DT_BF16,ND;ND,"16384,7168",DT_BF16,ND,14940.08,bf16
dynamic,AI_CORE,"16384,256;8192,256",DT_BF16;DT_BF16,ND;ND,"16384,8192",DT_BF16,ND,279.06,bf16
dynamic,AI_CORE,"16384,512;8192,512",DT_BF16;DT_BF16,ND;ND,"16384,8192",DT_BF16,ND,455.70,bf16
dynamic,AI_CORE,"16384,1024;8192,1024",DT_BF16;DT_BF16,ND;ND,"16384,8192",DT_BF16,ND,877.29,bf16
dynamic,AI_CORE,"16384,2048;8192,2048",DT_BF16;DT_BF16,ND;ND,"16384,8192",DT_BF16,ND,1727.10,bf16
dynamic,AI_CORE,"16384,4096;8192,4096",DT_BF16;DT_BF16,ND;ND,"16384,8192",DT_BF16,ND,3359.73,bf16
dynamic,AI_CORE,"16384,7168;8192,7168",DT_BF16;DT_BF16,ND;ND,"16384,8192",DT_BF16,ND,6031.96,bf16
dynamic,AI_CORE,"16384,8192;8192,8192",DT_BF16;DT_BF16,ND;ND,"16384,8192",DT_BF16,ND,7028.77,bf16
dynamic,AI_CORE,"16384,12288;8192,12288",DT_BF16;DT_BF16,ND;ND,"16384,8192",DT_BF16,ND,10230.70,bf16
dynamic,AI_CORE,"16384,16384;8192,16384",DT_BF16;DT_BF16,ND;ND,"16384,8192",DT_BF16,ND,16690.47,bf16
dynamic,AI_CORE,"16384,256;12288,256",DT_BF16;DT_BF16,ND;ND,"16384,12288",DT_BF16,ND,380.45,bf16
dynamic,AI_CORE,"16384,512;12288,512",DT_BF16;DT_BF16,ND;ND,"16384,12288",DT_BF16,ND,669.35,bf16
dynamic,AI_CORE,"16384,1024;12288,1024",DT_BF16;DT_BF16,ND;ND,"16384,12288",DT_BF16,ND,1331.53,bf16
dynamic,AI_CORE,"16384,2048;12288,2048",DT_BF16;DT_BF16,ND;ND,"16384,12288",DT_BF16,ND,2606.22,bf16
dynamic,AI_CORE,"16384,4096;12288,4096",DT_BF16;DT_BF16,ND;ND,"16384,12288",DT_BF16,ND,5182.16,bf16
dynamic,AI_CORE,"16384,7168;12288,7168",DT_BF16;DT_BF16,ND;ND,"16384,12288",DT_BF16,ND,9854.46,bf16
dynamic,AI_CORE,"16384,8192;12288,8192",DT_BF16;DT_BF16,ND;ND,"16384,12288",DT_BF16,ND,10535.80,bf16
dynamic,AI_CORE,"16384,12288;12288,12288",DT_BF16;DT_BF16,ND;ND,"16384,12288",DT_BF16,ND,17304.09,bf16
dynamic,AI_CORE,"16384,16384;12288,16384",DT_BF16;DT_BF16,ND;ND,"16384,12288",DT_BF16,ND,29860.30,bf16
dynamic,AI_CORE,"16384,256;16384,256",DT_BF16;DT_BF16,ND;ND,"16384,16384",DT_BF16,ND,655.14,bf16
dynamic,AI_CORE,"16384,512;16384,512",DT_BF16;DT_BF16,ND;ND,"16384,16384",DT_BF16,ND,936.72,bf16
dynamic,AI_CORE,"16384,1024;16384,1024",DT_BF16;DT_BF16,ND;ND,"16384,16384",DT_BF16,ND,1738.40,bf16
dynamic,AI_CORE,"16384,2048;16384,2048",DT_BF16;DT_BF16,ND;ND,"16384,16384",DT_BF16,ND,3473.75,bf16
dynamic,AI_CORE,"16384,4096;16384,4096",DT_BF16;DT_BF16,ND;ND,"16384,16384",DT_BF16,ND,7049.13,bf16
dynamic,AI_CORE,"16384,7168;16384,7168",DT_BF16;DT_BF16,ND;ND,"16384,16384",DT_BF16,ND,12241.73,bf16
dynamic,AI_CORE,"16384,8192;16384,8192",DT_BF16;DT_BF16,ND;ND,"16384,16384",DT_BF16,ND,13938.26,bf16
dynamic,AI_CORE,"16384,12288;16384,12288",DT_BF16;DT_BF16,ND;ND,"16384,16384",DT_BF16,ND,22829.36,bf16
dynamic,AI_CORE,"16384,16384;16384,16384",DT_BF16;DT_BF16,ND;ND,"16384,16384",DT_BF16,ND,33224.83,bf16
dynamic,AI_CORE,"1,6144;24576,6144",DT_BF16;DT_BF16,ND;ND,"1,24576",DT_BF16,ND,228.62,bf16
dynamic,AI_CORE,"1,12288;6144,12288",DT_BF16;DT_BF16,ND;ND,"1,6144",DT_BF16,ND,121.15,bf16
dynamic,AI_CORE,"1,6144;4096,6144",DT_BF16;DT_BF16,ND;ND,"1,4096",DT_BF16,ND,44.56,bf16
dynamic,AI_CORE,"1,2048;6144,2048",DT_BF16;DT_BF16,ND;ND,"1,6144",DT_BF16,ND,42.32,bf16
dynamic,AI_CORE,"1,6144;154880,6144",DT_BF16;DT_BF16,ND;ND,"1,154880",DT_BF16,ND,1406.18,bf16
dynamic,AI_CORE,"1,6144;12288,6144",DT_BF16;DT_BF16,ND;ND,"1,12288",DT_BF16,ND,122.76,bf16
dynamic,AI_CORE,"1,6144;6144,6144",DT_BF16;DT_BF16,ND;ND,"1,6144",DT_BF16,ND,60.61,bf16
dynamic,AI_CORE,"1,6144;2048,6144",DT_BF16;DT_BF16,ND;ND,"1,2048",DT_BF16,ND,40.48,bf16
dynamic,AI_CORE,"1,1024;6144,1024",DT_BF16;DT_BF16,ND;ND,"1,6144",DT_BF16,ND,40.85,bf16
dynamic,AI_CORE,"1,6144;77440,6144",DT_BF16;DT_BF16,ND;ND,"1,77440",DT_BF16,ND,707.44,bf16
dynamic,AI_CORE,"1,3072;6144,3072",DT_BF16;DT_BF16,ND;ND,"1,6144",DT_BF16,ND,41.33,bf16
dynamic,AI_CORE,"1,6144;1024,6144",DT_BF16;DT_BF16,ND;ND,"1,1024",DT_BF16,ND,41.50,bf16
dynamic,AI_CORE,"1,512;6144,512",DT_BF16;DT_BF16,ND;ND,"1,6144",DT_BF16,ND,41.28,bf16
dynamic,AI_CORE,"1,6144;38720,6144",DT_BF16;DT_BF16,ND;ND,"1,38720",DT_BF16,ND,363.96,bf16
dynamic,AI_CORE,"1,6144;3072,6144",DT_BF16;DT_BF16,ND;ND,"1,3072",DT_BF16,ND,41.02,bf16
dynamic,AI_CORE,"1,1536;6144,1536",DT_BF16;DT_BF16,ND;ND,"1,6144",DT_BF16,ND,41.38,bf16
dynamic,AI_CORE,"1,6144;512,6144",DT_BF16;DT_BF16,ND;ND,"1,512",DT_BF16,ND,41.15,bf16
dynamic,AI_CORE,"1,256;6144,256",DT_BF16;DT_BF16,ND;ND,"1,6144",DT_BF16,ND,40.72,bf16
dynamic,AI_CORE,"1,6144;19360,6144",DT_BF16;DT_BF16,ND;ND,"1,19360",DT_BF16,ND,191.89,bf16
dynamic,AI_CORE,"1,6144;256,6144",DT_BF16;DT_BF16,ND;ND,"1,256",DT_BF16,ND,47.33,bf16
dynamic,AI_CORE,"2,6144;24576,6144",DT_BF16;DT_BF16,ND;ND,"2,24576",DT_BF16,ND,227.28,bf16
dynamic,AI_CORE,"2,12288;6144,12288",DT_BF16;DT_BF16,ND;ND,"2,6144",DT_BF16,ND,118.52,bf16
dynamic,AI_CORE,"2,6144;4096,6144",DT_BF16;DT_BF16,ND;ND,"2,4096",DT_BF16,ND,41.14,bf16
dynamic,AI_CORE,"2,2048;6144,2048",DT_BF16;DT_BF16,ND;ND,"2,6144",DT_BF16,ND,41.13,bf16
dynamic,AI_CORE,"2,6144;154880,6144",DT_BF16;DT_BF16,ND;ND,"2,154880",DT_BF16,ND,1423.29,bf16
dynamic,AI_CORE,"2,6144;12288,6144",DT_BF16;DT_BF16,ND;ND,"2,12288",DT_BF16,ND,116.24,bf16
dynamic,AI_CORE,"2,6144;6144,6144",DT_BF16;DT_BF16,ND;ND,"2,6144",DT_BF16,ND,64.19,bf16
dynamic,AI_CORE,"2,6144;2048,6144",DT_BF16;DT_BF16,ND;ND,"2,2048",DT_BF16,ND,40.63,bf16
dynamic,AI_CORE,"2,1024;6144,1024",DT_BF16;DT_BF16,ND;ND,"2,6144",DT_BF16,ND,40.95,bf16
dynamic,AI_CORE,"2,6144;77440,6144",DT_BF16;DT_BF16,ND;ND,"2,77440",DT_BF16,ND,706.33,bf16
dynamic,AI_CORE,"2,3072;6144,3072",DT_BF16;DT_BF16,ND;ND,"2,6144",DT_BF16,ND,44.57,bf16
dynamic,AI_CORE,"2,6144;1024,6144",DT_BF16;DT_BF16,ND;ND,"2,1024",DT_BF16,ND,43.71,bf16
dynamic,AI_CORE,"2,512;6144,512",DT_BF16;DT_BF16,ND;ND,"2,6144",DT_BF16,ND,43.48,bf16
dynamic,AI_CORE,"2,6144;38720,6144",DT_BF16;DT_BF16,ND;ND,"2,38720",DT_BF16,ND,362.59,bf16
dynamic,AI_CORE,"2,6144;3072,6144",DT_BF16;DT_BF16,ND;ND,"2,3072",DT_BF16,ND,44.39,bf16
dynamic,AI_CORE,"2,1536;6144,1536",DT_BF16;DT_BF16,ND;ND,"2,6144",DT_BF16,ND,45.67,bf16
dynamic,AI_CORE,"2,6144;512,6144",DT_BF16;DT_BF16,ND;ND,"2,512",DT_BF16,ND,42.94,bf16
dynamic,AI_CORE,"2,256;6144,256",DT_BF16;DT_BF16,ND;ND,"2,6144",DT_BF16,ND,43.07,bf16
dynamic,AI_CORE,"2,6144;19360,6144",DT_BF16;DT_BF16,ND;ND,"2,19360",DT_BF16,ND,191.43,bf16
dynamic,AI_CORE,"2,6144;256,6144",DT_BF16;DT_BF16,ND;ND,"2,256",DT_BF16,ND,43.71,bf16
dynamic,AI_CORE,"4,6144;24576,6144",DT_BF16;DT_BF16,ND;ND,"4,24576",DT_BF16,ND,229.10,bf16
dynamic,AI_CORE,"4,12288;6144,12288",DT_BF16;DT_BF16,ND;ND,"4,6144",DT_BF16,ND,125.39,bf16
dynamic,AI_CORE,"4,6144;4096,6144",DT_BF16;DT_BF16,ND;ND,"4,4096",DT_BF16,ND,44.72,bf16
dynamic,AI_CORE,"4,2048;6144,2048",DT_BF16;DT_BF16,ND;ND,"4,6144",DT_BF16,ND,45.59,bf16
dynamic,AI_CORE,"4,6144;154880,6144",DT_BF16;DT_BF16,ND;ND,"4,154880",DT_BF16,ND,1422.98,bf16
dynamic,AI_CORE,"4,6144;12288,6144",DT_BF16;DT_BF16,ND;ND,"4,12288",DT_BF16,ND,117.19,bf16
dynamic,AI_CORE,"4,6144;6144,6144",DT_BF16;DT_BF16,ND;ND,"4,6144",DT_BF16,ND,64.65,bf16
dynamic,AI_CORE,"4,6144;2048,6144",DT_BF16;DT_BF16,ND;ND,"4,2048",DT_BF16,ND,44.91,bf16
dynamic,AI_CORE,"4,1024;6144,1024",DT_BF16;DT_BF16,ND;ND,"4,6144",DT_BF16,ND,43.56,bf16
dynamic,AI_CORE,"4,6144;77440,6144",DT_BF16;DT_BF16,ND;ND,"4,77440",DT_BF16,ND,713.33,bf16
dynamic,AI_CORE,"4,3072;6144,3072",DT_BF16;DT_BF16,ND;ND,"4,6144",DT_BF16,ND,43.13,bf16
dynamic,AI_CORE,"4,6144;1024,6144",DT_BF16;DT_BF16,ND;ND,"4,1024",DT_BF16,ND,42.99,bf16
dynamic,AI_CORE,"4,512;6144,512",DT_BF16;DT_BF16,ND;ND,"4,6144",DT_BF16,ND,43.01,bf16
dynamic,AI_CORE,"4,6144;38720,6144",DT_BF16;DT_BF16,ND;ND,"4,38720",DT_BF16,ND,369.39,bf16
dynamic,AI_CORE,"4,6144;3072,6144",DT_BF16;DT_BF16,ND;ND,"4,3072",DT_BF16,ND,43.15,bf16
dynamic,AI_CORE,"4,1536;6144,1536",DT_BF16;DT_BF16,ND;ND,"4,6144",DT_BF16,ND,43.32,bf16
dynamic,AI_CORE,"4,6144;512,6144",DT_BF16;DT_BF16,ND;ND,"4,512",DT_BF16,ND,42.95,bf16
dynamic,AI_CORE,"4,256;6144,256",DT_BF16;DT_BF16,ND;ND,"4,6144",DT_BF16,ND,42.67,bf16
dynamic,AI_CORE,"4,6144;19360,6144",DT_BF16;DT_BF16,ND;ND,"4,19360",DT_BF16,ND,190.58,bf16
dynamic,AI_CORE,"4,6144;256,6144",DT_BF16;DT_BF16,ND;ND,"4,256",DT_BF16,ND,43.98,bf16
dynamic,AI_CORE,"8,6144;24576,6144",DT_BF16;DT_BF16,ND;ND,"8,24576",DT_BF16,ND,231.17,bf16
dynamic,AI_CORE,"8,12288;6144,12288",DT_BF16;DT_BF16,ND;ND,"8,6144",DT_BF16,ND,118.94,bf16
dynamic,AI_CORE,"8,6144;4096,6144",DT_BF16;DT_BF16,ND;ND,"8,4096",DT_BF16,ND,43.81,bf16
dynamic,AI_CORE,"8,2048;6144,2048",DT_BF16;DT_BF16,ND;ND,"8,6144",DT_BF16,ND,43.63,bf16
dynamic,AI_CORE,"8,6144;154880,6144",DT_BF16;DT_BF16,ND;ND,"8,154880",DT_BF16,ND,1434.22,bf16
dynamic,AI_CORE,"8,6144;12288,6144",DT_BF16;DT_BF16,ND;ND,"8,12288",DT_BF16,ND,119.35,bf16
dynamic,AI_CORE,"8,6144;6144,6144",DT_BF16;DT_BF16,ND;ND,"8,6144",DT_BF16,ND,61.38,bf16
dynamic,AI_CORE,"8,6144;2048,6144",DT_BF16;DT_BF16,ND;ND,"8,2048",DT_BF16,ND,43.32,bf16
dynamic,AI_CORE,"8,1024;6144,1024",DT_BF16;DT_BF16,ND;ND,"8,6144",DT_BF16,ND,42.77,bf16
dynamic,AI_CORE,"8,6144;77440,6144",DT_BF16;DT_BF16,ND;ND,"8,77440",DT_BF16,ND,722.33,bf16
dynamic,AI_CORE,"8,3072;6144,3072",DT_BF16;DT_BF16,ND;ND,"8,6144",DT_BF16,ND,44.09,bf16
dynamic,AI_CORE,"8,6144;1024,6144",DT_BF16;DT_BF16,ND;ND,"8,1024",DT_BF16,ND,43.67,bf16
dynamic,AI_CORE,"8,512;6144,512",DT_BF16;DT_BF16,ND;ND,"8,6144",DT_BF16,ND,43.60,bf16
dynamic,AI_CORE,"8,6144;38720,6144",DT_BF16;DT_BF16,ND;ND,"8,38720",DT_BF16,ND,371.49,bf16
dynamic,AI_CORE,"8,6144;3072,6144",DT_BF16;DT_BF16,ND;ND,"8,3072",DT_BF16,ND,43.27,bf16
dynamic,AI_CORE,"8,1536;6144,1536",DT_BF16;DT_BF16,ND;ND,"8,6144",DT_BF16,ND,43.35,bf16
dynamic,AI_CORE,"8,6144;512,6144",DT_BF16;DT_BF16,ND;ND,"8,512",DT_BF16,ND,43.38,bf16
dynamic,AI_CORE,"8,256;6144,256",DT_BF16;DT_BF16,ND;ND,"8,6144",DT_BF16,ND,43.83,bf16
dynamic,AI_CORE,"8,6144;19360,6144",DT_BF16;DT_BF16,ND;ND,"8,19360",DT_BF16,ND,189.81,bf16
dynamic,AI_CORE,"8,6144;256,6144",DT_BF16;DT_BF16,ND;ND,"8,256",DT_BF16,ND,45.01,bf16
dynamic,AI_CORE,"16,6144;24576,6144",DT_BF16;DT_BF16,ND;ND,"16,24576",DT_BF16,ND,246.51,bf16
dynamic,AI_CORE,"16,12288;6144,12288",DT_BF16;DT_BF16,ND;ND,"16,6144",DT_BF16,ND,125.79,bf16
dynamic,AI_CORE,"16,6144;4096,6144",DT_BF16;DT_BF16,ND;ND,"16,4096",DT_BF16,ND,49.52,bf16
dynamic,AI_CORE,"16,2048;6144,2048",DT_BF16;DT_BF16,ND;ND,"16,6144",DT_BF16,ND,43.52,bf16
dynamic,AI_CORE,"16,6144;154880,6144",DT_BF16;DT_BF16,ND;ND,"16,154880",DT_BF16,ND,1498.86,bf16
dynamic,AI_CORE,"16,6144;12288,6144",DT_BF16;DT_BF16,ND;ND,"16,12288",DT_BF16,ND,126.91,bf16
dynamic,AI_CORE,"16,6144;6144,6144",DT_BF16;DT_BF16,ND;ND,"16,6144",DT_BF16,ND,72.87,bf16
dynamic,AI_CORE,"16,6144;2048,6144",DT_BF16;DT_BF16,ND;ND,"16,2048",DT_BF16,ND,42.69,bf16
dynamic,AI_CORE,"16,1024;6144,1024",DT_BF16;DT_BF16,ND;ND,"16,6144",DT_BF16,ND,42.17,bf16
dynamic,AI_CORE,"16,6144;77440,6144",DT_BF16;DT_BF16,ND;ND,"16,77440",DT_BF16,ND,759.43,bf16
dynamic,AI_CORE,"16,3072;6144,3072",DT_BF16;DT_BF16,ND;ND,"16,6144",DT_BF16,ND,37.88,bf16
dynamic,AI_CORE,"16,6144;1024,6144",DT_BF16;DT_BF16,ND;ND,"16,1024",DT_BF16,ND,38.10,bf16
dynamic,AI_CORE,"16,512;6144,512",DT_BF16;DT_BF16,ND;ND,"16,6144",DT_BF16,ND,37.84,bf16
dynamic,AI_CORE,"16,6144;38720,6144",DT_BF16;DT_BF16,ND;ND,"16,38720",DT_BF16,ND,383.21,bf16
dynamic,AI_CORE,"16,6144;3072,6144",DT_BF16;DT_BF16,ND;ND,"16,3072",DT_BF16,ND,39.85,bf16
dynamic,AI_CORE,"16,1536;6144,1536",DT_BF16;DT_BF16,ND;ND,"16,6144",DT_BF16,ND,39.90,bf16
dynamic,AI_CORE,"16,6144;512,6144",DT_BF16;DT_BF16,ND;ND,"16,512",DT_BF16,ND,39.35,bf16
dynamic,AI_CORE,"16,256;6144,256",DT_BF16;DT_BF16,ND;ND,"16,6144",DT_BF16,ND,39.66,bf16
dynamic,AI_CORE,"16,6144;19360,6144",DT_BF16;DT_BF16,ND;ND,"16,19360",DT_BF16,ND,189.68,bf16
dynamic,AI_CORE,"16,6144;256,6144",DT_BF16;DT_BF16,ND;ND,"16,256",DT_BF16,ND,38.95,bf16
dynamic,AI_CORE,"32,6144;24576,6144",DT_BF16;DT_BF16,ND;ND,"32,24576",DT_BF16,ND,255.24,bf16
dynamic,AI_CORE,"32,12288;6144,12288",DT_BF16;DT_BF16,ND;ND,"32,6144",DT_BF16,ND,126.94,bf16
dynamic,AI_CORE,"32,6144;4096,6144",DT_BF16;DT_BF16,ND;ND,"32,4096",DT_BF16,ND,48.71,bf16
dynamic,AI_CORE,"32,2048;6144,2048",DT_BF16;DT_BF16,ND;ND,"32,6144",DT_BF16,ND,41.85,bf16
dynamic,AI_CORE,"32,6144;154880,6144",DT_BF16;DT_BF16,ND;ND,"32,154880",DT_BF16,ND,1565.16,bf16
dynamic,AI_CORE,"32,6144;12288,6144",DT_BF16;DT_BF16,ND;ND,"32,12288",DT_BF16,ND,120.62,bf16
dynamic,AI_CORE,"32,6144;6144,6144",DT_BF16;DT_BF16,ND;ND,"32,6144",DT_BF16,ND,71.19,bf16
dynamic,AI_CORE,"32,6144;2048,6144",DT_BF16;DT_BF16,ND;ND,"32,2048",DT_BF16,ND,42.94,bf16
dynamic,AI_CORE,"32,1024;6144,1024",DT_BF16;DT_BF16,ND;ND,"32,6144",DT_BF16,ND,40.98,bf16
dynamic,AI_CORE,"32,6144;77440,6144",DT_BF16;DT_BF16,ND;ND,"32,77440",DT_BF16,ND,812.03,bf16
dynamic,AI_CORE,"32,3072;6144,3072",DT_BF16;DT_BF16,ND;ND,"32,6144",DT_BF16,ND,40.83,bf16
dynamic,AI_CORE,"32,6144;1024,6144",DT_BF16;DT_BF16,ND;ND,"32,1024",DT_BF16,ND,40.37,bf16
dynamic,AI_CORE,"32,512;6144,512",DT_BF16;DT_BF16,ND;ND,"32,6144",DT_BF16,ND,40.73,bf16
dynamic,AI_CORE,"32,6144;38720,6144",DT_BF16;DT_BF16,ND;ND,"32,38720",DT_BF16,ND,399.02,bf16
dynamic,AI_CORE,"32,6144;3072,6144",DT_BF16;DT_BF16,ND;ND,"32,3072",DT_BF16,ND,40.64,bf16
dynamic,AI_CORE,"32,1536;6144,1536",DT_BF16;DT_BF16,ND;ND,"32,6144",DT_BF16,ND,41.33,bf16
dynamic,AI_CORE,"32,6144;512,6144",DT_BF16;DT_BF16,ND;ND,"32,512",DT_BF16,ND,41.00,bf16
dynamic,AI_CORE,"32,256;6144,256",DT_BF16;DT_BF16,ND;ND,"32,6144",DT_BF16,ND,40.82,bf16
dynamic,AI_CORE,"32,6144;19360,6144",DT_BF16;DT_BF16,ND;ND,"32,19360",DT_BF16,ND,202.73,bf16
dynamic,AI_CORE,"32,6144;256,6144",DT_BF16;DT_BF16,ND;ND,"32,256",DT_BF16,ND,40.41,bf16
dynamic,AI_CORE,"64,6144;24576,6144",DT_BF16;DT_BF16,ND;ND,"64,24576",DT_BF16,ND,261.82,bf16
dynamic,AI_CORE,"64,12288;6144,12288",DT_BF16;DT_BF16,ND;ND,"64,6144",DT_BF16,ND,127.71,bf16
dynamic,AI_CORE,"64,6144;4096,6144",DT_BF16;DT_BF16,ND;ND,"64,4096",DT_BF16,ND,49.73,bf16
dynamic,AI_CORE,"64,2048;6144,2048",DT_BF16;DT_BF16,ND;ND,"64,6144",DT_BF16,ND,40.68,bf16
dynamic,AI_CORE,"64,6144;154880,6144",DT_BF16;DT_BF16,ND;ND,"64,154880",DT_BF16,ND,1649.94,bf16
dynamic,AI_CORE,"64,6144;12288,6144",DT_BF16;DT_BF16,ND;ND,"64,12288",DT_BF16,ND,129.34,bf16
dynamic,AI_CORE,"64,6144;6144,6144",DT_BF16;DT_BF16,ND;ND,"64,6144",DT_BF16,ND,63.73,bf16
dynamic,AI_CORE,"64,6144;2048,6144",DT_BF16;DT_BF16,ND;ND,"64,2048",DT_BF16,ND,40.61,bf16
dynamic,AI_CORE,"64,1024;6144,1024",DT_BF16;DT_BF16,ND;ND,"64,6144",DT_BF16,ND,40.60,bf16
dynamic,AI_CORE,"64,6144;77440,6144",DT_BF16;DT_BF16,ND;ND,"64,77440",DT_BF16,ND,854.13,bf16
dynamic,AI_CORE,"64,3072;6144,3072",DT_BF16;DT_BF16,ND;ND,"64,6144",DT_BF16,ND,40.91,bf16
dynamic,AI_CORE,"64,6144;1024,6144",DT_BF16;DT_BF16,ND;ND,"64,1024",DT_BF16,ND,40.30,bf16
dynamic,AI_CORE,"64,512;6144,512",DT_BF16;DT_BF16,ND;ND,"64,6144",DT_BF16,ND,40.64,bf16
dynamic,AI_CORE,"64,6144;38720,6144",DT_BF16;DT_BF16,ND;ND,"64,38720",DT_BF16,ND,418.65,bf16
dynamic,AI_CORE,"64,6144;3072,6144",DT_BF16;DT_BF16,ND;ND,"64,3072",DT_BF16,ND,41.30,bf16
dynamic,AI_CORE,"64,1536;6144,1536",DT_BF16;DT_BF16,ND;ND,"64,6144",DT_BF16,ND,41.05,bf16
dynamic,AI_CORE,"64,6144;512,6144",DT_BF16;DT_BF16,ND;ND,"64,512",DT_BF16,ND,41.00,bf16
dynamic,AI_CORE,"64,256;6144,256",DT_BF16;DT_BF16,ND;ND,"64,6144",DT_BF16,ND,40.83,bf16
dynamic,AI_CORE,"64,6144;19360,6144",DT_BF16;DT_BF16,ND;ND,"64,19360",DT_BF16,ND,202.90,bf16
dynamic,AI_CORE,"64,6144;256,6144",DT_BF16;DT_BF16,ND;ND,"64,256",DT_BF16,ND,40.21,bf16
dynamic,AI_CORE,"128,6144;24576,6144",DT_BF16;DT_BF16,ND;ND,"128,24576",DT_BF16,ND,294.91,bf16
dynamic,AI_CORE,"128,12288;6144,12288",DT_BF16;DT_BF16,ND;ND,"128,6144",DT_BF16,ND,135.72,bf16
dynamic,AI_CORE,"128,6144;4096,6144",DT_BF16;DT_BF16,ND;ND,"128,4096",DT_BF16,ND,55.85,bf16
dynamic,AI_CORE,"128,2048;6144,2048",DT_BF16;DT_BF16,ND;ND,"128,6144",DT_BF16,ND,41.25,bf16
dynamic,AI_CORE,"128,6144;154880,6144",DT_BF16;DT_BF16,ND;ND,"128,154880",DT_BF16,ND,1828.95,bf16
dynamic,AI_CORE,"128,6144;12288,6144",DT_BF16;DT_BF16,ND;ND,"128,12288",DT_BF16,ND,131.98,bf16
dynamic,AI_CORE,"128,6144;6144,6144",DT_BF16;DT_BF16,ND;ND,"128,6144",DT_BF16,ND,72.99,bf16
dynamic,AI_CORE,"128,6144;2048,6144",DT_BF16;DT_BF16,ND;ND,"128,2048",DT_BF16,ND,44.25,bf16
dynamic,AI_CORE,"128,1024;6144,1024",DT_BF16;DT_BF16,ND;ND,"128,6144",DT_BF16,ND,41.15,bf16
dynamic,AI_CORE,"128,6144;77440,6144",DT_BF16;DT_BF16,ND;ND,"128,77440",DT_BF16,ND,928.50,bf16
dynamic,AI_CORE,"128,3072;6144,3072",DT_BF16;DT_BF16,ND;ND,"128,6144",DT_BF16,ND,40.69,bf16
dynamic,AI_CORE,"128,6144;1024,6144",DT_BF16;DT_BF16,ND;ND,"128,1024",DT_BF16,ND,43.29,bf16
dynamic,AI_CORE,"128,512;6144,512",DT_BF16;DT_BF16,ND;ND,"128,6144",DT_BF16,ND,40.41,bf16
dynamic,AI_CORE,"128,6144;38720,6144",DT_BF16;DT_BF16,ND;ND,"128,38720",DT_BF16,ND,460.48,bf16
dynamic,AI_CORE,"128,6144;3072,6144",DT_BF16;DT_BF16,ND;ND,"128,3072",DT_BF16,ND,44.41,bf16
dynamic,AI_CORE,"128,1536;6144,1536",DT_BF16;DT_BF16,ND;ND,"128,6144",DT_BF16,ND,45.63,bf16
dynamic,AI_CORE,"128,6144;512,6144",DT_BF16;DT_BF16,ND;ND,"128,512",DT_BF16,ND,47.93,bf16
dynamic,AI_CORE,"128,256;6144,256",DT_BF16;DT_BF16,ND;ND,"128,6144",DT_BF16,ND,44.84,bf16
dynamic,AI_CORE,"128,6144;19360,6144",DT_BF16;DT_BF16,ND;ND,"128,19360",DT_BF16,ND,223.66,bf16
dynamic,AI_CORE,"128,6144;256,6144",DT_BF16;DT_BF16,ND;ND,"128,256",DT_BF16,ND,47.49,bf16
dynamic,AI_CORE,"256,6144;24576,6144",DT_BF16;DT_BF16,ND;ND,"256,24576",DT_BF16,ND,438.27,bf16
dynamic,AI_CORE,"256,12288;6144,12288",DT_BF16;DT_BF16,ND;ND,"256,6144",DT_BF16,ND,220.38,bf16
dynamic,AI_CORE,"256,6144;4096,6144",DT_BF16;DT_BF16,ND;ND,"256,4096",DT_BF16,ND,82.21,bf16
dynamic,AI_CORE,"256,2048;6144,2048",DT_BF16;DT_BF16,ND;ND,"256,6144",DT_BF16,ND,44.90,bf16
dynamic,AI_CORE,"256,6144;154880,6144",DT_BF16;DT_BF16,ND;ND,"256,154880",DT_BF16,ND,2768.04,bf16
dynamic,AI_CORE,"256,6144;12288,6144",DT_BF16;DT_BF16,ND;ND,"256,12288",DT_BF16,ND,214.00,bf16
dynamic,AI_CORE,"256,6144;6144,6144",DT_BF16;DT_BF16,ND;ND,"256,6144",DT_BF16,ND,110.29,bf16
dynamic,AI_CORE,"256,6144;2048,6144",DT_BF16;DT_BF16,ND;ND,"256,2048",DT_BF16,ND,43.89,bf16
dynamic,AI_CORE,"256,1024;6144,1024",DT_BF16;DT_BF16,ND;ND,"256,6144",DT_BF16,ND,44.19,bf16
dynamic,AI_CORE,"256,6144;77440,6144",DT_BF16;DT_BF16,ND;ND,"256,77440",DT_BF16,ND,1402.13,bf16
dynamic,AI_CORE,"256,3072;6144,3072",DT_BF16;DT_BF16,ND;ND,"256,6144",DT_BF16,ND,57.41,bf16
dynamic,AI_CORE,"256,6144;1024,6144",DT_BF16;DT_BF16,ND;ND,"256,1024",DT_BF16,ND,46.28,bf16
dynamic,AI_CORE,"256,512;6144,512",DT_BF16;DT_BF16,ND;ND,"256,6144",DT_BF16,ND,46.24,bf16
dynamic,AI_CORE,"256,6144;38720,6144",DT_BF16;DT_BF16,ND;ND,"256,38720",DT_BF16,ND,708.74,bf16
dynamic,AI_CORE,"256,6144;3072,6144",DT_BF16;DT_BF16,ND;ND,"256,3072",DT_BF16,ND,57.64,bf16
dynamic,AI_CORE,"256,1536;6144,1536",DT_BF16;DT_BF16,ND;ND,"256,6144",DT_BF16,ND,44.75,bf16
dynamic,AI_CORE,"256,6144;512,6144",DT_BF16;DT_BF16,ND;ND,"256,512",DT_BF16,ND,46.74,bf16
dynamic,AI_CORE,"256,256;6144,256",DT_BF16;DT_BF16,ND;ND,"256,6144",DT_BF16,ND,44.45,bf16
dynamic,AI_CORE,"256,6144;19360,6144",DT_BF16;DT_BF16,ND;ND,"256,19360",DT_BF16,ND,354.10,bf16
dynamic,AI_CORE,"256,6144;256,6144",DT_BF16;DT_BF16,ND;ND,"256,256",DT_BF16,ND,46.67,bf16
dynamic,AI_CORE,"512,6144;24576,6144",DT_BF16;DT_BF16,ND;ND,"512,24576",DT_BF16,ND,698.15,bf16
dynamic,AI_CORE,"512,12288;6144,12288",DT_BF16;DT_BF16,ND;ND,"512,6144",DT_BF16,ND,355.77,bf16
dynamic,AI_CORE,"512,6144;4096,6144",DT_BF16;DT_BF16,ND;ND,"512,4096",DT_BF16,ND,128.88,bf16
dynamic,AI_CORE,"512,2048;6144,2048",DT_BF16;DT_BF16,ND;ND,"512,6144",DT_BF16,ND,43.09,bf16
dynamic,AI_CORE,"512,6144;154880,6144",DT_BF16;DT_BF16,ND;ND,"512,154880",DT_BF16,ND,4433.51,bf16
dynamic,AI_CORE,"512,6144;12288,6144",DT_BF16;DT_BF16,ND;ND,"512,12288",DT_BF16,ND,348.96,bf16
dynamic,AI_CORE,"512,6144;6144,6144",DT_BF16;DT_BF16,ND;ND,"512,6144",DT_BF16,ND,176.19,bf16
dynamic,AI_CORE,"512,6144;2048,6144",DT_BF16;DT_BF16,ND;ND,"512,2048",DT_BF16,ND,52.20,bf16
dynamic,AI_CORE,"512,1024;6144,1024",DT_BF16;DT_BF16,ND;ND,"512,6144",DT_BF16,ND,40.28,bf16
dynamic,AI_CORE,"512,6144;77440,6144",DT_BF16;DT_BF16,ND;ND,"512,77440",DT_BF16,ND,2259.30,bf16
dynamic,AI_CORE,"512,3072;6144,3072",DT_BF16;DT_BF16,ND;ND,"512,6144",DT_BF16,ND,90.49,bf16
dynamic,AI_CORE,"512,6144;1024,6144",DT_BF16;DT_BF16,ND;ND,"512,1024",DT_BF16,ND,39.47,bf16
dynamic,AI_CORE,"512,512;6144,512",DT_BF16;DT_BF16,ND;ND,"512,6144",DT_BF16,ND,39.91,bf16
dynamic,AI_CORE,"512,6144;38720,6144",DT_BF16;DT_BF16,ND;ND,"512,38720",DT_BF16,ND,1154.21,bf16
dynamic,AI_CORE,"512,6144;3072,6144",DT_BF16;DT_BF16,ND;ND,"512,3072",DT_BF16,ND,90.98,bf16
dynamic,AI_CORE,"512,1536;6144,1536",DT_BF16;DT_BF16,ND;ND,"512,6144",DT_BF16,ND,57.31,bf16
dynamic,AI_CORE,"512,6144;512,6144",DT_BF16;DT_BF16,ND;ND,"512,512",DT_BF16,ND,43.39,bf16
dynamic,AI_CORE,"512,256;6144,256",DT_BF16;DT_BF16,ND;ND,"512,6144",DT_BF16,ND,39.29,bf16
dynamic,AI_CORE,"512,6144;19360,6144",DT_BF16;DT_BF16,ND;ND,"512,19360",DT_BF16,ND,579.62,bf16
dynamic,AI_CORE,"512,6144;256,6144",DT_BF16;DT_BF16,ND;ND,"512,256",DT_BF16,ND,42.03,bf16
dynamic,AI_CORE,"1024,6144;24576,6144",DT_BF16;DT_BF16,ND;ND,"1024,24576",DT_BF16,ND,1139.73,bf16
dynamic,AI_CORE,"1024,12288;6144,12288",DT_BF16;DT_BF16,ND;ND,"1024,6144",DT_BF16,ND,584.73,bf16
dynamic,AI_CORE,"1024,6144;4096,6144",DT_BF16;DT_BF16,ND;ND,"1024,4096",DT_BF16,ND,193.66,bf16
dynamic,AI_CORE,"1024,2048;6144,2048",DT_BF16;DT_BF16,ND;ND,"1024,6144",DT_BF16,ND,83.77,bf16
dynamic,AI_CORE,"1024,6144;154880,6144",DT_BF16;DT_BF16,ND;ND,"1024,154880",DT_BF16,ND,6517.50,bf16
dynamic,AI_CORE,"1024,6144;12288,6144",DT_BF16;DT_BF16,ND;ND,"1024,12288",DT_BF16,ND,566.36,bf16
dynamic,AI_CORE,"1024,6144;6144,6144",DT_BF16;DT_BF16,ND;ND,"1024,6144",DT_BF16,ND,269.63,bf16
dynamic,AI_CORE,"1024,6144;2048,6144",DT_BF16;DT_BF16,ND;ND,"1024,2048",DT_BF16,ND,91.32,bf16
dynamic,AI_CORE,"1024,1024;6144,1024",DT_BF16;DT_BF16,ND;ND,"1024,6144",DT_BF16,ND,43.77,bf16
dynamic,AI_CORE,"1024,6144;77440,6144",DT_BF16;DT_BF16,ND;ND,"1024,77440",DT_BF16,ND,3386.50,bf16
dynamic,AI_CORE,"1024,3072;6144,3072",DT_BF16;DT_BF16,ND;ND,"1024,6144",DT_BF16,ND,138.26,bf16
dynamic,AI_CORE,"1024,6144;1024,6144",DT_BF16;DT_BF16,ND;ND,"1024,1024",DT_BF16,ND,52.06,bf16
dynamic,AI_CORE,"1024,512;6144,512",DT_BF16;DT_BF16,ND;ND,"1024,6144",DT_BF16,ND,44.62,bf16
dynamic,AI_CORE,"1024,6144;38720,6144",DT_BF16;DT_BF16,ND;ND,"1024,38720",DT_BF16,ND,1732.24,bf16
dynamic,AI_CORE,"1024,6144;3072,6144",DT_BF16;DT_BF16,ND;ND,"1024,3072",DT_BF16,ND,138.66,bf16
dynamic,AI_CORE,"1024,1536;6144,1536",DT_BF16;DT_BF16,ND;ND,"1024,6144",DT_BF16,ND,64.09,bf16
dynamic,AI_CORE,"1024,6144;512,6144",DT_BF16;DT_BF16,ND;ND,"1024,512",DT_BF16,ND,39.19,bf16
dynamic,AI_CORE,"1024,256;6144,256",DT_BF16;DT_BF16,ND;ND,"1024,6144",DT_BF16,ND,38.89,bf16
dynamic,AI_CORE,"1024,6144;19360,6144",DT_BF16;DT_BF16,ND;ND,"1024,19360",DT_BF16,ND,896.56,bf16
dynamic,AI_CORE,"1024,6144;256,6144",DT_BF16;DT_BF16,ND;ND,"1024,256",DT_BF16,ND,42.69,bf16
dynamic,AI_CORE,"2048,6144;24576,6144",DT_BF16;DT_BF16,ND;ND,"2048,24576",DT_BF16,ND,2100.64,bf16
dynamic,AI_CORE,"2048,12288;6144,12288",DT_BF16;DT_BF16,ND;ND,"2048,6144",DT_BF16,ND,1001.79,bf16
dynamic,AI_CORE,"2048,6144;4096,6144",DT_BF16;DT_BF16,ND;ND,"2048,4096",DT_BF16,ND,337.87,bf16
dynamic,AI_CORE,"2048,2048;6144,2048",DT_BF16;DT_BF16,ND;ND,"2048,6144",DT_BF16,ND,157.67,bf16
dynamic,AI_CORE,"2048,6144;154880,6144",DT_BF16;DT_BF16,ND;ND,"2048,154880",DT_BF16,ND,12002.19,bf16
dynamic,AI_CORE,"2048,6144;12288,6144",DT_BF16;DT_BF16,ND;ND,"2048,12288",DT_BF16,ND,982.88,bf16
dynamic,AI_CORE,"2048,6144;6144,6144",DT_BF16;DT_BF16,ND;ND,"2048,6144",DT_BF16,ND,489.77,bf16
dynamic,AI_CORE,"2048,6144;2048,6144",DT_BF16;DT_BF16,ND;ND,"2048,2048",DT_BF16,ND,181.96,bf16
dynamic,AI_CORE,"2048,1024;6144,1024",DT_BF16;DT_BF16,ND;ND,"2048,6144",DT_BF16,ND,83.53,bf16
dynamic,AI_CORE,"2048,6144;77440,6144",DT_BF16;DT_BF16,ND;ND,"2048,77440",DT_BF16,ND,6145.67,bf16
dynamic,AI_CORE,"2048,3072;6144,3072",DT_BF16;DT_BF16,ND;ND,"2048,6144",DT_BF16,ND,248.00,bf16
dynamic,AI_CORE,"2048,6144;1024,6144",DT_BF16;DT_BF16,ND;ND,"2048,1024",DT_BF16,ND,94.93,bf16
dynamic,AI_CORE,"2048,512;6144,512",DT_BF16;DT_BF16,ND;ND,"2048,6144",DT_BF16,ND,45.39,bf16
dynamic,AI_CORE,"2048,6144;38720,6144",DT_BF16;DT_BF16,ND;ND,"2048,38720",DT_BF16,ND,3143.02,bf16
dynamic,AI_CORE,"2048,6144;3072,6144",DT_BF16;DT_BF16,ND;ND,"2048,3072",DT_BF16,ND,249.70,bf16
dynamic,AI_CORE,"2048,1536;6144,1536",DT_BF16;DT_BF16,ND;ND,"2048,6144",DT_BF16,ND,118.92,bf16
dynamic,AI_CORE,"2048,6144;512,6144",DT_BF16;DT_BF16,ND;ND,"2048,512",DT_BF16,ND,52.15,bf16
dynamic,AI_CORE,"2048,256;6144,256",DT_BF16;DT_BF16,ND;ND,"2048,6144",DT_BF16,ND,39.98,bf16
dynamic,AI_CORE,"2048,6144;19360,6144",DT_BF16;DT_BF16,ND;ND,"2048,19360",DT_BF16,ND,1778.77,bf16
dynamic,AI_CORE,"2048,6144;256,6144",DT_BF16;DT_BF16,ND;ND,"2048,256",DT_BF16,ND,40.05,bf16
dynamic,AI_CORE,"4096,6144;24576,6144",DT_BF16;DT_BF16,ND;ND,"4096,24576",DT_BF16,ND,4076.07,bf16
dynamic,AI_CORE,"4096,12288;6144,12288",DT_BF16;DT_BF16,ND;ND,"4096,6144",DT_BF16,ND,1911.31,bf16
dynamic,AI_CORE,"4096,6144;4096,6144",DT_BF16;DT_BF16,ND;ND,"4096,4096",DT_BF16,ND,635.80,bf16
dynamic,AI_CORE,"4096,2048;6144,2048",DT_BF16;DT_BF16,ND;ND,"4096,6144",DT_BF16,ND,311.11,bf16
dynamic,AI_CORE,"4096,6144;154880,6144",DT_BF16;DT_BF16,ND;ND,"4096,154880",DT_BF16,ND,23838.42,bf16
dynamic,AI_CORE,"4096,6144;12288,6144",DT_BF16;DT_BF16,ND;ND,"4096,12288",DT_BF16,ND,1862.98,bf16
dynamic,AI_CORE,"4096,6144;6144,6144",DT_BF16;DT_BF16,ND;ND,"4096,6144",DT_BF16,ND,942.73,bf16
dynamic,AI_CORE,"4096,6144;2048,6144",DT_BF16;DT_BF16,ND;ND,"4096,2048",DT_BF16,ND,324.75,bf16
dynamic,AI_CORE,"4096,1024;6144,1024",DT_BF16;DT_BF16,ND;ND,"4096,6144",DT_BF16,ND,157.36,bf16
dynamic,AI_CORE,"4096,6144;77440,6144",DT_BF16;DT_BF16,ND;ND,"4096,77440",DT_BF16,ND,12714.43,bf16
dynamic,AI_CORE,"4096,3072;6144,3072",DT_BF16;DT_BF16,ND;ND,"4096,6144",DT_BF16,ND,467.90,bf16
dynamic,AI_CORE,"4096,6144;1024,6144",DT_BF16;DT_BF16,ND;ND,"4096,1024",DT_BF16,ND,171.34,bf16
dynamic,AI_CORE,"4096,512;6144,512",DT_BF16;DT_BF16,ND;ND,"4096,6144",DT_BF16,ND,85.47,bf16
dynamic,AI_CORE,"4096,6144;38720,6144",DT_BF16;DT_BF16,ND;ND,"4096,38720",DT_BF16,ND,6382.94,bf16
dynamic,AI_CORE,"4096,6144;3072,6144",DT_BF16;DT_BF16,ND;ND,"4096,3072",DT_BF16,ND,474.73,bf16
dynamic,AI_CORE,"4096,1536;6144,1536",DT_BF16;DT_BF16,ND;ND,"4096,6144",DT_BF16,ND,228.83,bf16
dynamic,AI_CORE,"4096,6144;512,6144",DT_BF16;DT_BF16,ND;ND,"4096,512",DT_BF16,ND,82.80,bf16
dynamic,AI_CORE,"4096,256;6144,256",DT_BF16;DT_BF16,ND;ND,"4096,6144",DT_BF16,ND,43.98,bf16
dynamic,AI_CORE,"4096,6144;19360,6144",DT_BF16;DT_BF16,ND;ND,"4096,19360",DT_BF16,ND,3461.64,bf16
dynamic,AI_CORE,"4096,6144;256,6144",DT_BF16;DT_BF16,ND;ND,"4096,256",DT_BF16,ND,57.39,bf16
dynamic,AI_CORE,"8192,6144;24576,6144",DT_BF16;DT_BF16,ND;ND,"8192,24576",DT_BF16,ND,8347.81,bf16
dynamic,AI_CORE,"8192,12288;6144,12288",DT_BF16;DT_BF16,ND;ND,"8192,6144",DT_BF16,ND,4086.69,bf16
dynamic,AI_CORE,"8192,6144;4096,6144",DT_BF16;DT_BF16,ND;ND,"8192,4096",DT_BF16,ND,1276.67,bf16
dynamic,AI_CORE,"8192,2048;6144,2048",DT_BF16;DT_BF16,ND;ND,"8192,6144",DT_BF16,ND,610.70,bf16
dynamic,AI_CORE,"8192,6144;154880,6144",DT_BF16;DT_BF16,ND;ND,"8192,154880",DT_BF16,ND,49749.16,bf16
dynamic,AI_CORE,"8192,6144;12288,6144",DT_BF16;DT_BF16,ND;ND,"8192,12288",DT_BF16,ND,4018.34,bf16
dynamic,AI_CORE,"8192,6144;6144,6144",DT_BF16;DT_BF16,ND;ND,"8192,6144",DT_BF16,ND,1923.29,bf16
dynamic,AI_CORE,"8192,6144;2048,6144",DT_BF16;DT_BF16,ND;ND,"8192,2048",DT_BF16,ND,633.63,bf16
dynamic,AI_CORE,"8192,1024;6144,1024",DT_BF16;DT_BF16,ND;ND,"8192,6144",DT_BF16,ND,306.89,bf16
dynamic,AI_CORE,"8192,6144;77440,6144",DT_BF16;DT_BF16,ND;ND,"8192,77440",DT_BF16,ND,25379.20,bf16
dynamic,AI_CORE,"8192,3072;6144,3072",DT_BF16;DT_BF16,ND;ND,"8192,6144",DT_BF16,ND,911.45,bf16
dynamic,AI_CORE,"8192,6144;1024,6144",DT_BF16;DT_BF16,ND;ND,"8192,1024",DT_BF16,ND,323.73,bf16
dynamic,AI_CORE,"8192,512;6144,512",DT_BF16;DT_BF16,ND;ND,"8192,6144",DT_BF16,ND,162.23,bf16
dynamic,AI_CORE,"8192,6144;38720,6144",DT_BF16;DT_BF16,ND;ND,"8192,38720",DT_BF16,ND,12715.41,bf16
dynamic,AI_CORE,"8192,6144;3072,6144",DT_BF16;DT_BF16,ND;ND,"8192,3072",DT_BF16,ND,933.90,bf16
dynamic,AI_CORE,"8192,1536;6144,1536",DT_BF16;DT_BF16,ND;ND,"8192,6144",DT_BF16,ND,458.66,bf16
dynamic,AI_CORE,"8192,6144;512,6144",DT_BF16;DT_BF16,ND;ND,"8192,512",DT_BF16,ND,159.31,bf16
dynamic,AI_CORE,"8192,256;6144,256",DT_BF16;DT_BF16,ND;ND,"8192,6144",DT_BF16,ND,94.31,bf16
dynamic,AI_CORE,"8192,6144;19360,6144",DT_BF16;DT_BF16,ND;ND,"8192,19360",DT_BF16,ND,6761.91,bf16
dynamic,AI_CORE,"8192,6144;256,6144",DT_BF16;DT_BF16,ND;ND,"8192,256",DT_BF16,ND,110.03,bf16
dynamic,AI_CORE,"16384,6144;24576,6144",DT_BF16;DT_BF16,ND;ND,"16384,24576",DT_BF16,ND,16618.48,bf16
dynamic,AI_CORE,"16384,12288;6144,12288",DT_BF16;DT_BF16,ND;ND,"16384,6144",DT_BF16,ND,8182.42,bf16
dynamic,AI_CORE,"16384,6144;4096,6144",DT_BF16;DT_BF16,ND;ND,"16384,4096",DT_BF16,ND,2537.08,bf16
dynamic,AI_CORE,"16384,2048;6144,2048",DT_BF16;DT_BF16,ND;ND,"16384,6144",DT_BF16,ND,1277.27,bf16
dynamic,AI_CORE,"16384,6144;154880,6144",DT_BF16;DT_BF16,ND;ND,"16384,154880",DT_BF16,ND,95168.85,bf16
dynamic,AI_CORE,"16384,6144;12288,6144",DT_BF16;DT_BF16,ND;ND,"16384,12288",DT_BF16,ND,8013.95,bf16
dynamic,AI_CORE,"16384,6144;6144,6144",DT_BF16;DT_BF16,ND;ND,"16384,6144",DT_BF16,ND,3760.25,bf16
dynamic,AI_CORE,"16384,6144;2048,6144",DT_BF16;DT_BF16,ND;ND,"16384,2048",DT_BF16,ND,1388.34,bf16
dynamic,AI_CORE,"16384,1024;6144,1024",DT_BF16;DT_BF16,ND;ND,"16384,6144",DT_BF16,ND,660.27,bf16
dynamic,AI_CORE,"16384,6144;77440,6144",DT_BF16;DT_BF16,ND;ND,"16384,77440",DT_BF16,ND,62933.70,bf16
dynamic,AI_CORE,"16384,3072;6144,3072",DT_BF16;DT_BF16,ND;ND,"16384,6144",DT_BF16,ND,1923.39,bf16
dynamic,AI_CORE,"16384,6144;1024,6144",DT_BF16;DT_BF16,ND;ND,"16384,1024",DT_BF16,ND,737.50,bf16
dynamic,AI_CORE,"16384,512;6144,512",DT_BF16;DT_BF16,ND;ND,"16384,6144",DT_BF16,ND,332.21,bf16
dynamic,AI_CORE,"16384,6144;38720,6144",DT_BF16;DT_BF16,ND;ND,"16384,38720",DT_BF16,ND,29242.15,bf16
dynamic,AI_CORE,"16384,6144;3072,6144",DT_BF16;DT_BF16,ND;ND,"16384,3072",DT_BF16,ND,1957.21,bf16
dynamic,AI_CORE,"16384,1536;6144,1536",DT_BF16;DT_BF16,ND;ND,"16384,6144",DT_BF16,ND,971.44,bf16
dynamic,AI_CORE,"16384,6144;512,6144",DT_BF16;DT_BF16,ND;ND,"16384,512",DT_BF16,ND,454.08,bf16
dynamic,AI_CORE,"16384,256;6144,256",DT_BF16;DT_BF16,ND;ND,"16384,6144",DT_BF16,ND,170.41,bf16
dynamic,AI_CORE,"16384,6144;19360,6144",DT_BF16;DT_BF16,ND;ND,"16384,19360",DT_BF16,ND,13404.22,bf16
dynamic,AI_CORE,"16384,6144;256,6144",DT_BF16;DT_BF16,ND;ND,"16384,256",DT_BF16,ND,260.47,bf16
