OP State,Accelerator Core,Input Shapes,Input Data Types,Input Formats,Output Shapes,Output Data Types,Output Formats,Average Duration(us),Quant Type
dynamic,MIX_AIC,"1,256;256,256",INT8;INT8,ND;ND,"1,256",DT_BF16,ND,55.09,w8a8_dynamic
dynamic,MIX_AIC,"1,512;256,512",INT8;INT8,ND;ND,"1,256",DT_BF16,ND,63.47,w8a8_dynamic
dynamic,MIX_AIC,"1,1024;256,1024",INT8;INT8,ND;ND,"1,256",DT_BF16,ND,47.06,w8a8_dynamic
dynamic,MIX_AIC,"1,2048;256,2048",INT8;INT8,ND;ND,"1,256",DT_BF16,ND,47.04,w8a8_dynamic
dynamic,MIX_AIC,"1,4096;256,4096",INT8;INT8,ND;ND,"1,256",DT_BF16,ND,44.11,w8a8_dynamic
dynamic,MIX_AIC,"1,7168;256,7168",INT8;INT8,ND;ND,"1,256",DT_BF16,ND,43.73,w8a8_dynamic
dynamic,MIX_AIC,"1,8192;256,8192",INT8;INT8,ND;ND,"1,256",DT_BF16,ND,43.67,w8a8_dynamic
dynamic,MIX_AIC,"1,12288;256,12288",INT8;INT8,ND;ND,"1,256",DT_BF16,ND,43.68,w8a8_dynamic
dynamic,MIX_AIC,"1,16384;256,16384",INT8;INT8,ND;ND,"1,256",DT_BF16,ND,44.07,w8a8_dynamic
dynamic,MIX_AIC,"1,256;512,256",INT8;INT8,ND;ND,"1,512",DT_BF16,ND,43.60,w8a8_dynamic
dynamic,MIX_AIC,"1,512;512,512",INT8;INT8,ND;ND,"1,512",DT_BF16,ND,43.57,w8a8_dynamic
dynamic,MIX_AIC,"1,1024;512,1024",INT8;INT8,ND;ND,"1,512",DT_BF16,ND,43.81,w8a8_dynamic
dynamic,MIX_AIC,"1,2048;512,2048",INT8;INT8,ND;ND,"1,512",DT_BF16,ND,43.83,w8a8_dynamic
dynamic,MIX_AIC,"1,4096;512,4096",INT8;INT8,ND;ND,"1,512",DT_BF16,ND,43.99,w8a8_dynamic
dynamic,MIX_AIC,"1,7168;512,7168",INT8;INT8,ND;ND,"1,512",DT_BF16,ND,45.37,w8a8_dynamic
dynamic,MIX_AIC,"1,8192;512,8192",INT8;INT8,ND;ND,"1,512",DT_BF16,ND,45.62,w8a8_dynamic
dynamic,MIX_AIC,"1,12288;512,12288",INT8;INT8,ND;ND,"1,512",DT_BF16,ND,45.99,w8a8_dynamic
dynamic,MIX_AIC,"1,16384;512,16384",INT8;INT8,ND;ND,"1,512",DT_BF16,ND,45.18,w8a8_dynamic
dynamic,MIX_AIC,"1,256;1024,256",INT8;INT8,ND;ND,"1,1024",DT_BF16,ND,45.09,w8a8_dynamic
dynamic,MIX_AIC,"1,512;1024,512",INT8;INT8,ND;ND,"1,1024",DT_BF16,ND,45.18,w8a8_dynamic
dynamic,MIX_AIC,"1,1024;1024,1024",INT8;INT8,ND;ND,"1,1024",DT_BF16,ND,45.65,w8a8_dynamic
dynamic,MIX_AIC,"1,2048;1024,2048",INT8;INT8,ND;ND,"1,1024",DT_BF16,ND,45.32,w8a8_dynamic
dynamic,MIX_AIC,"1,4096;1024,4096",INT8;INT8,ND;ND,"1,1024",DT_BF16,ND,45.56,w8a8_dynamic
dynamic,MIX_AIC,"1,7168;1024,7168",INT8;INT8,ND;ND,"1,1024",DT_BF16,ND,45.95,w8a8_dynamic
dynamic,MIX_AIC,"1,8192;1024,8192",INT8;INT8,ND;ND,"1,1024",DT_BF16,ND,45.60,w8a8_dynamic
dynamic,MIX_AIC,"1,12288;1024,12288",INT8;INT8,ND;ND,"1,1024",DT_BF16,ND,45.64,w8a8_dynamic
dynamic,MIX_AIC,"1,16384;1024,16384",INT8;INT8,ND;ND,"1,1024",DT_BF16,ND,46.01,w8a8_dynamic
dynamic,MIX_AIC,"1,256;2048,256",INT8;INT8,ND;ND,"1,2048",DT_BF16,ND,46.20,w8a8_dynamic
dynamic,MIX_AIC,"1,512;2048,512",INT8;INT8,ND;ND,"1,2048",DT_BF16,ND,45.70,w8a8_dynamic
dynamic,MIX_AIC,"1,1024;2048,1024",INT8;INT8,ND;ND,"1,2048",DT_BF16,ND,45.93,w8a8_dynamic
dynamic,MIX_AIC,"1,2048;2048,2048",INT8;INT8,ND;ND,"1,2048",DT_BF16,ND,45.85,w8a8_dynamic
dynamic,MIX_AIC,"1,4096;2048,4096",INT8;INT8,ND;ND,"1,2048",DT_BF16,ND,46.06,w8a8_dynamic
dynamic,MIX_AIC,"1,7168;2048,7168",INT8;INT8,ND;ND,"1,2048",DT_BF16,ND,45.62,w8a8_dynamic
dynamic,MIX_AIC,"1,8192;2048,8192",INT8;INT8,ND;ND,"1,2048",DT_BF16,ND,45.98,w8a8_dynamic
dynamic,MIX_AIC,"1,12288;2048,12288",INT8;INT8,ND;ND,"1,2048",DT_BF16,ND,47.57,w8a8_dynamic
dynamic,MIX_AIC,"1,16384;2048,16384",INT8;INT8,ND;ND,"1,2048",DT_BF16,ND,46.10,w8a8_dynamic
dynamic,MIX_AIC,"1,256;4096,256",INT8;INT8,ND;ND,"1,4096",DT_BF16,ND,45.87,w8a8_dynamic
dynamic,MIX_AIC,"1,512;4096,512",INT8;INT8,ND;ND,"1,4096",DT_BF16,ND,45.80,w8a8_dynamic
dynamic,MIX_AIC,"1,1024;4096,1024",INT8;INT8,ND;ND,"1,4096",DT_BF16,ND,47.33,w8a8_dynamic
dynamic,MIX_AIC,"1,2048;4096,2048",INT8;INT8,ND;ND,"1,4096",DT_BF16,ND,45.95,w8a8_dynamic
dynamic,MIX_AIC,"1,4096;4096,4096",INT8;INT8,ND;ND,"1,4096",DT_BF16,ND,48.85,w8a8_dynamic
dynamic,MIX_AIC,"1,7168;4096,7168",INT8;INT8,ND;ND,"1,4096",DT_BF16,ND,45.95,w8a8_dynamic
dynamic,MIX_AIC,"1,8192;4096,8192",INT8;INT8,ND;ND,"1,4096",DT_BF16,ND,46.41,w8a8_dynamic
dynamic,MIX_AIC,"1,12288;4096,12288",INT8;INT8,ND;ND,"1,4096",DT_BF16,ND,46.27,w8a8_dynamic
dynamic,MIX_AIC,"1,16384;4096,16384",INT8;INT8,ND;ND,"1,4096",DT_BF16,ND,60.52,w8a8_dynamic
dynamic,MIX_AIC,"1,256;7168,256",INT8;INT8,ND;ND,"1,7168",DT_BF16,ND,43.88,w8a8_dynamic
dynamic,MIX_AIC,"1,512;7168,512",INT8;INT8,ND;ND,"1,7168",DT_BF16,ND,48.99,w8a8_dynamic
dynamic,MIX_AIC,"1,1024;7168,1024",INT8;INT8,ND;ND,"1,7168",DT_BF16,ND,46.80,w8a8_dynamic
dynamic,MIX_AIC,"1,2048;7168,2048",INT8;INT8,ND;ND,"1,7168",DT_BF16,ND,46.54,w8a8_dynamic
dynamic,MIX_AIC,"1,4096;7168,4096",INT8;INT8,ND;ND,"1,7168",DT_BF16,ND,46.13,w8a8_dynamic
dynamic,MIX_AIC,"1,7168;7168,7168",INT8;INT8,ND;ND,"1,7168",DT_BF16,ND,47.90,w8a8_dynamic
dynamic,MIX_AIC,"1,8192;7168,8192",INT8;INT8,ND;ND,"1,7168",DT_BF16,ND,51.53,w8a8_dynamic
dynamic,MIX_AIC,"1,12288;7168,12288",INT8;INT8,ND;ND,"1,7168",DT_BF16,ND,71.81,w8a8_dynamic
dynamic,MIX_AIC,"1,16384;7168,16384",INT8;INT8,ND;ND,"1,7168",DT_BF16,ND,88.39,w8a8_dynamic
dynamic,MIX_AIC,"1,256;8192,256",INT8;INT8,ND;ND,"1,8192",DT_BF16,ND,48.78,w8a8_dynamic
dynamic,MIX_AIC,"1,512;8192,512",INT8;INT8,ND;ND,"1,8192",DT_BF16,ND,47.25,w8a8_dynamic
dynamic,MIX_AIC,"1,1024;8192,1024",INT8;INT8,ND;ND,"1,8192",DT_BF16,ND,46.83,w8a8_dynamic
dynamic,MIX_AIC,"1,2048;8192,2048",INT8;INT8,ND;ND,"1,8192",DT_BF16,ND,46.33,w8a8_dynamic
dynamic,MIX_AIC,"1,4096;8192,4096",INT8;INT8,ND;ND,"1,8192",DT_BF16,ND,46.76,w8a8_dynamic
dynamic,MIX_AIC,"1,7168;8192,7168",INT8;INT8,ND;ND,"1,8192",DT_BF16,ND,52.74,w8a8_dynamic
dynamic,MIX_AIC,"1,8192;8192,8192",INT8;INT8,ND;ND,"1,8192",DT_BF16,ND,56.78,w8a8_dynamic
dynamic,MIX_AIC,"1,12288;8192,12288",INT8;INT8,ND;ND,"1,8192",DT_BF16,ND,77.75,w8a8_dynamic
dynamic,MIX_AIC,"1,16384;8192,16384",INT8;INT8,ND;ND,"1,8192",DT_BF16,ND,100.00,w8a8_dynamic
dynamic,MIX_AIC,"1,256;12288,256",INT8;INT8,ND;ND,"1,12288",DT_BF16,ND,50.24,w8a8_dynamic
dynamic,MIX_AIC,"1,512;12288,512",INT8;INT8,ND;ND,"1,12288",DT_BF16,ND,46.84,w8a8_dynamic
dynamic,MIX_AIC,"1,1024;12288,1024",INT8;INT8,ND;ND,"1,12288",DT_BF16,ND,51.04,w8a8_dynamic
dynamic,MIX_AIC,"1,2048;12288,2048",INT8;INT8,ND;ND,"1,12288",DT_BF16,ND,48.69,w8a8_dynamic
dynamic,MIX_AIC,"1,4096;12288,4096",INT8;INT8,ND;ND,"1,12288",DT_BF16,ND,46.45,w8a8_dynamic
dynamic,MIX_AIC,"1,7168;12288,7168",INT8;INT8,ND;ND,"1,12288",DT_BF16,ND,69.81,w8a8_dynamic
dynamic,MIX_AIC,"1,8192;12288,8192",INT8;INT8,ND;ND,"1,12288",DT_BF16,ND,76.63,w8a8_dynamic
dynamic,MIX_AIC,"1,12288;12288,12288",INT8;INT8,ND;ND,"1,12288",DT_BF16,ND,107.41,w8a8_dynamic
dynamic,MIX_AIC,"1,16384;12288,16384",INT8;INT8,ND;ND,"1,12288",DT_BF16,ND,140.40,w8a8_dynamic
dynamic,MIX_AIC,"1,256;16384,256",INT8;INT8,ND;ND,"1,16384",DT_BF16,ND,47.10,w8a8_dynamic
dynamic,MIX_AIC,"1,512;16384,512",INT8;INT8,ND;ND,"1,16384",DT_BF16,ND,46.24,w8a8_dynamic
dynamic,MIX_AIC,"1,1024;16384,1024",INT8;INT8,ND;ND,"1,16384",DT_BF16,ND,47.95,w8a8_dynamic
dynamic,MIX_AIC,"1,2048;16384,2048",INT8;INT8,ND;ND,"1,16384",DT_BF16,ND,46.50,w8a8_dynamic
dynamic,MIX_AIC,"1,4096;16384,4096",INT8;INT8,ND;ND,"1,16384",DT_BF16,ND,56.98,w8a8_dynamic
dynamic,MIX_AIC,"1,7168;16384,7168",INT8;INT8,ND;ND,"1,16384",DT_BF16,ND,87.78,w8a8_dynamic
dynamic,MIX_AIC,"1,8192;16384,8192",INT8;INT8,ND;ND,"1,16384",DT_BF16,ND,97.12,w8a8_dynamic
dynamic,MIX_AIC,"1,12288;16384,12288",INT8;INT8,ND;ND,"1,16384",DT_BF16,ND,142.20,w8a8_dynamic
dynamic,MIX_AIC,"1,16384;16384,16384",INT8;INT8,ND;ND,"1,16384",DT_BF16,ND,184.97,w8a8_dynamic
dynamic,MIX_AIC,"2,256;256,256",INT8;INT8,ND;ND,"2,256",DT_BF16,ND,44.79,w8a8_dynamic
dynamic,MIX_AIC,"2,512;256,512",INT8;INT8,ND;ND,"2,256",DT_BF16,ND,44.23,w8a8_dynamic
dynamic,MIX_AIC,"2,1024;256,1024",INT8;INT8,ND;ND,"2,256",DT_BF16,ND,45.81,w8a8_dynamic
dynamic,MIX_AIC,"2,2048;256,2048",INT8;INT8,ND;ND,"2,256",DT_BF16,ND,46.47,w8a8_dynamic
dynamic,MIX_AIC,"2,4096;256,4096",INT8;INT8,ND;ND,"2,256",DT_BF16,ND,46.18,w8a8_dynamic
dynamic,MIX_AIC,"2,7168;256,7168",INT8;INT8,ND;ND,"2,256",DT_BF16,ND,46.08,w8a8_dynamic
dynamic,MIX_AIC,"2,8192;256,8192",INT8;INT8,ND;ND,"2,256",DT_BF16,ND,46.46,w8a8_dynamic
dynamic,MIX_AIC,"2,12288;256,12288",INT8;INT8,ND;ND,"2,256",DT_BF16,ND,45.83,w8a8_dynamic
dynamic,MIX_AIC,"2,16384;256,16384",INT8;INT8,ND;ND,"2,256",DT_BF16,ND,46.41,w8a8_dynamic
dynamic,MIX_AIC,"2,256;512,256",INT8;INT8,ND;ND,"2,512",DT_BF16,ND,46.52,w8a8_dynamic
dynamic,MIX_AIC,"2,512;512,512",INT8;INT8,ND;ND,"2,512",DT_BF16,ND,46.57,w8a8_dynamic
dynamic,MIX_AIC,"2,1024;512,1024",INT8;INT8,ND;ND,"2,512",DT_BF16,ND,46.49,w8a8_dynamic
dynamic,MIX_AIC,"2,2048;512,2048",INT8;INT8,ND;ND,"2,512",DT_BF16,ND,46.37,w8a8_dynamic
dynamic,MIX_AIC,"2,4096;512,4096",INT8;INT8,ND;ND,"2,512",DT_BF16,ND,45.97,w8a8_dynamic
dynamic,MIX_AIC,"2,7168;512,7168",INT8;INT8,ND;ND,"2,512",DT_BF16,ND,43.49,w8a8_dynamic
dynamic,MIX_AIC,"2,8192;512,8192",INT8;INT8,ND;ND,"2,512",DT_BF16,ND,46.86,w8a8_dynamic
dynamic,MIX_AIC,"2,12288;512,12288",INT8;INT8,ND;ND,"2,512",DT_BF16,ND,46.51,w8a8_dynamic
dynamic,MIX_AIC,"2,16384;512,16384",INT8;INT8,ND;ND,"2,512",DT_BF16,ND,46.21,w8a8_dynamic
dynamic,MIX_AIC,"2,256;1024,256",INT8;INT8,ND;ND,"2,1024",DT_BF16,ND,47.05,w8a8_dynamic
dynamic,MIX_AIC,"2,512;1024,512",INT8;INT8,ND;ND,"2,1024",DT_BF16,ND,46.33,w8a8_dynamic
dynamic,MIX_AIC,"2,1024;1024,1024",INT8;INT8,ND;ND,"2,1024",DT_BF16,ND,49.59,w8a8_dynamic
dynamic,MIX_AIC,"2,2048;1024,2048",INT8;INT8,ND;ND,"2,1024",DT_BF16,ND,46.31,w8a8_dynamic
dynamic,MIX_AIC,"2,4096;1024,4096",INT8;INT8,ND;ND,"2,1024",DT_BF16,ND,46.64,w8a8_dynamic
dynamic,MIX_AIC,"2,7168;1024,7168",INT8;INT8,ND;ND,"2,1024",DT_BF16,ND,45.86,w8a8_dynamic
dynamic,MIX_AIC,"2,8192;1024,8192",INT8;INT8,ND;ND,"2,1024",DT_BF16,ND,47.54,w8a8_dynamic
dynamic,MIX_AIC,"2,12288;1024,12288",INT8;INT8,ND;ND,"2,1024",DT_BF16,ND,47.04,w8a8_dynamic
dynamic,MIX_AIC,"2,16384;1024,16384",INT8;INT8,ND;ND,"2,1024",DT_BF16,ND,46.48,w8a8_dynamic
dynamic,MIX_AIC,"2,256;2048,256",INT8;INT8,ND;ND,"2,2048",DT_BF16,ND,46.77,w8a8_dynamic
dynamic,MIX_AIC,"2,512;2048,512",INT8;INT8,ND;ND,"2,2048",DT_BF16,ND,46.23,w8a8_dynamic
dynamic,MIX_AIC,"2,1024;2048,1024",INT8;INT8,ND;ND,"2,2048",DT_BF16,ND,46.94,w8a8_dynamic
dynamic,MIX_AIC,"2,2048;2048,2048",INT8;INT8,ND;ND,"2,2048",DT_BF16,ND,46.28,w8a8_dynamic
dynamic,MIX_AIC,"2,4096;2048,4096",INT8;INT8,ND;ND,"2,2048",DT_BF16,ND,48.41,w8a8_dynamic
dynamic,MIX_AIC,"2,7168;2048,7168",INT8;INT8,ND;ND,"2,2048",DT_BF16,ND,46.38,w8a8_dynamic
dynamic,MIX_AIC,"2,8192;2048,8192",INT8;INT8,ND;ND,"2,2048",DT_BF16,ND,46.53,w8a8_dynamic
dynamic,MIX_AIC,"2,12288;2048,12288",INT8;INT8,ND;ND,"2,2048",DT_BF16,ND,46.48,w8a8_dynamic
dynamic,MIX_AIC,"2,16384;2048,16384",INT8;INT8,ND;ND,"2,2048",DT_BF16,ND,45.99,w8a8_dynamic
dynamic,MIX_AIC,"2,256;4096,256",INT8;INT8,ND;ND,"2,4096",DT_BF16,ND,48.09,w8a8_dynamic
dynamic,MIX_AIC,"2,512;4096,512",INT8;INT8,ND;ND,"2,4096",DT_BF16,ND,46.48,w8a8_dynamic
dynamic,MIX_AIC,"2,1024;4096,1024",INT8;INT8,ND;ND,"2,4096",DT_BF16,ND,45.91,w8a8_dynamic
dynamic,MIX_AIC,"2,2048;4096,2048",INT8;INT8,ND;ND,"2,4096",DT_BF16,ND,46.52,w8a8_dynamic
dynamic,MIX_AIC,"2,4096;4096,4096",INT8;INT8,ND;ND,"2,4096",DT_BF16,ND,46.30,w8a8_dynamic
dynamic,MIX_AIC,"2,7168;4096,7168",INT8;INT8,ND;ND,"2,4096",DT_BF16,ND,47.54,w8a8_dynamic
dynamic,MIX_AIC,"2,8192;4096,8192",INT8;INT8,ND;ND,"2,4096",DT_BF16,ND,46.74,w8a8_dynamic
dynamic,MIX_AIC,"2,12288;4096,12288",INT8;INT8,ND;ND,"2,4096",DT_BF16,ND,45.75,w8a8_dynamic
dynamic,MIX_AIC,"2,16384;4096,16384",INT8;INT8,ND;ND,"2,4096",DT_BF16,ND,58.87,w8a8_dynamic
dynamic,MIX_AIC,"2,256;7168,256",INT8;INT8,ND;ND,"2,7168",DT_BF16,ND,46.34,w8a8_dynamic
dynamic,MIX_AIC,"2,512;7168,512",INT8;INT8,ND;ND,"2,7168",DT_BF16,ND,46.80,w8a8_dynamic
dynamic,MIX_AIC,"2,1024;7168,1024",INT8;INT8,ND;ND,"2,7168",DT_BF16,ND,46.13,w8a8_dynamic
dynamic,MIX_AIC,"2,2048;7168,2048",INT8;INT8,ND;ND,"2,7168",DT_BF16,ND,46.82,w8a8_dynamic
dynamic,MIX_AIC,"2,4096;7168,4096",INT8;INT8,ND;ND,"2,7168",DT_BF16,ND,46.70,w8a8_dynamic
dynamic,MIX_AIC,"2,7168;7168,7168",INT8;INT8,ND;ND,"2,7168",DT_BF16,ND,49.36,w8a8_dynamic
dynamic,MIX_AIC,"2,8192;7168,8192",INT8;INT8,ND;ND,"2,7168",DT_BF16,ND,51.72,w8a8_dynamic
dynamic,MIX_AIC,"2,12288;7168,12288",INT8;INT8,ND;ND,"2,7168",DT_BF16,ND,70.76,w8a8_dynamic
dynamic,MIX_AIC,"2,16384;7168,16384",INT8;INT8,ND;ND,"2,7168",DT_BF16,ND,90.48,w8a8_dynamic
dynamic,MIX_AIC,"2,256;8192,256",INT8;INT8,ND;ND,"2,8192",DT_BF16,ND,46.58,w8a8_dynamic
dynamic,MIX_AIC,"2,512;8192,512",INT8;INT8,ND;ND,"2,8192",DT_BF16,ND,46.17,w8a8_dynamic
dynamic,MIX_AIC,"2,1024;8192,1024",INT8;INT8,ND;ND,"2,8192",DT_BF16,ND,45.53,w8a8_dynamic
dynamic,MIX_AIC,"2,2048;8192,2048",INT8;INT8,ND;ND,"2,8192",DT_BF16,ND,46.71,w8a8_dynamic
dynamic,MIX_AIC,"2,4096;8192,4096",INT8;INT8,ND;ND,"2,8192",DT_BF16,ND,46.91,w8a8_dynamic
dynamic,MIX_AIC,"2,7168;8192,7168",INT8;INT8,ND;ND,"2,8192",DT_BF16,ND,51.76,w8a8_dynamic
dynamic,MIX_AIC,"2,8192;8192,8192",INT8;INT8,ND;ND,"2,8192",DT_BF16,ND,57.97,w8a8_dynamic
dynamic,MIX_AIC,"2,12288;8192,12288",INT8;INT8,ND;ND,"2,8192",DT_BF16,ND,77.30,w8a8_dynamic
dynamic,MIX_AIC,"2,16384;8192,16384",INT8;INT8,ND;ND,"2,8192",DT_BF16,ND,100.74,w8a8_dynamic
dynamic,MIX_AIC,"2,256;12288,256",INT8;INT8,ND;ND,"2,12288",DT_BF16,ND,46.15,w8a8_dynamic
dynamic,MIX_AIC,"2,512;12288,512",INT8;INT8,ND;ND,"2,12288",DT_BF16,ND,45.40,w8a8_dynamic
dynamic,MIX_AIC,"2,1024;12288,1024",INT8;INT8,ND;ND,"2,12288",DT_BF16,ND,50.67,w8a8_dynamic
dynamic,MIX_AIC,"2,2048;12288,2048",INT8;INT8,ND;ND,"2,12288",DT_BF16,ND,47.18,w8a8_dynamic
dynamic,MIX_AIC,"2,4096;12288,4096",INT8;INT8,ND;ND,"2,12288",DT_BF16,ND,46.92,w8a8_dynamic
dynamic,MIX_AIC,"2,7168;12288,7168",INT8;INT8,ND;ND,"2,12288",DT_BF16,ND,68.80,w8a8_dynamic
dynamic,MIX_AIC,"2,8192;12288,8192",INT8;INT8,ND;ND,"2,12288",DT_BF16,ND,76.82,w8a8_dynamic
dynamic,MIX_AIC,"2,12288;12288,12288",INT8;INT8,ND;ND,"2,12288",DT_BF16,ND,106.91,w8a8_dynamic
dynamic,MIX_AIC,"2,16384;12288,16384",INT8;INT8,ND;ND,"2,12288",DT_BF16,ND,140.57,w8a8_dynamic
dynamic,MIX_AIC,"2,256;16384,256",INT8;INT8,ND;ND,"2,16384",DT_BF16,ND,46.28,w8a8_dynamic
dynamic,MIX_AIC,"2,512;16384,512",INT8;INT8,ND;ND,"2,16384",DT_BF16,ND,46.68,w8a8_dynamic
dynamic,MIX_AIC,"2,1024;16384,1024",INT8;INT8,ND;ND,"2,16384",DT_BF16,ND,46.08,w8a8_dynamic
dynamic,MIX_AIC,"2,2048;16384,2048",INT8;INT8,ND;ND,"2,16384",DT_BF16,ND,46.61,w8a8_dynamic
dynamic,MIX_AIC,"2,4096;16384,4096",INT8;INT8,ND;ND,"2,16384",DT_BF16,ND,55.89,w8a8_dynamic
dynamic,MIX_AIC,"2,7168;16384,7168",INT8;INT8,ND;ND,"2,16384",DT_BF16,ND,87.11,w8a8_dynamic
dynamic,MIX_AIC,"2,8192;16384,8192",INT8;INT8,ND;ND,"2,16384",DT_BF16,ND,96.33,w8a8_dynamic
dynamic,MIX_AIC,"2,12288;16384,12288",INT8;INT8,ND;ND,"2,16384",DT_BF16,ND,140.69,w8a8_dynamic
dynamic,MIX_AIC,"2,16384;16384,16384",INT8;INT8,ND;ND,"2,16384",DT_BF16,ND,190.90,w8a8_dynamic
dynamic,MIX_AIC,"4,256;256,256",INT8;INT8,ND;ND,"4,256",DT_BF16,ND,62.26,w8a8_dynamic
dynamic,MIX_AIC,"4,512;256,512",INT8;INT8,ND;ND,"4,256",DT_BF16,ND,45.64,w8a8_dynamic
dynamic,MIX_AIC,"4,1024;256,1024",INT8;INT8,ND;ND,"4,256",DT_BF16,ND,46.00,w8a8_dynamic
dynamic,MIX_AIC,"4,2048;256,2048",INT8;INT8,ND;ND,"4,256",DT_BF16,ND,46.16,w8a8_dynamic
dynamic,MIX_AIC,"4,4096;256,4096",INT8;INT8,ND;ND,"4,256",DT_BF16,ND,46.11,w8a8_dynamic
dynamic,MIX_AIC,"4,7168;256,7168",INT8;INT8,ND;ND,"4,256",DT_BF16,ND,45.67,w8a8_dynamic
dynamic,MIX_AIC,"4,8192;256,8192",INT8;INT8,ND;ND,"4,256",DT_BF16,ND,45.97,w8a8_dynamic
dynamic,MIX_AIC,"4,12288;256,12288",INT8;INT8,ND;ND,"4,256",DT_BF16,ND,45.98,w8a8_dynamic
dynamic,MIX_AIC,"4,16384;256,16384",INT8;INT8,ND;ND,"4,256",DT_BF16,ND,46.02,w8a8_dynamic
dynamic,MIX_AIC,"4,256;512,256",INT8;INT8,ND;ND,"4,512",DT_BF16,ND,45.95,w8a8_dynamic
dynamic,MIX_AIC,"4,512;512,512",INT8;INT8,ND;ND,"4,512",DT_BF16,ND,45.84,w8a8_dynamic
dynamic,MIX_AIC,"4,1024;512,1024",INT8;INT8,ND;ND,"4,512",DT_BF16,ND,46.69,w8a8_dynamic
dynamic,MIX_AIC,"4,2048;512,2048",INT8;INT8,ND;ND,"4,512",DT_BF16,ND,45.33,w8a8_dynamic
dynamic,MIX_AIC,"4,4096;512,4096",INT8;INT8,ND;ND,"4,512",DT_BF16,ND,46.27,w8a8_dynamic
dynamic,MIX_AIC,"4,7168;512,7168",INT8;INT8,ND;ND,"4,512",DT_BF16,ND,47.54,w8a8_dynamic
dynamic,MIX_AIC,"4,8192;512,8192",INT8;INT8,ND;ND,"4,512",DT_BF16,ND,46.69,w8a8_dynamic
dynamic,MIX_AIC,"4,12288;512,12288",INT8;INT8,ND;ND,"4,512",DT_BF16,ND,46.40,w8a8_dynamic
dynamic,MIX_AIC,"4,16384;512,16384",INT8;INT8,ND;ND,"4,512",DT_BF16,ND,46.50,w8a8_dynamic
dynamic,MIX_AIC,"4,256;1024,256",INT8;INT8,ND;ND,"4,1024",DT_BF16,ND,46.31,w8a8_dynamic
dynamic,MIX_AIC,"4,512;1024,512",INT8;INT8,ND;ND,"4,1024",DT_BF16,ND,46.49,w8a8_dynamic
dynamic,MIX_AIC,"4,1024;1024,1024",INT8;INT8,ND;ND,"4,1024",DT_BF16,ND,46.26,w8a8_dynamic
dynamic,MIX_AIC,"4,2048;1024,2048",INT8;INT8,ND;ND,"4,1024",DT_BF16,ND,46.65,w8a8_dynamic
dynamic,MIX_AIC,"4,4096;1024,4096",INT8;INT8,ND;ND,"4,1024",DT_BF16,ND,46.47,w8a8_dynamic
dynamic,MIX_AIC,"4,7168;1024,7168",INT8;INT8,ND;ND,"4,1024",DT_BF16,ND,46.79,w8a8_dynamic
dynamic,MIX_AIC,"4,8192;1024,8192",INT8;INT8,ND;ND,"4,1024",DT_BF16,ND,45.96,w8a8_dynamic
dynamic,MIX_AIC,"4,12288;1024,12288",INT8;INT8,ND;ND,"4,1024",DT_BF16,ND,46.34,w8a8_dynamic
dynamic,MIX_AIC,"4,16384;1024,16384",INT8;INT8,ND;ND,"4,1024",DT_BF16,ND,46.27,w8a8_dynamic
dynamic,MIX_AIC,"4,256;2048,256",INT8;INT8,ND;ND,"4,2048",DT_BF16,ND,46.35,w8a8_dynamic
dynamic,MIX_AIC,"4,512;2048,512",INT8;INT8,ND;ND,"4,2048",DT_BF16,ND,46.47,w8a8_dynamic
dynamic,MIX_AIC,"4,1024;2048,1024",INT8;INT8,ND;ND,"4,2048",DT_BF16,ND,46.49,w8a8_dynamic
dynamic,MIX_AIC,"4,2048;2048,2048",INT8;INT8,ND;ND,"4,2048",DT_BF16,ND,46.39,w8a8_dynamic
dynamic,MIX_AIC,"4,4096;2048,4096",INT8;INT8,ND;ND,"4,2048",DT_BF16,ND,46.53,w8a8_dynamic
dynamic,MIX_AIC,"4,7168;2048,7168",INT8;INT8,ND;ND,"4,2048",DT_BF16,ND,46.21,w8a8_dynamic
dynamic,MIX_AIC,"4,8192;2048,8192",INT8;INT8,ND;ND,"4,2048",DT_BF16,ND,45.68,w8a8_dynamic
dynamic,MIX_AIC,"4,12288;2048,12288",INT8;INT8,ND;ND,"4,2048",DT_BF16,ND,45.79,w8a8_dynamic
dynamic,MIX_AIC,"4,16384;2048,16384",INT8;INT8,ND;ND,"4,2048",DT_BF16,ND,45.63,w8a8_dynamic
dynamic,MIX_AIC,"4,256;4096,256",INT8;INT8,ND;ND,"4,4096",DT_BF16,ND,45.77,w8a8_dynamic
dynamic,MIX_AIC,"4,512;4096,512",INT8;INT8,ND;ND,"4,4096",DT_BF16,ND,46.09,w8a8_dynamic
dynamic,MIX_AIC,"4,1024;4096,1024",INT8;INT8,ND;ND,"4,4096",DT_BF16,ND,45.55,w8a8_dynamic
dynamic,MIX_AIC,"4,2048;4096,2048",INT8;INT8,ND;ND,"4,4096",DT_BF16,ND,46.65,w8a8_dynamic
dynamic,MIX_AIC,"4,4096;4096,4096",INT8;INT8,ND;ND,"4,4096",DT_BF16,ND,47.88,w8a8_dynamic
dynamic,MIX_AIC,"4,7168;4096,7168",INT8;INT8,ND;ND,"4,4096",DT_BF16,ND,47.67,w8a8_dynamic
dynamic,MIX_AIC,"4,8192;4096,8192",INT8;INT8,ND;ND,"4,4096",DT_BF16,ND,46.14,w8a8_dynamic
dynamic,MIX_AIC,"4,12288;4096,12288",INT8;INT8,ND;ND,"4,4096",DT_BF16,ND,46.81,w8a8_dynamic
dynamic,MIX_AIC,"4,16384;4096,16384",INT8;INT8,ND;ND,"4,4096",DT_BF16,ND,59.61,w8a8_dynamic
dynamic,MIX_AIC,"4,256;7168,256",INT8;INT8,ND;ND,"4,7168",DT_BF16,ND,45.74,w8a8_dynamic
dynamic,MIX_AIC,"4,512;7168,512",INT8;INT8,ND;ND,"4,7168",DT_BF16,ND,51.25,w8a8_dynamic
dynamic,MIX_AIC,"4,1024;7168,1024",INT8;INT8,ND;ND,"4,7168",DT_BF16,ND,46.43,w8a8_dynamic
dynamic,MIX_AIC,"4,2048;7168,2048",INT8;INT8,ND;ND,"4,7168",DT_BF16,ND,46.24,w8a8_dynamic
dynamic,MIX_AIC,"4,4096;7168,4096",INT8;INT8,ND;ND,"4,7168",DT_BF16,ND,45.98,w8a8_dynamic
dynamic,MIX_AIC,"4,7168;7168,7168",INT8;INT8,ND;ND,"4,7168",DT_BF16,ND,48.26,w8a8_dynamic
dynamic,MIX_AIC,"4,8192;7168,8192",INT8;INT8,ND;ND,"4,7168",DT_BF16,ND,52.11,w8a8_dynamic
dynamic,MIX_AIC,"4,12288;7168,12288",INT8;INT8,ND;ND,"4,7168",DT_BF16,ND,71.19,w8a8_dynamic
dynamic,MIX_AIC,"4,16384;7168,16384",INT8;INT8,ND;ND,"4,7168",DT_BF16,ND,94.91,w8a8_dynamic
dynamic,MIX_AIC,"4,256;8192,256",INT8;INT8,ND;ND,"4,8192",DT_BF16,ND,45.74,w8a8_dynamic
dynamic,MIX_AIC,"4,512;8192,512",INT8;INT8,ND;ND,"4,8192",DT_BF16,ND,45.68,w8a8_dynamic
dynamic,MIX_AIC,"4,1024;8192,1024",INT8;INT8,ND;ND,"4,8192",DT_BF16,ND,46.31,w8a8_dynamic
dynamic,MIX_AIC,"4,2048;8192,2048",INT8;INT8,ND;ND,"4,8192",DT_BF16,ND,46.41,w8a8_dynamic
dynamic,MIX_AIC,"4,4096;8192,4096",INT8;INT8,ND;ND,"4,8192",DT_BF16,ND,46.02,w8a8_dynamic
dynamic,MIX_AIC,"4,7168;8192,7168",INT8;INT8,ND;ND,"4,8192",DT_BF16,ND,52.83,w8a8_dynamic
dynamic,MIX_AIC,"4,8192;8192,8192",INT8;INT8,ND;ND,"4,8192",DT_BF16,ND,56.59,w8a8_dynamic
dynamic,MIX_AIC,"4,12288;8192,12288",INT8;INT8,ND;ND,"4,8192",DT_BF16,ND,78.87,w8a8_dynamic
dynamic,MIX_AIC,"4,16384;8192,16384",INT8;INT8,ND;ND,"4,8192",DT_BF16,ND,105.52,w8a8_dynamic
dynamic,MIX_AIC,"4,256;12288,256",INT8;INT8,ND;ND,"4,12288",DT_BF16,ND,46.10,w8a8_dynamic
dynamic,MIX_AIC,"4,512;12288,512",INT8;INT8,ND;ND,"4,12288",DT_BF16,ND,46.05,w8a8_dynamic
dynamic,MIX_AIC,"4,1024;12288,1024",INT8;INT8,ND;ND,"4,12288",DT_BF16,ND,47.29,w8a8_dynamic
dynamic,MIX_AIC,"4,2048;12288,2048",INT8;INT8,ND;ND,"4,12288",DT_BF16,ND,46.44,w8a8_dynamic
dynamic,MIX_AIC,"4,4096;12288,4096",INT8;INT8,ND;ND,"4,12288",DT_BF16,ND,46.58,w8a8_dynamic
dynamic,MIX_AIC,"4,7168;12288,7168",INT8;INT8,ND;ND,"4,12288",DT_BF16,ND,70.40,w8a8_dynamic
dynamic,MIX_AIC,"4,8192;12288,8192",INT8;INT8,ND;ND,"4,12288",DT_BF16,ND,77.37,w8a8_dynamic
dynamic,MIX_AIC,"4,12288;12288,12288",INT8;INT8,ND;ND,"4,12288",DT_BF16,ND,107.86,w8a8_dynamic
dynamic,MIX_AIC,"4,16384;12288,16384",INT8;INT8,ND;ND,"4,12288",DT_BF16,ND,140.69,w8a8_dynamic
dynamic,MIX_AIC,"4,256;16384,256",INT8;INT8,ND;ND,"4,16384",DT_BF16,ND,46.51,w8a8_dynamic
dynamic,MIX_AIC,"4,512;16384,512",INT8;INT8,ND;ND,"4,16384",DT_BF16,ND,46.12,w8a8_dynamic
dynamic,MIX_AIC,"4,1024;16384,1024",INT8;INT8,ND;ND,"4,16384",DT_BF16,ND,47.42,w8a8_dynamic
dynamic,MIX_AIC,"4,2048;16384,2048",INT8;INT8,ND;ND,"4,16384",DT_BF16,ND,46.83,w8a8_dynamic
dynamic,MIX_AIC,"4,4096;16384,4096",INT8;INT8,ND;ND,"4,16384",DT_BF16,ND,57.56,w8a8_dynamic
dynamic,MIX_AIC,"4,7168;16384,7168",INT8;INT8,ND;ND,"4,16384",DT_BF16,ND,90.11,w8a8_dynamic
dynamic,MIX_AIC,"4,8192;16384,8192",INT8;INT8,ND;ND,"4,16384",DT_BF16,ND,99.49,w8a8_dynamic
dynamic,MIX_AIC,"4,12288;16384,12288",INT8;INT8,ND;ND,"4,16384",DT_BF16,ND,140.28,w8a8_dynamic
dynamic,MIX_AIC,"4,16384;16384,16384",INT8;INT8,ND;ND,"4,16384",DT_BF16,ND,187.53,w8a8_dynamic
dynamic,MIX_AIC,"8,256;256,256",INT8;INT8,ND;ND,"8,256",DT_BF16,ND,46.46,w8a8_dynamic
dynamic,MIX_AIC,"8,512;256,512",INT8;INT8,ND;ND,"8,256",DT_BF16,ND,47.20,w8a8_dynamic
dynamic,MIX_AIC,"8,1024;256,1024",INT8;INT8,ND;ND,"8,256",DT_BF16,ND,46.29,w8a8_dynamic
dynamic,MIX_AIC,"8,2048;256,2048",INT8;INT8,ND;ND,"8,256",DT_BF16,ND,46.00,w8a8_dynamic
dynamic,MIX_AIC,"8,4096;256,4096",INT8;INT8,ND;ND,"8,256",DT_BF16,ND,46.36,w8a8_dynamic
dynamic,MIX_AIC,"8,7168;256,7168",INT8;INT8,ND;ND,"8,256",DT_BF16,ND,45.73,w8a8_dynamic
dynamic,MIX_AIC,"8,8192;256,8192",INT8;INT8,ND;ND,"8,256",DT_BF16,ND,46.26,w8a8_dynamic
dynamic,MIX_AIC,"8,12288;256,12288",INT8;INT8,ND;ND,"8,256",DT_BF16,ND,46.38,w8a8_dynamic
dynamic,MIX_AIC,"8,16384;256,16384",INT8;INT8,ND;ND,"8,256",DT_BF16,ND,47.08,w8a8_dynamic
dynamic,MIX_AIC,"8,256;512,256",INT8;INT8,ND;ND,"8,512",DT_BF16,ND,49.69,w8a8_dynamic
dynamic,MIX_AIC,"8,512;512,512",INT8;INT8,ND;ND,"8,512",DT_BF16,ND,46.80,w8a8_dynamic
dynamic,MIX_AIC,"8,1024;512,1024",INT8;INT8,ND;ND,"8,512",DT_BF16,ND,47.13,w8a8_dynamic
dynamic,MIX_AIC,"8,2048;512,2048",INT8;INT8,ND;ND,"8,512",DT_BF16,ND,47.26,w8a8_dynamic
dynamic,MIX_AIC,"8,4096;512,4096",INT8;INT8,ND;ND,"8,512",DT_BF16,ND,47.13,w8a8_dynamic
dynamic,MIX_AIC,"8,7168;512,7168",INT8;INT8,ND;ND,"8,512",DT_BF16,ND,46.67,w8a8_dynamic
dynamic,MIX_AIC,"8,8192;512,8192",INT8;INT8,ND;ND,"8,512",DT_BF16,ND,46.64,w8a8_dynamic
dynamic,MIX_AIC,"8,12288;512,12288",INT8;INT8,ND;ND,"8,512",DT_BF16,ND,46.78,w8a8_dynamic
dynamic,MIX_AIC,"8,16384;512,16384",INT8;INT8,ND;ND,"8,512",DT_BF16,ND,47.03,w8a8_dynamic
dynamic,MIX_AIC,"8,256;1024,256",INT8;INT8,ND;ND,"8,1024",DT_BF16,ND,47.20,w8a8_dynamic
dynamic,MIX_AIC,"8,512;1024,512",INT8;INT8,ND;ND,"8,1024",DT_BF16,ND,46.38,w8a8_dynamic
dynamic,MIX_AIC,"8,1024;1024,1024",INT8;INT8,ND;ND,"8,1024",DT_BF16,ND,47.55,w8a8_dynamic
dynamic,MIX_AIC,"8,2048;1024,2048",INT8;INT8,ND;ND,"8,1024",DT_BF16,ND,46.81,w8a8_dynamic
dynamic,MIX_AIC,"8,4096;1024,4096",INT8;INT8,ND;ND,"8,1024",DT_BF16,ND,46.58,w8a8_dynamic
dynamic,MIX_AIC,"8,7168;1024,7168",INT8;INT8,ND;ND,"8,1024",DT_BF16,ND,47.11,w8a8_dynamic
dynamic,MIX_AIC,"8,8192;1024,8192",INT8;INT8,ND;ND,"8,1024",DT_BF16,ND,47.00,w8a8_dynamic
dynamic,MIX_AIC,"8,12288;1024,12288",INT8;INT8,ND;ND,"8,1024",DT_BF16,ND,46.08,w8a8_dynamic
dynamic,MIX_AIC,"8,16384;1024,16384",INT8;INT8,ND;ND,"8,1024",DT_BF16,ND,45.87,w8a8_dynamic
dynamic,MIX_AIC,"8,256;2048,256",INT8;INT8,ND;ND,"8,2048",DT_BF16,ND,48.33,w8a8_dynamic
dynamic,MIX_AIC,"8,512;2048,512",INT8;INT8,ND;ND,"8,2048",DT_BF16,ND,47.22,w8a8_dynamic
dynamic,MIX_AIC,"8,1024;2048,1024",INT8;INT8,ND;ND,"8,2048",DT_BF16,ND,46.90,w8a8_dynamic
dynamic,MIX_AIC,"8,2048;2048,2048",INT8;INT8,ND;ND,"8,2048",DT_BF16,ND,46.27,w8a8_dynamic
dynamic,MIX_AIC,"8,4096;2048,4096",INT8;INT8,ND;ND,"8,2048",DT_BF16,ND,46.63,w8a8_dynamic
dynamic,MIX_AIC,"8,7168;2048,7168",INT8;INT8,ND;ND,"8,2048",DT_BF16,ND,48.04,w8a8_dynamic
dynamic,MIX_AIC,"8,8192;2048,8192",INT8;INT8,ND;ND,"8,2048",DT_BF16,ND,46.19,w8a8_dynamic
dynamic,MIX_AIC,"8,12288;2048,12288",INT8;INT8,ND;ND,"8,2048",DT_BF16,ND,46.05,w8a8_dynamic
dynamic,MIX_AIC,"8,16384;2048,16384",INT8;INT8,ND;ND,"8,2048",DT_BF16,ND,46.71,w8a8_dynamic
dynamic,MIX_AIC,"8,256;4096,256",INT8;INT8,ND;ND,"8,4096",DT_BF16,ND,45.88,w8a8_dynamic
dynamic,MIX_AIC,"8,512;4096,512",INT8;INT8,ND;ND,"8,4096",DT_BF16,ND,48.61,w8a8_dynamic
dynamic,MIX_AIC,"8,1024;4096,1024",INT8;INT8,ND;ND,"8,4096",DT_BF16,ND,46.68,w8a8_dynamic
dynamic,MIX_AIC,"8,2048;4096,2048",INT8;INT8,ND;ND,"8,4096",DT_BF16,ND,46.46,w8a8_dynamic
dynamic,MIX_AIC,"8,4096;4096,4096",INT8;INT8,ND;ND,"8,4096",DT_BF16,ND,46.00,w8a8_dynamic
dynamic,MIX_AIC,"8,7168;4096,7168",INT8;INT8,ND;ND,"8,4096",DT_BF16,ND,46.00,w8a8_dynamic
dynamic,MIX_AIC,"8,8192;4096,8192",INT8;INT8,ND;ND,"8,4096",DT_BF16,ND,46.47,w8a8_dynamic
dynamic,MIX_AIC,"8,12288;4096,12288",INT8;INT8,ND;ND,"8,4096",DT_BF16,ND,46.17,w8a8_dynamic
dynamic,MIX_AIC,"8,16384;4096,16384",INT8;INT8,ND;ND,"8,4096",DT_BF16,ND,60.73,w8a8_dynamic
dynamic,MIX_AIC,"8,256;7168,256",INT8;INT8,ND;ND,"8,7168",DT_BF16,ND,46.49,w8a8_dynamic
dynamic,MIX_AIC,"8,512;7168,512",INT8;INT8,ND;ND,"8,7168",DT_BF16,ND,47.22,w8a8_dynamic
dynamic,MIX_AIC,"8,1024;7168,1024",INT8;INT8,ND;ND,"8,7168",DT_BF16,ND,46.39,w8a8_dynamic
dynamic,MIX_AIC,"8,2048;7168,2048",INT8;INT8,ND;ND,"8,7168",DT_BF16,ND,46.11,w8a8_dynamic
dynamic,MIX_AIC,"8,4096;7168,4096",INT8;INT8,ND;ND,"8,7168",DT_BF16,ND,46.24,w8a8_dynamic
dynamic,MIX_AIC,"8,7168;7168,7168",INT8;INT8,ND;ND,"8,7168",DT_BF16,ND,49.96,w8a8_dynamic
dynamic,MIX_AIC,"8,8192;7168,8192",INT8;INT8,ND;ND,"8,7168",DT_BF16,ND,53.20,w8a8_dynamic
dynamic,MIX_AIC,"8,12288;7168,12288",INT8;INT8,ND;ND,"8,7168",DT_BF16,ND,71.56,w8a8_dynamic
dynamic,MIX_AIC,"8,16384;7168,16384",INT8;INT8,ND;ND,"8,7168",DT_BF16,ND,91.36,w8a8_dynamic
dynamic,MIX_AIC,"8,256;8192,256",INT8;INT8,ND;ND,"8,8192",DT_BF16,ND,46.19,w8a8_dynamic
dynamic,MIX_AIC,"8,512;8192,512",INT8;INT8,ND;ND,"8,8192",DT_BF16,ND,46.98,w8a8_dynamic
dynamic,MIX_AIC,"8,1024;8192,1024",INT8;INT8,ND;ND,"8,8192",DT_BF16,ND,46.70,w8a8_dynamic
dynamic,MIX_AIC,"8,2048;8192,2048",INT8;INT8,ND;ND,"8,8192",DT_BF16,ND,47.14,w8a8_dynamic
dynamic,MIX_AIC,"8,4096;8192,4096",INT8;INT8,ND;ND,"8,8192",DT_BF16,ND,47.16,w8a8_dynamic
dynamic,MIX_AIC,"8,7168;8192,7168",INT8;INT8,ND;ND,"8,8192",DT_BF16,ND,52.30,w8a8_dynamic
dynamic,MIX_AIC,"8,8192;8192,8192",INT8;INT8,ND;ND,"8,8192",DT_BF16,ND,56.75,w8a8_dynamic
dynamic,MIX_AIC,"8,12288;8192,12288",INT8;INT8,ND;ND,"8,8192",DT_BF16,ND,77.60,w8a8_dynamic
dynamic,MIX_AIC,"8,16384;8192,16384",INT8;INT8,ND;ND,"8,8192",DT_BF16,ND,101.43,w8a8_dynamic
dynamic,MIX_AIC,"8,256;12288,256",INT8;INT8,ND;ND,"8,12288",DT_BF16,ND,46.14,w8a8_dynamic
dynamic,MIX_AIC,"8,512;12288,512",INT8;INT8,ND;ND,"8,12288",DT_BF16,ND,45.99,w8a8_dynamic
dynamic,MIX_AIC,"8,1024;12288,1024",INT8;INT8,ND;ND,"8,12288",DT_BF16,ND,46.39,w8a8_dynamic
dynamic,MIX_AIC,"8,2048;12288,2048",INT8;INT8,ND;ND,"8,12288",DT_BF16,ND,46.30,w8a8_dynamic
dynamic,MIX_AIC,"8,4096;12288,4096",INT8;INT8,ND;ND,"8,12288",DT_BF16,ND,47.28,w8a8_dynamic
dynamic,MIX_AIC,"8,7168;12288,7168",INT8;INT8,ND;ND,"8,12288",DT_BF16,ND,71.15,w8a8_dynamic
dynamic,MIX_AIC,"8,8192;12288,8192",INT8;INT8,ND;ND,"8,12288",DT_BF16,ND,77.87,w8a8_dynamic
dynamic,MIX_AIC,"8,12288;12288,12288",INT8;INT8,ND;ND,"8,12288",DT_BF16,ND,108.23,w8a8_dynamic
dynamic,MIX_AIC,"8,16384;12288,16384",INT8;INT8,ND;ND,"8,12288",DT_BF16,ND,141.02,w8a8_dynamic
dynamic,MIX_AIC,"8,256;16384,256",INT8;INT8,ND;ND,"8,16384",DT_BF16,ND,44.40,w8a8_dynamic
dynamic,MIX_AIC,"8,512;16384,512",INT8;INT8,ND;ND,"8,16384",DT_BF16,ND,44.38,w8a8_dynamic
dynamic,MIX_AIC,"8,1024;16384,1024",INT8;INT8,ND;ND,"8,16384",DT_BF16,ND,45.08,w8a8_dynamic
dynamic,MIX_AIC,"8,2048;16384,2048",INT8;INT8,ND;ND,"8,16384",DT_BF16,ND,44.33,w8a8_dynamic
dynamic,MIX_AIC,"8,4096;16384,4096",INT8;INT8,ND;ND,"8,16384",DT_BF16,ND,59.35,w8a8_dynamic
dynamic,MIX_AIC,"8,7168;16384,7168",INT8;INT8,ND;ND,"8,16384",DT_BF16,ND,88.67,w8a8_dynamic
dynamic,MIX_AIC,"8,8192;16384,8192",INT8;INT8,ND;ND,"8,16384",DT_BF16,ND,99.04,w8a8_dynamic
dynamic,MIX_AIC,"8,12288;16384,12288",INT8;INT8,ND;ND,"8,16384",DT_BF16,ND,142.52,w8a8_dynamic
dynamic,MIX_AIC,"8,16384;16384,16384",INT8;INT8,ND;ND,"8,16384",DT_BF16,ND,185.74,w8a8_dynamic
dynamic,MIX_AIC,"16,256;256,256",INT8;INT8,ND;ND,"16,256",DT_BF16,ND,62.41,w8a8_dynamic
dynamic,MIX_AIC,"16,512;256,512",INT8;INT8,ND;ND,"16,256",DT_BF16,ND,46.24,w8a8_dynamic
dynamic,MIX_AIC,"16,1024;256,1024",INT8;INT8,ND;ND,"16,256",DT_BF16,ND,46.27,w8a8_dynamic
dynamic,MIX_AIC,"16,2048;256,2048",INT8;INT8,ND;ND,"16,256",DT_BF16,ND,45.84,w8a8_dynamic
dynamic,MIX_AIC,"16,4096;256,4096",INT8;INT8,ND;ND,"16,256",DT_BF16,ND,45.94,w8a8_dynamic
dynamic,MIX_AIC,"16,7168;256,7168",INT8;INT8,ND;ND,"16,256",DT_BF16,ND,46.35,w8a8_dynamic
dynamic,MIX_AIC,"16,8192;256,8192",INT8;INT8,ND;ND,"16,256",DT_BF16,ND,46.13,w8a8_dynamic
dynamic,MIX_AIC,"16,12288;256,12288",INT8;INT8,ND;ND,"16,256",DT_BF16,ND,46.03,w8a8_dynamic
dynamic,MIX_AIC,"16,16384;256,16384",INT8;INT8,ND;ND,"16,256",DT_BF16,ND,45.74,w8a8_dynamic
dynamic,MIX_AIC,"16,256;512,256",INT8;INT8,ND;ND,"16,512",DT_BF16,ND,46.06,w8a8_dynamic
dynamic,MIX_AIC,"16,512;512,512",INT8;INT8,ND;ND,"16,512",DT_BF16,ND,45.94,w8a8_dynamic
dynamic,MIX_AIC,"16,1024;512,1024",INT8;INT8,ND;ND,"16,512",DT_BF16,ND,45.90,w8a8_dynamic
dynamic,MIX_AIC,"16,2048;512,2048",INT8;INT8,ND;ND,"16,512",DT_BF16,ND,44.83,w8a8_dynamic
dynamic,MIX_AIC,"16,4096;512,4096",INT8;INT8,ND;ND,"16,512",DT_BF16,ND,44.55,w8a8_dynamic
dynamic,MIX_AIC,"16,7168;512,7168",INT8;INT8,ND;ND,"16,512",DT_BF16,ND,46.24,w8a8_dynamic
dynamic,MIX_AIC,"16,8192;512,8192",INT8;INT8,ND;ND,"16,512",DT_BF16,ND,44.12,w8a8_dynamic
dynamic,MIX_AIC,"16,12288;512,12288",INT8;INT8,ND;ND,"16,512",DT_BF16,ND,44.00,w8a8_dynamic
dynamic,MIX_AIC,"16,16384;512,16384",INT8;INT8,ND;ND,"16,512",DT_BF16,ND,46.08,w8a8_dynamic
dynamic,MIX_AIC,"16,256;1024,256",INT8;INT8,ND;ND,"16,1024",DT_BF16,ND,46.07,w8a8_dynamic
dynamic,MIX_AIC,"16,512;1024,512",INT8;INT8,ND;ND,"16,1024",DT_BF16,ND,46.89,w8a8_dynamic
dynamic,MIX_AIC,"16,1024;1024,1024",INT8;INT8,ND;ND,"16,1024",DT_BF16,ND,45.49,w8a8_dynamic
dynamic,MIX_AIC,"16,2048;1024,2048",INT8;INT8,ND;ND,"16,1024",DT_BF16,ND,45.73,w8a8_dynamic
dynamic,MIX_AIC,"16,4096;1024,4096",INT8;INT8,ND;ND,"16,1024",DT_BF16,ND,45.99,w8a8_dynamic
dynamic,MIX_AIC,"16,7168;1024,7168",INT8;INT8,ND;ND,"16,1024",DT_BF16,ND,45.66,w8a8_dynamic
dynamic,MIX_AIC,"16,8192;1024,8192",INT8;INT8,ND;ND,"16,1024",DT_BF16,ND,45.80,w8a8_dynamic
dynamic,MIX_AIC,"16,12288;1024,12288",INT8;INT8,ND;ND,"16,1024",DT_BF16,ND,45.87,w8a8_dynamic
dynamic,MIX_AIC,"16,16384;1024,16384",INT8;INT8,ND;ND,"16,1024",DT_BF16,ND,44.66,w8a8_dynamic
dynamic,MIX_AIC,"16,256;2048,256",INT8;INT8,ND;ND,"16,2048",DT_BF16,ND,44.40,w8a8_dynamic
dynamic,MIX_AIC,"16,512;2048,512",INT8;INT8,ND;ND,"16,2048",DT_BF16,ND,48.21,w8a8_dynamic
dynamic,MIX_AIC,"16,1024;2048,1024",INT8;INT8,ND;ND,"16,2048",DT_BF16,ND,44.45,w8a8_dynamic
dynamic,MIX_AIC,"16,2048;2048,2048",INT8;INT8,ND;ND,"16,2048",DT_BF16,ND,44.43,w8a8_dynamic
dynamic,MIX_AIC,"16,4096;2048,4096",INT8;INT8,ND;ND,"16,2048",DT_BF16,ND,44.04,w8a8_dynamic
dynamic,MIX_AIC,"16,7168;2048,7168",INT8;INT8,ND;ND,"16,2048",DT_BF16,ND,57.04,w8a8_dynamic
dynamic,MIX_AIC,"16,8192;2048,8192",INT8;INT8,ND;ND,"16,2048",DT_BF16,ND,45.03,w8a8_dynamic
dynamic,MIX_AIC,"16,12288;2048,12288",INT8;INT8,ND;ND,"16,2048",DT_BF16,ND,44.44,w8a8_dynamic
dynamic,MIX_AIC,"16,16384;2048,16384",INT8;INT8,ND;ND,"16,2048",DT_BF16,ND,45.17,w8a8_dynamic
dynamic,MIX_AIC,"16,256;4096,256",INT8;INT8,ND;ND,"16,4096",DT_BF16,ND,44.24,w8a8_dynamic
dynamic,MIX_AIC,"16,512;4096,512",INT8;INT8,ND;ND,"16,4096",DT_BF16,ND,44.74,w8a8_dynamic
dynamic,MIX_AIC,"16,1024;4096,1024",INT8;INT8,ND;ND,"16,4096",DT_BF16,ND,44.74,w8a8_dynamic
dynamic,MIX_AIC,"16,2048;4096,2048",INT8;INT8,ND;ND,"16,4096",DT_BF16,ND,46.18,w8a8_dynamic
dynamic,MIX_AIC,"16,4096;4096,4096",INT8;INT8,ND;ND,"16,4096",DT_BF16,ND,46.54,w8a8_dynamic
dynamic,MIX_AIC,"16,7168;4096,7168",INT8;INT8,ND;ND,"16,4096",DT_BF16,ND,46.51,w8a8_dynamic
dynamic,MIX_AIC,"16,8192;4096,8192",INT8;INT8,ND;ND,"16,4096",DT_BF16,ND,46.58,w8a8_dynamic
dynamic,MIX_AIC,"16,12288;4096,12288",INT8;INT8,ND;ND,"16,4096",DT_BF16,ND,49.17,w8a8_dynamic
dynamic,MIX_AIC,"16,16384;4096,16384",INT8;INT8,ND;ND,"16,4096",DT_BF16,ND,61.93,w8a8_dynamic
dynamic,MIX_AIC,"16,256;7168,256",INT8;INT8,ND;ND,"16,7168",DT_BF16,ND,47.27,w8a8_dynamic
dynamic,MIX_AIC,"16,512;7168,512",INT8;INT8,ND;ND,"16,7168",DT_BF16,ND,46.82,w8a8_dynamic
dynamic,MIX_AIC,"16,1024;7168,1024",INT8;INT8,ND;ND,"16,7168",DT_BF16,ND,47.04,w8a8_dynamic
dynamic,MIX_AIC,"16,2048;7168,2048",INT8;INT8,ND;ND,"16,7168",DT_BF16,ND,46.20,w8a8_dynamic
dynamic,MIX_AIC,"16,4096;7168,4096",INT8;INT8,ND;ND,"16,7168",DT_BF16,ND,46.61,w8a8_dynamic
dynamic,MIX_AIC,"16,7168;7168,7168",INT8;INT8,ND;ND,"16,7168",DT_BF16,ND,51.11,w8a8_dynamic
dynamic,MIX_AIC,"16,8192;7168,8192",INT8;INT8,ND;ND,"16,7168",DT_BF16,ND,54.79,w8a8_dynamic
dynamic,MIX_AIC,"16,12288;7168,12288",INT8;INT8,ND;ND,"16,7168",DT_BF16,ND,73.92,w8a8_dynamic
dynamic,MIX_AIC,"16,16384;7168,16384",INT8;INT8,ND;ND,"16,7168",DT_BF16,ND,92.76,w8a8_dynamic
dynamic,MIX_AIC,"16,256;8192,256",INT8;INT8,ND;ND,"16,8192",DT_BF16,ND,47.38,w8a8_dynamic
dynamic,MIX_AIC,"16,512;8192,512",INT8;INT8,ND;ND,"16,8192",DT_BF16,ND,46.99,w8a8_dynamic
dynamic,MIX_AIC,"16,1024;8192,1024",INT8;INT8,ND;ND,"16,8192",DT_BF16,ND,46.45,w8a8_dynamic
dynamic,MIX_AIC,"16,2048;8192,2048",INT8;INT8,ND;ND,"16,8192",DT_BF16,ND,46.54,w8a8_dynamic
dynamic,MIX_AIC,"16,4096;8192,4096",INT8;INT8,ND;ND,"16,8192",DT_BF16,ND,46.27,w8a8_dynamic
dynamic,MIX_AIC,"16,7168;8192,7168",INT8;INT8,ND;ND,"16,8192",DT_BF16,ND,55.15,w8a8_dynamic
dynamic,MIX_AIC,"16,8192;8192,8192",INT8;INT8,ND;ND,"16,8192",DT_BF16,ND,59.56,w8a8_dynamic
dynamic,MIX_AIC,"16,12288;8192,12288",INT8;INT8,ND;ND,"16,8192",DT_BF16,ND,81.52,w8a8_dynamic
dynamic,MIX_AIC,"16,16384;8192,16384",INT8;INT8,ND;ND,"16,8192",DT_BF16,ND,102.94,w8a8_dynamic
dynamic,MIX_AIC,"16,256;12288,256",INT8;INT8,ND;ND,"16,12288",DT_BF16,ND,47.28,w8a8_dynamic
dynamic,MIX_AIC,"16,512;12288,512",INT8;INT8,ND;ND,"16,12288",DT_BF16,ND,46.70,w8a8_dynamic
dynamic,MIX_AIC,"16,1024;12288,1024",INT8;INT8,ND;ND,"16,12288",DT_BF16,ND,47.00,w8a8_dynamic
dynamic,MIX_AIC,"16,2048;12288,2048",INT8;INT8,ND;ND,"16,12288",DT_BF16,ND,47.96,w8a8_dynamic
dynamic,MIX_AIC,"16,4096;12288,4096",INT8;INT8,ND;ND,"16,12288",DT_BF16,ND,48.86,w8a8_dynamic
dynamic,MIX_AIC,"16,7168;12288,7168",INT8;INT8,ND;ND,"16,12288",DT_BF16,ND,72.73,w8a8_dynamic
dynamic,MIX_AIC,"16,8192;12288,8192",INT8;INT8,ND;ND,"16,12288",DT_BF16,ND,79.31,w8a8_dynamic
dynamic,MIX_AIC,"16,12288;12288,12288",INT8;INT8,ND;ND,"16,12288",DT_BF16,ND,110.10,w8a8_dynamic
dynamic,MIX_AIC,"16,16384;12288,16384",INT8;INT8,ND;ND,"16,12288",DT_BF16,ND,143.04,w8a8_dynamic
dynamic,MIX_AIC,"16,256;16384,256",INT8;INT8,ND;ND,"16,16384",DT_BF16,ND,46.79,w8a8_dynamic
dynamic,MIX_AIC,"16,512;16384,512",INT8;INT8,ND;ND,"16,16384",DT_BF16,ND,46.39,w8a8_dynamic
dynamic,MIX_AIC,"16,1024;16384,1024",INT8;INT8,ND;ND,"16,16384",DT_BF16,ND,46.69,w8a8_dynamic
dynamic,MIX_AIC,"16,2048;16384,2048",INT8;INT8,ND;ND,"16,16384",DT_BF16,ND,46.30,w8a8_dynamic
dynamic,MIX_AIC,"16,4096;16384,4096",INT8;INT8,ND;ND,"16,16384",DT_BF16,ND,59.31,w8a8_dynamic
dynamic,MIX_AIC,"16,7168;16384,7168",INT8;INT8,ND;ND,"16,16384",DT_BF16,ND,89.85,w8a8_dynamic
dynamic,MIX_AIC,"16,8192;16384,8192",INT8;INT8,ND;ND,"16,16384",DT_BF16,ND,100.37,w8a8_dynamic
dynamic,MIX_AIC,"16,12288;16384,12288",INT8;INT8,ND;ND,"16,16384",DT_BF16,ND,142.42,w8a8_dynamic
dynamic,MIX_AIC,"16,16384;16384,16384",INT8;INT8,ND;ND,"16,16384",DT_BF16,ND,187.71,w8a8_dynamic
dynamic,MIX_AIC,"32,256;256,256",INT8;INT8,ND;ND,"32,256",DT_BF16,ND,45.91,w8a8_dynamic
dynamic,MIX_AIC,"32,512;256,512",INT8;INT8,ND;ND,"32,256",DT_BF16,ND,46.22,w8a8_dynamic
dynamic,MIX_AIC,"32,1024;256,1024",INT8;INT8,ND;ND,"32,256",DT_BF16,ND,45.90,w8a8_dynamic
dynamic,MIX_AIC,"32,2048;256,2048",INT8;INT8,ND;ND,"32,256",DT_BF16,ND,46.26,w8a8_dynamic
dynamic,MIX_AIC,"32,4096;256,4096",INT8;INT8,ND;ND,"32,256",DT_BF16,ND,46.19,w8a8_dynamic
dynamic,MIX_AIC,"32,7168;256,7168",INT8;INT8,ND;ND,"32,256",DT_BF16,ND,46.54,w8a8_dynamic
dynamic,MIX_AIC,"32,8192;256,8192",INT8;INT8,ND;ND,"32,256",DT_BF16,ND,45.68,w8a8_dynamic
dynamic,MIX_AIC,"32,12288;256,12288",INT8;INT8,ND;ND,"32,256",DT_BF16,ND,46.96,w8a8_dynamic
dynamic,MIX_AIC,"32,16384;256,16384",INT8;INT8,ND;ND,"32,256",DT_BF16,ND,45.93,w8a8_dynamic
dynamic,MIX_AIC,"32,256;512,256",INT8;INT8,ND;ND,"32,512",DT_BF16,ND,46.35,w8a8_dynamic
dynamic,MIX_AIC,"32,512;512,512",INT8;INT8,ND;ND,"32,512",DT_BF16,ND,45.94,w8a8_dynamic
dynamic,MIX_AIC,"32,1024;512,1024",INT8;INT8,ND;ND,"32,512",DT_BF16,ND,46.53,w8a8_dynamic
dynamic,MIX_AIC,"32,2048;512,2048",INT8;INT8,ND;ND,"32,512",DT_BF16,ND,45.61,w8a8_dynamic
dynamic,MIX_AIC,"32,4096;512,4096",INT8;INT8,ND;ND,"32,512",DT_BF16,ND,46.84,w8a8_dynamic
dynamic,MIX_AIC,"32,7168;512,7168",INT8;INT8,ND;ND,"32,512",DT_BF16,ND,46.10,w8a8_dynamic
dynamic,MIX_AIC,"32,8192;512,8192",INT8;INT8,ND;ND,"32,512",DT_BF16,ND,45.79,w8a8_dynamic
dynamic,MIX_AIC,"32,12288;512,12288",INT8;INT8,ND;ND,"32,512",DT_BF16,ND,45.40,w8a8_dynamic
dynamic,MIX_AIC,"32,16384;512,16384",INT8;INT8,ND;ND,"32,512",DT_BF16,ND,45.53,w8a8_dynamic
dynamic,MIX_AIC,"32,256;1024,256",INT8;INT8,ND;ND,"32,1024",DT_BF16,ND,45.13,w8a8_dynamic
dynamic,MIX_AIC,"32,512;1024,512",INT8;INT8,ND;ND,"32,1024",DT_BF16,ND,45.92,w8a8_dynamic
dynamic,MIX_AIC,"32,1024;1024,1024",INT8;INT8,ND;ND,"32,1024",DT_BF16,ND,46.11,w8a8_dynamic
dynamic,MIX_AIC,"32,2048;1024,2048",INT8;INT8,ND;ND,"32,1024",DT_BF16,ND,46.01,w8a8_dynamic
dynamic,MIX_AIC,"32,4096;1024,4096",INT8;INT8,ND;ND,"32,1024",DT_BF16,ND,45.82,w8a8_dynamic
dynamic,MIX_AIC,"32,7168;1024,7168",INT8;INT8,ND;ND,"32,1024",DT_BF16,ND,45.67,w8a8_dynamic
dynamic,MIX_AIC,"32,8192;1024,8192",INT8;INT8,ND;ND,"32,1024",DT_BF16,ND,45.91,w8a8_dynamic
dynamic,MIX_AIC,"32,12288;1024,12288",INT8;INT8,ND;ND,"32,1024",DT_BF16,ND,46.30,w8a8_dynamic
dynamic,MIX_AIC,"32,16384;1024,16384",INT8;INT8,ND;ND,"32,1024",DT_BF16,ND,46.55,w8a8_dynamic
dynamic,MIX_AIC,"32,256;2048,256",INT8;INT8,ND;ND,"32,2048",DT_BF16,ND,45.90,w8a8_dynamic
dynamic,MIX_AIC,"32,512;2048,512",INT8;INT8,ND;ND,"32,2048",DT_BF16,ND,46.48,w8a8_dynamic
dynamic,MIX_AIC,"32,1024;2048,1024",INT8;INT8,ND;ND,"32,2048",DT_BF16,ND,46.60,w8a8_dynamic
dynamic,MIX_AIC,"32,2048;2048,2048",INT8;INT8,ND;ND,"32,2048",DT_BF16,ND,46.48,w8a8_dynamic
dynamic,MIX_AIC,"32,4096;2048,4096",INT8;INT8,ND;ND,"32,2048",DT_BF16,ND,46.63,w8a8_dynamic
dynamic,MIX_AIC,"32,7168;2048,7168",INT8;INT8,ND;ND,"32,2048",DT_BF16,ND,47.44,w8a8_dynamic
dynamic,MIX_AIC,"32,8192;2048,8192",INT8;INT8,ND;ND,"32,2048",DT_BF16,ND,46.74,w8a8_dynamic
dynamic,MIX_AIC,"32,12288;2048,12288",INT8;INT8,ND;ND,"32,2048",DT_BF16,ND,46.37,w8a8_dynamic
dynamic,MIX_AIC,"32,16384;2048,16384",INT8;INT8,ND;ND,"32,2048",DT_BF16,ND,45.94,w8a8_dynamic
dynamic,MIX_AIC,"32,256;4096,256",INT8;INT8,ND;ND,"32,4096",DT_BF16,ND,46.20,w8a8_dynamic
dynamic,MIX_AIC,"32,512;4096,512",INT8;INT8,ND;ND,"32,4096",DT_BF16,ND,46.59,w8a8_dynamic
dynamic,MIX_AIC,"32,1024;4096,1024",INT8;INT8,ND;ND,"32,4096",DT_BF16,ND,46.60,w8a8_dynamic
dynamic,MIX_AIC,"32,2048;4096,2048",INT8;INT8,ND;ND,"32,4096",DT_BF16,ND,46.43,w8a8_dynamic
dynamic,MIX_AIC,"32,4096;4096,4096",INT8;INT8,ND;ND,"32,4096",DT_BF16,ND,46.10,w8a8_dynamic
dynamic,MIX_AIC,"32,7168;4096,7168",INT8;INT8,ND;ND,"32,4096",DT_BF16,ND,46.36,w8a8_dynamic
dynamic,MIX_AIC,"32,8192;4096,8192",INT8;INT8,ND;ND,"32,4096",DT_BF16,ND,46.54,w8a8_dynamic
dynamic,MIX_AIC,"32,12288;4096,12288",INT8;INT8,ND;ND,"32,4096",DT_BF16,ND,52.08,w8a8_dynamic
dynamic,MIX_AIC,"32,16384;4096,16384",INT8;INT8,ND;ND,"32,4096",DT_BF16,ND,61.03,w8a8_dynamic
dynamic,MIX_AIC,"32,256;7168,256",INT8;INT8,ND;ND,"32,7168",DT_BF16,ND,45.62,w8a8_dynamic
dynamic,MIX_AIC,"32,512;7168,512",INT8;INT8,ND;ND,"32,7168",DT_BF16,ND,46.13,w8a8_dynamic
dynamic,MIX_AIC,"32,1024;7168,1024",INT8;INT8,ND;ND,"32,7168",DT_BF16,ND,46.51,w8a8_dynamic
dynamic,MIX_AIC,"32,2048;7168,2048",INT8;INT8,ND;ND,"32,7168",DT_BF16,ND,46.66,w8a8_dynamic
dynamic,MIX_AIC,"32,4096;7168,4096",INT8;INT8,ND;ND,"32,7168",DT_BF16,ND,46.87,w8a8_dynamic
dynamic,MIX_AIC,"32,7168;7168,7168",INT8;INT8,ND;ND,"32,7168",DT_BF16,ND,52.02,w8a8_dynamic
dynamic,MIX_AIC,"32,8192;7168,8192",INT8;INT8,ND;ND,"32,7168",DT_BF16,ND,56.08,w8a8_dynamic
dynamic,MIX_AIC,"32,12288;7168,12288",INT8;INT8,ND;ND,"32,7168",DT_BF16,ND,75.12,w8a8_dynamic
dynamic,MIX_AIC,"32,16384;7168,16384",INT8;INT8,ND;ND,"32,7168",DT_BF16,ND,98.54,w8a8_dynamic
dynamic,MIX_AIC,"32,256;8192,256",INT8;INT8,ND;ND,"32,8192",DT_BF16,ND,46.66,w8a8_dynamic
dynamic,MIX_AIC,"32,512;8192,512",INT8;INT8,ND;ND,"32,8192",DT_BF16,ND,46.79,w8a8_dynamic
dynamic,MIX_AIC,"32,1024;8192,1024",INT8;INT8,ND;ND,"32,8192",DT_BF16,ND,46.67,w8a8_dynamic
dynamic,MIX_AIC,"32,2048;8192,2048",INT8;INT8,ND;ND,"32,8192",DT_BF16,ND,46.76,w8a8_dynamic
dynamic,MIX_AIC,"32,4096;8192,4096",INT8;INT8,ND;ND,"32,8192",DT_BF16,ND,46.26,w8a8_dynamic
dynamic,MIX_AIC,"32,7168;8192,7168",INT8;INT8,ND;ND,"32,8192",DT_BF16,ND,56.66,w8a8_dynamic
dynamic,MIX_AIC,"32,8192;8192,8192",INT8;INT8,ND;ND,"32,8192",DT_BF16,ND,60.23,w8a8_dynamic
dynamic,MIX_AIC,"32,12288;8192,12288",INT8;INT8,ND;ND,"32,8192",DT_BF16,ND,81.81,w8a8_dynamic
dynamic,MIX_AIC,"32,16384;8192,16384",INT8;INT8,ND;ND,"32,8192",DT_BF16,ND,105.50,w8a8_dynamic
dynamic,MIX_AIC,"32,256;12288,256",INT8;INT8,ND;ND,"32,12288",DT_BF16,ND,46.22,w8a8_dynamic
dynamic,MIX_AIC,"32,512;12288,512",INT8;INT8,ND;ND,"32,12288",DT_BF16,ND,46.51,w8a8_dynamic
dynamic,MIX_AIC,"32,1024;12288,1024",INT8;INT8,ND;ND,"32,12288",DT_BF16,ND,46.52,w8a8_dynamic
dynamic,MIX_AIC,"32,2048;12288,2048",INT8;INT8,ND;ND,"32,12288",DT_BF16,ND,46.80,w8a8_dynamic
dynamic,MIX_AIC,"32,4096;12288,4096",INT8;INT8,ND;ND,"32,12288",DT_BF16,ND,51.79,w8a8_dynamic
dynamic,MIX_AIC,"32,7168;12288,7168",INT8;INT8,ND;ND,"32,12288",DT_BF16,ND,76.86,w8a8_dynamic
dynamic,MIX_AIC,"32,8192;12288,8192",INT8;INT8,ND;ND,"32,12288",DT_BF16,ND,82.82,w8a8_dynamic
dynamic,MIX_AIC,"32,12288;12288,12288",INT8;INT8,ND;ND,"32,12288",DT_BF16,ND,116.41,w8a8_dynamic
dynamic,MIX_AIC,"32,16384;12288,16384",INT8;INT8,ND;ND,"32,12288",DT_BF16,ND,143.16,w8a8_dynamic
dynamic,MIX_AIC,"32,256;16384,256",INT8;INT8,ND;ND,"32,16384",DT_BF16,ND,45.99,w8a8_dynamic
dynamic,MIX_AIC,"32,512;16384,512",INT8;INT8,ND;ND,"32,16384",DT_BF16,ND,44.65,w8a8_dynamic
dynamic,MIX_AIC,"32,1024;16384,1024",INT8;INT8,ND;ND,"32,16384",DT_BF16,ND,47.26,w8a8_dynamic
dynamic,MIX_AIC,"32,2048;16384,2048",INT8;INT8,ND;ND,"32,16384",DT_BF16,ND,44.72,w8a8_dynamic
dynamic,MIX_AIC,"32,4096;16384,4096",INT8;INT8,ND;ND,"32,16384",DT_BF16,ND,61.68,w8a8_dynamic
dynamic,MIX_AIC,"32,7168;16384,7168",INT8;INT8,ND;ND,"32,16384",DT_BF16,ND,93.71,w8a8_dynamic
dynamic,MIX_AIC,"32,8192;16384,8192",INT8;INT8,ND;ND,"32,16384",DT_BF16,ND,102.65,w8a8_dynamic
dynamic,MIX_AIC,"32,12288;16384,12288",INT8;INT8,ND;ND,"32,16384",DT_BF16,ND,147.07,w8a8_dynamic
dynamic,MIX_AIC,"32,16384;16384,16384",INT8;INT8,ND;ND,"32,16384",DT_BF16,ND,186.85,w8a8_dynamic
dynamic,MIX_AIC,"64,256;256,256",INT8;INT8,ND;ND,"64,256",DT_BF16,ND,44.02,w8a8_dynamic
dynamic,MIX_AIC,"64,512;256,512",INT8;INT8,ND;ND,"64,256",DT_BF16,ND,44.39,w8a8_dynamic
dynamic,MIX_AIC,"64,1024;256,1024",INT8;INT8,ND;ND,"64,256",DT_BF16,ND,45.15,w8a8_dynamic
dynamic,MIX_AIC,"64,2048;256,2048",INT8;INT8,ND;ND,"64,256",DT_BF16,ND,44.50,w8a8_dynamic
dynamic,MIX_AIC,"64,4096;256,4096",INT8;INT8,ND;ND,"64,256",DT_BF16,ND,44.00,w8a8_dynamic
dynamic,MIX_AIC,"64,7168;256,7168",INT8;INT8,ND;ND,"64,256",DT_BF16,ND,43.94,w8a8_dynamic
dynamic,MIX_AIC,"64,8192;256,8192",INT8;INT8,ND;ND,"64,256",DT_BF16,ND,45.74,w8a8_dynamic
dynamic,MIX_AIC,"64,12288;256,12288",INT8;INT8,ND;ND,"64,256",DT_BF16,ND,45.62,w8a8_dynamic
dynamic,MIX_AIC,"64,16384;256,16384",INT8;INT8,ND;ND,"64,256",DT_BF16,ND,46.71,w8a8_dynamic
dynamic,MIX_AIC,"64,256;512,256",INT8;INT8,ND;ND,"64,512",DT_BF16,ND,46.49,w8a8_dynamic
dynamic,MIX_AIC,"64,512;512,512",INT8;INT8,ND;ND,"64,512",DT_BF16,ND,46.79,w8a8_dynamic
dynamic,MIX_AIC,"64,1024;512,1024",INT8;INT8,ND;ND,"64,512",DT_BF16,ND,46.49,w8a8_dynamic
dynamic,MIX_AIC,"64,2048;512,2048",INT8;INT8,ND;ND,"64,512",DT_BF16,ND,45.97,w8a8_dynamic
dynamic,MIX_AIC,"64,4096;512,4096",INT8;INT8,ND;ND,"64,512",DT_BF16,ND,46.59,w8a8_dynamic
dynamic,MIX_AIC,"64,7168;512,7168",INT8;INT8,ND;ND,"64,512",DT_BF16,ND,46.95,w8a8_dynamic
dynamic,MIX_AIC,"64,8192;512,8192",INT8;INT8,ND;ND,"64,512",DT_BF16,ND,46.18,w8a8_dynamic
dynamic,MIX_AIC,"64,12288;512,12288",INT8;INT8,ND;ND,"64,512",DT_BF16,ND,47.09,w8a8_dynamic
dynamic,MIX_AIC,"64,16384;512,16384",INT8;INT8,ND;ND,"64,512",DT_BF16,ND,46.16,w8a8_dynamic
dynamic,MIX_AIC,"64,256;1024,256",INT8;INT8,ND;ND,"64,1024",DT_BF16,ND,46.63,w8a8_dynamic
dynamic,MIX_AIC,"64,512;1024,512",INT8;INT8,ND;ND,"64,1024",DT_BF16,ND,49.52,w8a8_dynamic
dynamic,MIX_AIC,"64,1024;1024,1024",INT8;INT8,ND;ND,"64,1024",DT_BF16,ND,46.40,w8a8_dynamic
dynamic,MIX_AIC,"64,2048;1024,2048",INT8;INT8,ND;ND,"64,1024",DT_BF16,ND,46.49,w8a8_dynamic
dynamic,MIX_AIC,"64,4096;1024,4096",INT8;INT8,ND;ND,"64,1024",DT_BF16,ND,50.09,w8a8_dynamic
dynamic,MIX_AIC,"64,7168;1024,7168",INT8;INT8,ND;ND,"64,1024",DT_BF16,ND,46.91,w8a8_dynamic
dynamic,MIX_AIC,"64,8192;1024,8192",INT8;INT8,ND;ND,"64,1024",DT_BF16,ND,46.96,w8a8_dynamic
dynamic,MIX_AIC,"64,12288;1024,12288",INT8;INT8,ND;ND,"64,1024",DT_BF16,ND,46.70,w8a8_dynamic
dynamic,MIX_AIC,"64,16384;1024,16384",INT8;INT8,ND;ND,"64,1024",DT_BF16,ND,46.78,w8a8_dynamic
dynamic,MIX_AIC,"64,256;2048,256",INT8;INT8,ND;ND,"64,2048",DT_BF16,ND,48.55,w8a8_dynamic
dynamic,MIX_AIC,"64,512;2048,512",INT8;INT8,ND;ND,"64,2048",DT_BF16,ND,45.99,w8a8_dynamic
dynamic,MIX_AIC,"64,1024;2048,1024",INT8;INT8,ND;ND,"64,2048",DT_BF16,ND,46.41,w8a8_dynamic
dynamic,MIX_AIC,"64,2048;2048,2048",INT8;INT8,ND;ND,"64,2048",DT_BF16,ND,46.78,w8a8_dynamic
dynamic,MIX_AIC,"64,4096;2048,4096",INT8;INT8,ND;ND,"64,2048",DT_BF16,ND,46.60,w8a8_dynamic
dynamic,MIX_AIC,"64,7168;2048,7168",INT8;INT8,ND;ND,"64,2048",DT_BF16,ND,47.73,w8a8_dynamic
dynamic,MIX_AIC,"64,8192;2048,8192",INT8;INT8,ND;ND,"64,2048",DT_BF16,ND,46.65,w8a8_dynamic
dynamic,MIX_AIC,"64,12288;2048,12288",INT8;INT8,ND;ND,"64,2048",DT_BF16,ND,47.06,w8a8_dynamic
dynamic,MIX_AIC,"64,16384;2048,16384",INT8;INT8,ND;ND,"64,2048",DT_BF16,ND,46.79,w8a8_dynamic
dynamic,MIX_AIC,"64,256;4096,256",INT8;INT8,ND;ND,"64,4096",DT_BF16,ND,47.46,w8a8_dynamic
dynamic,MIX_AIC,"64,512;4096,512",INT8;INT8,ND;ND,"64,4096",DT_BF16,ND,46.11,w8a8_dynamic
dynamic,MIX_AIC,"64,1024;4096,1024",INT8;INT8,ND;ND,"64,4096",DT_BF16,ND,46.14,w8a8_dynamic
dynamic,MIX_AIC,"64,2048;4096,2048",INT8;INT8,ND;ND,"64,4096",DT_BF16,ND,45.84,w8a8_dynamic
dynamic,MIX_AIC,"64,4096;4096,4096",INT8;INT8,ND;ND,"64,4096",DT_BF16,ND,46.02,w8a8_dynamic
dynamic,MIX_AIC,"64,7168;4096,7168",INT8;INT8,ND;ND,"64,4096",DT_BF16,ND,47.45,w8a8_dynamic
dynamic,MIX_AIC,"64,8192;4096,8192",INT8;INT8,ND;ND,"64,4096",DT_BF16,ND,48.26,w8a8_dynamic
dynamic,MIX_AIC,"64,12288;4096,12288",INT8;INT8,ND;ND,"64,4096",DT_BF16,ND,55.12,w8a8_dynamic
dynamic,MIX_AIC,"64,16384;4096,16384",INT8;INT8,ND;ND,"64,4096",DT_BF16,ND,66.88,w8a8_dynamic
dynamic,MIX_AIC,"64,256;7168,256",INT8;INT8,ND;ND,"64,7168",DT_BF16,ND,46.61,w8a8_dynamic
dynamic,MIX_AIC,"64,512;7168,512",INT8;INT8,ND;ND,"64,7168",DT_BF16,ND,46.54,w8a8_dynamic
dynamic,MIX_AIC,"64,1024;7168,1024",INT8;INT8,ND;ND,"64,7168",DT_BF16,ND,47.25,w8a8_dynamic
dynamic,MIX_AIC,"64,2048;7168,2048",INT8;INT8,ND;ND,"64,7168",DT_BF16,ND,46.72,w8a8_dynamic
dynamic,MIX_AIC,"64,4096;7168,4096",INT8;INT8,ND;ND,"64,7168",DT_BF16,ND,47.51,w8a8_dynamic
dynamic,MIX_AIC,"64,7168;7168,7168",INT8;INT8,ND;ND,"64,7168",DT_BF16,ND,57.06,w8a8_dynamic
dynamic,MIX_AIC,"64,8192;7168,8192",INT8;INT8,ND;ND,"64,7168",DT_BF16,ND,60.95,w8a8_dynamic
dynamic,MIX_AIC,"64,12288;7168,12288",INT8;INT8,ND;ND,"64,7168",DT_BF16,ND,81.40,w8a8_dynamic
dynamic,MIX_AIC,"64,16384;7168,16384",INT8;INT8,ND;ND,"64,7168",DT_BF16,ND,100.66,w8a8_dynamic
dynamic,MIX_AIC,"64,256;8192,256",INT8;INT8,ND;ND,"64,8192",DT_BF16,ND,46.56,w8a8_dynamic
dynamic,MIX_AIC,"64,512;8192,512",INT8;INT8,ND;ND,"64,8192",DT_BF16,ND,46.47,w8a8_dynamic
dynamic,MIX_AIC,"64,1024;8192,1024",INT8;INT8,ND;ND,"64,8192",DT_BF16,ND,46.70,w8a8_dynamic
dynamic,MIX_AIC,"64,2048;8192,2048",INT8;INT8,ND;ND,"64,8192",DT_BF16,ND,47.13,w8a8_dynamic
dynamic,MIX_AIC,"64,4096;8192,4096",INT8;INT8,ND;ND,"64,8192",DT_BF16,ND,46.50,w8a8_dynamic
dynamic,MIX_AIC,"64,7168;8192,7168",INT8;INT8,ND;ND,"64,8192",DT_BF16,ND,60.94,w8a8_dynamic
dynamic,MIX_AIC,"64,8192;8192,8192",INT8;INT8,ND;ND,"64,8192",DT_BF16,ND,65.23,w8a8_dynamic
dynamic,MIX_AIC,"64,12288;8192,12288",INT8;INT8,ND;ND,"64,8192",DT_BF16,ND,88.66,w8a8_dynamic
dynamic,MIX_AIC,"64,16384;8192,16384",INT8;INT8,ND;ND,"64,8192",DT_BF16,ND,108.25,w8a8_dynamic
dynamic,MIX_AIC,"64,256;12288,256",INT8;INT8,ND;ND,"64,12288",DT_BF16,ND,47.56,w8a8_dynamic
dynamic,MIX_AIC,"64,512;12288,512",INT8;INT8,ND;ND,"64,12288",DT_BF16,ND,47.19,w8a8_dynamic
dynamic,MIX_AIC,"64,1024;12288,1024",INT8;INT8,ND;ND,"64,12288",DT_BF16,ND,48.56,w8a8_dynamic
dynamic,MIX_AIC,"64,2048;12288,2048",INT8;INT8,ND;ND,"64,12288",DT_BF16,ND,49.65,w8a8_dynamic
dynamic,MIX_AIC,"64,4096;12288,4096",INT8;INT8,ND;ND,"64,12288",DT_BF16,ND,57.26,w8a8_dynamic
dynamic,MIX_AIC,"64,7168;12288,7168",INT8;INT8,ND;ND,"64,12288",DT_BF16,ND,80.59,w8a8_dynamic
dynamic,MIX_AIC,"64,8192;12288,8192",INT8;INT8,ND;ND,"64,12288",DT_BF16,ND,87.07,w8a8_dynamic
dynamic,MIX_AIC,"64,12288;12288,12288",INT8;INT8,ND;ND,"64,12288",DT_BF16,ND,119.65,w8a8_dynamic
dynamic,MIX_AIC,"64,16384;12288,16384",INT8;INT8,ND;ND,"64,12288",DT_BF16,ND,149.75,w8a8_dynamic
dynamic,MIX_AIC,"64,256;16384,256",INT8;INT8,ND;ND,"64,16384",DT_BF16,ND,46.77,w8a8_dynamic
dynamic,MIX_AIC,"64,512;16384,512",INT8;INT8,ND;ND,"64,16384",DT_BF16,ND,48.04,w8a8_dynamic
dynamic,MIX_AIC,"64,1024;16384,1024",INT8;INT8,ND;ND,"64,16384",DT_BF16,ND,47.09,w8a8_dynamic
dynamic,MIX_AIC,"64,2048;16384,2048",INT8;INT8,ND;ND,"64,16384",DT_BF16,ND,46.67,w8a8_dynamic
dynamic,MIX_AIC,"64,4096;16384,4096",INT8;INT8,ND;ND,"64,16384",DT_BF16,ND,66.36,w8a8_dynamic
dynamic,MIX_AIC,"64,7168;16384,7168",INT8;INT8,ND;ND,"64,16384",DT_BF16,ND,97.23,w8a8_dynamic
dynamic,MIX_AIC,"64,8192;16384,8192",INT8;INT8,ND;ND,"64,16384",DT_BF16,ND,108.12,w8a8_dynamic
dynamic,MIX_AIC,"64,12288;16384,12288",INT8;INT8,ND;ND,"64,16384",DT_BF16,ND,150.81,w8a8_dynamic
dynamic,MIX_AIC,"64,16384;16384,16384",INT8;INT8,ND;ND,"64,16384",DT_BF16,ND,195.37,w8a8_dynamic
dynamic,MIX_AIC,"128,256;256,256",INT8;INT8,ND;ND,"128,256",DT_BF16,ND,46.63,w8a8_dynamic
dynamic,MIX_AIC,"128,512;256,512",INT8;INT8,ND;ND,"128,256",DT_BF16,ND,49.81,w8a8_dynamic
dynamic,MIX_AIC,"128,1024;256,1024",INT8;INT8,ND;ND,"128,256",DT_BF16,ND,46.91,w8a8_dynamic
dynamic,MIX_AIC,"128,2048;256,2048",INT8;INT8,ND;ND,"128,256",DT_BF16,ND,46.19,w8a8_dynamic
dynamic,MIX_AIC,"128,4096;256,4096",INT8;INT8,ND;ND,"128,256",DT_BF16,ND,45.88,w8a8_dynamic
dynamic,MIX_AIC,"128,7168;256,7168",INT8;INT8,ND;ND,"128,256",DT_BF16,ND,47.35,w8a8_dynamic
dynamic,MIX_AIC,"128,8192;256,8192",INT8;INT8,ND;ND,"128,256",DT_BF16,ND,48.41,w8a8_dynamic
dynamic,MIX_AIC,"128,12288;256,12288",INT8;INT8,ND;ND,"128,256",DT_BF16,ND,45.80,w8a8_dynamic
dynamic,MIX_AIC,"128,16384;256,16384",INT8;INT8,ND;ND,"128,256",DT_BF16,ND,46.20,w8a8_dynamic
dynamic,MIX_AIC,"128,256;512,256",INT8;INT8,ND;ND,"128,512",DT_BF16,ND,46.43,w8a8_dynamic
dynamic,MIX_AIC,"128,512;512,512",INT8;INT8,ND;ND,"128,512",DT_BF16,ND,45.89,w8a8_dynamic
dynamic,MIX_AIC,"128,1024;512,1024",INT8;INT8,ND;ND,"128,512",DT_BF16,ND,47.08,w8a8_dynamic
dynamic,MIX_AIC,"128,2048;512,2048",INT8;INT8,ND;ND,"128,512",DT_BF16,ND,46.41,w8a8_dynamic
dynamic,MIX_AIC,"128,4096;512,4096",INT8;INT8,ND;ND,"128,512",DT_BF16,ND,45.88,w8a8_dynamic
dynamic,MIX_AIC,"128,7168;512,7168",INT8;INT8,ND;ND,"128,512",DT_BF16,ND,49.15,w8a8_dynamic
dynamic,MIX_AIC,"128,8192;512,8192",INT8;INT8,ND;ND,"128,512",DT_BF16,ND,46.81,w8a8_dynamic
dynamic,MIX_AIC,"128,12288;512,12288",INT8;INT8,ND;ND,"128,512",DT_BF16,ND,46.94,w8a8_dynamic
dynamic,MIX_AIC,"128,16384;512,16384",INT8;INT8,ND;ND,"128,512",DT_BF16,ND,46.80,w8a8_dynamic
dynamic,MIX_AIC,"128,256;1024,256",INT8;INT8,ND;ND,"128,1024",DT_BF16,ND,47.48,w8a8_dynamic
dynamic,MIX_AIC,"128,512;1024,512",INT8;INT8,ND;ND,"128,1024",DT_BF16,ND,47.18,w8a8_dynamic
dynamic,MIX_AIC,"128,1024;1024,1024",INT8;INT8,ND;ND,"128,1024",DT_BF16,ND,46.67,w8a8_dynamic
dynamic,MIX_AIC,"128,2048;1024,2048",INT8;INT8,ND;ND,"128,1024",DT_BF16,ND,46.53,w8a8_dynamic
dynamic,MIX_AIC,"128,4096;1024,4096",INT8;INT8,ND;ND,"128,1024",DT_BF16,ND,46.66,w8a8_dynamic
dynamic,MIX_AIC,"128,7168;1024,7168",INT8;INT8,ND;ND,"128,1024",DT_BF16,ND,46.80,w8a8_dynamic
dynamic,MIX_AIC,"128,8192;1024,8192",INT8;INT8,ND;ND,"128,1024",DT_BF16,ND,45.98,w8a8_dynamic
dynamic,MIX_AIC,"128,12288;1024,12288",INT8;INT8,ND;ND,"128,1024",DT_BF16,ND,46.49,w8a8_dynamic
dynamic,MIX_AIC,"128,16384;1024,16384",INT8;INT8,ND;ND,"128,1024",DT_BF16,ND,46.80,w8a8_dynamic
dynamic,MIX_AIC,"128,256;2048,256",INT8;INT8,ND;ND,"128,2048",DT_BF16,ND,46.08,w8a8_dynamic
dynamic,MIX_AIC,"128,512;2048,512",INT8;INT8,ND;ND,"128,2048",DT_BF16,ND,47.25,w8a8_dynamic
dynamic,MIX_AIC,"128,1024;2048,1024",INT8;INT8,ND;ND,"128,2048",DT_BF16,ND,46.95,w8a8_dynamic
dynamic,MIX_AIC,"128,2048;2048,2048",INT8;INT8,ND;ND,"128,2048",DT_BF16,ND,46.51,w8a8_dynamic
dynamic,MIX_AIC,"128,4096;2048,4096",INT8;INT8,ND;ND,"128,2048",DT_BF16,ND,46.52,w8a8_dynamic
dynamic,MIX_AIC,"128,7168;2048,7168",INT8;INT8,ND;ND,"128,2048",DT_BF16,ND,47.25,w8a8_dynamic
dynamic,MIX_AIC,"128,8192;2048,8192",INT8;INT8,ND;ND,"128,2048",DT_BF16,ND,47.35,w8a8_dynamic
dynamic,MIX_AIC,"128,12288;2048,12288",INT8;INT8,ND;ND,"128,2048",DT_BF16,ND,47.42,w8a8_dynamic
dynamic,MIX_AIC,"128,16384;2048,16384",INT8;INT8,ND;ND,"128,2048",DT_BF16,ND,54.85,w8a8_dynamic
dynamic,MIX_AIC,"128,256;4096,256",INT8;INT8,ND;ND,"128,4096",DT_BF16,ND,46.78,w8a8_dynamic
dynamic,MIX_AIC,"128,512;4096,512",INT8;INT8,ND;ND,"128,4096",DT_BF16,ND,47.23,w8a8_dynamic
dynamic,MIX_AIC,"128,1024;4096,1024",INT8;INT8,ND;ND,"128,4096",DT_BF16,ND,46.97,w8a8_dynamic
dynamic,MIX_AIC,"128,2048;4096,2048",INT8;INT8,ND;ND,"128,4096",DT_BF16,ND,47.17,w8a8_dynamic
dynamic,MIX_AIC,"128,4096;4096,4096",INT8;INT8,ND;ND,"128,4096",DT_BF16,ND,48.19,w8a8_dynamic
dynamic,MIX_AIC,"128,7168;4096,7168",INT8;INT8,ND;ND,"128,4096",DT_BF16,ND,47.61,w8a8_dynamic
dynamic,MIX_AIC,"128,8192;4096,8192",INT8;INT8,ND;ND,"128,4096",DT_BF16,ND,48.83,w8a8_dynamic
dynamic,MIX_AIC,"128,12288;4096,12288",INT8;INT8,ND;ND,"128,4096",DT_BF16,ND,61.77,w8a8_dynamic
dynamic,MIX_AIC,"128,16384;4096,16384",INT8;INT8,ND;ND,"128,4096",DT_BF16,ND,73.16,w8a8_dynamic
dynamic,MIX_AIC,"128,256;7168,256",INT8;INT8,ND;ND,"128,7168",DT_BF16,ND,46.70,w8a8_dynamic
dynamic,MIX_AIC,"128,512;7168,512",INT8;INT8,ND;ND,"128,7168",DT_BF16,ND,46.62,w8a8_dynamic
dynamic,MIX_AIC,"128,1024;7168,1024",INT8;INT8,ND;ND,"128,7168",DT_BF16,ND,47.03,w8a8_dynamic
dynamic,MIX_AIC,"128,2048;7168,2048",INT8;INT8,ND;ND,"128,7168",DT_BF16,ND,47.39,w8a8_dynamic
dynamic,MIX_AIC,"128,4096;7168,4096",INT8;INT8,ND;ND,"128,7168",DT_BF16,ND,47.21,w8a8_dynamic
dynamic,MIX_AIC,"128,7168;7168,7168",INT8;INT8,ND;ND,"128,7168",DT_BF16,ND,64.10,w8a8_dynamic
dynamic,MIX_AIC,"128,8192;7168,8192",INT8;INT8,ND;ND,"128,7168",DT_BF16,ND,69.95,w8a8_dynamic
dynamic,MIX_AIC,"128,12288;7168,12288",INT8;INT8,ND;ND,"128,7168",DT_BF16,ND,92.31,w8a8_dynamic
dynamic,MIX_AIC,"128,16384;7168,16384",INT8;INT8,ND;ND,"128,7168",DT_BF16,ND,115.84,w8a8_dynamic
dynamic,MIX_AIC,"128,256;8192,256",INT8;INT8,ND;ND,"128,8192",DT_BF16,ND,48.48,w8a8_dynamic
dynamic,MIX_AIC,"128,512;8192,512",INT8;INT8,ND;ND,"128,8192",DT_BF16,ND,48.27,w8a8_dynamic
dynamic,MIX_AIC,"128,1024;8192,1024",INT8;INT8,ND;ND,"128,8192",DT_BF16,ND,46.73,w8a8_dynamic
dynamic,MIX_AIC,"128,2048;8192,2048",INT8;INT8,ND;ND,"128,8192",DT_BF16,ND,47.13,w8a8_dynamic
dynamic,MIX_AIC,"128,4096;8192,4096",INT8;INT8,ND;ND,"128,8192",DT_BF16,ND,47.78,w8a8_dynamic
dynamic,MIX_AIC,"128,7168;8192,7168",INT8;INT8,ND;ND,"128,8192",DT_BF16,ND,66.69,w8a8_dynamic
dynamic,MIX_AIC,"128,8192;8192,8192",INT8;INT8,ND;ND,"128,8192",DT_BF16,ND,73.65,w8a8_dynamic
dynamic,MIX_AIC,"128,12288;8192,12288",INT8;INT8,ND;ND,"128,8192",DT_BF16,ND,96.45,w8a8_dynamic
dynamic,MIX_AIC,"128,16384;8192,16384",INT8;INT8,ND;ND,"128,8192",DT_BF16,ND,120.28,w8a8_dynamic
dynamic,MIX_AIC,"128,256;12288,256",INT8;INT8,ND;ND,"128,12288",DT_BF16,ND,47.75,w8a8_dynamic
dynamic,MIX_AIC,"128,512;12288,512",INT8;INT8,ND;ND,"128,12288",DT_BF16,ND,48.17,w8a8_dynamic
dynamic,MIX_AIC,"128,1024;12288,1024",INT8;INT8,ND;ND,"128,12288",DT_BF16,ND,47.88,w8a8_dynamic
dynamic,MIX_AIC,"128,2048;12288,2048",INT8;INT8,ND;ND,"128,12288",DT_BF16,ND,47.40,w8a8_dynamic
dynamic,MIX_AIC,"128,4096;12288,4096",INT8;INT8,ND;ND,"128,12288",DT_BF16,ND,59.20,w8a8_dynamic
dynamic,MIX_AIC,"128,7168;12288,7168",INT8;INT8,ND;ND,"128,12288",DT_BF16,ND,90.11,w8a8_dynamic
dynamic,MIX_AIC,"128,8192;12288,8192",INT8;INT8,ND;ND,"128,12288",DT_BF16,ND,92.32,w8a8_dynamic
dynamic,MIX_AIC,"128,12288;12288,12288",INT8;INT8,ND;ND,"128,12288",DT_BF16,ND,124.96,w8a8_dynamic
dynamic,MIX_AIC,"128,16384;12288,16384",INT8;INT8,ND;ND,"128,12288",DT_BF16,ND,155.21,w8a8_dynamic
dynamic,MIX_AIC,"128,256;16384,256",INT8;INT8,ND;ND,"128,16384",DT_BF16,ND,47.57,w8a8_dynamic
dynamic,MIX_AIC,"128,512;16384,512",INT8;INT8,ND;ND,"128,16384",DT_BF16,ND,47.35,w8a8_dynamic
dynamic,MIX_AIC,"128,1024;16384,1024",INT8;INT8,ND;ND,"128,16384",DT_BF16,ND,47.22,w8a8_dynamic
dynamic,MIX_AIC,"128,2048;16384,2048",INT8;INT8,ND;ND,"128,16384",DT_BF16,ND,48.84,w8a8_dynamic
dynamic,MIX_AIC,"128,4096;16384,4096",INT8;INT8,ND;ND,"128,16384",DT_BF16,ND,70.98,w8a8_dynamic
dynamic,MIX_AIC,"128,7168;16384,7168",INT8;INT8,ND;ND,"128,16384",DT_BF16,ND,104.18,w8a8_dynamic
dynamic,MIX_AIC,"128,8192;16384,8192",INT8;INT8,ND;ND,"128,16384",DT_BF16,ND,118.90,w8a8_dynamic
dynamic,MIX_AIC,"128,12288;16384,12288",INT8;INT8,ND;ND,"128,16384",DT_BF16,ND,157.43,w8a8_dynamic
dynamic,MIX_AIC,"128,16384;16384,16384",INT8;INT8,ND;ND,"128,16384",DT_BF16,ND,200.32,w8a8_dynamic
dynamic,MIX_AIC,"256,256;256,256",INT8;INT8,ND;ND,"256,256",DT_BF16,ND,46.77,w8a8_dynamic
dynamic,MIX_AIC,"256,512;256,512",INT8;INT8,ND;ND,"256,256",DT_BF16,ND,47.19,w8a8_dynamic
dynamic,MIX_AIC,"256,1024;256,1024",INT8;INT8,ND;ND,"256,256",DT_BF16,ND,46.85,w8a8_dynamic
dynamic,MIX_AIC,"256,2048;256,2048",INT8;INT8,ND;ND,"256,256",DT_BF16,ND,47.08,w8a8_dynamic
dynamic,MIX_AIC,"256,4096;256,4096",INT8;INT8,ND;ND,"256,256",DT_BF16,ND,46.92,w8a8_dynamic
dynamic,MIX_AIC,"256,7168;256,7168",INT8;INT8,ND;ND,"256,256",DT_BF16,ND,46.88,w8a8_dynamic
dynamic,MIX_AIC,"256,8192;256,8192",INT8;INT8,ND;ND,"256,256",DT_BF16,ND,46.93,w8a8_dynamic
dynamic,MIX_AIC,"256,12288;256,12288",INT8;INT8,ND;ND,"256,256",DT_BF16,ND,47.88,w8a8_dynamic
dynamic,MIX_AIC,"256,16384;256,16384",INT8;INT8,ND;ND,"256,256",DT_BF16,ND,47.19,w8a8_dynamic
dynamic,MIX_AIC,"256,256;512,256",INT8;INT8,ND;ND,"256,512",DT_BF16,ND,47.00,w8a8_dynamic
dynamic,MIX_AIC,"256,512;512,512",INT8;INT8,ND;ND,"256,512",DT_BF16,ND,46.34,w8a8_dynamic
dynamic,MIX_AIC,"256,1024;512,1024",INT8;INT8,ND;ND,"256,512",DT_BF16,ND,46.36,w8a8_dynamic
dynamic,MIX_AIC,"256,2048;512,2048",INT8;INT8,ND;ND,"256,512",DT_BF16,ND,46.30,w8a8_dynamic
dynamic,MIX_AIC,"256,4096;512,4096",INT8;INT8,ND;ND,"256,512",DT_BF16,ND,46.05,w8a8_dynamic
dynamic,MIX_AIC,"256,7168;512,7168",INT8;INT8,ND;ND,"256,512",DT_BF16,ND,46.57,w8a8_dynamic
dynamic,MIX_AIC,"256,8192;512,8192",INT8;INT8,ND;ND,"256,512",DT_BF16,ND,46.70,w8a8_dynamic
dynamic,MIX_AIC,"256,12288;512,12288",INT8;INT8,ND;ND,"256,512",DT_BF16,ND,46.69,w8a8_dynamic
dynamic,MIX_AIC,"256,16384;512,16384",INT8;INT8,ND;ND,"256,512",DT_BF16,ND,50.94,w8a8_dynamic
dynamic,MIX_AIC,"256,256;1024,256",INT8;INT8,ND;ND,"256,1024",DT_BF16,ND,46.26,w8a8_dynamic
dynamic,MIX_AIC,"256,512;1024,512",INT8;INT8,ND;ND,"256,1024",DT_BF16,ND,46.13,w8a8_dynamic
dynamic,MIX_AIC,"256,1024;1024,1024",INT8;INT8,ND;ND,"256,1024",DT_BF16,ND,45.91,w8a8_dynamic
dynamic,MIX_AIC,"256,2048;1024,2048",INT8;INT8,ND;ND,"256,1024",DT_BF16,ND,46.07,w8a8_dynamic
dynamic,MIX_AIC,"256,4096;1024,4096",INT8;INT8,ND;ND,"256,1024",DT_BF16,ND,46.66,w8a8_dynamic
dynamic,MIX_AIC,"256,7168;1024,7168",INT8;INT8,ND;ND,"256,1024",DT_BF16,ND,45.85,w8a8_dynamic
dynamic,MIX_AIC,"256,8192;1024,8192",INT8;INT8,ND;ND,"256,1024",DT_BF16,ND,46.89,w8a8_dynamic
dynamic,MIX_AIC,"256,12288;1024,12288",INT8;INT8,ND;ND,"256,1024",DT_BF16,ND,56.41,w8a8_dynamic
dynamic,MIX_AIC,"256,16384;1024,16384",INT8;INT8,ND;ND,"256,1024",DT_BF16,ND,65.43,w8a8_dynamic
dynamic,MIX_AIC,"256,256;2048,256",INT8;INT8,ND;ND,"256,2048",DT_BF16,ND,46.40,w8a8_dynamic
dynamic,MIX_AIC,"256,512;2048,512",INT8;INT8,ND;ND,"256,2048",DT_BF16,ND,46.65,w8a8_dynamic
dynamic,MIX_AIC,"256,1024;2048,1024",INT8;INT8,ND;ND,"256,2048",DT_BF16,ND,46.22,w8a8_dynamic
dynamic,MIX_AIC,"256,2048;2048,2048",INT8;INT8,ND;ND,"256,2048",DT_BF16,ND,46.96,w8a8_dynamic
dynamic,MIX_AIC,"256,4096;2048,4096",INT8;INT8,ND;ND,"256,2048",DT_BF16,ND,46.17,w8a8_dynamic
dynamic,MIX_AIC,"256,7168;2048,7168",INT8;INT8,ND;ND,"256,2048",DT_BF16,ND,51.26,w8a8_dynamic
dynamic,MIX_AIC,"256,8192;2048,8192",INT8;INT8,ND;ND,"256,2048",DT_BF16,ND,53.66,w8a8_dynamic
dynamic,MIX_AIC,"256,12288;2048,12288",INT8;INT8,ND;ND,"256,2048",DT_BF16,ND,66.91,w8a8_dynamic
dynamic,MIX_AIC,"256,16384;2048,16384",INT8;INT8,ND;ND,"256,2048",DT_BF16,ND,78.61,w8a8_dynamic
dynamic,MIX_AIC,"256,256;4096,256",INT8;INT8,ND;ND,"256,4096",DT_BF16,ND,46.93,w8a8_dynamic
dynamic,MIX_AIC,"256,512;4096,512",INT8;INT8,ND;ND,"256,4096",DT_BF16,ND,46.98,w8a8_dynamic
dynamic,MIX_AIC,"256,1024;4096,1024",INT8;INT8,ND;ND,"256,4096",DT_BF16,ND,47.11,w8a8_dynamic
dynamic,MIX_AIC,"256,2048;4096,2048",INT8;INT8,ND;ND,"256,4096",DT_BF16,ND,46.75,w8a8_dynamic
dynamic,MIX_AIC,"256,4096;4096,4096",INT8;INT8,ND;ND,"256,4096",DT_BF16,ND,52.11,w8a8_dynamic
dynamic,MIX_AIC,"256,7168;4096,7168",INT8;INT8,ND;ND,"256,4096",DT_BF16,ND,79.21,w8a8_dynamic
dynamic,MIX_AIC,"256,8192;4096,8192",INT8;INT8,ND;ND,"256,4096",DT_BF16,ND,88.67,w8a8_dynamic
dynamic,MIX_AIC,"256,12288;4096,12288",INT8;INT8,ND;ND,"256,4096",DT_BF16,ND,124.17,w8a8_dynamic
dynamic,MIX_AIC,"256,16384;4096,16384",INT8;INT8,ND;ND,"256,4096",DT_BF16,ND,154.65,w8a8_dynamic
dynamic,MIX_AIC,"256,256;7168,256",INT8;INT8,ND;ND,"256,7168",DT_BF16,ND,50.23,w8a8_dynamic
dynamic,MIX_AIC,"256,512;7168,512",INT8;INT8,ND;ND,"256,7168",DT_BF16,ND,47.18,w8a8_dynamic
dynamic,MIX_AIC,"256,1024;7168,1024",INT8;INT8,ND;ND,"256,7168",DT_BF16,ND,51.23,w8a8_dynamic
dynamic,MIX_AIC,"256,2048;7168,2048",INT8;INT8,ND;ND,"256,7168",DT_BF16,ND,55.28,w8a8_dynamic
dynamic,MIX_AIC,"256,4096;7168,4096",INT8;INT8,ND;ND,"256,7168",DT_BF16,ND,59.36,w8a8_dynamic
dynamic,MIX_AIC,"256,7168;7168,7168",INT8;INT8,ND;ND,"256,7168",DT_BF16,ND,83.99,w8a8_dynamic
dynamic,MIX_AIC,"256,8192;7168,8192",INT8;INT8,ND;ND,"256,7168",DT_BF16,ND,91.17,w8a8_dynamic
dynamic,MIX_AIC,"256,12288;7168,12288",INT8;INT8,ND;ND,"256,7168",DT_BF16,ND,122.24,w8a8_dynamic
dynamic,MIX_AIC,"256,16384;7168,16384",INT8;INT8,ND;ND,"256,7168",DT_BF16,ND,155.73,w8a8_dynamic
dynamic,MIX_AIC,"256,256;8192,256",INT8;INT8,ND;ND,"256,8192",DT_BF16,ND,46.96,w8a8_dynamic
dynamic,MIX_AIC,"256,512;8192,512",INT8;INT8,ND;ND,"256,8192",DT_BF16,ND,47.04,w8a8_dynamic
dynamic,MIX_AIC,"256,1024;8192,1024",INT8;INT8,ND;ND,"256,8192",DT_BF16,ND,47.06,w8a8_dynamic
dynamic,MIX_AIC,"256,2048;8192,2048",INT8;INT8,ND;ND,"256,8192",DT_BF16,ND,51.11,w8a8_dynamic
dynamic,MIX_AIC,"256,4096;8192,4096",INT8;INT8,ND;ND,"256,8192",DT_BF16,ND,61.16,w8a8_dynamic
dynamic,MIX_AIC,"256,7168;8192,7168",INT8;INT8,ND;ND,"256,8192",DT_BF16,ND,86.34,w8a8_dynamic
dynamic,MIX_AIC,"256,8192;8192,8192",INT8;INT8,ND;ND,"256,8192",DT_BF16,ND,93.83,w8a8_dynamic
dynamic,MIX_AIC,"256,12288;8192,12288",INT8;INT8,ND;ND,"256,8192",DT_BF16,ND,125.24,w8a8_dynamic
dynamic,MIX_AIC,"256,16384;8192,16384",INT8;INT8,ND;ND,"256,8192",DT_BF16,ND,158.52,w8a8_dynamic
dynamic,MIX_AIC,"256,256;12288,256",INT8;INT8,ND;ND,"256,12288",DT_BF16,ND,50.10,w8a8_dynamic
dynamic,MIX_AIC,"256,512;12288,512",INT8;INT8,ND;ND,"256,12288",DT_BF16,ND,51.74,w8a8_dynamic
dynamic,MIX_AIC,"256,1024;12288,1024",INT8;INT8,ND;ND,"256,12288",DT_BF16,ND,47.73,w8a8_dynamic
dynamic,MIX_AIC,"256,2048;12288,2048",INT8;INT8,ND;ND,"256,12288",DT_BF16,ND,58.93,w8a8_dynamic
dynamic,MIX_AIC,"256,4096;12288,4096",INT8;INT8,ND;ND,"256,12288",DT_BF16,ND,74.86,w8a8_dynamic
dynamic,MIX_AIC,"256,7168;12288,7168",INT8;INT8,ND;ND,"256,12288",DT_BF16,ND,106.69,w8a8_dynamic
dynamic,MIX_AIC,"256,8192;12288,8192",INT8;INT8,ND;ND,"256,12288",DT_BF16,ND,118.85,w8a8_dynamic
dynamic,MIX_AIC,"256,12288;12288,12288",INT8;INT8,ND;ND,"256,12288",DT_BF16,ND,159.10,w8a8_dynamic
dynamic,MIX_AIC,"256,16384;12288,16384",INT8;INT8,ND;ND,"256,12288",DT_BF16,ND,203.99,w8a8_dynamic
dynamic,MIX_AIC,"256,256;16384,256",INT8;INT8,ND;ND,"256,16384",DT_BF16,ND,48.76,w8a8_dynamic
dynamic,MIX_AIC,"256,512;16384,512",INT8;INT8,ND;ND,"256,16384",DT_BF16,ND,50.54,w8a8_dynamic
dynamic,MIX_AIC,"256,1024;16384,1024",INT8;INT8,ND;ND,"256,16384",DT_BF16,ND,53.96,w8a8_dynamic
dynamic,MIX_AIC,"256,2048;16384,2048",INT8;INT8,ND;ND,"256,16384",DT_BF16,ND,70.32,w8a8_dynamic
dynamic,MIX_AIC,"256,4096;16384,4096",INT8;INT8,ND;ND,"256,16384",DT_BF16,ND,95.27,w8a8_dynamic
dynamic,MIX_AIC,"256,7168;16384,7168",INT8;INT8,ND;ND,"256,16384",DT_BF16,ND,141.30,w8a8_dynamic
dynamic,MIX_AIC,"256,8192;16384,8192",INT8;INT8,ND;ND,"256,16384",DT_BF16,ND,157.95,w8a8_dynamic
dynamic,MIX_AIC,"256,12288;16384,12288",INT8;INT8,ND;ND,"256,16384",DT_BF16,ND,218.20,w8a8_dynamic
dynamic,MIX_AIC,"256,16384;16384,16384",INT8;INT8,ND;ND,"256,16384",DT_BF16,ND,284.33,w8a8_dynamic
dynamic,MIX_AIC,"512,256;256,256",INT8;INT8,ND;ND,"512,256",DT_BF16,ND,46.66,w8a8_dynamic
dynamic,MIX_AIC,"512,512;256,512",INT8;INT8,ND;ND,"512,256",DT_BF16,ND,45.85,w8a8_dynamic
dynamic,MIX_AIC,"512,1024;256,1024",INT8;INT8,ND;ND,"512,256",DT_BF16,ND,45.28,w8a8_dynamic
dynamic,MIX_AIC,"512,2048;256,2048",INT8;INT8,ND;ND,"512,256",DT_BF16,ND,48.80,w8a8_dynamic
dynamic,MIX_AIC,"512,4096;256,4096",INT8;INT8,ND;ND,"512,256",DT_BF16,ND,56.53,w8a8_dynamic
dynamic,MIX_AIC,"512,7168;256,7168",INT8;INT8,ND;ND,"512,256",DT_BF16,ND,47.29,w8a8_dynamic
dynamic,MIX_AIC,"512,8192;256,8192",INT8;INT8,ND;ND,"512,256",DT_BF16,ND,47.35,w8a8_dynamic
dynamic,MIX_AIC,"512,12288;256,12288",INT8;INT8,ND;ND,"512,256",DT_BF16,ND,52.17,w8a8_dynamic
dynamic,MIX_AIC,"512,16384;256,16384",INT8;INT8,ND;ND,"512,256",DT_BF16,ND,59.55,w8a8_dynamic
dynamic,MIX_AIC,"512,256;512,256",INT8;INT8,ND;ND,"512,512",DT_BF16,ND,47.04,w8a8_dynamic
dynamic,MIX_AIC,"512,512;512,512",INT8;INT8,ND;ND,"512,512",DT_BF16,ND,47.30,w8a8_dynamic
dynamic,MIX_AIC,"512,1024;512,1024",INT8;INT8,ND;ND,"512,512",DT_BF16,ND,46.94,w8a8_dynamic
dynamic,MIX_AIC,"512,2048;512,2048",INT8;INT8,ND;ND,"512,512",DT_BF16,ND,46.87,w8a8_dynamic
dynamic,MIX_AIC,"512,4096;512,4096",INT8;INT8,ND;ND,"512,512",DT_BF16,ND,47.42,w8a8_dynamic
dynamic,MIX_AIC,"512,7168;512,7168",INT8;INT8,ND;ND,"512,512",DT_BF16,ND,53.92,w8a8_dynamic
dynamic,MIX_AIC,"512,8192;512,8192",INT8;INT8,ND;ND,"512,512",DT_BF16,ND,51.04,w8a8_dynamic
dynamic,MIX_AIC,"512,12288;512,12288",INT8;INT8,ND;ND,"512,512",DT_BF16,ND,62.78,w8a8_dynamic
dynamic,MIX_AIC,"512,16384;512,16384",INT8;INT8,ND;ND,"512,512",DT_BF16,ND,74.56,w8a8_dynamic
dynamic,MIX_AIC,"512,256;1024,256",INT8;INT8,ND;ND,"512,1024",DT_BF16,ND,46.79,w8a8_dynamic
dynamic,MIX_AIC,"512,512;1024,512",INT8;INT8,ND;ND,"512,1024",DT_BF16,ND,46.39,w8a8_dynamic
dynamic,MIX_AIC,"512,1024;1024,1024",INT8;INT8,ND;ND,"512,1024",DT_BF16,ND,47.04,w8a8_dynamic
dynamic,MIX_AIC,"512,2048;1024,2048",INT8;INT8,ND;ND,"512,1024",DT_BF16,ND,47.08,w8a8_dynamic
dynamic,MIX_AIC,"512,4096;1024,4096",INT8;INT8,ND;ND,"512,1024",DT_BF16,ND,49.12,w8a8_dynamic
dynamic,MIX_AIC,"512,7168;1024,7168",INT8;INT8,ND;ND,"512,1024",DT_BF16,ND,61.50,w8a8_dynamic
dynamic,MIX_AIC,"512,8192;1024,8192",INT8;INT8,ND;ND,"512,1024",DT_BF16,ND,66.24,w8a8_dynamic
dynamic,MIX_AIC,"512,12288;1024,12288",INT8;INT8,ND;ND,"512,1024",DT_BF16,ND,81.47,w8a8_dynamic
dynamic,MIX_AIC,"512,16384;1024,16384",INT8;INT8,ND;ND,"512,1024",DT_BF16,ND,95.99,w8a8_dynamic
dynamic,MIX_AIC,"512,256;2048,256",INT8;INT8,ND;ND,"512,2048",DT_BF16,ND,46.77,w8a8_dynamic
dynamic,MIX_AIC,"512,512;2048,512",INT8;INT8,ND;ND,"512,2048",DT_BF16,ND,47.15,w8a8_dynamic
dynamic,MIX_AIC,"512,1024;2048,1024",INT8;INT8,ND;ND,"512,2048",DT_BF16,ND,47.31,w8a8_dynamic
dynamic,MIX_AIC,"512,2048;2048,2048",INT8;INT8,ND;ND,"512,2048",DT_BF16,ND,47.60,w8a8_dynamic
dynamic,MIX_AIC,"512,4096;2048,4096",INT8;INT8,ND;ND,"512,2048",DT_BF16,ND,56.03,w8a8_dynamic
dynamic,MIX_AIC,"512,7168;2048,7168",INT8;INT8,ND;ND,"512,2048",DT_BF16,ND,73.64,w8a8_dynamic
dynamic,MIX_AIC,"512,8192;2048,8192",INT8;INT8,ND;ND,"512,2048",DT_BF16,ND,78.56,w8a8_dynamic
dynamic,MIX_AIC,"512,12288;2048,12288",INT8;INT8,ND;ND,"512,2048",DT_BF16,ND,103.28,w8a8_dynamic
dynamic,MIX_AIC,"512,16384;2048,16384",INT8;INT8,ND;ND,"512,2048",DT_BF16,ND,130.25,w8a8_dynamic
dynamic,MIX_AIC,"512,256;4096,256",INT8;INT8,ND;ND,"512,4096",DT_BF16,ND,47.40,w8a8_dynamic
dynamic,MIX_AIC,"512,512;4096,512",INT8;INT8,ND;ND,"512,4096",DT_BF16,ND,47.17,w8a8_dynamic
dynamic,MIX_AIC,"512,1024;4096,1024",INT8;INT8,ND;ND,"512,4096",DT_BF16,ND,47.65,w8a8_dynamic
dynamic,MIX_AIC,"512,2048;4096,2048",INT8;INT8,ND;ND,"512,4096",DT_BF16,ND,52.84,w8a8_dynamic
dynamic,MIX_AIC,"512,4096;4096,4096",INT8;INT8,ND;ND,"512,4096",DT_BF16,ND,67.59,w8a8_dynamic
dynamic,MIX_AIC,"512,7168;4096,7168",INT8;INT8,ND;ND,"512,4096",DT_BF16,ND,94.06,w8a8_dynamic
dynamic,MIX_AIC,"512,8192;4096,8192",INT8;INT8,ND;ND,"512,4096",DT_BF16,ND,102.76,w8a8_dynamic
dynamic,MIX_AIC,"512,12288;4096,12288",INT8;INT8,ND;ND,"512,4096",DT_BF16,ND,140.83,w8a8_dynamic
dynamic,MIX_AIC,"512,16384;4096,16384",INT8;INT8,ND;ND,"512,4096",DT_BF16,ND,174.92,w8a8_dynamic
dynamic,MIX_AIC,"512,256;7168,256",INT8;INT8,ND;ND,"512,7168",DT_BF16,ND,55.60,w8a8_dynamic
dynamic,MIX_AIC,"512,512;7168,512",INT8;INT8,ND;ND,"512,7168",DT_BF16,ND,57.06,w8a8_dynamic
dynamic,MIX_AIC,"512,1024;7168,1024",INT8;INT8,ND;ND,"512,7168",DT_BF16,ND,54.53,w8a8_dynamic
dynamic,MIX_AIC,"512,2048;7168,2048",INT8;INT8,ND;ND,"512,7168",DT_BF16,ND,62.99,w8a8_dynamic
dynamic,MIX_AIC,"512,4096;7168,4096",INT8;INT8,ND;ND,"512,7168",DT_BF16,ND,89.61,w8a8_dynamic
dynamic,MIX_AIC,"512,7168;7168,7168",INT8;INT8,ND;ND,"512,7168",DT_BF16,ND,141.98,w8a8_dynamic
dynamic,MIX_AIC,"512,8192;7168,8192",INT8;INT8,ND;ND,"512,7168",DT_BF16,ND,157.51,w8a8_dynamic
dynamic,MIX_AIC,"512,12288;7168,12288",INT8;INT8,ND;ND,"512,7168",DT_BF16,ND,218.82,w8a8_dynamic
dynamic,MIX_AIC,"512,16384;7168,16384",INT8;INT8,ND;ND,"512,7168",DT_BF16,ND,261.58,w8a8_dynamic
dynamic,MIX_AIC,"512,256;8192,256",INT8;INT8,ND;ND,"512,8192",DT_BF16,ND,51.89,w8a8_dynamic
dynamic,MIX_AIC,"512,512;8192,512",INT8;INT8,ND;ND,"512,8192",DT_BF16,ND,52.86,w8a8_dynamic
dynamic,MIX_AIC,"512,1024;8192,1024",INT8;INT8,ND;ND,"512,8192",DT_BF16,ND,56.32,w8a8_dynamic
dynamic,MIX_AIC,"512,2048;8192,2048",INT8;INT8,ND;ND,"512,8192",DT_BF16,ND,68.26,w8a8_dynamic
dynamic,MIX_AIC,"512,4096;8192,4096",INT8;INT8,ND;ND,"512,8192",DT_BF16,ND,103.59,w8a8_dynamic
dynamic,MIX_AIC,"512,7168;8192,7168",INT8;INT8,ND;ND,"512,8192",DT_BF16,ND,159.14,w8a8_dynamic
dynamic,MIX_AIC,"512,8192;8192,8192",INT8;INT8,ND;ND,"512,8192",DT_BF16,ND,177.12,w8a8_dynamic
dynamic,MIX_AIC,"512,12288;8192,12288",INT8;INT8,ND;ND,"512,8192",DT_BF16,ND,234.82,w8a8_dynamic
dynamic,MIX_AIC,"512,16384;8192,16384",INT8;INT8,ND;ND,"512,8192",DT_BF16,ND,301.61,w8a8_dynamic
dynamic,MIX_AIC,"512,256;12288,256",INT8;INT8,ND;ND,"512,12288",DT_BF16,ND,72.97,w8a8_dynamic
dynamic,MIX_AIC,"512,512;12288,512",INT8;INT8,ND;ND,"512,12288",DT_BF16,ND,75.49,w8a8_dynamic
dynamic,MIX_AIC,"512,1024;12288,1024",INT8;INT8,ND;ND,"512,12288",DT_BF16,ND,66.54,w8a8_dynamic
dynamic,MIX_AIC,"512,2048;12288,2048",INT8;INT8,ND;ND,"512,12288",DT_BF16,ND,86.28,w8a8_dynamic
dynamic,MIX_AIC,"512,4096;12288,4096",INT8;INT8,ND;ND,"512,12288",DT_BF16,ND,126.65,w8a8_dynamic
dynamic,MIX_AIC,"512,7168;12288,7168",INT8;INT8,ND;ND,"512,12288",DT_BF16,ND,191.12,w8a8_dynamic
dynamic,MIX_AIC,"512,8192;12288,8192",INT8;INT8,ND;ND,"512,12288",DT_BF16,ND,216.67,w8a8_dynamic
dynamic,MIX_AIC,"512,12288;12288,12288",INT8;INT8,ND;ND,"512,12288",DT_BF16,ND,316.47,w8a8_dynamic
dynamic,MIX_AIC,"512,16384;12288,16384",INT8;INT8,ND;ND,"512,12288",DT_BF16,ND,425.07,w8a8_dynamic
dynamic,MIX_AIC,"512,256;16384,256",INT8;INT8,ND;ND,"512,16384",DT_BF16,ND,72.02,w8a8_dynamic
dynamic,MIX_AIC,"512,512;16384,512",INT8;INT8,ND;ND,"512,16384",DT_BF16,ND,72.92,w8a8_dynamic
dynamic,MIX_AIC,"512,1024;16384,1024",INT8;INT8,ND;ND,"512,16384",DT_BF16,ND,80.22,w8a8_dynamic
dynamic,MIX_AIC,"512,2048;16384,2048",INT8;INT8,ND;ND,"512,16384",DT_BF16,ND,104.07,w8a8_dynamic
dynamic,MIX_AIC,"512,4096;16384,4096",INT8;INT8,ND;ND,"512,16384",DT_BF16,ND,162.98,w8a8_dynamic
dynamic,MIX_AIC,"512,7168;16384,7168",INT8;INT8,ND;ND,"512,16384",DT_BF16,ND,255.96,w8a8_dynamic
dynamic,MIX_AIC,"512,8192;16384,8192",INT8;INT8,ND;ND,"512,16384",DT_BF16,ND,289.88,w8a8_dynamic
dynamic,MIX_AIC,"512,12288;16384,12288",INT8;INT8,ND;ND,"512,16384",DT_BF16,ND,440.75,w8a8_dynamic
dynamic,MIX_AIC,"512,16384;16384,16384",INT8;INT8,ND;ND,"512,16384",DT_BF16,ND,570.20,w8a8_dynamic
dynamic,MIX_AIC,"1024,256;256,256",INT8;INT8,ND;ND,"1024,256",DT_BF16,ND,47.51,w8a8_dynamic
dynamic,MIX_AIC,"1024,512;256,512",INT8;INT8,ND;ND,"1024,256",DT_BF16,ND,46.95,w8a8_dynamic
dynamic,MIX_AIC,"1024,1024;256,1024",INT8;INT8,ND;ND,"1024,256",DT_BF16,ND,47.13,w8a8_dynamic
dynamic,MIX_AIC,"1024,2048;256,2048",INT8;INT8,ND;ND,"1024,256",DT_BF16,ND,47.54,w8a8_dynamic
dynamic,MIX_AIC,"1024,4096;256,4096",INT8;INT8,ND;ND,"1024,256",DT_BF16,ND,46.80,w8a8_dynamic
dynamic,MIX_AIC,"1024,7168;256,7168",INT8;INT8,ND;ND,"1024,256",DT_BF16,ND,57.43,w8a8_dynamic
dynamic,MIX_AIC,"1024,8192;256,8192",INT8;INT8,ND;ND,"1024,256",DT_BF16,ND,61.25,w8a8_dynamic
dynamic,MIX_AIC,"1024,12288;256,12288",INT8;INT8,ND;ND,"1024,256",DT_BF16,ND,77.26,w8a8_dynamic
dynamic,MIX_AIC,"1024,16384;256,16384",INT8;INT8,ND;ND,"1024,256",DT_BF16,ND,92.79,w8a8_dynamic
dynamic,MIX_AIC,"1024,256;512,256",INT8;INT8,ND;ND,"1024,512",DT_BF16,ND,46.63,w8a8_dynamic
dynamic,MIX_AIC,"1024,512;512,512",INT8;INT8,ND;ND,"1024,512",DT_BF16,ND,46.88,w8a8_dynamic
dynamic,MIX_AIC,"1024,1024;512,1024",INT8;INT8,ND;ND,"1024,512",DT_BF16,ND,46.52,w8a8_dynamic
dynamic,MIX_AIC,"1024,2048;512,2048",INT8;INT8,ND;ND,"1024,512",DT_BF16,ND,46.86,w8a8_dynamic
dynamic,MIX_AIC,"1024,4096;512,4096",INT8;INT8,ND;ND,"1024,512",DT_BF16,ND,54.51,w8a8_dynamic
dynamic,MIX_AIC,"1024,7168;512,7168",INT8;INT8,ND;ND,"1024,512",DT_BF16,ND,69.64,w8a8_dynamic
dynamic,MIX_AIC,"1024,8192;512,8192",INT8;INT8,ND;ND,"1024,512",DT_BF16,ND,73.73,w8a8_dynamic
dynamic,MIX_AIC,"1024,12288;512,12288",INT8;INT8,ND;ND,"1024,512",DT_BF16,ND,94.31,w8a8_dynamic
dynamic,MIX_AIC,"1024,16384;512,16384",INT8;INT8,ND;ND,"1024,512",DT_BF16,ND,113.82,w8a8_dynamic
dynamic,MIX_AIC,"1024,256;1024,256",INT8;INT8,ND;ND,"1024,1024",DT_BF16,ND,47.10,w8a8_dynamic
dynamic,MIX_AIC,"1024,512;1024,512",INT8;INT8,ND;ND,"1024,1024",DT_BF16,ND,47.45,w8a8_dynamic
dynamic,MIX_AIC,"1024,1024;1024,1024",INT8;INT8,ND;ND,"1024,1024",DT_BF16,ND,47.61,w8a8_dynamic
dynamic,MIX_AIC,"1024,2048;1024,2048",INT8;INT8,ND;ND,"1024,1024",DT_BF16,ND,49.49,w8a8_dynamic
dynamic,MIX_AIC,"1024,4096;1024,4096",INT8;INT8,ND;ND,"1024,1024",DT_BF16,ND,62.42,w8a8_dynamic
dynamic,MIX_AIC,"1024,7168;1024,7168",INT8;INT8,ND;ND,"1024,1024",DT_BF16,ND,82.21,w8a8_dynamic
dynamic,MIX_AIC,"1024,8192;1024,8192",INT8;INT8,ND;ND,"1024,1024",DT_BF16,ND,88.43,w8a8_dynamic
dynamic,MIX_AIC,"1024,12288;1024,12288",INT8;INT8,ND;ND,"1024,1024",DT_BF16,ND,117.07,w8a8_dynamic
dynamic,MIX_AIC,"1024,16384;1024,16384",INT8;INT8,ND;ND,"1024,1024",DT_BF16,ND,141.78,w8a8_dynamic
dynamic,MIX_AIC,"1024,256;2048,256",INT8;INT8,ND;ND,"1024,2048",DT_BF16,ND,47.45,w8a8_dynamic
dynamic,MIX_AIC,"1024,512;2048,512",INT8;INT8,ND;ND,"1024,2048",DT_BF16,ND,49.59,w8a8_dynamic
dynamic,MIX_AIC,"1024,1024;2048,1024",INT8;INT8,ND;ND,"1024,2048",DT_BF16,ND,50.14,w8a8_dynamic
dynamic,MIX_AIC,"1024,2048;2048,2048",INT8;INT8,ND;ND,"1024,2048",DT_BF16,ND,56.98,w8a8_dynamic
dynamic,MIX_AIC,"1024,4096;2048,4096",INT8;INT8,ND;ND,"1024,2048",DT_BF16,ND,73.04,w8a8_dynamic
dynamic,MIX_AIC,"1024,7168;2048,7168",INT8;INT8,ND;ND,"1024,2048",DT_BF16,ND,101.11,w8a8_dynamic
dynamic,MIX_AIC,"1024,8192;2048,8192",INT8;INT8,ND;ND,"1024,2048",DT_BF16,ND,108.96,w8a8_dynamic
dynamic,MIX_AIC,"1024,12288;2048,12288",INT8;INT8,ND;ND,"1024,2048",DT_BF16,ND,148.43,w8a8_dynamic
dynamic,MIX_AIC,"1024,16384;2048,16384",INT8;INT8,ND;ND,"1024,2048",DT_BF16,ND,191.99,w8a8_dynamic
dynamic,MIX_AIC,"1024,256;4096,256",INT8;INT8,ND;ND,"1024,4096",DT_BF16,ND,50.67,w8a8_dynamic
dynamic,MIX_AIC,"1024,512;4096,512",INT8;INT8,ND;ND,"1024,4096",DT_BF16,ND,52.13,w8a8_dynamic
dynamic,MIX_AIC,"1024,1024;4096,1024",INT8;INT8,ND;ND,"1024,4096",DT_BF16,ND,60.13,w8a8_dynamic
dynamic,MIX_AIC,"1024,2048;4096,2048",INT8;INT8,ND;ND,"1024,4096",DT_BF16,ND,74.25,w8a8_dynamic
dynamic,MIX_AIC,"1024,4096;4096,4096",INT8;INT8,ND;ND,"1024,4096",DT_BF16,ND,103.88,w8a8_dynamic
dynamic,MIX_AIC,"1024,7168;4096,7168",INT8;INT8,ND;ND,"1024,4096",DT_BF16,ND,152.88,w8a8_dynamic
dynamic,MIX_AIC,"1024,8192;4096,8192",INT8;INT8,ND;ND,"1024,4096",DT_BF16,ND,169.98,w8a8_dynamic
dynamic,MIX_AIC,"1024,12288;4096,12288",INT8;INT8,ND;ND,"1024,4096",DT_BF16,ND,235.33,w8a8_dynamic
dynamic,MIX_AIC,"1024,16384;4096,16384",INT8;INT8,ND;ND,"1024,4096",DT_BF16,ND,309.14,w8a8_dynamic
dynamic,MIX_AIC,"1024,256;7168,256",INT8;INT8,ND;ND,"1024,7168",DT_BF16,ND,68.04,w8a8_dynamic
dynamic,MIX_AIC,"1024,512;7168,512",INT8;INT8,ND;ND,"1024,7168",DT_BF16,ND,71.32,w8a8_dynamic
dynamic,MIX_AIC,"1024,1024;7168,1024",INT8;INT8,ND;ND,"1024,7168",DT_BF16,ND,85.66,w8a8_dynamic
dynamic,MIX_AIC,"1024,2048;7168,2048",INT8;INT8,ND;ND,"1024,7168",DT_BF16,ND,97.42,w8a8_dynamic
dynamic,MIX_AIC,"1024,4096;7168,4096",INT8;INT8,ND;ND,"1024,7168",DT_BF16,ND,146.03,w8a8_dynamic
dynamic,MIX_AIC,"1024,7168;7168,7168",INT8;INT8,ND;ND,"1024,7168",DT_BF16,ND,226.28,w8a8_dynamic
dynamic,MIX_AIC,"1024,8192;7168,8192",INT8;INT8,ND;ND,"1024,7168",DT_BF16,ND,250.96,w8a8_dynamic
dynamic,MIX_AIC,"1024,12288;7168,12288",INT8;INT8,ND;ND,"1024,7168",DT_BF16,ND,354.12,w8a8_dynamic
dynamic,MIX_AIC,"1024,16384;7168,16384",INT8;INT8,ND;ND,"1024,7168",DT_BF16,ND,472.49,w8a8_dynamic
dynamic,MIX_AIC,"1024,256;8192,256",INT8;INT8,ND;ND,"1024,8192",DT_BF16,ND,71.71,w8a8_dynamic
dynamic,MIX_AIC,"1024,512;8192,512",INT8;INT8,ND;ND,"1024,8192",DT_BF16,ND,73.90,w8a8_dynamic
dynamic,MIX_AIC,"1024,1024;8192,1024",INT8;INT8,ND;ND,"1024,8192",DT_BF16,ND,84.24,w8a8_dynamic
dynamic,MIX_AIC,"1024,2048;8192,2048",INT8;INT8,ND;ND,"1024,8192",DT_BF16,ND,104.86,w8a8_dynamic
dynamic,MIX_AIC,"1024,4096;8192,4096",INT8;INT8,ND;ND,"1024,8192",DT_BF16,ND,160.82,w8a8_dynamic
dynamic,MIX_AIC,"1024,7168;8192,7168",INT8;INT8,ND;ND,"1024,8192",DT_BF16,ND,244.96,w8a8_dynamic
dynamic,MIX_AIC,"1024,8192;8192,8192",INT8;INT8,ND;ND,"1024,8192",DT_BF16,ND,273.85,w8a8_dynamic
dynamic,MIX_AIC,"1024,12288;8192,12288",INT8;INT8,ND;ND,"1024,8192",DT_BF16,ND,386.92,w8a8_dynamic
dynamic,MIX_AIC,"1024,16384;8192,16384",INT8;INT8,ND;ND,"1024,8192",DT_BF16,ND,514.42,w8a8_dynamic
dynamic,MIX_AIC,"1024,256;12288,256",INT8;INT8,ND;ND,"1024,12288",DT_BF16,ND,112.37,w8a8_dynamic
dynamic,MIX_AIC,"1024,512;12288,512",INT8;INT8,ND;ND,"1024,12288",DT_BF16,ND,89.82,w8a8_dynamic
dynamic,MIX_AIC,"1024,1024;12288,1024",INT8;INT8,ND;ND,"1024,12288",DT_BF16,ND,107.03,w8a8_dynamic
dynamic,MIX_AIC,"1024,2048;12288,2048",INT8;INT8,ND;ND,"1024,12288",DT_BF16,ND,133.46,w8a8_dynamic
dynamic,MIX_AIC,"1024,4096;12288,4096",INT8;INT8,ND;ND,"1024,12288",DT_BF16,ND,213.72,w8a8_dynamic
dynamic,MIX_AIC,"1024,7168;12288,7168",INT8;INT8,ND;ND,"1024,12288",DT_BF16,ND,345.56,w8a8_dynamic
dynamic,MIX_AIC,"1024,8192;12288,8192",INT8;INT8,ND;ND,"1024,12288",DT_BF16,ND,388.50,w8a8_dynamic
dynamic,MIX_AIC,"1024,12288;12288,12288",INT8;INT8,ND;ND,"1024,12288",DT_BF16,ND,581.36,w8a8_dynamic
dynamic,MIX_AIC,"1024,16384;12288,16384",INT8;INT8,ND;ND,"1024,12288",DT_BF16,ND,766.84,w8a8_dynamic
dynamic,MIX_AIC,"1024,256;16384,256",INT8;INT8,ND;ND,"1024,16384",DT_BF16,ND,111.09,w8a8_dynamic
dynamic,MIX_AIC,"1024,512;16384,512",INT8;INT8,ND;ND,"1024,16384",DT_BF16,ND,114.58,w8a8_dynamic
dynamic,MIX_AIC,"1024,1024;16384,1024",INT8;INT8,ND;ND,"1024,16384",DT_BF16,ND,133.94,w8a8_dynamic
dynamic,MIX_AIC,"1024,2048;16384,2048",INT8;INT8,ND;ND,"1024,16384",DT_BF16,ND,171.87,w8a8_dynamic
dynamic,MIX_AIC,"1024,4096;16384,4096",INT8;INT8,ND;ND,"1024,16384",DT_BF16,ND,278.59,w8a8_dynamic
dynamic,MIX_AIC,"1024,7168;16384,7168",INT8;INT8,ND;ND,"1024,16384",DT_BF16,ND,441.55,w8a8_dynamic
dynamic,MIX_AIC,"1024,8192;16384,8192",INT8;INT8,ND;ND,"1024,16384",DT_BF16,ND,495.26,w8a8_dynamic
dynamic,MIX_AIC,"1024,12288;16384,12288",INT8;INT8,ND;ND,"1024,16384",DT_BF16,ND,740.60,w8a8_dynamic
dynamic,MIX_AIC,"1024,16384;16384,16384",INT8;INT8,ND;ND,"1024,16384",DT_BF16,ND,986.72,w8a8_dynamic
dynamic,MIX_AIC,"2048,256;256,256",INT8;INT8,ND;ND,"2048,256",DT_BF16,ND,49.85,w8a8_dynamic
dynamic,MIX_AIC,"2048,512;256,512",INT8;INT8,ND;ND,"2048,256",DT_BF16,ND,51.40,w8a8_dynamic
dynamic,MIX_AIC,"2048,1024;256,1024",INT8;INT8,ND;ND,"2048,256",DT_BF16,ND,46.69,w8a8_dynamic
dynamic,MIX_AIC,"2048,2048;256,2048",INT8;INT8,ND;ND,"2048,256",DT_BF16,ND,48.54,w8a8_dynamic
dynamic,MIX_AIC,"2048,4096;256,4096",INT8;INT8,ND;ND,"2048,256",DT_BF16,ND,60.93,w8a8_dynamic
dynamic,MIX_AIC,"2048,7168;256,7168",INT8;INT8,ND;ND,"2048,256",DT_BF16,ND,81.40,w8a8_dynamic
dynamic,MIX_AIC,"2048,8192;256,8192",INT8;INT8,ND;ND,"2048,256",DT_BF16,ND,86.94,w8a8_dynamic
dynamic,MIX_AIC,"2048,12288;256,12288",INT8;INT8,ND;ND,"2048,256",DT_BF16,ND,112.48,w8a8_dynamic
dynamic,MIX_AIC,"2048,16384;256,16384",INT8;INT8,ND;ND,"2048,256",DT_BF16,ND,137.03,w8a8_dynamic
dynamic,MIX_AIC,"2048,256;512,256",INT8;INT8,ND;ND,"2048,512",DT_BF16,ND,48.72,w8a8_dynamic
dynamic,MIX_AIC,"2048,512;512,512",INT8;INT8,ND;ND,"2048,512",DT_BF16,ND,50.14,w8a8_dynamic
dynamic,MIX_AIC,"2048,1024;512,1024",INT8;INT8,ND;ND,"2048,512",DT_BF16,ND,48.90,w8a8_dynamic
dynamic,MIX_AIC,"2048,2048;512,2048",INT8;INT8,ND;ND,"2048,512",DT_BF16,ND,56.07,w8a8_dynamic
dynamic,MIX_AIC,"2048,4096;512,4096",INT8;INT8,ND;ND,"2048,512",DT_BF16,ND,74.38,w8a8_dynamic
dynamic,MIX_AIC,"2048,7168;512,7168",INT8;INT8,ND;ND,"2048,512",DT_BF16,ND,99.66,w8a8_dynamic
dynamic,MIX_AIC,"2048,8192;512,8192",INT8;INT8,ND;ND,"2048,512",DT_BF16,ND,108.78,w8a8_dynamic
dynamic,MIX_AIC,"2048,12288;512,12288",INT8;INT8,ND;ND,"2048,512",DT_BF16,ND,144.73,w8a8_dynamic
dynamic,MIX_AIC,"2048,16384;512,16384",INT8;INT8,ND;ND,"2048,512",DT_BF16,ND,179.41,w8a8_dynamic
dynamic,MIX_AIC,"2048,256;1024,256",INT8;INT8,ND;ND,"2048,1024",DT_BF16,ND,50.90,w8a8_dynamic
dynamic,MIX_AIC,"2048,512;1024,512",INT8;INT8,ND;ND,"2048,1024",DT_BF16,ND,52.70,w8a8_dynamic
dynamic,MIX_AIC,"2048,1024;1024,1024",INT8;INT8,ND;ND,"2048,1024",DT_BF16,ND,55.57,w8a8_dynamic
dynamic,MIX_AIC,"2048,2048;1024,2048",INT8;INT8,ND;ND,"2048,1024",DT_BF16,ND,63.72,w8a8_dynamic
dynamic,MIX_AIC,"2048,4096;1024,4096",INT8;INT8,ND;ND,"2048,1024",DT_BF16,ND,85.23,w8a8_dynamic
dynamic,MIX_AIC,"2048,7168;1024,7168",INT8;INT8,ND;ND,"2048,1024",DT_BF16,ND,118.06,w8a8_dynamic
dynamic,MIX_AIC,"2048,8192;1024,8192",INT8;INT8,ND;ND,"2048,1024",DT_BF16,ND,128.79,w8a8_dynamic
dynamic,MIX_AIC,"2048,12288;1024,12288",INT8;INT8,ND;ND,"2048,1024",DT_BF16,ND,174.92,w8a8_dynamic
dynamic,MIX_AIC,"2048,16384;1024,16384",INT8;INT8,ND;ND,"2048,1024",DT_BF16,ND,223.05,w8a8_dynamic
dynamic,MIX_AIC,"2048,256;2048,256",INT8;INT8,ND;ND,"2048,2048",DT_BF16,ND,53.67,w8a8_dynamic
dynamic,MIX_AIC,"2048,512;2048,512",INT8;INT8,ND;ND,"2048,2048",DT_BF16,ND,56.47,w8a8_dynamic
dynamic,MIX_AIC,"2048,1024;2048,1024",INT8;INT8,ND;ND,"2048,2048",DT_BF16,ND,67.00,w8a8_dynamic
dynamic,MIX_AIC,"2048,2048;2048,2048",INT8;INT8,ND;ND,"2048,2048",DT_BF16,ND,81.04,w8a8_dynamic
dynamic,MIX_AIC,"2048,4096;2048,4096",INT8;INT8,ND;ND,"2048,2048",DT_BF16,ND,131.81,w8a8_dynamic
dynamic,MIX_AIC,"2048,7168;2048,7168",INT8;INT8,ND;ND,"2048,2048",DT_BF16,ND,184.07,w8a8_dynamic
dynamic,MIX_AIC,"2048,8192;2048,8192",INT8;INT8,ND;ND,"2048,2048",DT_BF16,ND,201.62,w8a8_dynamic
dynamic,MIX_AIC,"2048,12288;2048,12288",INT8;INT8,ND;ND,"2048,2048",DT_BF16,ND,274.79,w8a8_dynamic
dynamic,MIX_AIC,"2048,16384;2048,16384",INT8;INT8,ND;ND,"2048,2048",DT_BF16,ND,351.59,w8a8_dynamic
dynamic,MIX_AIC,"2048,256;4096,256",INT8;INT8,ND;ND,"2048,4096",DT_BF16,ND,69.63,w8a8_dynamic
dynamic,MIX_AIC,"2048,512;4096,512",INT8;INT8,ND;ND,"2048,4096",DT_BF16,ND,77.99,w8a8_dynamic
dynamic,MIX_AIC,"2048,1024;4096,1024",INT8;INT8,ND;ND,"2048,4096",DT_BF16,ND,91.31,w8a8_dynamic
dynamic,MIX_AIC,"2048,2048;4096,2048",INT8;INT8,ND;ND,"2048,4096",DT_BF16,ND,111.96,w8a8_dynamic
dynamic,MIX_AIC,"2048,4096;4096,4096",INT8;INT8,ND;ND,"2048,4096",DT_BF16,ND,169.06,w8a8_dynamic
dynamic,MIX_AIC,"2048,7168;4096,7168",INT8;INT8,ND;ND,"2048,4096",DT_BF16,ND,260.84,w8a8_dynamic
dynamic,MIX_AIC,"2048,8192;4096,8192",INT8;INT8,ND;ND,"2048,4096",DT_BF16,ND,292.49,w8a8_dynamic
dynamic,MIX_AIC,"2048,12288;4096,12288",INT8;INT8,ND;ND,"2048,4096",DT_BF16,ND,413.13,w8a8_dynamic
dynamic,MIX_AIC,"2048,16384;4096,16384",INT8;INT8,ND;ND,"2048,4096",DT_BF16,ND,559.91,w8a8_dynamic
dynamic,MIX_AIC,"2048,256;7168,256",INT8;INT8,ND;ND,"2048,7168",DT_BF16,ND,105.26,w8a8_dynamic
dynamic,MIX_AIC,"2048,512;7168,512",INT8;INT8,ND;ND,"2048,7168",DT_BF16,ND,108.18,w8a8_dynamic
dynamic,MIX_AIC,"2048,1024;7168,1024",INT8;INT8,ND;ND,"2048,7168",DT_BF16,ND,128.20,w8a8_dynamic
dynamic,MIX_AIC,"2048,2048;7168,2048",INT8;INT8,ND;ND,"2048,7168",DT_BF16,ND,158.19,w8a8_dynamic
dynamic,MIX_AIC,"2048,4096;7168,4096",INT8;INT8,ND;ND,"2048,7168",DT_BF16,ND,256.95,w8a8_dynamic
dynamic,MIX_AIC,"2048,7168;7168,7168",INT8;INT8,ND;ND,"2048,7168",DT_BF16,ND,406.45,w8a8_dynamic
dynamic,MIX_AIC,"2048,8192;7168,8192",INT8;INT8,ND;ND,"2048,7168",DT_BF16,ND,457.37,w8a8_dynamic
dynamic,MIX_AIC,"2048,12288;7168,12288",INT8;INT8,ND;ND,"2048,7168",DT_BF16,ND,648.60,w8a8_dynamic
dynamic,MIX_AIC,"2048,16384;7168,16384",INT8;INT8,ND;ND,"2048,7168",DT_BF16,ND,899.89,w8a8_dynamic
dynamic,MIX_AIC,"2048,256;8192,256",INT8;INT8,ND;ND,"2048,8192",DT_BF16,ND,114.69,w8a8_dynamic
dynamic,MIX_AIC,"2048,512;8192,512",INT8;INT8,ND;ND,"2048,8192",DT_BF16,ND,118.82,w8a8_dynamic
dynamic,MIX_AIC,"2048,1024;8192,1024",INT8;INT8,ND;ND,"2048,8192",DT_BF16,ND,139.90,w8a8_dynamic
dynamic,MIX_AIC,"2048,2048;8192,2048",INT8;INT8,ND;ND,"2048,8192",DT_BF16,ND,174.33,w8a8_dynamic
dynamic,MIX_AIC,"2048,4096;8192,4096",INT8;INT8,ND;ND,"2048,8192",DT_BF16,ND,288.29,w8a8_dynamic
dynamic,MIX_AIC,"2048,7168;8192,7168",INT8;INT8,ND;ND,"2048,8192",DT_BF16,ND,453.10,w8a8_dynamic
dynamic,MIX_AIC,"2048,8192;8192,8192",INT8;INT8,ND;ND,"2048,8192",DT_BF16,ND,507.13,w8a8_dynamic
dynamic,MIX_AIC,"2048,12288;8192,12288",INT8;INT8,ND;ND,"2048,8192",DT_BF16,ND,738.79,w8a8_dynamic
dynamic,MIX_AIC,"2048,16384;8192,16384",INT8;INT8,ND;ND,"2048,8192",DT_BF16,ND,1028.57,w8a8_dynamic
dynamic,MIX_AIC,"2048,256;12288,256",INT8;INT8,ND;ND,"2048,12288",DT_BF16,ND,147.61,w8a8_dynamic
dynamic,MIX_AIC,"2048,512;12288,512",INT8;INT8,ND;ND,"2048,12288",DT_BF16,ND,150.61,w8a8_dynamic
dynamic,MIX_AIC,"2048,1024;12288,1024",INT8;INT8,ND;ND,"2048,12288",DT_BF16,ND,175.40,w8a8_dynamic
dynamic,MIX_AIC,"2048,2048;12288,2048",INT8;INT8,ND;ND,"2048,12288",DT_BF16,ND,233.62,w8a8_dynamic
dynamic,MIX_AIC,"2048,4096;12288,4096",INT8;INT8,ND;ND,"2048,12288",DT_BF16,ND,394.34,w8a8_dynamic
dynamic,MIX_AIC,"2048,7168;12288,7168",INT8;INT8,ND;ND,"2048,12288",DT_BF16,ND,654.93,w8a8_dynamic
dynamic,MIX_AIC,"2048,8192;12288,8192",INT8;INT8,ND;ND,"2048,12288",DT_BF16,ND,743.06,w8a8_dynamic
dynamic,MIX_AIC,"2048,12288;12288,12288",INT8;INT8,ND;ND,"2048,12288",DT_BF16,ND,1112.56,w8a8_dynamic
dynamic,MIX_AIC,"2048,16384;12288,16384",INT8;INT8,ND;ND,"2048,12288",DT_BF16,ND,1438.26,w8a8_dynamic
dynamic,MIX_AIC,"2048,256;16384,256",INT8;INT8,ND;ND,"2048,16384",DT_BF16,ND,187.28,w8a8_dynamic
dynamic,MIX_AIC,"2048,512;16384,512",INT8;INT8,ND;ND,"2048,16384",DT_BF16,ND,192.68,w8a8_dynamic
dynamic,MIX_AIC,"2048,1024;16384,1024",INT8;INT8,ND;ND,"2048,16384",DT_BF16,ND,219.94,w8a8_dynamic
dynamic,MIX_AIC,"2048,2048;16384,2048",INT8;INT8,ND;ND,"2048,16384",DT_BF16,ND,305.39,w8a8_dynamic
dynamic,MIX_AIC,"2048,4096;16384,4096",INT8;INT8,ND;ND,"2048,16384",DT_BF16,ND,510.88,w8a8_dynamic
dynamic,MIX_AIC,"2048,7168;16384,7168",INT8;INT8,ND;ND,"2048,16384",DT_BF16,ND,842.27,w8a8_dynamic
dynamic,MIX_AIC,"2048,8192;16384,8192",INT8;INT8,ND;ND,"2048,16384",DT_BF16,ND,962.48,w8a8_dynamic
dynamic,MIX_AIC,"2048,12288;16384,12288",INT8;INT8,ND;ND,"2048,16384",DT_BF16,ND,1381.68,w8a8_dynamic
dynamic,MIX_AIC,"2048,16384;16384,16384",INT8;INT8,ND;ND,"2048,16384",DT_BF16,ND,1903.52,w8a8_dynamic
dynamic,MIX_AIC,"4096,256;256,256",INT8;INT8,ND;ND,"4096,256",DT_BF16,ND,53.25,w8a8_dynamic
dynamic,MIX_AIC,"4096,512;256,512",INT8;INT8,ND;ND,"4096,256",DT_BF16,ND,53.83,w8a8_dynamic
dynamic,MIX_AIC,"4096,1024;256,1024",INT8;INT8,ND;ND,"4096,256",DT_BF16,ND,58.00,w8a8_dynamic
dynamic,MIX_AIC,"4096,2048;256,2048",INT8;INT8,ND;ND,"4096,256",DT_BF16,ND,71.22,w8a8_dynamic
dynamic,MIX_AIC,"4096,4096;256,4096",INT8;INT8,ND;ND,"4096,256",DT_BF16,ND,95.27,w8a8_dynamic
dynamic,MIX_AIC,"4096,7168;256,7168",INT8;INT8,ND;ND,"4096,256",DT_BF16,ND,133.79,w8a8_dynamic
dynamic,MIX_AIC,"4096,8192;256,8192",INT8;INT8,ND;ND,"4096,256",DT_BF16,ND,145.10,w8a8_dynamic
dynamic,MIX_AIC,"4096,12288;256,12288",INT8;INT8,ND;ND,"4096,256",DT_BF16,ND,196.64,w8a8_dynamic
dynamic,MIX_AIC,"4096,16384;256,16384",INT8;INT8,ND;ND,"4096,256",DT_BF16,ND,270.03,w8a8_dynamic
dynamic,MIX_AIC,"4096,256;512,256",INT8;INT8,ND;ND,"4096,512",DT_BF16,ND,71.99,w8a8_dynamic
dynamic,MIX_AIC,"4096,512;512,512",INT8;INT8,ND;ND,"4096,512",DT_BF16,ND,73.32,w8a8_dynamic
dynamic,MIX_AIC,"4096,1024;512,1024",INT8;INT8,ND;ND,"4096,512",DT_BF16,ND,65.46,w8a8_dynamic
dynamic,MIX_AIC,"4096,2048;512,2048",INT8;INT8,ND;ND,"4096,512",DT_BF16,ND,79.83,w8a8_dynamic
dynamic,MIX_AIC,"4096,4096;512,4096",INT8;INT8,ND;ND,"4096,512",DT_BF16,ND,108.19,w8a8_dynamic
dynamic,MIX_AIC,"4096,7168;512,7168",INT8;INT8,ND;ND,"4096,512",DT_BF16,ND,154.52,w8a8_dynamic
dynamic,MIX_AIC,"4096,8192;512,8192",INT8;INT8,ND;ND,"4096,512",DT_BF16,ND,168.56,w8a8_dynamic
dynamic,MIX_AIC,"4096,12288;512,12288",INT8;INT8,ND;ND,"4096,512",DT_BF16,ND,230.95,w8a8_dynamic
dynamic,MIX_AIC,"4096,16384;512,16384",INT8;INT8,ND;ND,"4096,512",DT_BF16,ND,322.34,w8a8_dynamic
dynamic,MIX_AIC,"4096,256;1024,256",INT8;INT8,ND;ND,"4096,1024",DT_BF16,ND,62.16,w8a8_dynamic
dynamic,MIX_AIC,"4096,512;1024,512",INT8;INT8,ND;ND,"4096,1024",DT_BF16,ND,67.72,w8a8_dynamic
dynamic,MIX_AIC,"4096,1024;1024,1024",INT8;INT8,ND;ND,"4096,1024",DT_BF16,ND,77.60,w8a8_dynamic
dynamic,MIX_AIC,"4096,2048;1024,2048",INT8;INT8,ND;ND,"4096,1024",DT_BF16,ND,96.73,w8a8_dynamic
dynamic,MIX_AIC,"4096,4096;1024,4096",INT8;INT8,ND;ND,"4096,1024",DT_BF16,ND,140.07,w8a8_dynamic
dynamic,MIX_AIC,"4096,7168;1024,7168",INT8;INT8,ND;ND,"4096,1024",DT_BF16,ND,207.71,w8a8_dynamic
dynamic,MIX_AIC,"4096,8192;1024,8192",INT8;INT8,ND;ND,"4096,1024",DT_BF16,ND,229.11,w8a8_dynamic
dynamic,MIX_AIC,"4096,12288;1024,12288",INT8;INT8,ND;ND,"4096,1024",DT_BF16,ND,321.95,w8a8_dynamic
dynamic,MIX_AIC,"4096,16384;1024,16384",INT8;INT8,ND;ND,"4096,1024",DT_BF16,ND,442.64,w8a8_dynamic
dynamic,MIX_AIC,"4096,256;2048,256",INT8;INT8,ND;ND,"4096,2048",DT_BF16,ND,77.54,w8a8_dynamic
dynamic,MIX_AIC,"4096,512;2048,512",INT8;INT8,ND;ND,"4096,2048",DT_BF16,ND,83.43,w8a8_dynamic
dynamic,MIX_AIC,"4096,1024;2048,1024",INT8;INT8,ND;ND,"4096,2048",DT_BF16,ND,101.09,w8a8_dynamic
dynamic,MIX_AIC,"4096,2048;2048,2048",INT8;INT8,ND;ND,"4096,2048",DT_BF16,ND,125.94,w8a8_dynamic
dynamic,MIX_AIC,"4096,4096;2048,4096",INT8;INT8,ND;ND,"4096,2048",DT_BF16,ND,193.44,w8a8_dynamic
dynamic,MIX_AIC,"4096,7168;2048,7168",INT8;INT8,ND;ND,"4096,2048",DT_BF16,ND,297.17,w8a8_dynamic
dynamic,MIX_AIC,"4096,8192;2048,8192",INT8;INT8,ND;ND,"4096,2048",DT_BF16,ND,332.27,w8a8_dynamic
dynamic,MIX_AIC,"4096,12288;2048,12288",INT8;INT8,ND;ND,"4096,2048",DT_BF16,ND,478.16,w8a8_dynamic
dynamic,MIX_AIC,"4096,16384;2048,16384",INT8;INT8,ND;ND,"4096,2048",DT_BF16,ND,667.60,w8a8_dynamic
dynamic,MIX_AIC,"4096,256;4096,256",INT8;INT8,ND;ND,"4096,4096",DT_BF16,ND,124.02,w8a8_dynamic
dynamic,MIX_AIC,"4096,512;4096,512",INT8;INT8,ND;ND,"4096,4096",DT_BF16,ND,128.80,w8a8_dynamic
dynamic,MIX_AIC,"4096,1024;4096,1024",INT8;INT8,ND;ND,"4096,4096",DT_BF16,ND,149.88,w8a8_dynamic
dynamic,MIX_AIC,"4096,2048;4096,2048",INT8;INT8,ND;ND,"4096,4096",DT_BF16,ND,189.36,w8a8_dynamic
dynamic,MIX_AIC,"4096,4096;4096,4096",INT8;INT8,ND;ND,"4096,4096",DT_BF16,ND,309.31,w8a8_dynamic
dynamic,MIX_AIC,"4096,7168;4096,7168",INT8;INT8,ND;ND,"4096,4096",DT_BF16,ND,497.74,w8a8_dynamic
dynamic,MIX_AIC,"4096,8192;4096,8192",INT8;INT8,ND;ND,"4096,4096",DT_BF16,ND,558.38,w8a8_dynamic
dynamic,MIX_AIC,"4096,12288;4096,12288",INT8;INT8,ND;ND,"4096,4096",DT_BF16,ND,824.70,w8a8_dynamic
dynamic,MIX_AIC,"4096,16384;4096,16384",INT8;INT8,ND;ND,"4096,4096",DT_BF16,ND,1104.65,w8a8_dynamic
dynamic,MIX_AIC,"4096,256;7168,256",INT8;INT8,ND;ND,"4096,7168",DT_BF16,ND,182.97,w8a8_dynamic
dynamic,MIX_AIC,"4096,512;7168,512",INT8;INT8,ND;ND,"4096,7168",DT_BF16,ND,191.40,w8a8_dynamic
dynamic,MIX_AIC,"4096,1024;7168,1024",INT8;INT8,ND;ND,"4096,7168",DT_BF16,ND,206.57,w8a8_dynamic
dynamic,MIX_AIC,"4096,2048;7168,2048",INT8;INT8,ND;ND,"4096,7168",DT_BF16,ND,279.85,w8a8_dynamic
dynamic,MIX_AIC,"4096,4096;7168,4096",INT8;INT8,ND;ND,"4096,7168",DT_BF16,ND,482.01,w8a8_dynamic
dynamic,MIX_AIC,"4096,7168;7168,7168",INT8;INT8,ND;ND,"4096,7168",DT_BF16,ND,789.80,w8a8_dynamic
dynamic,MIX_AIC,"4096,8192;7168,8192",INT8;INT8,ND;ND,"4096,7168",DT_BF16,ND,909.99,w8a8_dynamic
dynamic,MIX_AIC,"4096,12288;7168,12288",INT8;INT8,ND;ND,"4096,7168",DT_BF16,ND,1321.90,w8a8_dynamic
dynamic,MIX_AIC,"4096,16384;7168,16384",INT8;INT8,ND;ND,"4096,7168",DT_BF16,ND,1753.03,w8a8_dynamic
dynamic,MIX_AIC,"4096,256;8192,256",INT8;INT8,ND;ND,"4096,8192",DT_BF16,ND,202.85,w8a8_dynamic
dynamic,MIX_AIC,"4096,512;8192,512",INT8;INT8,ND;ND,"4096,8192",DT_BF16,ND,210.42,w8a8_dynamic
dynamic,MIX_AIC,"4096,1024;8192,1024",INT8;INT8,ND;ND,"4096,8192",DT_BF16,ND,222.90,w8a8_dynamic
dynamic,MIX_AIC,"4096,2048;8192,2048",INT8;INT8,ND;ND,"4096,8192",DT_BF16,ND,311.49,w8a8_dynamic
dynamic,MIX_AIC,"4096,4096;8192,4096",INT8;INT8,ND;ND,"4096,8192",DT_BF16,ND,535.90,w8a8_dynamic
dynamic,MIX_AIC,"4096,7168;8192,7168",INT8;INT8,ND;ND,"4096,8192",DT_BF16,ND,891.67,w8a8_dynamic
dynamic,MIX_AIC,"4096,8192;8192,8192",INT8;INT8,ND;ND,"4096,8192",DT_BF16,ND,1030.88,w8a8_dynamic
dynamic,MIX_AIC,"4096,12288;8192,12288",INT8;INT8,ND;ND,"4096,8192",DT_BF16,ND,1485.05,w8a8_dynamic
dynamic,MIX_AIC,"4096,16384;8192,16384",INT8;INT8,ND;ND,"4096,8192",DT_BF16,ND,1958.41,w8a8_dynamic
dynamic,MIX_AIC,"4096,256;12288,256",INT8;INT8,ND;ND,"4096,12288",DT_BF16,ND,268.36,w8a8_dynamic
dynamic,MIX_AIC,"4096,512;12288,512",INT8;INT8,ND;ND,"4096,12288",DT_BF16,ND,276.48,w8a8_dynamic
dynamic,MIX_AIC,"4096,1024;12288,1024",INT8;INT8,ND;ND,"4096,12288",DT_BF16,ND,307.61,w8a8_dynamic
dynamic,MIX_AIC,"4096,2048;12288,2048",INT8;INT8,ND;ND,"4096,12288",DT_BF16,ND,436.44,w8a8_dynamic
dynamic,MIX_AIC,"4096,4096;12288,4096",INT8;INT8,ND;ND,"4096,12288",DT_BF16,ND,772.27,w8a8_dynamic
dynamic,MIX_AIC,"4096,7168;12288,7168",INT8;INT8,ND;ND,"4096,12288",DT_BF16,ND,1309.57,w8a8_dynamic
dynamic,MIX_AIC,"4096,8192;12288,8192",INT8;INT8,ND;ND,"4096,12288",DT_BF16,ND,1480.06,w8a8_dynamic
dynamic,MIX_AIC,"4096,12288;12288,12288",INT8;INT8,ND;ND,"4096,12288",DT_BF16,ND,2124.58,w8a8_dynamic
dynamic,MIX_AIC,"4096,16384;12288,16384",INT8;INT8,ND;ND,"4096,12288",DT_BF16,ND,2809.11,w8a8_dynamic
dynamic,MIX_AIC,"4096,256;16384,256",INT8;INT8,ND;ND,"4096,16384",DT_BF16,ND,347.90,w8a8_dynamic
dynamic,MIX_AIC,"4096,512;16384,512",INT8;INT8,ND;ND,"4096,16384",DT_BF16,ND,371.32,w8a8_dynamic
dynamic,MIX_AIC,"4096,1024;16384,1024",INT8;INT8,ND;ND,"4096,16384",DT_BF16,ND,389.72,w8a8_dynamic
dynamic,MIX_AIC,"4096,2048;16384,2048",INT8;INT8,ND;ND,"4096,16384",DT_BF16,ND,568.56,w8a8_dynamic
dynamic,MIX_AIC,"4096,4096;16384,4096",INT8;INT8,ND;ND,"4096,16384",DT_BF16,ND,1030.61,w8a8_dynamic
dynamic,MIX_AIC,"4096,7168;16384,7168",INT8;INT8,ND;ND,"4096,16384",DT_BF16,ND,1686.14,w8a8_dynamic
dynamic,MIX_AIC,"4096,8192;16384,8192",INT8;INT8,ND;ND,"4096,16384",DT_BF16,ND,1919.92,w8a8_dynamic
dynamic,MIX_AIC,"4096,12288;16384,12288",INT8;INT8,ND;ND,"4096,16384",DT_BF16,ND,2784.21,w8a8_dynamic
dynamic,MIX_AIC,"4096,16384;16384,16384",INT8;INT8,ND;ND,"4096,16384",DT_BF16,ND,3673.52,w8a8_dynamic
dynamic,MIX_AIC,"8192,256;256,256",INT8;INT8,ND;ND,"8192,256",DT_BF16,ND,74.55,w8a8_dynamic
dynamic,MIX_AIC,"8192,512;256,512",INT8;INT8,ND;ND,"8192,256",DT_BF16,ND,78.52,w8a8_dynamic
dynamic,MIX_AIC,"8192,1024;256,1024",INT8;INT8,ND;ND,"8192,256",DT_BF16,ND,88.15,w8a8_dynamic
dynamic,MIX_AIC,"8192,2048;256,2048",INT8;INT8,ND;ND,"8192,256",DT_BF16,ND,108.99,w8a8_dynamic
dynamic,MIX_AIC,"8192,4096;256,4096",INT8;INT8,ND;ND,"8192,256",DT_BF16,ND,159.10,w8a8_dynamic
dynamic,MIX_AIC,"8192,7168;256,7168",INT8;INT8,ND;ND,"8192,256",DT_BF16,ND,234.95,w8a8_dynamic
dynamic,MIX_AIC,"8192,8192;256,8192",INT8;INT8,ND;ND,"8192,256",DT_BF16,ND,257.10,w8a8_dynamic
dynamic,MIX_AIC,"8192,12288;256,12288",INT8;INT8,ND;ND,"8192,256",DT_BF16,ND,383.70,w8a8_dynamic
dynamic,MIX_AIC,"8192,16384;256,16384",INT8;INT8,ND;ND,"8192,256",DT_BF16,ND,544.31,w8a8_dynamic
dynamic,MIX_AIC,"8192,256;512,256",INT8;INT8,ND;ND,"8192,512",DT_BF16,ND,90.15,w8a8_dynamic
dynamic,MIX_AIC,"8192,512;512,512",INT8;INT8,ND;ND,"8192,512",DT_BF16,ND,96.75,w8a8_dynamic
dynamic,MIX_AIC,"8192,1024;512,1024",INT8;INT8,ND;ND,"8192,512",DT_BF16,ND,99.95,w8a8_dynamic
dynamic,MIX_AIC,"8192,2048;512,2048",INT8;INT8,ND;ND,"8192,512",DT_BF16,ND,128.67,w8a8_dynamic
dynamic,MIX_AIC,"8192,4096;512,4096",INT8;INT8,ND;ND,"8192,512",DT_BF16,ND,186.68,w8a8_dynamic
dynamic,MIX_AIC,"8192,7168;512,7168",INT8;INT8,ND;ND,"8192,512",DT_BF16,ND,280.93,w8a8_dynamic
dynamic,MIX_AIC,"8192,8192;512,8192",INT8;INT8,ND;ND,"8192,512",DT_BF16,ND,311.26,w8a8_dynamic
dynamic,MIX_AIC,"8192,12288;512,12288",INT8;INT8,ND;ND,"8192,512",DT_BF16,ND,462.72,w8a8_dynamic
dynamic,MIX_AIC,"8192,16384;512,16384",INT8;INT8,ND;ND,"8192,512",DT_BF16,ND,658.08,w8a8_dynamic
dynamic,MIX_AIC,"8192,256;1024,256",INT8;INT8,ND;ND,"8192,1024",DT_BF16,ND,96.45,w8a8_dynamic
dynamic,MIX_AIC,"8192,512;1024,512",INT8;INT8,ND;ND,"8192,1024",DT_BF16,ND,101.75,w8a8_dynamic
dynamic,MIX_AIC,"8192,1024;1024,1024",INT8;INT8,ND;ND,"8192,1024",DT_BF16,ND,122.83,w8a8_dynamic
dynamic,MIX_AIC,"8192,2048;1024,2048",INT8;INT8,ND;ND,"8192,1024",DT_BF16,ND,156.42,w8a8_dynamic
dynamic,MIX_AIC,"8192,4096;1024,4096",INT8;INT8,ND;ND,"8192,1024",DT_BF16,ND,240.17,w8a8_dynamic
dynamic,MIX_AIC,"8192,7168;1024,7168",INT8;INT8,ND;ND,"8192,1024",DT_BF16,ND,372.06,w8a8_dynamic
dynamic,MIX_AIC,"8192,8192;1024,8192",INT8;INT8,ND;ND,"8192,1024",DT_BF16,ND,418.65,w8a8_dynamic
dynamic,MIX_AIC,"8192,12288;1024,12288",INT8;INT8,ND;ND,"8192,1024",DT_BF16,ND,624.98,w8a8_dynamic
dynamic,MIX_AIC,"8192,16384;1024,16384",INT8;INT8,ND;ND,"8192,1024",DT_BF16,ND,861.47,w8a8_dynamic
dynamic,MIX_AIC,"8192,256;2048,256",INT8;INT8,ND;ND,"8192,2048",DT_BF16,ND,133.17,w8a8_dynamic
dynamic,MIX_AIC,"8192,512;2048,512",INT8;INT8,ND;ND,"8192,2048",DT_BF16,ND,143.14,w8a8_dynamic
dynamic,MIX_AIC,"8192,1024;2048,1024",INT8;INT8,ND;ND,"8192,2048",DT_BF16,ND,171.47,w8a8_dynamic
dynamic,MIX_AIC,"8192,2048;2048,2048",INT8;INT8,ND;ND,"8192,2048",DT_BF16,ND,219.53,w8a8_dynamic
dynamic,MIX_AIC,"8192,4096;2048,4096",INT8;INT8,ND;ND,"8192,2048",DT_BF16,ND,356.65,w8a8_dynamic
dynamic,MIX_AIC,"8192,7168;2048,7168",INT8;INT8,ND;ND,"8192,2048",DT_BF16,ND,577.19,w8a8_dynamic
dynamic,MIX_AIC,"8192,8192;2048,8192",INT8;INT8,ND;ND,"8192,2048",DT_BF16,ND,664.66,w8a8_dynamic
dynamic,MIX_AIC,"8192,12288;2048,12288",INT8;INT8,ND;ND,"8192,2048",DT_BF16,ND,968.01,w8a8_dynamic
dynamic,MIX_AIC,"8192,16384;2048,16384",INT8;INT8,ND;ND,"8192,2048",DT_BF16,ND,1309.53,w8a8_dynamic
dynamic,MIX_AIC,"8192,256;4096,256",INT8;INT8,ND;ND,"8192,4096",DT_BF16,ND,219.85,w8a8_dynamic
dynamic,MIX_AIC,"8192,512;4096,512",INT8;INT8,ND;ND,"8192,4096",DT_BF16,ND,228.62,w8a8_dynamic
dynamic,MIX_AIC,"8192,1024;4096,1024",INT8;INT8,ND;ND,"8192,4096",DT_BF16,ND,246.56,w8a8_dynamic
dynamic,MIX_AIC,"8192,2048;4096,2048",INT8;INT8,ND;ND,"8192,4096",DT_BF16,ND,340.41,w8a8_dynamic
dynamic,MIX_AIC,"8192,4096;4096,4096",INT8;INT8,ND;ND,"8192,4096",DT_BF16,ND,584.42,w8a8_dynamic
dynamic,MIX_AIC,"8192,7168;4096,7168",INT8;INT8,ND;ND,"8192,4096",DT_BF16,ND,986.71,w8a8_dynamic
dynamic,MIX_AIC,"8192,8192;4096,8192",INT8;INT8,ND;ND,"8192,4096",DT_BF16,ND,1119.02,w8a8_dynamic
dynamic,MIX_AIC,"8192,12288;4096,12288",INT8;INT8,ND;ND,"8192,4096",DT_BF16,ND,1606.19,w8a8_dynamic
dynamic,MIX_AIC,"8192,16384;4096,16384",INT8;INT8,ND;ND,"8192,4096",DT_BF16,ND,2155.42,w8a8_dynamic
dynamic,MIX_AIC,"8192,256;7168,256",INT8;INT8,ND;ND,"8192,7168",DT_BF16,ND,340.45,w8a8_dynamic
dynamic,MIX_AIC,"8192,512;7168,512",INT8;INT8,ND;ND,"8192,7168",DT_BF16,ND,354.12,w8a8_dynamic
dynamic,MIX_AIC,"8192,1024;7168,1024",INT8;INT8,ND;ND,"8192,7168",DT_BF16,ND,366.16,w8a8_dynamic
dynamic,MIX_AIC,"8192,2048;7168,2048",INT8;INT8,ND;ND,"8192,7168",DT_BF16,ND,532.21,w8a8_dynamic
dynamic,MIX_AIC,"8192,4096;7168,4096",INT8;INT8,ND;ND,"8192,7168",DT_BF16,ND,938.50,w8a8_dynamic
dynamic,MIX_AIC,"8192,7168;7168,7168",INT8;INT8,ND;ND,"8192,7168",DT_BF16,ND,1567.41,w8a8_dynamic
dynamic,MIX_AIC,"8192,8192;7168,8192",INT8;INT8,ND;ND,"8192,7168",DT_BF16,ND,1771.73,w8a8_dynamic
dynamic,MIX_AIC,"8192,12288;7168,12288",INT8;INT8,ND;ND,"8192,7168",DT_BF16,ND,2585.97,w8a8_dynamic
dynamic,MIX_AIC,"8192,16384;7168,16384",INT8;INT8,ND;ND,"8192,7168",DT_BF16,ND,3454.87,w8a8_dynamic
dynamic,MIX_AIC,"8192,256;8192,256",INT8;INT8,ND;ND,"8192,8192",DT_BF16,ND,379.80,w8a8_dynamic
dynamic,MIX_AIC,"8192,512;8192,512",INT8;INT8,ND;ND,"8192,8192",DT_BF16,ND,392.86,w8a8_dynamic
dynamic,MIX_AIC,"8192,1024;8192,1024",INT8;INT8,ND;ND,"8192,8192",DT_BF16,ND,401.96,w8a8_dynamic
dynamic,MIX_AIC,"8192,2048;8192,2048",INT8;INT8,ND;ND,"8192,8192",DT_BF16,ND,597.57,w8a8_dynamic
dynamic,MIX_AIC,"8192,4096;8192,4096",INT8;INT8,ND;ND,"8192,8192",DT_BF16,ND,1062.04,w8a8_dynamic
dynamic,MIX_AIC,"8192,7168;8192,7168",INT8;INT8,ND;ND,"8192,8192",DT_BF16,ND,1764.67,w8a8_dynamic
dynamic,MIX_AIC,"8192,8192;8192,8192",INT8;INT8,ND;ND,"8192,8192",DT_BF16,ND,2002.11,w8a8_dynamic
dynamic,MIX_AIC,"8192,12288;8192,12288",INT8;INT8,ND;ND,"8192,8192",DT_BF16,ND,2920.03,w8a8_dynamic
dynamic,MIX_AIC,"8192,16384;8192,16384",INT8;INT8,ND;ND,"8192,8192",DT_BF16,ND,3867.05,w8a8_dynamic
dynamic,MIX_AIC,"8192,256;12288,256",INT8;INT8,ND;ND,"8192,12288",DT_BF16,ND,403.54,w8a8_dynamic
dynamic,MIX_AIC,"8192,512;12288,512",INT8;INT8,ND;ND,"8192,12288",DT_BF16,ND,461.12,w8a8_dynamic
dynamic,MIX_AIC,"8192,1024;12288,1024",INT8;INT8,ND;ND,"8192,12288",DT_BF16,ND,573.49,w8a8_dynamic
dynamic,MIX_AIC,"8192,2048;12288,2048",INT8;INT8,ND;ND,"8192,12288",DT_BF16,ND,859.95,w8a8_dynamic
dynamic,MIX_AIC,"8192,4096;12288,4096",INT8;INT8,ND;ND,"8192,12288",DT_BF16,ND,1534.10,w8a8_dynamic
dynamic,MIX_AIC,"8192,7168;12288,7168",INT8;INT8,ND;ND,"8192,12288",DT_BF16,ND,2549.26,w8a8_dynamic
dynamic,MIX_AIC,"8192,8192;12288,8192",INT8;INT8,ND;ND,"8192,12288",DT_BF16,ND,2891.05,w8a8_dynamic
dynamic,MIX_AIC,"8192,12288;12288,12288",INT8;INT8,ND;ND,"8192,12288",DT_BF16,ND,4211.13,w8a8_dynamic
dynamic,MIX_AIC,"8192,16384;12288,16384",INT8;INT8,ND;ND,"8192,12288",DT_BF16,ND,5584.94,w8a8_dynamic
dynamic,MIX_AIC,"8192,256;16384,256",INT8;INT8,ND;ND,"8192,16384",DT_BF16,ND,539.13,w8a8_dynamic
dynamic,MIX_AIC,"8192,512;16384,512",INT8;INT8,ND;ND,"8192,16384",DT_BF16,ND,607.84,w8a8_dynamic
dynamic,MIX_AIC,"8192,1024;16384,1024",INT8;INT8,ND;ND,"8192,16384",DT_BF16,ND,735.76,w8a8_dynamic
dynamic,MIX_AIC,"8192,2048;16384,2048",INT8;INT8,ND;ND,"8192,16384",DT_BF16,ND,1115.00,w8a8_dynamic
dynamic,MIX_AIC,"8192,4096;16384,4096",INT8;INT8,ND;ND,"8192,16384",DT_BF16,ND,1995.22,w8a8_dynamic
dynamic,MIX_AIC,"8192,7168;16384,7168",INT8;INT8,ND;ND,"8192,16384",DT_BF16,ND,3334.08,w8a8_dynamic
dynamic,MIX_AIC,"8192,8192;16384,8192",INT8;INT8,ND;ND,"8192,16384",DT_BF16,ND,3776.47,w8a8_dynamic
dynamic,MIX_AIC,"8192,12288;16384,12288",INT8;INT8,ND;ND,"8192,16384",DT_BF16,ND,5463.01,w8a8_dynamic
dynamic,MIX_AIC,"8192,16384;16384,16384",INT8;INT8,ND;ND,"8192,16384",DT_BF16,ND,7301.73,w8a8_dynamic
dynamic,MIX_AIC,"16384,256;256,256",INT8;INT8,ND;ND,"16384,256",DT_BF16,ND,122.08,w8a8_dynamic
dynamic,MIX_AIC,"16384,512;256,512",INT8;INT8,ND;ND,"16384,256",DT_BF16,ND,130.60,w8a8_dynamic
dynamic,MIX_AIC,"16384,1024;256,1024",INT8;INT8,ND;ND,"16384,256",DT_BF16,ND,150.40,w8a8_dynamic
dynamic,MIX_AIC,"16384,2048;256,2048",INT8;INT8,ND;ND,"16384,256",DT_BF16,ND,184.52,w8a8_dynamic
dynamic,MIX_AIC,"16384,4096;256,4096",INT8;INT8,ND;ND,"16384,256",DT_BF16,ND,290.00,w8a8_dynamic
dynamic,MIX_AIC,"16384,7168;256,7168",INT8;INT8,ND;ND,"16384,256",DT_BF16,ND,456.53,w8a8_dynamic
dynamic,MIX_AIC,"16384,8192;256,8192",INT8;INT8,ND;ND,"16384,256",DT_BF16,ND,502.62,w8a8_dynamic
dynamic,MIX_AIC,"16384,12288;256,12288",INT8;INT8,ND;ND,"16384,256",DT_BF16,ND,761.28,w8a8_dynamic
dynamic,MIX_AIC,"16384,16384;256,16384",INT8;INT8,ND;ND,"16384,256",DT_BF16,ND,1098.62,w8a8_dynamic
dynamic,MIX_AIC,"16384,256;512,256",INT8;INT8,ND;ND,"16384,512",DT_BF16,ND,155.30,w8a8_dynamic
dynamic,MIX_AIC,"16384,512;512,512",INT8;INT8,ND;ND,"16384,512",DT_BF16,ND,139.07,w8a8_dynamic
dynamic,MIX_AIC,"16384,1024;512,1024",INT8;INT8,ND;ND,"16384,512",DT_BF16,ND,167.67,w8a8_dynamic
dynamic,MIX_AIC,"16384,2048;512,2048",INT8;INT8,ND;ND,"16384,512",DT_BF16,ND,217.83,w8a8_dynamic
dynamic,MIX_AIC,"16384,4096;512,4096",INT8;INT8,ND;ND,"16384,512",DT_BF16,ND,337.96,w8a8_dynamic
dynamic,MIX_AIC,"16384,7168;512,7168",INT8;INT8,ND;ND,"16384,512",DT_BF16,ND,534.31,w8a8_dynamic
dynamic,MIX_AIC,"16384,8192;512,8192",INT8;INT8,ND;ND,"16384,512",DT_BF16,ND,594.26,w8a8_dynamic
dynamic,MIX_AIC,"16384,12288;512,12288",INT8;INT8,ND;ND,"16384,512",DT_BF16,ND,877.73,w8a8_dynamic
dynamic,MIX_AIC,"16384,16384;512,16384",INT8;INT8,ND;ND,"16384,512",DT_BF16,ND,1261.00,w8a8_dynamic
dynamic,MIX_AIC,"16384,256;1024,256",INT8;INT8,ND;ND,"16384,1024",DT_BF16,ND,166.66,w8a8_dynamic
dynamic,MIX_AIC,"16384,512;1024,512",INT8;INT8,ND;ND,"16384,1024",DT_BF16,ND,179.17,w8a8_dynamic
dynamic,MIX_AIC,"16384,1024;1024,1024",INT8;INT8,ND;ND,"16384,1024",DT_BF16,ND,217.31,w8a8_dynamic
dynamic,MIX_AIC,"16384,2048;1024,2048",INT8;INT8,ND;ND,"16384,1024",DT_BF16,ND,281.01,w8a8_dynamic
dynamic,MIX_AIC,"16384,4096;1024,4096",INT8;INT8,ND;ND,"16384,1024",DT_BF16,ND,463.17,w8a8_dynamic
dynamic,MIX_AIC,"16384,7168;1024,7168",INT8;INT8,ND;ND,"16384,1024",DT_BF16,ND,744.47,w8a8_dynamic
dynamic,MIX_AIC,"16384,8192;1024,8192",INT8;INT8,ND;ND,"16384,1024",DT_BF16,ND,831.71,w8a8_dynamic
dynamic,MIX_AIC,"16384,12288;1024,12288",INT8;INT8,ND;ND,"16384,1024",DT_BF16,ND,1215.88,w8a8_dynamic
dynamic,MIX_AIC,"16384,16384;1024,16384",INT8;INT8,ND;ND,"16384,1024",DT_BF16,ND,1699.77,w8a8_dynamic
dynamic,MIX_AIC,"16384,256;2048,256",INT8;INT8,ND;ND,"16384,2048",DT_BF16,ND,240.19,w8a8_dynamic
dynamic,MIX_AIC,"16384,512;2048,512",INT8;INT8,ND;ND,"16384,2048",DT_BF16,ND,253.25,w8a8_dynamic
dynamic,MIX_AIC,"16384,1024;2048,1024",INT8;INT8,ND;ND,"16384,2048",DT_BF16,ND,293.45,w8a8_dynamic
dynamic,MIX_AIC,"16384,2048;2048,2048",INT8;INT8,ND;ND,"16384,2048",DT_BF16,ND,402.15,w8a8_dynamic
dynamic,MIX_AIC,"16384,4096;2048,4096",INT8;INT8,ND;ND,"16384,2048",DT_BF16,ND,701.54,w8a8_dynamic
dynamic,MIX_AIC,"16384,7168;2048,7168",INT8;INT8,ND;ND,"16384,2048",DT_BF16,ND,1133.26,w8a8_dynamic
dynamic,MIX_AIC,"16384,8192;2048,8192",INT8;INT8,ND;ND,"16384,2048",DT_BF16,ND,1278.82,w8a8_dynamic
dynamic,MIX_AIC,"16384,12288;2048,12288",INT8;INT8,ND;ND,"16384,2048",DT_BF16,ND,1878.83,w8a8_dynamic
dynamic,MIX_AIC,"16384,16384;2048,16384",INT8;INT8,ND;ND,"16384,2048",DT_BF16,ND,2541.24,w8a8_dynamic
dynamic,MIX_AIC,"16384,256;4096,256",INT8;INT8,ND;ND,"16384,4096",DT_BF16,ND,413.00,w8a8_dynamic
dynamic,MIX_AIC,"16384,512;4096,512",INT8;INT8,ND;ND,"16384,4096",DT_BF16,ND,429.45,w8a8_dynamic
dynamic,MIX_AIC,"16384,1024;4096,1024",INT8;INT8,ND;ND,"16384,4096",DT_BF16,ND,454.83,w8a8_dynamic
dynamic,MIX_AIC,"16384,2048;4096,2048",INT8;INT8,ND;ND,"16384,4096",DT_BF16,ND,661.30,w8a8_dynamic
dynamic,MIX_AIC,"16384,4096;4096,4096",INT8;INT8,ND;ND,"16384,4096",DT_BF16,ND,1178.14,w8a8_dynamic
dynamic,MIX_AIC,"16384,7168;4096,7168",INT8;INT8,ND;ND,"16384,4096",DT_BF16,ND,1929.38,w8a8_dynamic
dynamic,MIX_AIC,"16384,8192;4096,8192",INT8;INT8,ND;ND,"16384,4096",DT_BF16,ND,2177.47,w8a8_dynamic
dynamic,MIX_AIC,"16384,12288;4096,12288",INT8;INT8,ND;ND,"16384,4096",DT_BF16,ND,3178.63,w8a8_dynamic
dynamic,MIX_AIC,"16384,16384;4096,16384",INT8;INT8,ND;ND,"16384,4096",DT_BF16,ND,4235.30,w8a8_dynamic
dynamic,MIX_AIC,"16384,256;7168,256",INT8;INT8,ND;ND,"16384,7168",DT_BF16,ND,490.31,w8a8_dynamic
dynamic,MIX_AIC,"16384,512;7168,512",INT8;INT8,ND;ND,"16384,7168",DT_BF16,ND,561.96,w8a8_dynamic
dynamic,MIX_AIC,"16384,1024;7168,1024",INT8;INT8,ND;ND,"16384,7168",DT_BF16,ND,692.08,w8a8_dynamic
dynamic,MIX_AIC,"16384,2048;7168,2048",INT8;INT8,ND;ND,"16384,7168",DT_BF16,ND,1042.06,w8a8_dynamic
dynamic,MIX_AIC,"16384,4096;7168,4096",INT8;INT8,ND;ND,"16384,7168",DT_BF16,ND,1861.32,w8a8_dynamic
dynamic,MIX_AIC,"16384,7168;7168,7168",INT8;INT8,ND;ND,"16384,7168",DT_BF16,ND,3090.88,w8a8_dynamic
dynamic,MIX_AIC,"16384,8192;7168,8192",INT8;INT8,ND;ND,"16384,7168",DT_BF16,ND,3492.01,w8a8_dynamic
dynamic,MIX_AIC,"16384,12288;7168,12288",INT8;INT8,ND;ND,"16384,7168",DT_BF16,ND,5112.01,w8a8_dynamic
dynamic,MIX_AIC,"16384,16384;7168,16384",INT8;INT8,ND;ND,"16384,7168",DT_BF16,ND,6849.55,w8a8_dynamic
dynamic,MIX_AIC,"16384,256;8192,256",INT8;INT8,ND;ND,"16384,8192",DT_BF16,ND,544.87,w8a8_dynamic
dynamic,MIX_AIC,"16384,512;8192,512",INT8;INT8,ND;ND,"16384,8192",DT_BF16,ND,624.47,w8a8_dynamic
dynamic,MIX_AIC,"16384,1024;8192,1024",INT8;INT8,ND;ND,"16384,8192",DT_BF16,ND,767.92,w8a8_dynamic
dynamic,MIX_AIC,"16384,2048;8192,2048",INT8;INT8,ND;ND,"16384,8192",DT_BF16,ND,1167.78,w8a8_dynamic
dynamic,MIX_AIC,"16384,4096;8192,4096",INT8;INT8,ND;ND,"16384,8192",DT_BF16,ND,2090.10,w8a8_dynamic
dynamic,MIX_AIC,"16384,7168;8192,7168",INT8;INT8,ND;ND,"16384,8192",DT_BF16,ND,3483.30,w8a8_dynamic
dynamic,MIX_AIC,"16384,8192;8192,8192",INT8;INT8,ND;ND,"16384,8192",DT_BF16,ND,3936.46,w8a8_dynamic
dynamic,MIX_AIC,"16384,12288;8192,12288",INT8;INT8,ND;ND,"16384,8192",DT_BF16,ND,5770.58,w8a8_dynamic
dynamic,MIX_AIC,"16384,16384;8192,16384",INT8;INT8,ND;ND,"16384,8192",DT_BF16,ND,7701.29,w8a8_dynamic
dynamic,MIX_AIC,"16384,256;12288,256",INT8;INT8,ND;ND,"16384,12288",DT_BF16,ND,764.98,w8a8_dynamic
dynamic,MIX_AIC,"16384,512;12288,512",INT8;INT8,ND;ND,"16384,12288",DT_BF16,ND,875.62,w8a8_dynamic
dynamic,MIX_AIC,"16384,1024;12288,1024",INT8;INT8,ND;ND,"16384,12288",DT_BF16,ND,1094.47,w8a8_dynamic
dynamic,MIX_AIC,"16384,2048;12288,2048",INT8;INT8,ND;ND,"16384,12288",DT_BF16,ND,1668.36,w8a8_dynamic
dynamic,MIX_AIC,"16384,4096;12288,4096",INT8;INT8,ND;ND,"16384,12288",DT_BF16,ND,3007.68,w8a8_dynamic
dynamic,MIX_AIC,"16384,7168;12288,7168",INT8;INT8,ND;ND,"16384,12288",DT_BF16,ND,5022.67,w8a8_dynamic
dynamic,MIX_AIC,"16384,8192;12288,8192",INT8;INT8,ND;ND,"16384,12288",DT_BF16,ND,5689.26,w8a8_dynamic
dynamic,MIX_AIC,"16384,12288;12288,12288",INT8;INT8,ND;ND,"16384,12288",DT_BF16,ND,8356.32,w8a8_dynamic
dynamic,MIX_AIC,"16384,16384;12288,16384",INT8;INT8,ND;ND,"16384,12288",DT_BF16,ND,11361.41,w8a8_dynamic
dynamic,MIX_AIC,"16384,256;16384,256",INT8;INT8,ND;ND,"16384,16384",DT_BF16,ND,1090.51,w8a8_dynamic
dynamic,MIX_AIC,"16384,512;16384,512",INT8;INT8,ND;ND,"16384,16384",DT_BF16,ND,1161.88,w8a8_dynamic
dynamic,MIX_AIC,"16384,1024;16384,1024",INT8;INT8,ND;ND,"16384,16384",DT_BF16,ND,1418.49,w8a8_dynamic
dynamic,MIX_AIC,"16384,2048;16384,2048",INT8;INT8,ND;ND,"16384,16384",DT_BF16,ND,2173.40,w8a8_dynamic
dynamic,MIX_AIC,"16384,4096;16384,4096",INT8;INT8,ND;ND,"16384,16384",DT_BF16,ND,3932.37,w8a8_dynamic
dynamic,MIX_AIC,"16384,7168;16384,7168",INT8;INT8,ND;ND,"16384,16384",DT_BF16,ND,6574.25,w8a8_dynamic
dynamic,MIX_AIC,"16384,8192;16384,8192",INT8;INT8,ND;ND,"16384,16384",DT_BF16,ND,7451.42,w8a8_dynamic
dynamic,MIX_AIC,"16384,12288;16384,12288",INT8;INT8,ND;ND,"16384,16384",DT_BF16,ND,10877.37,w8a8_dynamic
dynamic,MIX_AIC,"16384,16384;16384,16384",INT8;INT8,ND;ND,"16384,16384",DT_BF16,ND,14620.65,w8a8_dynamic
dynamic,MIX_AIC,"1,6144;24576,6144",INT8;INT8,ND;ND,"1,24576",DT_BF16,ND,139.42,w8a8_dynamic
dynamic,MIX_AIC,"1,12288;6144,12288",INT8;INT8,ND;ND,"1,6144",DT_BF16,ND,76.85,w8a8_dynamic
dynamic,MIX_AIC,"1,6144;4096,6144",INT8;INT8,ND;ND,"1,4096",DT_BF16,ND,45.63,w8a8_dynamic
dynamic,MIX_AIC,"1,2048;6144,2048",INT8;INT8,ND;ND,"1,6144",DT_BF16,ND,57.21,w8a8_dynamic
dynamic,MIX_AIC,"1,6144;12288,6144",INT8;INT8,ND;ND,"1,12288",DT_BF16,ND,77.39,w8a8_dynamic
dynamic,MIX_AIC,"1,6144;6144,6144",INT8;INT8,ND;ND,"1,6144",DT_BF16,ND,54.05,w8a8_dynamic
dynamic,MIX_AIC,"1,6144;2048,6144",INT8;INT8,ND;ND,"1,2048",DT_BF16,ND,54.76,w8a8_dynamic
dynamic,MIX_AIC,"1,1024;6144,1024",INT8;INT8,ND;ND,"1,6144",DT_BF16,ND,53.90,w8a8_dynamic
dynamic,MIX_AIC,"1,3072;6144,3072",INT8;INT8,ND;ND,"1,6144",DT_BF16,ND,55.12,w8a8_dynamic
dynamic,MIX_AIC,"1,6144;1024,6144",INT8;INT8,ND;ND,"1,1024",DT_BF16,ND,55.17,w8a8_dynamic
dynamic,MIX_AIC,"1,512;6144,512",INT8;INT8,ND;ND,"1,6144",DT_BF16,ND,53.63,w8a8_dynamic
dynamic,MIX_AIC,"1,6144;38720,6144",INT8;INT8,ND;ND,"1,38720",DT_BF16,ND,640.05,w8a8_dynamic
dynamic,MIX_AIC,"1,6144;3072,6144",INT8;INT8,ND;ND,"1,3072",DT_BF16,ND,53.11,w8a8_dynamic
dynamic,MIX_AIC,"1,512;6144,512",INT8;INT8,ND;ND,"1,6144",DT_BF16,ND,61.55,w8a8_dynamic
dynamic,MIX_AIC,"1,6144;38720,6144",INT8;INT8,ND;ND,"1,38720",DT_BF16,ND,651.71,w8a8_dynamic
dynamic,MIX_AIC,"1,6144;3072,6144",INT8;INT8,ND;ND,"1,3072",DT_BF16,ND,46.18,w8a8_dynamic
dynamic,MIX_AIC,"1,1536;6144,1536",INT8;INT8,ND;ND,"1,6144",DT_BF16,ND,45.60,w8a8_dynamic
dynamic,MIX_AIC,"1,6144;512,6144",INT8;INT8,ND;ND,"1,512",DT_BF16,ND,45.14,w8a8_dynamic
dynamic,MIX_AIC,"1,256;6144,256",INT8;INT8,ND;ND,"1,6144",DT_BF16,ND,45.35,w8a8_dynamic
dynamic,MIX_AIC,"1,6144;19360,6144",INT8;INT8,ND;ND,"1,19360",DT_BF16,ND,396.28,w8a8_dynamic
dynamic,MIX_AIC,"1,6144;256,6144",INT8;INT8,ND;ND,"1,256",DT_BF16,ND,50.18,w8a8_dynamic
dynamic,MIX_AIC,"2,6144;24576,6144",INT8;INT8,ND;ND,"2,24576",DT_BF16,ND,141.29,w8a8_dynamic
dynamic,MIX_AIC,"2,12288;6144,12288",INT8;INT8,ND;ND,"2,6144",DT_BF16,ND,75.23,w8a8_dynamic
dynamic,MIX_AIC,"2,6144;4096,6144",INT8;INT8,ND;ND,"2,4096",DT_BF16,ND,35.57,w8a8_dynamic
dynamic,MIX_AIC,"2,2048;6144,2048",INT8;INT8,ND;ND,"2,6144",DT_BF16,ND,35.90,w8a8_dynamic
dynamic,MIX_AIC,"2,6144;12288,6144",INT8;INT8,ND;ND,"2,12288",DT_BF16,ND,81.08,w8a8_dynamic
dynamic,MIX_AIC,"2,6144;6144,6144",INT8;INT8,ND;ND,"2,6144",DT_BF16,ND,45.85,w8a8_dynamic
dynamic,MIX_AIC,"2,6144;2048,6144",INT8;INT8,ND;ND,"2,2048",DT_BF16,ND,35.42,w8a8_dynamic
dynamic,MIX_AIC,"2,1024;6144,1024",INT8;INT8,ND;ND,"2,6144",DT_BF16,ND,35.04,w8a8_dynamic
dynamic,MIX_AIC,"2,3072;6144,3072",INT8;INT8,ND;ND,"2,6144",DT_BF16,ND,36.04,w8a8_dynamic
dynamic,MIX_AIC,"2,6144;1024,6144",INT8;INT8,ND;ND,"2,1024",DT_BF16,ND,35.87,w8a8_dynamic
dynamic,MIX_AIC,"2,512;6144,512",INT8;INT8,ND;ND,"2,6144",DT_BF16,ND,35.86,w8a8_dynamic
dynamic,MIX_AIC,"2,6144;38720,6144",INT8;INT8,ND;ND,"2,38720",DT_BF16,ND,653.31,w8a8_dynamic
dynamic,MIX_AIC,"2,6144;3072,6144",INT8;INT8,ND;ND,"2,3072",DT_BF16,ND,35.92,w8a8_dynamic
dynamic,MIX_AIC,"2,1536;6144,1536",INT8;INT8,ND;ND,"2,6144",DT_BF16,ND,35.89,w8a8_dynamic
dynamic,MIX_AIC,"2,6144;512,6144",INT8;INT8,ND;ND,"2,512",DT_BF16,ND,36.57,w8a8_dynamic
dynamic,MIX_AIC,"2,256;6144,256",INT8;INT8,ND;ND,"2,6144",DT_BF16,ND,35.47,w8a8_dynamic
dynamic,MIX_AIC,"2,6144;19360,6144",INT8;INT8,ND;ND,"2,19360",DT_BF16,ND,415.25,w8a8_dynamic
dynamic,MIX_AIC,"2,6144;256,6144",INT8;INT8,ND;ND,"2,256",DT_BF16,ND,35.47,w8a8_dynamic
dynamic,MIX_AIC,"4,6144;24576,6144",INT8;INT8,ND;ND,"4,24576",DT_BF16,ND,146.97,w8a8_dynamic
dynamic,MIX_AIC,"4,12288;6144,12288",INT8;INT8,ND;ND,"4,6144",DT_BF16,ND,79.96,w8a8_dynamic
dynamic,MIX_AIC,"4,6144;4096,6144",INT8;INT8,ND;ND,"4,4096",DT_BF16,ND,35.95,w8a8_dynamic
dynamic,MIX_AIC,"4,2048;6144,2048",INT8;INT8,ND;ND,"4,6144",DT_BF16,ND,35.86,w8a8_dynamic
dynamic,MIX_AIC,"4,6144;12288,6144",INT8;INT8,ND;ND,"4,12288",DT_BF16,ND,82.92,w8a8_dynamic
dynamic,MIX_AIC,"4,6144;6144,6144",INT8;INT8,ND;ND,"4,6144",DT_BF16,ND,45.85,w8a8_dynamic
dynamic,MIX_AIC,"4,6144;2048,6144",INT8;INT8,ND;ND,"4,2048",DT_BF16,ND,42.61,w8a8_dynamic
dynamic,MIX_AIC,"4,1024;6144,1024",INT8;INT8,ND;ND,"4,6144",DT_BF16,ND,41.69,w8a8_dynamic
dynamic,MIX_AIC,"4,3072;6144,3072",INT8;INT8,ND;ND,"4,6144",DT_BF16,ND,41.70,w8a8_dynamic
dynamic,MIX_AIC,"4,6144;1024,6144",INT8;INT8,ND;ND,"4,1024",DT_BF16,ND,41.42,w8a8_dynamic
dynamic,MIX_AIC,"4,512;6144,512",INT8;INT8,ND;ND,"4,6144",DT_BF16,ND,42.62,w8a8_dynamic
dynamic,MIX_AIC,"4,6144;38720,6144",INT8;INT8,ND;ND,"4,38720",DT_BF16,ND,643.16,w8a8_dynamic
dynamic,MIX_AIC,"4,6144;3072,6144",INT8;INT8,ND;ND,"4,3072",DT_BF16,ND,42.56,w8a8_dynamic
dynamic,MIX_AIC,"4,1536;6144,1536",INT8;INT8,ND;ND,"4,6144",DT_BF16,ND,43.19,w8a8_dynamic
dynamic,MIX_AIC,"4,6144;512,6144",INT8;INT8,ND;ND,"4,512",DT_BF16,ND,43.22,w8a8_dynamic
dynamic,MIX_AIC,"4,256;6144,256",INT8;INT8,ND;ND,"4,6144",DT_BF16,ND,42.80,w8a8_dynamic
dynamic,MIX_AIC,"4,6144;19360,6144",INT8;INT8,ND;ND,"4,19360",DT_BF16,ND,415.59,w8a8_dynamic
dynamic,MIX_AIC,"4,6144;256,6144",INT8;INT8,ND;ND,"4,256",DT_BF16,ND,43.26,w8a8_dynamic
dynamic,MIX_AIC,"8,6144;24576,6144",INT8;INT8,ND;ND,"8,24576",DT_BF16,ND,148.06,w8a8_dynamic
dynamic,MIX_AIC,"8,12288;6144,12288",INT8;INT8,ND;ND,"8,6144",DT_BF16,ND,81.62,w8a8_dynamic
dynamic,MIX_AIC,"8,6144;4096,6144",INT8;INT8,ND;ND,"8,4096",DT_BF16,ND,42.91,w8a8_dynamic
dynamic,MIX_AIC,"8,2048;6144,2048",INT8;INT8,ND;ND,"8,6144",DT_BF16,ND,42.52,w8a8_dynamic
dynamic,MIX_AIC,"8,6144;12288,6144",INT8;INT8,ND;ND,"8,12288",DT_BF16,ND,82.58,w8a8_dynamic
dynamic,MIX_AIC,"8,6144;6144,6144",INT8;INT8,ND;ND,"8,6144",DT_BF16,ND,46.99,w8a8_dynamic
dynamic,MIX_AIC,"8,6144;2048,6144",INT8;INT8,ND;ND,"8,2048",DT_BF16,ND,38.63,w8a8_dynamic
dynamic,MIX_AIC,"8,1024;6144,1024",INT8;INT8,ND;ND,"8,6144",DT_BF16,ND,38.64,w8a8_dynamic
dynamic,MIX_AIC,"8,3072;6144,3072",INT8;INT8,ND;ND,"8,6144",DT_BF16,ND,38.67,w8a8_dynamic
dynamic,MIX_AIC,"8,6144;1024,6144",INT8;INT8,ND;ND,"8,1024",DT_BF16,ND,40.09,w8a8_dynamic
dynamic,MIX_AIC,"8,512;6144,512",INT8;INT8,ND;ND,"8,6144",DT_BF16,ND,39.01,w8a8_dynamic
dynamic,MIX_AIC,"8,6144;38720,6144",INT8;INT8,ND;ND,"8,38720",DT_BF16,ND,644.43,w8a8_dynamic
dynamic,MIX_AIC,"8,6144;3072,6144",INT8;INT8,ND;ND,"8,3072",DT_BF16,ND,44.81,w8a8_dynamic
dynamic,MIX_AIC,"8,1536;6144,1536",INT8;INT8,ND;ND,"8,6144",DT_BF16,ND,39.39,w8a8_dynamic
dynamic,MIX_AIC,"8,6144;512,6144",INT8;INT8,ND;ND,"8,512",DT_BF16,ND,39.15,w8a8_dynamic
dynamic,MIX_AIC,"8,256;6144,256",INT8;INT8,ND;ND,"8,6144",DT_BF16,ND,38.92,w8a8_dynamic
dynamic,MIX_AIC,"8,6144;19360,6144",INT8;INT8,ND;ND,"8,19360",DT_BF16,ND,416.75,w8a8_dynamic
dynamic,MIX_AIC,"8,6144;256,6144",INT8;INT8,ND;ND,"8,256",DT_BF16,ND,38.81,w8a8_dynamic
dynamic,MIX_AIC,"16,6144;24576,6144",INT8;INT8,ND;ND,"16,24576",DT_BF16,ND,148.64,w8a8_dynamic
dynamic,MIX_AIC,"16,12288;6144,12288",INT8;INT8,ND;ND,"16,6144",DT_BF16,ND,83.15,w8a8_dynamic
dynamic,MIX_AIC,"16,6144;4096,6144",INT8;INT8,ND;ND,"16,4096",DT_BF16,ND,42.62,w8a8_dynamic
dynamic,MIX_AIC,"16,2048;6144,2048",INT8;INT8,ND;ND,"16,6144",DT_BF16,ND,42.69,w8a8_dynamic
dynamic,MIX_AIC,"16,6144;12288,6144",INT8;INT8,ND;ND,"16,12288",DT_BF16,ND,84.20,w8a8_dynamic
dynamic,MIX_AIC,"16,6144;6144,6144",INT8;INT8,ND;ND,"16,6144",DT_BF16,ND,48.61,w8a8_dynamic
dynamic,MIX_AIC,"16,6144;2048,6144",INT8;INT8,ND;ND,"16,2048",DT_BF16,ND,44.55,w8a8_dynamic
dynamic,MIX_AIC,"16,1024;6144,1024",INT8;INT8,ND;ND,"16,6144",DT_BF16,ND,43.11,w8a8_dynamic
dynamic,MIX_AIC,"16,3072;6144,3072",INT8;INT8,ND;ND,"16,6144",DT_BF16,ND,42.58,w8a8_dynamic
dynamic,MIX_AIC,"16,6144;1024,6144",INT8;INT8,ND;ND,"16,1024",DT_BF16,ND,41.78,w8a8_dynamic
dynamic,MIX_AIC,"16,512;6144,512",INT8;INT8,ND;ND,"16,6144",DT_BF16,ND,42.54,w8a8_dynamic
dynamic,MIX_AIC,"16,6144;38720,6144",INT8;INT8,ND;ND,"16,38720",DT_BF16,ND,657.06,w8a8_dynamic
dynamic,MIX_AIC,"16,6144;3072,6144",INT8;INT8,ND;ND,"16,3072",DT_BF16,ND,43.28,w8a8_dynamic
dynamic,MIX_AIC,"16,1536;6144,1536",INT8;INT8,ND;ND,"16,6144",DT_BF16,ND,42.85,w8a8_dynamic
dynamic,MIX_AIC,"16,6144;512,6144",INT8;INT8,ND;ND,"16,512",DT_BF16,ND,37.23,w8a8_dynamic
dynamic,MIX_AIC,"16,256;6144,256",INT8;INT8,ND;ND,"16,6144",DT_BF16,ND,37.46,w8a8_dynamic
dynamic,MIX_AIC,"16,6144;19360,6144",INT8;INT8,ND;ND,"16,19360",DT_BF16,ND,419.11,w8a8_dynamic
dynamic,MIX_AIC,"16,6144;256,6144",INT8;INT8,ND;ND,"16,256",DT_BF16,ND,36.76,w8a8_dynamic
dynamic,MIX_AIC,"32,6144;24576,6144",INT8;INT8,ND;ND,"32,24576",DT_BF16,ND,124.77,w8a8_dynamic
dynamic,MIX_AIC,"32,12288;6144,12288",INT8;INT8,ND;ND,"32,6144",DT_BF16,ND,85.74,w8a8_dynamic
dynamic,MIX_AIC,"32,6144;4096,6144",INT8;INT8,ND;ND,"32,4096",DT_BF16,ND,36.74,w8a8_dynamic
dynamic,MIX_AIC,"32,2048;6144,2048",INT8;INT8,ND;ND,"32,6144",DT_BF16,ND,36.33,w8a8_dynamic
dynamic,MIX_AIC,"32,6144;12288,6144",INT8;INT8,ND;ND,"32,12288",DT_BF16,ND,72.91,w8a8_dynamic
dynamic,MIX_AIC,"32,6144;6144,6144",INT8;INT8,ND;ND,"32,6144",DT_BF16,ND,49.99,w8a8_dynamic
dynamic,MIX_AIC,"32,6144;2048,6144",INT8;INT8,ND;ND,"32,2048",DT_BF16,ND,36.94,w8a8_dynamic
dynamic,MIX_AIC,"32,1024;6144,1024",INT8;INT8,ND;ND,"32,6144",DT_BF16,ND,36.93,w8a8_dynamic
dynamic,MIX_AIC,"32,3072;6144,3072",INT8;INT8,ND;ND,"32,6144",DT_BF16,ND,36.15,w8a8_dynamic
dynamic,MIX_AIC,"32,6144;1024,6144",INT8;INT8,ND;ND,"32,1024",DT_BF16,ND,36.71,w8a8_dynamic
dynamic,MIX_AIC,"32,512;6144,512",INT8;INT8,ND;ND,"32,6144",DT_BF16,ND,36.37,w8a8_dynamic
dynamic,MIX_AIC,"32,6144;38720,6144",INT8;INT8,ND;ND,"32,38720",DT_BF16,ND,519.33,w8a8_dynamic
dynamic,MIX_AIC,"32,6144;3072,6144",INT8;INT8,ND;ND,"32,3072",DT_BF16,ND,36.37,w8a8_dynamic
dynamic,MIX_AIC,"32,1536;6144,1536",INT8;INT8,ND;ND,"32,6144",DT_BF16,ND,36.44,w8a8_dynamic
dynamic,MIX_AIC,"32,6144;512,6144",INT8;INT8,ND;ND,"32,512",DT_BF16,ND,35.95,w8a8_dynamic
dynamic,MIX_AIC,"32,256;6144,256",INT8;INT8,ND;ND,"32,6144",DT_BF16,ND,35.67,w8a8_dynamic
dynamic,MIX_AIC,"32,6144;19360,6144",INT8;INT8,ND;ND,"32,19360",DT_BF16,ND,294.97,w8a8_dynamic
dynamic,MIX_AIC,"32,6144;256,6144",INT8;INT8,ND;ND,"32,256",DT_BF16,ND,35.66,w8a8_dynamic
dynamic,MIX_AIC,"64,6144;24576,6144",INT8;INT8,ND;ND,"64,24576",DT_BF16,ND,131.13,w8a8_dynamic
dynamic,MIX_AIC,"64,12288;6144,12288",INT8;INT8,ND;ND,"64,6144",DT_BF16,ND,92.27,w8a8_dynamic
dynamic,MIX_AIC,"64,6144;4096,6144",INT8;INT8,ND;ND,"64,4096",DT_BF16,ND,69.02,w8a8_dynamic
dynamic,MIX_AIC,"64,2048;6144,2048",INT8;INT8,ND;ND,"64,6144",DT_BF16,ND,34.83,w8a8_dynamic
dynamic,MIX_AIC,"64,6144;12288,6144",INT8;INT8,ND;ND,"64,12288",DT_BF16,ND,81.16,w8a8_dynamic
dynamic,MIX_AIC,"64,6144;6144,6144",INT8;INT8,ND;ND,"64,6144",DT_BF16,ND,136.96,w8a8_dynamic
dynamic,MIX_AIC,"64,6144;2048,6144",INT8;INT8,ND;ND,"64,2048",DT_BF16,ND,37.69,w8a8_dynamic
dynamic,MIX_AIC,"64,1024;6144,1024",INT8;INT8,ND;ND,"64,6144",DT_BF16,ND,36.37,w8a8_dynamic
dynamic,MIX_AIC,"64,3072;6144,3072",INT8;INT8,ND;ND,"64,6144",DT_BF16,ND,37.12,w8a8_dynamic
dynamic,MIX_AIC,"64,6144;1024,6144",INT8;INT8,ND;ND,"64,1024",DT_BF16,ND,39.48,w8a8_dynamic
dynamic,MIX_AIC,"64,512;6144,512",INT8;INT8,ND;ND,"64,6144",DT_BF16,ND,36.45,w8a8_dynamic
dynamic,MIX_AIC,"64,6144;38720,6144",INT8;INT8,ND;ND,"64,38720",DT_BF16,ND,526.50,w8a8_dynamic
dynamic,MIX_AIC,"64,6144;3072,6144",INT8;INT8,ND;ND,"64,3072",DT_BF16,ND,41.48,w8a8_dynamic
dynamic,MIX_AIC,"64,1536;6144,1536",INT8;INT8,ND;ND,"64,6144",DT_BF16,ND,36.73,w8a8_dynamic
dynamic,MIX_AIC,"64,6144;512,6144",INT8;INT8,ND;ND,"64,512",DT_BF16,ND,38.11,w8a8_dynamic
dynamic,MIX_AIC,"64,256;6144,256",INT8;INT8,ND;ND,"64,6144",DT_BF16,ND,38.40,w8a8_dynamic
dynamic,MIX_AIC,"64,6144;19360,6144",INT8;INT8,ND;ND,"64,19360",DT_BF16,ND,302.02,w8a8_dynamic
dynamic,MIX_AIC,"64,6144;256,6144",INT8;INT8,ND;ND,"64,256",DT_BF16,ND,40.94,w8a8_dynamic
dynamic,MIX_AIC,"128,6144;24576,6144",INT8;INT8,ND;ND,"128,24576",DT_BF16,ND,172.82,w8a8_dynamic
dynamic,MIX_AIC,"128,12288;6144,12288",INT8;INT8,ND;ND,"128,6144",DT_BF16,ND,98.52,w8a8_dynamic
dynamic,MIX_AIC,"128,6144;4096,6144",INT8;INT8,ND;ND,"128,4096",DT_BF16,ND,46.40,w8a8_dynamic
dynamic,MIX_AIC,"128,2048;6144,2048",INT8;INT8,ND;ND,"128,6144",DT_BF16,ND,43.04,w8a8_dynamic
dynamic,MIX_AIC,"128,6144;12288,6144",INT8;INT8,ND;ND,"128,12288",DT_BF16,ND,112.55,w8a8_dynamic
dynamic,MIX_AIC,"128,6144;6144,6144",INT8;INT8,ND;ND,"128,6144",DT_BF16,ND,60.51,w8a8_dynamic
dynamic,MIX_AIC,"128,6144;2048,6144",INT8;INT8,ND;ND,"128,2048",DT_BF16,ND,41.56,w8a8_dynamic
dynamic,MIX_AIC,"128,1024;6144,1024",INT8;INT8,ND;ND,"128,6144",DT_BF16,ND,41.74,w8a8_dynamic
dynamic,MIX_AIC,"128,3072;6144,3072",INT8;INT8,ND;ND,"128,6144",DT_BF16,ND,41.70,w8a8_dynamic
dynamic,MIX_AIC,"128,6144;1024,6144",INT8;INT8,ND;ND,"128,1024",DT_BF16,ND,43.34,w8a8_dynamic
dynamic,MIX_AIC,"128,512;6144,512",INT8;INT8,ND;ND,"128,6144",DT_BF16,ND,42.80,w8a8_dynamic
dynamic,MIX_AIC,"128,6144;38720,6144",INT8;INT8,ND;ND,"128,38720",DT_BF16,ND,699.17,w8a8_dynamic
dynamic,MIX_AIC,"128,6144;3072,6144",INT8;INT8,ND;ND,"128,3072",DT_BF16,ND,44.92,w8a8_dynamic
dynamic,MIX_AIC,"128,1536;6144,1536",INT8;INT8,ND;ND,"128,6144",DT_BF16,ND,40.12,w8a8_dynamic
dynamic,MIX_AIC,"128,6144;512,6144",INT8;INT8,ND;ND,"128,512",DT_BF16,ND,40.65,w8a8_dynamic
dynamic,MIX_AIC,"128,256;6144,256",INT8;INT8,ND;ND,"128,6144",DT_BF16,ND,40.79,w8a8_dynamic
dynamic,MIX_AIC,"128,6144;19360,6144",INT8;INT8,ND;ND,"128,19360",DT_BF16,ND,447.27,w8a8_dynamic
dynamic,MIX_AIC,"128,6144;256,6144",INT8;INT8,ND;ND,"128,256",DT_BF16,ND,40.22,w8a8_dynamic
dynamic,MIX_AIC,"256,6144;24576,6144",INT8;INT8,ND;ND,"256,24576",DT_BF16,ND,284.71,w8a8_dynamic
dynamic,MIX_AIC,"256,12288;6144,12288",INT8;INT8,ND;ND,"256,6144",DT_BF16,ND,146.53,w8a8_dynamic
dynamic,MIX_AIC,"256,6144;4096,6144",INT8;INT8,ND;ND,"256,4096",DT_BF16,ND,62.85,w8a8_dynamic
dynamic,MIX_AIC,"256,2048;6144,2048",INT8;INT8,ND;ND,"256,6144",DT_BF16,ND,46.41,w8a8_dynamic
dynamic,MIX_AIC,"256,6144;12288,6144",INT8;INT8,ND;ND,"256,12288",DT_BF16,ND,149.39,w8a8_dynamic
dynamic,MIX_AIC,"256,6144;6144,6144",INT8;INT8,ND;ND,"256,6144",DT_BF16,ND,91.46,w8a8_dynamic
dynamic,MIX_AIC,"256,6144;2048,6144",INT8;INT8,ND;ND,"256,2048",DT_BF16,ND,46.71,w8a8_dynamic
dynamic,MIX_AIC,"256,1024;6144,1024",INT8;INT8,ND;ND,"256,6144",DT_BF16,ND,42.72,w8a8_dynamic
dynamic,MIX_AIC,"256,3072;6144,3072",INT8;INT8,ND;ND,"256,6144",DT_BF16,ND,52.35,w8a8_dynamic
dynamic,MIX_AIC,"256,6144;1024,6144",INT8;INT8,ND;ND,"256,1024",DT_BF16,ND,43.40,w8a8_dynamic
dynamic,MIX_AIC,"256,512;6144,512",INT8;INT8,ND;ND,"256,6144",DT_BF16,ND,42.34,w8a8_dynamic
dynamic,MIX_AIC,"256,6144;38720,6144",INT8;INT8,ND;ND,"256,38720",DT_BF16,ND,855.48,w8a8_dynamic
dynamic,MIX_AIC,"256,6144;3072,6144",INT8;INT8,ND;ND,"256,3072",DT_BF16,ND,50.78,w8a8_dynamic
dynamic,MIX_AIC,"256,1536;6144,1536",INT8;INT8,ND;ND,"256,6144",DT_BF16,ND,47.25,w8a8_dynamic
dynamic,MIX_AIC,"256,6144;512,6144",INT8;INT8,ND;ND,"256,512",DT_BF16,ND,46.15,w8a8_dynamic
dynamic,MIX_AIC,"256,256;6144,256",INT8;INT8,ND;ND,"256,6144",DT_BF16,ND,41.00,w8a8_dynamic
dynamic,MIX_AIC,"256,6144;19360,6144",INT8;INT8,ND;ND,"256,19360",DT_BF16,ND,490.26,w8a8_dynamic
dynamic,MIX_AIC,"256,6144;256,6144",INT8;INT8,ND;ND,"256,256",DT_BF16,ND,44.20,w8a8_dynamic
dynamic,MIX_AIC,"512,6144;24576,6144",INT8;INT8,ND;ND,"512,24576",DT_BF16,ND,544.34,w8a8_dynamic
dynamic,MIX_AIC,"512,12288;6144,12288",INT8;INT8,ND;ND,"512,6144",DT_BF16,ND,225.11,w8a8_dynamic
dynamic,MIX_AIC,"512,6144;4096,6144",INT8;INT8,ND;ND,"512,4096",DT_BF16,ND,93.46,w8a8_dynamic
dynamic,MIX_AIC,"512,2048;6144,2048",INT8;INT8,ND;ND,"512,6144",DT_BF16,ND,60.52,w8a8_dynamic
dynamic,MIX_AIC,"512,6144;12288,6144",INT8;INT8,ND;ND,"512,12288",DT_BF16,ND,254.74,w8a8_dynamic
dynamic,MIX_AIC,"512,6144;6144,6144",INT8;INT8,ND;ND,"512,6144",DT_BF16,ND,141.35,w8a8_dynamic
dynamic,MIX_AIC,"512,6144;2048,6144",INT8;INT8,ND;ND,"512,2048",DT_BF16,ND,71.97,w8a8_dynamic
dynamic,MIX_AIC,"512,1024;6144,1024",INT8;INT8,ND;ND,"512,6144",DT_BF16,ND,48.74,w8a8_dynamic
dynamic,MIX_AIC,"512,3072;6144,3072",INT8;INT8,ND;ND,"512,6144",DT_BF16,ND,72.55,w8a8_dynamic
dynamic,MIX_AIC,"512,6144;1024,6144",INT8;INT8,ND;ND,"512,1024",DT_BF16,ND,85.29,w8a8_dynamic
dynamic,MIX_AIC,"512,512;6144,512",INT8;INT8,ND;ND,"512,6144",DT_BF16,ND,44.91,w8a8_dynamic
dynamic,MIX_AIC,"512,6144;38720,6144",INT8;INT8,ND;ND,"512,38720",DT_BF16,ND,1224.56,w8a8_dynamic
dynamic,MIX_AIC,"512,6144;3072,6144",INT8;INT8,ND;ND,"512,3072",DT_BF16,ND,72.87,w8a8_dynamic
dynamic,MIX_AIC,"512,1536;6144,1536",INT8;INT8,ND;ND,"512,6144",DT_BF16,ND,53.67,w8a8_dynamic
dynamic,MIX_AIC,"512,6144;512,6144",INT8;INT8,ND;ND,"512,512",DT_BF16,ND,47.19,w8a8_dynamic
dynamic,MIX_AIC,"512,256;6144,256",INT8;INT8,ND;ND,"512,6144",DT_BF16,ND,43.82,w8a8_dynamic
dynamic,MIX_AIC,"512,6144;19360,6144",INT8;INT8,ND;ND,"512,19360",DT_BF16,ND,692.51,w8a8_dynamic
dynamic,MIX_AIC,"512,6144;256,6144",INT8;INT8,ND;ND,"512,256",DT_BF16,ND,54.12,w8a8_dynamic
dynamic,MIX_AIC,"1024,6144;24576,6144",INT8;INT8,ND;ND,"1024,24576",DT_BF16,ND,739.05,w8a8_dynamic
dynamic,MIX_AIC,"1024,12288;6144,12288",INT8;INT8,ND;ND,"1024,6144",DT_BF16,ND,382.59,w8a8_dynamic
dynamic,MIX_AIC,"1024,6144;4096,6144",INT8;INT8,ND;ND,"1024,4096",DT_BF16,ND,168.83,w8a8_dynamic
dynamic,MIX_AIC,"1024,2048;6144,2048",INT8;INT8,ND;ND,"1024,6144",DT_BF16,ND,92.18,w8a8_dynamic
dynamic,MIX_AIC,"1024,6144;12288,6144",INT8;INT8,ND;ND,"1024,12288",DT_BF16,ND,399.75,w8a8_dynamic
dynamic,MIX_AIC,"1024,6144;6144,6144",INT8;INT8,ND;ND,"1024,6144",DT_BF16,ND,218.31,w8a8_dynamic
dynamic,MIX_AIC,"1024,6144;2048,6144",INT8;INT8,ND;ND,"1024,2048",DT_BF16,ND,100.17,w8a8_dynamic
dynamic,MIX_AIC,"1024,1024;6144,1024",INT8;INT8,ND;ND,"1024,6144",DT_BF16,ND,71.66,w8a8_dynamic
dynamic,MIX_AIC,"1024,3072;6144,3072",INT8;INT8,ND;ND,"1024,6144",DT_BF16,ND,116.31,w8a8_dynamic
dynamic,MIX_AIC,"1024,6144;1024,6144",INT8;INT8,ND;ND,"1024,1024",DT_BF16,ND,80.11,w8a8_dynamic
dynamic,MIX_AIC,"1024,512;6144,512",INT8;INT8,ND;ND,"1024,6144",DT_BF16,ND,59.43,w8a8_dynamic
dynamic,MIX_AIC,"1024,6144;38720,6144",INT8;INT8,ND;ND,"1024,38720",DT_BF16,ND,2260.09,w8a8_dynamic
dynamic,MIX_AIC,"1024,6144;3072,6144",INT8;INT8,ND;ND,"1024,3072",DT_BF16,ND,116.82,w8a8_dynamic
dynamic,MIX_AIC,"1024,1536;6144,1536",INT8;INT8,ND;ND,"1024,6144",DT_BF16,ND,80.69,w8a8_dynamic
dynamic,MIX_AIC,"1024,6144;512,6144",INT8;INT8,ND;ND,"1024,512",DT_BF16,ND,75.57,w8a8_dynamic
dynamic,MIX_AIC,"1024,256;6144,256",INT8;INT8,ND;ND,"1024,6144",DT_BF16,ND,57.73,w8a8_dynamic
dynamic,MIX_AIC,"1024,6144;19360,6144",INT8;INT8,ND;ND,"1024,19360",DT_BF16,ND,954.76,w8a8_dynamic
dynamic,MIX_AIC,"1024,6144;256,6144",INT8;INT8,ND;ND,"1024,256",DT_BF16,ND,57.51,w8a8_dynamic
dynamic,MIX_AIC,"2048,6144;24576,6144",INT8;INT8,ND;ND,"2048,24576",DT_BF16,ND,1323.71,w8a8_dynamic
dynamic,MIX_AIC,"2048,12288;6144,12288",INT8;INT8,ND;ND,"2048,6144",DT_BF16,ND,697.64,w8a8_dynamic
dynamic,MIX_AIC,"2048,6144;4096,6144",INT8;INT8,ND;ND,"2048,4096",DT_BF16,ND,292.38,w8a8_dynamic
dynamic,MIX_AIC,"2048,2048;6144,2048",INT8;INT8,ND;ND,"2048,6144",DT_BF16,ND,153.93,w8a8_dynamic
dynamic,MIX_AIC,"2048,6144;12288,6144",INT8;INT8,ND;ND,"2048,12288",DT_BF16,ND,693.52,w8a8_dynamic
dynamic,MIX_AIC,"2048,6144;6144,6144",INT8;INT8,ND;ND,"2048,6144",DT_BF16,ND,379.13,w8a8_dynamic
dynamic,MIX_AIC,"2048,6144;2048,6144",INT8;INT8,ND;ND,"2048,2048",DT_BF16,ND,166.93,w8a8_dynamic
dynamic,MIX_AIC,"2048,1024;6144,1024",INT8;INT8,ND;ND,"2048,6144",DT_BF16,ND,116.03,w8a8_dynamic
dynamic,MIX_AIC,"2048,3072;6144,3072",INT8;INT8,ND;ND,"2048,6144",DT_BF16,ND,208.25,w8a8_dynamic
dynamic,MIX_AIC,"2048,6144;1024,6144",INT8;INT8,ND;ND,"2048,1024",DT_BF16,ND,113.41,w8a8_dynamic
dynamic,MIX_AIC,"2048,512;6144,512",INT8;INT8,ND;ND,"2048,6144",DT_BF16,ND,94.18,w8a8_dynamic
dynamic,MIX_AIC,"2048,6144;38720,6144",INT8;INT8,ND;ND,"2048,38720",DT_BF16,ND,3148.38,w8a8_dynamic
dynamic,MIX_AIC,"2048,6144;3072,6144",INT8;INT8,ND;ND,"2048,3072",DT_BF16,ND,209.62,w8a8_dynamic
dynamic,MIX_AIC,"2048,1536;6144,1536",INT8;INT8,ND;ND,"2048,6144",DT_BF16,ND,131.91,w8a8_dynamic
dynamic,MIX_AIC,"2048,6144;512,6144",INT8;INT8,ND;ND,"2048,512",DT_BF16,ND,94.83,w8a8_dynamic
dynamic,MIX_AIC,"2048,256;6144,256",INT8;INT8,ND;ND,"2048,6144",DT_BF16,ND,87.14,w8a8_dynamic
dynamic,MIX_AIC,"2048,6144;19360,6144",INT8;INT8,ND;ND,"2048,19360",DT_BF16,ND,1772.59,w8a8_dynamic
dynamic,MIX_AIC,"2048,6144;256,6144",INT8;INT8,ND;ND,"2048,256",DT_BF16,ND,75.30,w8a8_dynamic
dynamic,MIX_AIC,"4096,6144;24576,6144",INT8;INT8,ND;ND,"4096,24576",DT_BF16,ND,2565.74,w8a8_dynamic
dynamic,MIX_AIC,"4096,12288;6144,12288",INT8;INT8,ND;ND,"4096,6144",DT_BF16,ND,1368.00,w8a8_dynamic
dynamic,MIX_AIC,"4096,6144;4096,6144",INT8;INT8,ND;ND,"4096,4096",DT_BF16,ND,507.08,w8a8_dynamic
dynamic,MIX_AIC,"4096,2048;6144,2048",INT8;INT8,ND;ND,"4096,6144",DT_BF16,ND,279.15,w8a8_dynamic
dynamic,MIX_AIC,"4096,6144;12288,6144",INT8;INT8,ND;ND,"4096,12288",DT_BF16,ND,1338.44,w8a8_dynamic
dynamic,MIX_AIC,"4096,6144;6144,6144",INT8;INT8,ND;ND,"4096,6144",DT_BF16,ND,717.32,w8a8_dynamic
dynamic,MIX_AIC,"4096,6144;2048,6144",INT8;INT8,ND;ND,"4096,2048",DT_BF16,ND,294.67,w8a8_dynamic
dynamic,MIX_AIC,"4096,1024;6144,1024",INT8;INT8,ND;ND,"4096,6144",DT_BF16,ND,201.81,w8a8_dynamic
dynamic,MIX_AIC,"4096,3072;6144,3072",INT8;INT8,ND;ND,"4096,6144",DT_BF16,ND,402.98,w8a8_dynamic
dynamic,MIX_AIC,"4096,6144;1024,6144",INT8;INT8,ND;ND,"4096,1024",DT_BF16,ND,198.47,w8a8_dynamic
dynamic,MIX_AIC,"4096,512;6144,512",INT8;INT8,ND;ND,"4096,6144",DT_BF16,ND,160.77,w8a8_dynamic
dynamic,MIX_AIC,"4096,6144;38720,6144",INT8;INT8,ND;ND,"4096,38720",DT_BF16,ND,6184.27,w8a8_dynamic
dynamic,MIX_AIC,"4096,6144;3072,6144",INT8;INT8,ND;ND,"4096,3072",DT_BF16,ND,394.94,w8a8_dynamic
dynamic,MIX_AIC,"4096,1536;6144,1536",INT8;INT8,ND;ND,"4096,6144",DT_BF16,ND,235.33,w8a8_dynamic
dynamic,MIX_AIC,"4096,6144;512,6144",INT8;INT8,ND;ND,"4096,512",DT_BF16,ND,145.22,w8a8_dynamic
dynamic,MIX_AIC,"4096,256;6144,256",INT8;INT8,ND;ND,"4096,6144",DT_BF16,ND,154.90,w8a8_dynamic
dynamic,MIX_AIC,"4096,6144;19360,6144",INT8;INT8,ND;ND,"4096,19360",DT_BF16,ND,4657.12,w8a8_dynamic
dynamic,MIX_AIC,"4096,6144;256,6144",INT8;INT8,ND;ND,"4096,256",DT_BF16,ND,120.56,w8a8_dynamic
dynamic,MIX_AIC,"8192,6144;24576,6144",INT8;INT8,ND;ND,"8192,24576",DT_BF16,ND,5135.47,w8a8_dynamic
dynamic,MIX_AIC,"8192,12288;6144,12288",INT8;INT8,ND;ND,"8192,6144",DT_BF16,ND,2689.97,w8a8_dynamic
dynamic,MIX_AIC,"8192,6144;4096,6144",INT8;INT8,ND;ND,"8192,4096",DT_BF16,ND,981.50,w8a8_dynamic
dynamic,MIX_AIC,"8192,2048;6144,2048",INT8;INT8,ND;ND,"8192,6144",DT_BF16,ND,539.75,w8a8_dynamic
dynamic,MIX_AIC,"8192,6144;12288,6144",INT8;INT8,ND;ND,"8192,12288",DT_BF16,ND,2635.87,w8a8_dynamic
dynamic,MIX_AIC,"8192,6144;6144,6144",INT8;INT8,ND;ND,"8192,6144",DT_BF16,ND,1382.34,w8a8_dynamic
dynamic,MIX_AIC,"8192,6144;2048,6144",INT8;INT8,ND;ND,"8192,2048",DT_BF16,ND,567.25,w8a8_dynamic
dynamic,MIX_AIC,"8192,1024;6144,1024",INT8;INT8,ND;ND,"8192,6144",DT_BF16,ND,384.88,w8a8_dynamic
dynamic,MIX_AIC,"8192,3072;6144,3072",INT8;INT8,ND;ND,"8192,6144",DT_BF16,ND,729.19,w8a8_dynamic
dynamic,MIX_AIC,"8192,6144;1024,6144",INT8;INT8,ND;ND,"8192,1024",DT_BF16,ND,360.23,w8a8_dynamic
dynamic,MIX_AIC,"8192,512;6144,512",INT8;INT8,ND;ND,"8192,6144",DT_BF16,ND,300.68,w8a8_dynamic
dynamic,MIX_AIC,"8192,6144;38720,6144",INT8;INT8,ND;ND,"8192,38720",DT_BF16,ND,16695.64,w8a8_dynamic
dynamic,MIX_AIC,"8192,6144;3072,6144",INT8;INT8,ND;ND,"8192,3072",DT_BF16,ND,766.17,w8a8_dynamic
dynamic,MIX_AIC,"8192,1536;6144,1536",INT8;INT8,ND;ND,"8192,6144",DT_BF16,ND,450.57,w8a8_dynamic
dynamic,MIX_AIC,"8192,6144;512,6144",INT8;INT8,ND;ND,"8192,512",DT_BF16,ND,263.07,w8a8_dynamic
dynamic,MIX_AIC,"8192,256;6144,256",INT8;INT8,ND;ND,"8192,6144",DT_BF16,ND,285.78,w8a8_dynamic
dynamic,MIX_AIC,"8192,6144;19360,6144",INT8;INT8,ND;ND,"8192,19360",DT_BF16,ND,9367.35,w8a8_dynamic
dynamic,MIX_AIC,"8192,6144;256,6144",INT8;INT8,ND;ND,"8192,256",DT_BF16,ND,205.76,w8a8_dynamic
dynamic,MIX_AIC,"16384,6144;24576,6144",INT8;INT8,ND;ND,"16384,24576",DT_BF16,ND,10424.35,w8a8_dynamic
dynamic,MIX_AIC,"16384,12288;6144,12288",INT8;INT8,ND;ND,"16384,6144",DT_BF16,ND,5290.98,w8a8_dynamic
dynamic,MIX_AIC,"16384,6144;4096,6144",INT8;INT8,ND;ND,"16384,4096",DT_BF16,ND,1950.81,w8a8_dynamic
dynamic,MIX_AIC,"16384,2048;6144,2048",INT8;INT8,ND;ND,"16384,6144",DT_BF16,ND,1075.50,w8a8_dynamic
dynamic,MIX_AIC,"16384,6144;12288,6144",INT8;INT8,ND;ND,"16384,12288",DT_BF16,ND,5238.90,w8a8_dynamic
dynamic,MIX_AIC,"16384,6144;6144,6144",INT8;INT8,ND;ND,"16384,6144",DT_BF16,ND,2729.67,w8a8_dynamic
dynamic,MIX_AIC,"16384,6144;2048,6144",INT8;INT8,ND;ND,"16384,2048",DT_BF16,ND,1117.54,w8a8_dynamic
dynamic,MIX_AIC,"16384,1024;6144,1024",INT8;INT8,ND;ND,"16384,6144",DT_BF16,ND,748.25,w8a8_dynamic
dynamic,MIX_AIC,"16384,3072;6144,3072",INT8;INT8,ND;ND,"16384,6144",DT_BF16,ND,1481.56,w8a8_dynamic
dynamic,MIX_AIC,"16384,6144;1024,6144",INT8;INT8,ND;ND,"16384,1024",DT_BF16,ND,712.67,w8a8_dynamic
dynamic,MIX_AIC,"16384,512;6144,512",INT8;INT8,ND;ND,"16384,6144",DT_BF16,ND,611.72,w8a8_dynamic
dynamic,MIX_AIC,"16384,6144;38720,6144",INT8;INT8,ND;ND,"16384,38720",DT_BF16,ND,34906.17,w8a8_dynamic
dynamic,MIX_AIC,"16384,6144;3072,6144",INT8;INT8,ND;ND,"16384,3072",DT_BF16,ND,1526.54,w8a8_dynamic
dynamic,MIX_AIC,"16384,1536;6144,1536",INT8;INT8,ND;ND,"16384,6144",DT_BF16,ND,878.10,w8a8_dynamic
dynamic,MIX_AIC,"16384,6144;512,6144",INT8;INT8,ND;ND,"16384,512",DT_BF16,ND,509.02,w8a8_dynamic
dynamic,MIX_AIC,"16384,256;6144,256",INT8;INT8,ND;ND,"16384,6144",DT_BF16,ND,550.22,w8a8_dynamic
dynamic,MIX_AIC,"16384,6144;19360,6144",INT8;INT8,ND;ND,"16384,19360",DT_BF16,ND,18884.81,w8a8_dynamic
dynamic,MIX_AIC,"16384,6144;256,6144",INT8;INT8,ND;ND,"16384,256",DT_BF16,ND,395.35,w8a8_dynamic
dynamic,MIX_AIC,"3,6144;24576,6144",INT8;INT8,ND;ND,"3,24576",DT_BF16,ND,150.28,w8a8_dynamic
dynamic,MIX_AIC,"3,12288;6144,12288",INT8;INT8,ND;ND,"3,6144",DT_BF16,ND,80.29,w8a8_dynamic
dynamic,MIX_AIC,"3,6144;4096,6144",INT8;INT8,ND;ND,"3,4096",DT_BF16,ND,42.19,w8a8_dynamic
dynamic,MIX_AIC,"3,2048;6144,2048",INT8;INT8,ND;ND,"3,6144",DT_BF16,ND,41.69,w8a8_dynamic
dynamic,MIX_AIC,"3,6144;12288,6144",INT8;INT8,ND;ND,"3,12288",DT_BF16,ND,81.36,w8a8_dynamic
dynamic,MIX_AIC,"3,6144;6144,6144",INT8;INT8,ND;ND,"3,6144",DT_BF16,ND,45.53,w8a8_dynamic
dynamic,MIX_AIC,"3,6144;2048,6144",INT8;INT8,ND;ND,"3,2048",DT_BF16,ND,40.42,w8a8_dynamic
dynamic,MIX_AIC,"3,1024;6144,1024",INT8;INT8,ND;ND,"3,6144",DT_BF16,ND,40.36,w8a8_dynamic
dynamic,MIX_AIC,"3,3072;6144,3072",INT8;INT8,ND;ND,"3,6144",DT_BF16,ND,40.73,w8a8_dynamic
dynamic,MIX_AIC,"3,6144;1024,6144",INT8;INT8,ND;ND,"3,1024",DT_BF16,ND,42.67,w8a8_dynamic
dynamic,MIX_AIC,"3,512;6144,512",INT8;INT8,ND;ND,"3,6144",DT_BF16,ND,40.82,w8a8_dynamic
dynamic,MIX_AIC,"3,6144;38720,6144",INT8;INT8,ND;ND,"3,38720",DT_BF16,ND,643.39,w8a8_dynamic
dynamic,MIX_AIC,"3,6144;3072,6144",INT8;INT8,ND;ND,"3,3072",DT_BF16,ND,41.84,w8a8_dynamic
dynamic,MIX_AIC,"3,1536;6144,1536",INT8;INT8,ND;ND,"3,6144",DT_BF16,ND,40.52,w8a8_dynamic
dynamic,MIX_AIC,"3,6144;512,6144",INT8;INT8,ND;ND,"3,512",DT_BF16,ND,41.50,w8a8_dynamic
dynamic,MIX_AIC,"3,256;6144,256",INT8;INT8,ND;ND,"3,6144",DT_BF16,ND,41.12,w8a8_dynamic
dynamic,MIX_AIC,"3,6144;19360,6144",INT8;INT8,ND;ND,"3,19360",DT_BF16,ND,419.12,w8a8_dynamic
dynamic,MIX_AIC,"3,6144;256,6144",INT8;INT8,ND;ND,"3,256",DT_BF16,ND,41.16,w8a8_dynamic
dynamic,MIX_AIC,"5,6144;24576,6144",INT8;INT8,ND;ND,"5,24576",DT_BF16,ND,150.13,w8a8_dynamic
dynamic,MIX_AIC,"5,12288;6144,12288",INT8;INT8,ND;ND,"5,6144",DT_BF16,ND,81.29,w8a8_dynamic
dynamic,MIX_AIC,"5,6144;4096,6144",INT8;INT8,ND;ND,"5,4096",DT_BF16,ND,41.89,w8a8_dynamic
dynamic,MIX_AIC,"5,2048;6144,2048",INT8;INT8,ND;ND,"5,6144",DT_BF16,ND,41.49,w8a8_dynamic
dynamic,MIX_AIC,"5,6144;12288,6144",INT8;INT8,ND;ND,"5,12288",DT_BF16,ND,80.56,w8a8_dynamic
dynamic,MIX_AIC,"5,6144;6144,6144",INT8;INT8,ND;ND,"5,6144",DT_BF16,ND,47.07,w8a8_dynamic
dynamic,MIX_AIC,"5,6144;2048,6144",INT8;INT8,ND;ND,"5,2048",DT_BF16,ND,43.18,w8a8_dynamic
dynamic,MIX_AIC,"5,1024;6144,1024",INT8;INT8,ND;ND,"5,6144",DT_BF16,ND,43.07,w8a8_dynamic
dynamic,MIX_AIC,"5,3072;6144,3072",INT8;INT8,ND;ND,"5,6144",DT_BF16,ND,42.22,w8a8_dynamic
dynamic,MIX_AIC,"5,6144;1024,6144",INT8;INT8,ND;ND,"5,1024",DT_BF16,ND,41.35,w8a8_dynamic
dynamic,MIX_AIC,"5,512;6144,512",INT8;INT8,ND;ND,"5,6144",DT_BF16,ND,41.90,w8a8_dynamic
dynamic,MIX_AIC,"5,6144;38720,6144",INT8;INT8,ND;ND,"5,38720",DT_BF16,ND,644.10,w8a8_dynamic
dynamic,MIX_AIC,"5,6144;3072,6144",INT8;INT8,ND;ND,"5,3072",DT_BF16,ND,41.90,w8a8_dynamic
dynamic,MIX_AIC,"5,1536;6144,1536",INT8;INT8,ND;ND,"5,6144",DT_BF16,ND,40.15,w8a8_dynamic
dynamic,MIX_AIC,"5,6144;512,6144",INT8;INT8,ND;ND,"5,512",DT_BF16,ND,40.77,w8a8_dynamic
dynamic,MIX_AIC,"5,256;6144,256",INT8;INT8,ND;ND,"5,6144",DT_BF16,ND,41.36,w8a8_dynamic
dynamic,MIX_AIC,"5,6144;19360,6144",INT8;INT8,ND;ND,"5,19360",DT_BF16,ND,418.79,w8a8_dynamic
dynamic,MIX_AIC,"5,6144;256,6144",INT8;INT8,ND;ND,"5,256",DT_BF16,ND,42.02,w8a8_dynamic
dynamic,MIX_AIC,"6,6144;24576,6144",INT8;INT8,ND;ND,"6,24576",DT_BF16,ND,150.54,w8a8_dynamic
dynamic,MIX_AIC,"6,12288;6144,12288",INT8;INT8,ND;ND,"6,6144",DT_BF16,ND,81.06,w8a8_dynamic
dynamic,MIX_AIC,"6,6144;4096,6144",INT8;INT8,ND;ND,"6,4096",DT_BF16,ND,40.86,w8a8_dynamic
dynamic,MIX_AIC,"6,2048;6144,2048",INT8;INT8,ND;ND,"6,6144",DT_BF16,ND,40.96,w8a8_dynamic
dynamic,MIX_AIC,"6,6144;12288,6144",INT8;INT8,ND;ND,"6,12288",DT_BF16,ND,81.53,w8a8_dynamic
dynamic,MIX_AIC,"6,6144;6144,6144",INT8;INT8,ND;ND,"6,6144",DT_BF16,ND,47.00,w8a8_dynamic
dynamic,MIX_AIC,"6,6144;2048,6144",INT8;INT8,ND;ND,"6,2048",DT_BF16,ND,42.52,w8a8_dynamic
dynamic,MIX_AIC,"6,1024;6144,1024",INT8;INT8,ND;ND,"6,6144",DT_BF16,ND,42.59,w8a8_dynamic
dynamic,MIX_AIC,"6,3072;6144,3072",INT8;INT8,ND;ND,"6,6144",DT_BF16,ND,43.41,w8a8_dynamic
dynamic,MIX_AIC,"6,6144;1024,6144",INT8;INT8,ND;ND,"6,1024",DT_BF16,ND,42.50,w8a8_dynamic
dynamic,MIX_AIC,"6,512;6144,512",INT8;INT8,ND;ND,"6,6144",DT_BF16,ND,73.18,w8a8_dynamic
dynamic,MIX_AIC,"6,6144;38720,6144",INT8;INT8,ND;ND,"6,38720",DT_BF16,ND,645.09,w8a8_dynamic
dynamic,MIX_AIC,"6,6144;3072,6144",INT8;INT8,ND;ND,"6,3072",DT_BF16,ND,35.10,w8a8_dynamic
dynamic,MIX_AIC,"6,1536;6144,1536",INT8;INT8,ND;ND,"6,6144",DT_BF16,ND,39.07,w8a8_dynamic
dynamic,MIX_AIC,"6,6144;512,6144",INT8;INT8,ND;ND,"6,512",DT_BF16,ND,34.77,w8a8_dynamic
dynamic,MIX_AIC,"6,256;6144,256",INT8;INT8,ND;ND,"6,6144",DT_BF16,ND,34.38,w8a8_dynamic
dynamic,MIX_AIC,"6,6144;19360,6144",INT8;INT8,ND;ND,"6,19360",DT_BF16,ND,417.11,w8a8_dynamic
dynamic,MIX_AIC,"6,6144;256,6144",INT8;INT8,ND;ND,"6,256",DT_BF16,ND,36.18,w8a8_dynamic
dynamic,MIX_AIC,"7,6144;24576,6144",INT8;INT8,ND;ND,"7,24576",DT_BF16,ND,151.07,w8a8_dynamic
dynamic,MIX_AIC,"7,12288;6144,12288",INT8;INT8,ND;ND,"7,6144",DT_BF16,ND,80.43,w8a8_dynamic
dynamic,MIX_AIC,"7,6144;4096,6144",INT8;INT8,ND;ND,"7,4096",DT_BF16,ND,38.74,w8a8_dynamic
dynamic,MIX_AIC,"7,2048;6144,2048",INT8;INT8,ND;ND,"7,6144",DT_BF16,ND,34.49,w8a8_dynamic
dynamic,MIX_AIC,"7,6144;12288,6144",INT8;INT8,ND;ND,"7,12288",DT_BF16,ND,82.29,w8a8_dynamic
dynamic,MIX_AIC,"7,6144;6144,6144",INT8;INT8,ND;ND,"7,6144",DT_BF16,ND,46.49,w8a8_dynamic
dynamic,MIX_AIC,"7,6144;2048,6144",INT8;INT8,ND;ND,"7,2048",DT_BF16,ND,37.23,w8a8_dynamic
dynamic,MIX_AIC,"7,1024;6144,1024",INT8;INT8,ND;ND,"7,6144",DT_BF16,ND,37.62,w8a8_dynamic
dynamic,MIX_AIC,"7,3072;6144,3072",INT8;INT8,ND;ND,"7,6144",DT_BF16,ND,42.51,w8a8_dynamic
dynamic,MIX_AIC,"7,6144;1024,6144",INT8;INT8,ND;ND,"7,1024",DT_BF16,ND,43.75,w8a8_dynamic
dynamic,MIX_AIC,"7,512;6144,512",INT8;INT8,ND;ND,"7,6144",DT_BF16,ND,43.01,w8a8_dynamic
dynamic,MIX_AIC,"7,6144;38720,6144",INT8;INT8,ND;ND,"7,38720",DT_BF16,ND,656.35,w8a8_dynamic
dynamic,MIX_AIC,"7,6144;3072,6144",INT8;INT8,ND;ND,"7,3072",DT_BF16,ND,42.40,w8a8_dynamic
dynamic,MIX_AIC,"7,1536;6144,1536",INT8;INT8,ND;ND,"7,6144",DT_BF16,ND,41.72,w8a8_dynamic
dynamic,MIX_AIC,"7,6144;512,6144",INT8;INT8,ND;ND,"7,512",DT_BF16,ND,42.45,w8a8_dynamic
dynamic,MIX_AIC,"7,256;6144,256",INT8;INT8,ND;ND,"7,6144",DT_BF16,ND,42.52,w8a8_dynamic
dynamic,MIX_AIC,"7,6144;19360,6144",INT8;INT8,ND;ND,"7,19360",DT_BF16,ND,418.13,w8a8_dynamic
dynamic,MIX_AIC,"7,6144;256,6144",INT8;INT8,ND;ND,"7,256",DT_BF16,ND,42.26,w8a8_dynamic
dynamic,MIX_AIC,"9,6144;24576,6144",INT8;INT8,ND;ND,"9,24576",DT_BF16,ND,151.22,w8a8_dynamic
dynamic,MIX_AIC,"9,12288;6144,12288",INT8;INT8,ND;ND,"9,6144",DT_BF16,ND,81.80,w8a8_dynamic
dynamic,MIX_AIC,"9,6144;4096,6144",INT8;INT8,ND;ND,"9,4096",DT_BF16,ND,41.15,w8a8_dynamic
dynamic,MIX_AIC,"9,2048;6144,2048",INT8;INT8,ND;ND,"9,6144",DT_BF16,ND,41.68,w8a8_dynamic
dynamic,MIX_AIC,"9,6144;12288,6144",INT8;INT8,ND;ND,"9,12288",DT_BF16,ND,81.98,w8a8_dynamic
dynamic,MIX_AIC,"9,6144;6144,6144",INT8;INT8,ND;ND,"9,6144",DT_BF16,ND,48.17,w8a8_dynamic
dynamic,MIX_AIC,"9,6144;2048,6144",INT8;INT8,ND;ND,"9,2048",DT_BF16,ND,41.79,w8a8_dynamic
dynamic,MIX_AIC,"9,1024;6144,1024",INT8;INT8,ND;ND,"9,6144",DT_BF16,ND,41.68,w8a8_dynamic
dynamic,MIX_AIC,"9,3072;6144,3072",INT8;INT8,ND;ND,"9,6144",DT_BF16,ND,41.77,w8a8_dynamic
dynamic,MIX_AIC,"9,6144;1024,6144",INT8;INT8,ND;ND,"9,1024",DT_BF16,ND,41.71,w8a8_dynamic
dynamic,MIX_AIC,"9,512;6144,512",INT8;INT8,ND;ND,"9,6144",DT_BF16,ND,42.17,w8a8_dynamic
dynamic,MIX_AIC,"9,6144;38720,6144",INT8;INT8,ND;ND,"9,38720",DT_BF16,ND,655.24,w8a8_dynamic
dynamic,MIX_AIC,"9,6144;3072,6144",INT8;INT8,ND;ND,"9,3072",DT_BF16,ND,42.53,w8a8_dynamic
dynamic,MIX_AIC,"9,1536;6144,1536",INT8;INT8,ND;ND,"9,6144",DT_BF16,ND,41.85,w8a8_dynamic
dynamic,MIX_AIC,"9,6144;512,6144",INT8;INT8,ND;ND,"9,512",DT_BF16,ND,42.29,w8a8_dynamic
dynamic,MIX_AIC,"9,256;6144,256",INT8;INT8,ND;ND,"9,6144",DT_BF16,ND,41.85,w8a8_dynamic
dynamic,MIX_AIC,"9,6144;19360,6144",INT8;INT8,ND;ND,"9,19360",DT_BF16,ND,419.44,w8a8_dynamic
dynamic,MIX_AIC,"9,6144;256,6144",INT8;INT8,ND;ND,"9,256",DT_BF16,ND,42.11,w8a8_dynamic
dynamic,MIX_AIC,"10,6144;24576,6144",INT8;INT8,ND;ND,"10,24576",DT_BF16,ND,151.75,w8a8_dynamic
dynamic,MIX_AIC,"10,12288;6144,12288",INT8;INT8,ND;ND,"10,6144",DT_BF16,ND,81.59,w8a8_dynamic
dynamic,MIX_AIC,"10,6144;4096,6144",INT8;INT8,ND;ND,"10,4096",DT_BF16,ND,42.07,w8a8_dynamic
dynamic,MIX_AIC,"10,2048;6144,2048",INT8;INT8,ND;ND,"10,6144",DT_BF16,ND,41.21,w8a8_dynamic
dynamic,MIX_AIC,"10,6144;12288,6144",INT8;INT8,ND;ND,"10,12288",DT_BF16,ND,83.35,w8a8_dynamic
dynamic,MIX_AIC,"10,6144;6144,6144",INT8;INT8,ND;ND,"10,6144",DT_BF16,ND,47.73,w8a8_dynamic
dynamic,MIX_AIC,"10,6144;2048,6144",INT8;INT8,ND;ND,"10,2048",DT_BF16,ND,42.61,w8a8_dynamic
dynamic,MIX_AIC,"10,1024;6144,1024",INT8;INT8,ND;ND,"10,6144",DT_BF16,ND,42.43,w8a8_dynamic
dynamic,MIX_AIC,"10,3072;6144,3072",INT8;INT8,ND;ND,"10,6144",DT_BF16,ND,42.29,w8a8_dynamic
dynamic,MIX_AIC,"10,6144;1024,6144",INT8;INT8,ND;ND,"10,1024",DT_BF16,ND,41.90,w8a8_dynamic
dynamic,MIX_AIC,"10,512;6144,512",INT8;INT8,ND;ND,"10,6144",DT_BF16,ND,42.62,w8a8_dynamic
dynamic,MIX_AIC,"10,6144;38720,6144",INT8;INT8,ND;ND,"10,38720",DT_BF16,ND,657.01,w8a8_dynamic
dynamic,MIX_AIC,"10,6144;3072,6144",INT8;INT8,ND;ND,"10,3072",DT_BF16,ND,42.88,w8a8_dynamic
dynamic,MIX_AIC,"10,1536;6144,1536",INT8;INT8,ND;ND,"10,6144",DT_BF16,ND,42.24,w8a8_dynamic
dynamic,MIX_AIC,"10,6144;512,6144",INT8;INT8,ND;ND,"10,512",DT_BF16,ND,42.73,w8a8_dynamic
dynamic,MIX_AIC,"10,256;6144,256",INT8;INT8,ND;ND,"10,6144",DT_BF16,ND,42.92,w8a8_dynamic
dynamic,MIX_AIC,"10,6144;19360,6144",INT8;INT8,ND;ND,"10,19360",DT_BF16,ND,418.56,w8a8_dynamic
dynamic,MIX_AIC,"10,6144;256,6144",INT8;INT8,ND;ND,"10,256",DT_BF16,ND,42.61,w8a8_dynamic
dynamic,MIX_AIC,"11,6144;24576,6144",INT8;INT8,ND;ND,"11,24576",DT_BF16,ND,152.70,w8a8_dynamic
dynamic,MIX_AIC,"11,12288;6144,12288",INT8;INT8,ND;ND,"11,6144",DT_BF16,ND,82.34,w8a8_dynamic
dynamic,MIX_AIC,"11,6144;4096,6144",INT8;INT8,ND;ND,"11,4096",DT_BF16,ND,64.13,w8a8_dynamic
dynamic,MIX_AIC,"11,2048;6144,2048",INT8;INT8,ND;ND,"11,6144",DT_BF16,ND,36.94,w8a8_dynamic
dynamic,MIX_AIC,"11,6144;12288,6144",INT8;INT8,ND;ND,"11,12288",DT_BF16,ND,83.53,w8a8_dynamic
dynamic,MIX_AIC,"11,6144;6144,6144",INT8;INT8,ND;ND,"11,6144",DT_BF16,ND,46.76,w8a8_dynamic
dynamic,MIX_AIC,"11,6144;2048,6144",INT8;INT8,ND;ND,"11,2048",DT_BF16,ND,41.79,w8a8_dynamic
dynamic,MIX_AIC,"11,1024;6144,1024",INT8;INT8,ND;ND,"11,6144",DT_BF16,ND,41.62,w8a8_dynamic
dynamic,MIX_AIC,"11,3072;6144,3072",INT8;INT8,ND;ND,"11,6144",DT_BF16,ND,44.17,w8a8_dynamic
dynamic,MIX_AIC,"11,6144;1024,6144",INT8;INT8,ND;ND,"11,1024",DT_BF16,ND,42.32,w8a8_dynamic
dynamic,MIX_AIC,"11,512;6144,512",INT8;INT8,ND;ND,"11,6144",DT_BF16,ND,41.66,w8a8_dynamic
dynamic,MIX_AIC,"11,6144;38720,6144",INT8;INT8,ND;ND,"11,38720",DT_BF16,ND,656.65,w8a8_dynamic
dynamic,MIX_AIC,"11,6144;3072,6144",INT8;INT8,ND;ND,"11,3072",DT_BF16,ND,42.18,w8a8_dynamic
dynamic,MIX_AIC,"11,1536;6144,1536",INT8;INT8,ND;ND,"11,6144",DT_BF16,ND,42.77,w8a8_dynamic
dynamic,MIX_AIC,"11,6144;512,6144",INT8;INT8,ND;ND,"11,512",DT_BF16,ND,42.57,w8a8_dynamic
dynamic,MIX_AIC,"11,256;6144,256",INT8;INT8,ND;ND,"11,6144",DT_BF16,ND,42.54,w8a8_dynamic
dynamic,MIX_AIC,"11,6144;19360,6144",INT8;INT8,ND;ND,"11,19360",DT_BF16,ND,419.40,w8a8_dynamic
dynamic,MIX_AIC,"11,6144;256,6144",INT8;INT8,ND;ND,"11,256",DT_BF16,ND,42.96,w8a8_dynamic
dynamic,MIX_AIC,"12,6144;24576,6144",INT8;INT8,ND;ND,"12,24576",DT_BF16,ND,151.83,w8a8_dynamic
dynamic,MIX_AIC,"12,12288;6144,12288",INT8;INT8,ND;ND,"12,6144",DT_BF16,ND,82.90,w8a8_dynamic
dynamic,MIX_AIC,"12,6144;4096,6144",INT8;INT8,ND;ND,"12,4096",DT_BF16,ND,41.24,w8a8_dynamic
dynamic,MIX_AIC,"12,2048;6144,2048",INT8;INT8,ND;ND,"12,6144",DT_BF16,ND,41.54,w8a8_dynamic
dynamic,MIX_AIC,"12,6144;12288,6144",INT8;INT8,ND;ND,"12,12288",DT_BF16,ND,82.85,w8a8_dynamic
dynamic,MIX_AIC,"12,6144;6144,6144",INT8;INT8,ND;ND,"12,6144",DT_BF16,ND,48.65,w8a8_dynamic
dynamic,MIX_AIC,"12,6144;2048,6144",INT8;INT8,ND;ND,"12,2048",DT_BF16,ND,42.12,w8a8_dynamic
dynamic,MIX_AIC,"12,1024;6144,1024",INT8;INT8,ND;ND,"12,6144",DT_BF16,ND,42.45,w8a8_dynamic
dynamic,MIX_AIC,"12,3072;6144,3072",INT8;INT8,ND;ND,"12,6144",DT_BF16,ND,41.33,w8a8_dynamic
dynamic,MIX_AIC,"12,6144;1024,6144",INT8;INT8,ND;ND,"12,1024",DT_BF16,ND,41.84,w8a8_dynamic
dynamic,MIX_AIC,"12,512;6144,512",INT8;INT8,ND;ND,"12,6144",DT_BF16,ND,41.74,w8a8_dynamic
dynamic,MIX_AIC,"12,6144;38720,6144",INT8;INT8,ND;ND,"12,38720",DT_BF16,ND,645.65,w8a8_dynamic
dynamic,MIX_AIC,"12,6144;3072,6144",INT8;INT8,ND;ND,"12,3072",DT_BF16,ND,36.30,w8a8_dynamic
dynamic,MIX_AIC,"12,1536;6144,1536",INT8;INT8,ND;ND,"12,6144",DT_BF16,ND,37.32,w8a8_dynamic
dynamic,MIX_AIC,"12,6144;512,6144",INT8;INT8,ND;ND,"12,512",DT_BF16,ND,37.84,w8a8_dynamic
dynamic,MIX_AIC,"12,256;6144,256",INT8;INT8,ND;ND,"12,6144",DT_BF16,ND,37.14,w8a8_dynamic
dynamic,MIX_AIC,"12,6144;19360,6144",INT8;INT8,ND;ND,"12,19360",DT_BF16,ND,419.83,w8a8_dynamic
dynamic,MIX_AIC,"12,6144;256,6144",INT8;INT8,ND;ND,"12,256",DT_BF16,ND,35.85,w8a8_dynamic
dynamic,MIX_AIC,"14,6144;24576,6144",INT8;INT8,ND;ND,"14,24576",DT_BF16,ND,151.67,w8a8_dynamic
dynamic,MIX_AIC,"14,12288;6144,12288",INT8;INT8,ND;ND,"14,6144",DT_BF16,ND,82.39,w8a8_dynamic
dynamic,MIX_AIC,"14,6144;4096,6144",INT8;INT8,ND;ND,"14,4096",DT_BF16,ND,40.46,w8a8_dynamic
dynamic,MIX_AIC,"14,2048;6144,2048",INT8;INT8,ND;ND,"14,6144",DT_BF16,ND,35.12,w8a8_dynamic
dynamic,MIX_AIC,"14,6144;12288,6144",INT8;INT8,ND;ND,"14,12288",DT_BF16,ND,83.52,w8a8_dynamic
dynamic,MIX_AIC,"14,6144;6144,6144",INT8;INT8,ND;ND,"14,6144",DT_BF16,ND,47.36,w8a8_dynamic
dynamic,MIX_AIC,"14,6144;2048,6144",INT8;INT8,ND;ND,"14,2048",DT_BF16,ND,37.68,w8a8_dynamic
dynamic,MIX_AIC,"14,1024;6144,1024",INT8;INT8,ND;ND,"14,6144",DT_BF16,ND,36.71,w8a8_dynamic
dynamic,MIX_AIC,"14,3072;6144,3072",INT8;INT8,ND;ND,"14,6144",DT_BF16,ND,38.29,w8a8_dynamic
dynamic,MIX_AIC,"14,6144;1024,6144",INT8;INT8,ND;ND,"14,1024",DT_BF16,ND,36.91,w8a8_dynamic
dynamic,MIX_AIC,"14,512;6144,512",INT8;INT8,ND;ND,"14,6144",DT_BF16,ND,36.20,w8a8_dynamic
dynamic,MIX_AIC,"14,6144;38720,6144",INT8;INT8,ND;ND,"14,38720",DT_BF16,ND,646.88,w8a8_dynamic
dynamic,MIX_AIC,"14,6144;3072,6144",INT8;INT8,ND;ND,"14,3072",DT_BF16,ND,39.63,w8a8_dynamic
dynamic,MIX_AIC,"14,1536;6144,1536",INT8;INT8,ND;ND,"14,6144",DT_BF16,ND,39.63,w8a8_dynamic
dynamic,MIX_AIC,"14,6144;512,6144",INT8;INT8,ND;ND,"14,512",DT_BF16,ND,40.50,w8a8_dynamic
dynamic,MIX_AIC,"14,256;6144,256",INT8;INT8,ND;ND,"14,6144",DT_BF16,ND,40.65,w8a8_dynamic
dynamic,MIX_AIC,"14,6144;19360,6144",INT8;INT8,ND;ND,"14,19360",DT_BF16,ND,420.78,w8a8_dynamic
dynamic,MIX_AIC,"14,6144;256,6144",INT8;INT8,ND;ND,"14,256",DT_BF16,ND,40.20,w8a8_dynamic
dynamic,MIX_AIC,"15,6144;24576,6144",INT8;INT8,ND;ND,"15,24576",DT_BF16,ND,152.61,w8a8_dynamic
dynamic,MIX_AIC,"15,12288;6144,12288",INT8;INT8,ND;ND,"15,6144",DT_BF16,ND,83.41,w8a8_dynamic
dynamic,MIX_AIC,"15,6144;4096,6144",INT8;INT8,ND;ND,"15,4096",DT_BF16,ND,41.71,w8a8_dynamic
dynamic,MIX_AIC,"15,2048;6144,2048",INT8;INT8,ND;ND,"15,6144",DT_BF16,ND,40.89,w8a8_dynamic
dynamic,MIX_AIC,"15,6144;12288,6144",INT8;INT8,ND;ND,"15,12288",DT_BF16,ND,83.04,w8a8_dynamic
dynamic,MIX_AIC,"15,6144;6144,6144",INT8;INT8,ND;ND,"15,6144",DT_BF16,ND,48.05,w8a8_dynamic
dynamic,MIX_AIC,"15,6144;2048,6144",INT8;INT8,ND;ND,"15,2048",DT_BF16,ND,40.59,w8a8_dynamic
dynamic,MIX_AIC,"15,1024;6144,1024",INT8;INT8,ND;ND,"15,6144",DT_BF16,ND,40.32,w8a8_dynamic
dynamic,MIX_AIC,"15,3072;6144,3072",INT8;INT8,ND;ND,"15,6144",DT_BF16,ND,43.53,w8a8_dynamic
dynamic,MIX_AIC,"15,6144;1024,6144",INT8;INT8,ND;ND,"15,1024",DT_BF16,ND,41.42,w8a8_dynamic
dynamic,MIX_AIC,"15,512;6144,512",INT8;INT8,ND;ND,"15,6144",DT_BF16,ND,40.53,w8a8_dynamic
dynamic,MIX_AIC,"15,6144;38720,6144",INT8;INT8,ND;ND,"15,38720",DT_BF16,ND,657.69,w8a8_dynamic
dynamic,MIX_AIC,"15,6144;3072,6144",INT8;INT8,ND;ND,"15,3072",DT_BF16,ND,42.00,w8a8_dynamic
dynamic,MIX_AIC,"15,1536;6144,1536",INT8;INT8,ND;ND,"15,6144",DT_BF16,ND,40.51,w8a8_dynamic
dynamic,MIX_AIC,"15,6144;512,6144",INT8;INT8,ND;ND,"15,512",DT_BF16,ND,41.06,w8a8_dynamic
dynamic,MIX_AIC,"15,256;6144,256",INT8;INT8,ND;ND,"15,6144",DT_BF16,ND,41.22,w8a8_dynamic
dynamic,MIX_AIC,"15,6144;19360,6144",INT8;INT8,ND;ND,"15,19360",DT_BF16,ND,419.94,w8a8_dynamic
dynamic,MIX_AIC,"15,6144;256,6144",INT8;INT8,ND;ND,"15,256",DT_BF16,ND,40.78,w8a8_dynamic
dynamic,MIX_AIC,"18,6144;24576,6144",INT8;INT8,ND;ND,"18,24576",DT_BF16,ND,126.62,w8a8_dynamic
dynamic,MIX_AIC,"18,12288;6144,12288",INT8;INT8,ND;ND,"18,6144",DT_BF16,ND,82.87,w8a8_dynamic
dynamic,MIX_AIC,"18,6144;4096,6144",INT8;INT8,ND;ND,"18,4096",DT_BF16,ND,41.65,w8a8_dynamic
dynamic,MIX_AIC,"18,2048;6144,2048",INT8;INT8,ND;ND,"18,6144",DT_BF16,ND,40.33,w8a8_dynamic
dynamic,MIX_AIC,"18,6144;12288,6144",INT8;INT8,ND;ND,"18,12288",DT_BF16,ND,72.87,w8a8_dynamic
dynamic,MIX_AIC,"18,6144;6144,6144",INT8;INT8,ND;ND,"18,6144",DT_BF16,ND,47.66,w8a8_dynamic
dynamic,MIX_AIC,"18,6144;2048,6144",INT8;INT8,ND;ND,"18,2048",DT_BF16,ND,36.21,w8a8_dynamic
dynamic,MIX_AIC,"18,1024;6144,1024",INT8;INT8,ND;ND,"18,6144",DT_BF16,ND,34.36,w8a8_dynamic
dynamic,MIX_AIC,"18,3072;6144,3072",INT8;INT8,ND;ND,"18,6144",DT_BF16,ND,36.25,w8a8_dynamic
dynamic,MIX_AIC,"18,6144;1024,6144",INT8;INT8,ND;ND,"18,1024",DT_BF16,ND,39.61,w8a8_dynamic
dynamic,MIX_AIC,"18,512;6144,512",INT8;INT8,ND;ND,"18,6144",DT_BF16,ND,39.05,w8a8_dynamic
dynamic,MIX_AIC,"18,6144;38720,6144",INT8;INT8,ND;ND,"18,38720",DT_BF16,ND,518.78,w8a8_dynamic
dynamic,MIX_AIC,"18,6144;3072,6144",INT8;INT8,ND;ND,"18,3072",DT_BF16,ND,38.09,w8a8_dynamic
dynamic,MIX_AIC,"18,1536;6144,1536",INT8;INT8,ND;ND,"18,6144",DT_BF16,ND,37.51,w8a8_dynamic
dynamic,MIX_AIC,"18,6144;512,6144",INT8;INT8,ND;ND,"18,512",DT_BF16,ND,38.24,w8a8_dynamic
dynamic,MIX_AIC,"18,256;6144,256",INT8;INT8,ND;ND,"18,6144",DT_BF16,ND,36.22,w8a8_dynamic
dynamic,MIX_AIC,"18,6144;19360,6144",INT8;INT8,ND;ND,"18,19360",DT_BF16,ND,294.91,w8a8_dynamic
dynamic,MIX_AIC,"18,6144;256,6144",INT8;INT8,ND;ND,"18,256",DT_BF16,ND,37.95,w8a8_dynamic
dynamic,MIX_AIC,"19,6144;24576,6144",INT8;INT8,ND;ND,"19,24576",DT_BF16,ND,126.76,w8a8_dynamic
dynamic,MIX_AIC,"19,12288;6144,12288",INT8;INT8,ND;ND,"19,6144",DT_BF16,ND,83.43,w8a8_dynamic
dynamic,MIX_AIC,"19,6144;4096,6144",INT8;INT8,ND;ND,"19,4096",DT_BF16,ND,42.74,w8a8_dynamic
dynamic,MIX_AIC,"19,2048;6144,2048",INT8;INT8,ND;ND,"19,6144",DT_BF16,ND,41.37,w8a8_dynamic
dynamic,MIX_AIC,"19,6144;12288,6144",INT8;INT8,ND;ND,"19,12288",DT_BF16,ND,70.91,w8a8_dynamic
dynamic,MIX_AIC,"19,6144;6144,6144",INT8;INT8,ND;ND,"19,6144",DT_BF16,ND,48.07,w8a8_dynamic
dynamic,MIX_AIC,"19,6144;2048,6144",INT8;INT8,ND;ND,"19,2048",DT_BF16,ND,43.98,w8a8_dynamic
dynamic,MIX_AIC,"19,1024;6144,1024",INT8;INT8,ND;ND,"19,6144",DT_BF16,ND,43.09,w8a8_dynamic
dynamic,MIX_AIC,"19,3072;6144,3072",INT8;INT8,ND;ND,"19,6144",DT_BF16,ND,34.32,w8a8_dynamic
dynamic,MIX_AIC,"19,6144;1024,6144",INT8;INT8,ND;ND,"19,1024",DT_BF16,ND,34.08,w8a8_dynamic
dynamic,MIX_AIC,"19,512;6144,512",INT8;INT8,ND;ND,"19,6144",DT_BF16,ND,35.83,w8a8_dynamic
dynamic,MIX_AIC,"19,6144;38720,6144",INT8;INT8,ND;ND,"19,38720",DT_BF16,ND,518.25,w8a8_dynamic
dynamic,MIX_AIC,"19,6144;3072,6144",INT8;INT8,ND;ND,"19,3072",DT_BF16,ND,41.94,w8a8_dynamic
dynamic,MIX_AIC,"19,1536;6144,1536",INT8;INT8,ND;ND,"19,6144",DT_BF16,ND,41.46,w8a8_dynamic
dynamic,MIX_AIC,"19,6144;512,6144",INT8;INT8,ND;ND,"19,512",DT_BF16,ND,41.82,w8a8_dynamic
dynamic,MIX_AIC,"19,256;6144,256",INT8;INT8,ND;ND,"19,6144",DT_BF16,ND,41.56,w8a8_dynamic
dynamic,MIX_AIC,"19,6144;19360,6144",INT8;INT8,ND;ND,"19,19360",DT_BF16,ND,295.21,w8a8_dynamic
dynamic,MIX_AIC,"19,6144;256,6144",INT8;INT8,ND;ND,"19,256",DT_BF16,ND,41.12,w8a8_dynamic
dynamic,MIX_AIC,"20,6144;24576,6144",INT8;INT8,ND;ND,"20,24576",DT_BF16,ND,126.30,w8a8_dynamic
dynamic,MIX_AIC,"20,12288;6144,12288",INT8;INT8,ND;ND,"20,6144",DT_BF16,ND,83.43,w8a8_dynamic
dynamic,MIX_AIC,"20,6144;4096,6144",INT8;INT8,ND;ND,"20,4096",DT_BF16,ND,41.66,w8a8_dynamic
dynamic,MIX_AIC,"20,2048;6144,2048",INT8;INT8,ND;ND,"20,6144",DT_BF16,ND,41.15,w8a8_dynamic
dynamic,MIX_AIC,"20,6144;12288,6144",INT8;INT8,ND;ND,"20,12288",DT_BF16,ND,71.55,w8a8_dynamic
dynamic,MIX_AIC,"20,6144;6144,6144",INT8;INT8,ND;ND,"20,6144",DT_BF16,ND,48.42,w8a8_dynamic
dynamic,MIX_AIC,"20,6144;2048,6144",INT8;INT8,ND;ND,"20,2048",DT_BF16,ND,44.10,w8a8_dynamic
dynamic,MIX_AIC,"20,1024;6144,1024",INT8;INT8,ND;ND,"20,6144",DT_BF16,ND,44.80,w8a8_dynamic
dynamic,MIX_AIC,"20,3072;6144,3072",INT8;INT8,ND;ND,"20,6144",DT_BF16,ND,44.01,w8a8_dynamic
dynamic,MIX_AIC,"20,6144;1024,6144",INT8;INT8,ND;ND,"20,1024",DT_BF16,ND,43.53,w8a8_dynamic
dynamic,MIX_AIC,"20,512;6144,512",INT8;INT8,ND;ND,"20,6144",DT_BF16,ND,43.94,w8a8_dynamic
dynamic,MIX_AIC,"20,6144;38720,6144",INT8;INT8,ND;ND,"20,38720",DT_BF16,ND,518.31,w8a8_dynamic
dynamic,MIX_AIC,"20,6144;3072,6144",INT8;INT8,ND;ND,"20,3072",DT_BF16,ND,44.39,w8a8_dynamic
dynamic,MIX_AIC,"20,1536;6144,1536",INT8;INT8,ND;ND,"20,6144",DT_BF16,ND,43.48,w8a8_dynamic
dynamic,MIX_AIC,"20,6144;512,6144",INT8;INT8,ND;ND,"20,512",DT_BF16,ND,44.44,w8a8_dynamic
dynamic,MIX_AIC,"20,256;6144,256",INT8;INT8,ND;ND,"20,6144",DT_BF16,ND,44.18,w8a8_dynamic
dynamic,MIX_AIC,"20,6144;19360,6144",INT8;INT8,ND;ND,"20,19360",DT_BF16,ND,295.43,w8a8_dynamic
dynamic,MIX_AIC,"20,6144;256,6144",INT8;INT8,ND;ND,"20,256",DT_BF16,ND,37.65,w8a8_dynamic
dynamic,MIX_AIC,"21,6144;24576,6144",INT8;INT8,ND;ND,"21,24576",DT_BF16,ND,127.39,w8a8_dynamic
dynamic,MIX_AIC,"21,12288;6144,12288",INT8;INT8,ND;ND,"21,6144",DT_BF16,ND,82.71,w8a8_dynamic
dynamic,MIX_AIC,"21,6144;4096,6144",INT8;INT8,ND;ND,"21,4096",DT_BF16,ND,41.74,w8a8_dynamic
dynamic,MIX_AIC,"21,2048;6144,2048",INT8;INT8,ND;ND,"21,6144",DT_BF16,ND,35.80,w8a8_dynamic
dynamic,MIX_AIC,"21,6144;12288,6144",INT8;INT8,ND;ND,"21,12288",DT_BF16,ND,72.03,w8a8_dynamic
dynamic,MIX_AIC,"21,6144;6144,6144",INT8;INT8,ND;ND,"21,6144",DT_BF16,ND,48.32,w8a8_dynamic
dynamic,MIX_AIC,"21,6144;2048,6144",INT8;INT8,ND;ND,"21,2048",DT_BF16,ND,41.53,w8a8_dynamic
dynamic,MIX_AIC,"21,1024;6144,1024",INT8;INT8,ND;ND,"21,6144",DT_BF16,ND,41.90,w8a8_dynamic
dynamic,MIX_AIC,"21,3072;6144,3072",INT8;INT8,ND;ND,"21,6144",DT_BF16,ND,41.11,w8a8_dynamic
dynamic,MIX_AIC,"21,6144;1024,6144",INT8;INT8,ND;ND,"21,1024",DT_BF16,ND,42.19,w8a8_dynamic
dynamic,MIX_AIC,"21,512;6144,512",INT8;INT8,ND;ND,"21,6144",DT_BF16,ND,41.50,w8a8_dynamic
dynamic,MIX_AIC,"21,6144;38720,6144",INT8;INT8,ND;ND,"21,38720",DT_BF16,ND,518.42,w8a8_dynamic
dynamic,MIX_AIC,"21,6144;3072,6144",INT8;INT8,ND;ND,"21,3072",DT_BF16,ND,42.14,w8a8_dynamic
dynamic,MIX_AIC,"21,1536;6144,1536",INT8;INT8,ND;ND,"21,6144",DT_BF16,ND,42.11,w8a8_dynamic
dynamic,MIX_AIC,"21,6144;512,6144",INT8;INT8,ND;ND,"21,512",DT_BF16,ND,41.74,w8a8_dynamic
dynamic,MIX_AIC,"21,256;6144,256",INT8;INT8,ND;ND,"21,6144",DT_BF16,ND,42.08,w8a8_dynamic
dynamic,MIX_AIC,"21,6144;19360,6144",INT8;INT8,ND;ND,"21,19360",DT_BF16,ND,294.54,w8a8_dynamic
dynamic,MIX_AIC,"21,6144;256,6144",INT8;INT8,ND;ND,"21,256",DT_BF16,ND,41.72,w8a8_dynamic
dynamic,MIX_AIC,"24,6144;24576,6144",INT8;INT8,ND;ND,"24,24576",DT_BF16,ND,126.61,w8a8_dynamic
dynamic,MIX_AIC,"24,12288;6144,12288",INT8;INT8,ND;ND,"24,6144",DT_BF16,ND,84.27,w8a8_dynamic
dynamic,MIX_AIC,"24,6144;4096,6144",INT8;INT8,ND;ND,"24,4096",DT_BF16,ND,41.84,w8a8_dynamic
dynamic,MIX_AIC,"24,2048;6144,2048",INT8;INT8,ND;ND,"24,6144",DT_BF16,ND,35.22,w8a8_dynamic
dynamic,MIX_AIC,"24,6144;12288,6144",INT8;INT8,ND;ND,"24,12288",DT_BF16,ND,71.64,w8a8_dynamic
dynamic,MIX_AIC,"24,6144;6144,6144",INT8;INT8,ND;ND,"24,6144",DT_BF16,ND,48.04,w8a8_dynamic
dynamic,MIX_AIC,"24,6144;2048,6144",INT8;INT8,ND;ND,"24,2048",DT_BF16,ND,37.38,w8a8_dynamic
dynamic,MIX_AIC,"24,1024;6144,1024",INT8;INT8,ND;ND,"24,6144",DT_BF16,ND,36.57,w8a8_dynamic
dynamic,MIX_AIC,"24,3072;6144,3072",INT8;INT8,ND;ND,"24,6144",DT_BF16,ND,37.57,w8a8_dynamic
dynamic,MIX_AIC,"24,6144;1024,6144",INT8;INT8,ND;ND,"24,1024",DT_BF16,ND,38.07,w8a8_dynamic
dynamic,MIX_AIC,"24,512;6144,512",INT8;INT8,ND;ND,"24,6144",DT_BF16,ND,37.40,w8a8_dynamic
dynamic,MIX_AIC,"24,6144;38720,6144",INT8;INT8,ND;ND,"24,38720",DT_BF16,ND,518.50,w8a8_dynamic
dynamic,MIX_AIC,"24,6144;3072,6144",INT8;INT8,ND;ND,"24,3072",DT_BF16,ND,37.38,w8a8_dynamic
dynamic,MIX_AIC,"24,1536;6144,1536",INT8;INT8,ND;ND,"24,6144",DT_BF16,ND,37.48,w8a8_dynamic
dynamic,MIX_AIC,"24,6144;512,6144",INT8;INT8,ND;ND,"24,512",DT_BF16,ND,36.57,w8a8_dynamic
dynamic,MIX_AIC,"24,256;6144,256",INT8;INT8,ND;ND,"24,6144",DT_BF16,ND,36.79,w8a8_dynamic
dynamic,MIX_AIC,"24,6144;19360,6144",INT8;INT8,ND;ND,"24,19360",DT_BF16,ND,295.14,w8a8_dynamic
dynamic,MIX_AIC,"24,6144;256,6144",INT8;INT8,ND;ND,"24,256",DT_BF16,ND,36.75,w8a8_dynamic
dynamic,MIX_AIC,"27,6144;24576,6144",INT8;INT8,ND;ND,"27,24576",DT_BF16,ND,128.53,w8a8_dynamic
dynamic,MIX_AIC,"27,12288;6144,12288",INT8;INT8,ND;ND,"27,6144",DT_BF16,ND,84.28,w8a8_dynamic
dynamic,MIX_AIC,"27,6144;4096,6144",INT8;INT8,ND;ND,"27,4096",DT_BF16,ND,42.48,w8a8_dynamic
dynamic,MIX_AIC,"27,2048;6144,2048",INT8;INT8,ND;ND,"27,6144",DT_BF16,ND,36.76,w8a8_dynamic
dynamic,MIX_AIC,"27,6144;12288,6144",INT8;INT8,ND;ND,"27,12288",DT_BF16,ND,72.91,w8a8_dynamic
dynamic,MIX_AIC,"27,6144;6144,6144",INT8;INT8,ND;ND,"27,6144",DT_BF16,ND,49.15,w8a8_dynamic
dynamic,MIX_AIC,"27,6144;2048,6144",INT8;INT8,ND;ND,"27,2048",DT_BF16,ND,43.27,w8a8_dynamic
dynamic,MIX_AIC,"27,1024;6144,1024",INT8;INT8,ND;ND,"27,6144",DT_BF16,ND,43.74,w8a8_dynamic
dynamic,MIX_AIC,"27,3072;6144,3072",INT8;INT8,ND;ND,"27,6144",DT_BF16,ND,41.84,w8a8_dynamic
dynamic,MIX_AIC,"27,6144;1024,6144",INT8;INT8,ND;ND,"27,1024",DT_BF16,ND,42.03,w8a8_dynamic
dynamic,MIX_AIC,"27,512;6144,512",INT8;INT8,ND;ND,"27,6144",DT_BF16,ND,42.91,w8a8_dynamic
dynamic,MIX_AIC,"27,6144;38720,6144",INT8;INT8,ND;ND,"27,38720",DT_BF16,ND,518.66,w8a8_dynamic
dynamic,MIX_AIC,"27,6144;3072,6144",INT8;INT8,ND;ND,"27,3072",DT_BF16,ND,43.86,w8a8_dynamic
dynamic,MIX_AIC,"27,1536;6144,1536",INT8;INT8,ND;ND,"27,6144",DT_BF16,ND,44.02,w8a8_dynamic
dynamic,MIX_AIC,"27,6144;512,6144",INT8;INT8,ND;ND,"27,512",DT_BF16,ND,43.20,w8a8_dynamic
dynamic,MIX_AIC,"27,256;6144,256",INT8;INT8,ND;ND,"27,6144",DT_BF16,ND,43.30,w8a8_dynamic
dynamic,MIX_AIC,"27,6144;19360,6144",INT8;INT8,ND;ND,"27,19360",DT_BF16,ND,295.80,w8a8_dynamic
dynamic,MIX_AIC,"27,6144;256,6144",INT8;INT8,ND;ND,"27,256",DT_BF16,ND,36.62,w8a8_dynamic
dynamic,MIX_AIC,"28,6144;24576,6144",INT8;INT8,ND;ND,"28,24576",DT_BF16,ND,127.62,w8a8_dynamic
dynamic,MIX_AIC,"28,12288;6144,12288",INT8;INT8,ND;ND,"28,6144",DT_BF16,ND,83.83,w8a8_dynamic
dynamic,MIX_AIC,"28,6144;4096,6144",INT8;INT8,ND;ND,"28,4096",DT_BF16,ND,42.24,w8a8_dynamic
dynamic,MIX_AIC,"28,2048;6144,2048",INT8;INT8,ND;ND,"28,6144",DT_BF16,ND,35.64,w8a8_dynamic
dynamic,MIX_AIC,"28,6144;12288,6144",INT8;INT8,ND;ND,"28,12288",DT_BF16,ND,72.06,w8a8_dynamic
dynamic,MIX_AIC,"28,6144;6144,6144",INT8;INT8,ND;ND,"28,6144",DT_BF16,ND,49.98,w8a8_dynamic
dynamic,MIX_AIC,"28,6144;2048,6144",INT8;INT8,ND;ND,"28,2048",DT_BF16,ND,36.39,w8a8_dynamic
dynamic,MIX_AIC,"28,1024;6144,1024",INT8;INT8,ND;ND,"28,6144",DT_BF16,ND,35.66,w8a8_dynamic
dynamic,MIX_AIC,"28,3072;6144,3072",INT8;INT8,ND;ND,"28,6144",DT_BF16,ND,36.22,w8a8_dynamic
dynamic,MIX_AIC,"28,6144;1024,6144",INT8;INT8,ND;ND,"28,1024",DT_BF16,ND,36.26,w8a8_dynamic
dynamic,MIX_AIC,"28,512;6144,512",INT8;INT8,ND;ND,"28,6144",DT_BF16,ND,36.09,w8a8_dynamic
dynamic,MIX_AIC,"28,6144;38720,6144",INT8;INT8,ND;ND,"28,38720",DT_BF16,ND,518.88,w8a8_dynamic
dynamic,MIX_AIC,"28,6144;3072,6144",INT8;INT8,ND;ND,"28,3072",DT_BF16,ND,36.01,w8a8_dynamic
dynamic,MIX_AIC,"28,1536;6144,1536",INT8;INT8,ND;ND,"28,6144",DT_BF16,ND,34.95,w8a8_dynamic
dynamic,MIX_AIC,"28,6144;512,6144",INT8;INT8,ND;ND,"28,512",DT_BF16,ND,34.86,w8a8_dynamic
dynamic,MIX_AIC,"28,256;6144,256",INT8;INT8,ND;ND,"28,6144",DT_BF16,ND,34.79,w8a8_dynamic
dynamic,MIX_AIC,"28,6144;19360,6144",INT8;INT8,ND;ND,"28,19360",DT_BF16,ND,295.38,w8a8_dynamic
dynamic,MIX_AIC,"28,6144;256,6144",INT8;INT8,ND;ND,"28,256",DT_BF16,ND,35.93,w8a8_dynamic
dynamic,MIX_AIC,"30,6144;24576,6144",INT8;INT8,ND;ND,"30,24576",DT_BF16,ND,128.38,w8a8_dynamic
dynamic,MIX_AIC,"30,12288;6144,12288",INT8;INT8,ND;ND,"30,6144",DT_BF16,ND,84.67,w8a8_dynamic
dynamic,MIX_AIC,"30,6144;4096,6144",INT8;INT8,ND;ND,"30,4096",DT_BF16,ND,41.46,w8a8_dynamic
dynamic,MIX_AIC,"30,2048;6144,2048",INT8;INT8,ND;ND,"30,6144",DT_BF16,ND,33.45,w8a8_dynamic
dynamic,MIX_AIC,"30,6144;12288,6144",INT8;INT8,ND;ND,"30,12288",DT_BF16,ND,73.61,w8a8_dynamic
dynamic,MIX_AIC,"30,6144;6144,6144",INT8;INT8,ND;ND,"30,6144",DT_BF16,ND,49.71,w8a8_dynamic
dynamic,MIX_AIC,"30,6144;2048,6144",INT8;INT8,ND;ND,"30,2048",DT_BF16,ND,37.42,w8a8_dynamic
dynamic,MIX_AIC,"30,1024;6144,1024",INT8;INT8,ND;ND,"30,6144",DT_BF16,ND,35.95,w8a8_dynamic
dynamic,MIX_AIC,"30,3072;6144,3072",INT8;INT8,ND;ND,"30,6144",DT_BF16,ND,36.19,w8a8_dynamic
dynamic,MIX_AIC,"30,6144;1024,6144",INT8;INT8,ND;ND,"30,1024",DT_BF16,ND,36.15,w8a8_dynamic
dynamic,MIX_AIC,"30,512;6144,512",INT8;INT8,ND;ND,"30,6144",DT_BF16,ND,35.85,w8a8_dynamic
dynamic,MIX_AIC,"30,6144;38720,6144",INT8;INT8,ND;ND,"30,38720",DT_BF16,ND,518.39,w8a8_dynamic
dynamic,MIX_AIC,"30,6144;3072,6144",INT8;INT8,ND;ND,"30,3072",DT_BF16,ND,43.79,w8a8_dynamic
dynamic,MIX_AIC,"30,1536;6144,1536",INT8;INT8,ND;ND,"30,6144",DT_BF16,ND,43.53,w8a8_dynamic
dynamic,MIX_AIC,"30,6144;512,6144",INT8;INT8,ND;ND,"30,512",DT_BF16,ND,42.18,w8a8_dynamic
dynamic,MIX_AIC,"30,256;6144,256",INT8;INT8,ND;ND,"30,6144",DT_BF16,ND,42.98,w8a8_dynamic
dynamic,MIX_AIC,"30,6144;19360,6144",INT8;INT8,ND;ND,"30,19360",DT_BF16,ND,296.04,w8a8_dynamic
dynamic,MIX_AIC,"30,6144;256,6144",INT8;INT8,ND;ND,"30,256",DT_BF16,ND,42.48,w8a8_dynamic
dynamic,MIX_AIC,"33,6144;24576,6144",INT8;INT8,ND;ND,"33,24576",DT_BF16,ND,128.55,w8a8_dynamic
dynamic,MIX_AIC,"33,12288;6144,12288",INT8;INT8,ND;ND,"33,6144",DT_BF16,ND,87.41,w8a8_dynamic
dynamic,MIX_AIC,"33,6144;4096,6144",INT8;INT8,ND;ND,"33,4096",DT_BF16,ND,43.22,w8a8_dynamic
dynamic,MIX_AIC,"33,2048;6144,2048",INT8;INT8,ND;ND,"33,6144",DT_BF16,ND,43.95,w8a8_dynamic
dynamic,MIX_AIC,"33,6144;12288,6144",INT8;INT8,ND;ND,"33,12288",DT_BF16,ND,73.83,w8a8_dynamic
dynamic,MIX_AIC,"33,6144;6144,6144",INT8;INT8,ND;ND,"33,6144",DT_BF16,ND,51.48,w8a8_dynamic
dynamic,MIX_AIC,"33,6144;2048,6144",INT8;INT8,ND;ND,"33,2048",DT_BF16,ND,44.99,w8a8_dynamic
dynamic,MIX_AIC,"33,1024;6144,1024",INT8;INT8,ND;ND,"33,6144",DT_BF16,ND,45.08,w8a8_dynamic
dynamic,MIX_AIC,"33,3072;6144,3072",INT8;INT8,ND;ND,"33,6144",DT_BF16,ND,45.75,w8a8_dynamic
dynamic,MIX_AIC,"33,6144;1024,6144",INT8;INT8,ND;ND,"33,1024",DT_BF16,ND,45.03,w8a8_dynamic
dynamic,MIX_AIC,"33,512;6144,512",INT8;INT8,ND;ND,"33,6144",DT_BF16,ND,44.81,w8a8_dynamic
dynamic,MIX_AIC,"33,6144;38720,6144",INT8;INT8,ND;ND,"33,38720",DT_BF16,ND,519.53,w8a8_dynamic
dynamic,MIX_AIC,"33,6144;3072,6144",INT8;INT8,ND;ND,"33,3072",DT_BF16,ND,43.35,w8a8_dynamic
dynamic,MIX_AIC,"33,1536;6144,1536",INT8;INT8,ND;ND,"33,6144",DT_BF16,ND,44.67,w8a8_dynamic
dynamic,MIX_AIC,"33,6144;512,6144",INT8;INT8,ND;ND,"33,512",DT_BF16,ND,44.59,w8a8_dynamic
dynamic,MIX_AIC,"33,256;6144,256",INT8;INT8,ND;ND,"33,6144",DT_BF16,ND,45.38,w8a8_dynamic
dynamic,MIX_AIC,"33,6144;19360,6144",INT8;INT8,ND;ND,"33,19360",DT_BF16,ND,296.01,w8a8_dynamic
dynamic,MIX_AIC,"33,6144;256,6144",INT8;INT8,ND;ND,"33,256",DT_BF16,ND,45.24,w8a8_dynamic
dynamic,MIX_AIC,"36,6144;24576,6144",INT8;INT8,ND;ND,"36,24576",DT_BF16,ND,129.47,w8a8_dynamic
dynamic,MIX_AIC,"36,12288;6144,12288",INT8;INT8,ND;ND,"36,6144",DT_BF16,ND,87.11,w8a8_dynamic
dynamic,MIX_AIC,"36,6144;4096,6144",INT8;INT8,ND;ND,"36,4096",DT_BF16,ND,43.64,w8a8_dynamic
dynamic,MIX_AIC,"36,2048;6144,2048",INT8;INT8,ND;ND,"36,6144",DT_BF16,ND,44.22,w8a8_dynamic
dynamic,MIX_AIC,"36,6144;12288,6144",INT8;INT8,ND;ND,"36,12288",DT_BF16,ND,75.17,w8a8_dynamic
dynamic,MIX_AIC,"36,6144;6144,6144",INT8;INT8,ND;ND,"36,6144",DT_BF16,ND,50.97,w8a8_dynamic
dynamic,MIX_AIC,"36,6144;2048,6144",INT8;INT8,ND;ND,"36,2048",DT_BF16,ND,43.33,w8a8_dynamic
dynamic,MIX_AIC,"36,1024;6144,1024",INT8;INT8,ND;ND,"36,6144",DT_BF16,ND,42.31,w8a8_dynamic
dynamic,MIX_AIC,"36,3072;6144,3072",INT8;INT8,ND;ND,"36,6144",DT_BF16,ND,39.92,w8a8_dynamic
dynamic,MIX_AIC,"36,6144;1024,6144",INT8;INT8,ND;ND,"36,1024",DT_BF16,ND,41.45,w8a8_dynamic
dynamic,MIX_AIC,"36,512;6144,512",INT8;INT8,ND;ND,"36,6144",DT_BF16,ND,40.91,w8a8_dynamic
dynamic,MIX_AIC,"36,6144;38720,6144",INT8;INT8,ND;ND,"36,38720",DT_BF16,ND,521.55,w8a8_dynamic
dynamic,MIX_AIC,"36,6144;3072,6144",INT8;INT8,ND;ND,"36,3072",DT_BF16,ND,41.50,w8a8_dynamic
dynamic,MIX_AIC,"36,1536;6144,1536",INT8;INT8,ND;ND,"36,6144",DT_BF16,ND,42.39,w8a8_dynamic
dynamic,MIX_AIC,"36,6144;512,6144",INT8;INT8,ND;ND,"36,512",DT_BF16,ND,41.91,w8a8_dynamic
dynamic,MIX_AIC,"36,256;6144,256",INT8;INT8,ND;ND,"36,6144",DT_BF16,ND,41.80,w8a8_dynamic
dynamic,MIX_AIC,"36,6144;19360,6144",INT8;INT8,ND;ND,"36,19360",DT_BF16,ND,296.80,w8a8_dynamic
dynamic,MIX_AIC,"36,6144;256,6144",INT8;INT8,ND;ND,"36,256",DT_BF16,ND,41.32,w8a8_dynamic
dynamic,MIX_AIC,"38,6144;24576,6144",INT8;INT8,ND;ND,"38,24576",DT_BF16,ND,130.03,w8a8_dynamic
dynamic,MIX_AIC,"38,12288;6144,12288",INT8;INT8,ND;ND,"38,6144",DT_BF16,ND,88.20,w8a8_dynamic
dynamic,MIX_AIC,"38,6144;4096,6144",INT8;INT8,ND;ND,"38,4096",DT_BF16,ND,44.21,w8a8_dynamic
dynamic,MIX_AIC,"38,2048;6144,2048",INT8;INT8,ND;ND,"38,6144",DT_BF16,ND,41.05,w8a8_dynamic
dynamic,MIX_AIC,"38,6144;12288,6144",INT8;INT8,ND;ND,"38,12288",DT_BF16,ND,75.49,w8a8_dynamic
dynamic,MIX_AIC,"38,6144;6144,6144",INT8;INT8,ND;ND,"38,6144",DT_BF16,ND,52.40,w8a8_dynamic
dynamic,MIX_AIC,"38,6144;2048,6144",INT8;INT8,ND;ND,"38,2048",DT_BF16,ND,40.13,w8a8_dynamic
dynamic,MIX_AIC,"38,1024;6144,1024",INT8;INT8,ND;ND,"38,6144",DT_BF16,ND,41.29,w8a8_dynamic
dynamic,MIX_AIC,"38,3072;6144,3072",INT8;INT8,ND;ND,"38,6144",DT_BF16,ND,37.57,w8a8_dynamic
dynamic,MIX_AIC,"38,6144;1024,6144",INT8;INT8,ND;ND,"38,1024",DT_BF16,ND,41.25,w8a8_dynamic
dynamic,MIX_AIC,"38,512;6144,512",INT8;INT8,ND;ND,"38,6144",DT_BF16,ND,41.07,w8a8_dynamic
dynamic,MIX_AIC,"38,6144;38720,6144",INT8;INT8,ND;ND,"38,38720",DT_BF16,ND,521.36,w8a8_dynamic
dynamic,MIX_AIC,"38,6144;3072,6144",INT8;INT8,ND;ND,"38,3072",DT_BF16,ND,43.43,w8a8_dynamic
dynamic,MIX_AIC,"38,1536;6144,1536",INT8;INT8,ND;ND,"38,6144",DT_BF16,ND,43.42,w8a8_dynamic
dynamic,MIX_AIC,"38,6144;512,6144",INT8;INT8,ND;ND,"38,512",DT_BF16,ND,44.96,w8a8_dynamic
dynamic,MIX_AIC,"38,256;6144,256",INT8;INT8,ND;ND,"38,6144",DT_BF16,ND,44.78,w8a8_dynamic
dynamic,MIX_AIC,"38,6144;19360,6144",INT8;INT8,ND;ND,"38,19360",DT_BF16,ND,297.65,w8a8_dynamic
dynamic,MIX_AIC,"38,6144;256,6144",INT8;INT8,ND;ND,"38,256",DT_BF16,ND,44.40,w8a8_dynamic
dynamic,MIX_AIC,"40,6144;24576,6144",INT8;INT8,ND;ND,"40,24576",DT_BF16,ND,130.19,w8a8_dynamic
dynamic,MIX_AIC,"40,12288;6144,12288",INT8;INT8,ND;ND,"40,6144",DT_BF16,ND,88.44,w8a8_dynamic
dynamic,MIX_AIC,"40,6144;4096,6144",INT8;INT8,ND;ND,"40,4096",DT_BF16,ND,44.03,w8a8_dynamic
dynamic,MIX_AIC,"40,2048;6144,2048",INT8;INT8,ND;ND,"40,6144",DT_BF16,ND,43.37,w8a8_dynamic
dynamic,MIX_AIC,"40,6144;12288,6144",INT8;INT8,ND;ND,"40,12288",DT_BF16,ND,76.22,w8a8_dynamic
dynamic,MIX_AIC,"40,6144;6144,6144",INT8;INT8,ND;ND,"40,6144",DT_BF16,ND,52.84,w8a8_dynamic
dynamic,MIX_AIC,"40,6144;2048,6144",INT8;INT8,ND;ND,"40,2048",DT_BF16,ND,44.18,w8a8_dynamic
dynamic,MIX_AIC,"40,1024;6144,1024",INT8;INT8,ND;ND,"40,6144",DT_BF16,ND,43.33,w8a8_dynamic
dynamic,MIX_AIC,"40,3072;6144,3072",INT8;INT8,ND;ND,"40,6144",DT_BF16,ND,43.54,w8a8_dynamic
dynamic,MIX_AIC,"40,6144;1024,6144",INT8;INT8,ND;ND,"40,1024",DT_BF16,ND,43.09,w8a8_dynamic
dynamic,MIX_AIC,"40,512;6144,512",INT8;INT8,ND;ND,"40,6144",DT_BF16,ND,43.22,w8a8_dynamic
dynamic,MIX_AIC,"40,6144;38720,6144",INT8;INT8,ND;ND,"40,38720",DT_BF16,ND,522.48,w8a8_dynamic
dynamic,MIX_AIC,"40,6144;3072,6144",INT8;INT8,ND;ND,"40,3072",DT_BF16,ND,44.26,w8a8_dynamic
dynamic,MIX_AIC,"40,1536;6144,1536",INT8;INT8,ND;ND,"40,6144",DT_BF16,ND,44.31,w8a8_dynamic
dynamic,MIX_AIC,"40,6144;512,6144",INT8;INT8,ND;ND,"40,512",DT_BF16,ND,43.75,w8a8_dynamic
dynamic,MIX_AIC,"40,256;6144,256",INT8;INT8,ND;ND,"40,6144",DT_BF16,ND,44.13,w8a8_dynamic
dynamic,MIX_AIC,"40,6144;19360,6144",INT8;INT8,ND;ND,"40,19360",DT_BF16,ND,298.26,w8a8_dynamic
dynamic,MIX_AIC,"40,6144;256,6144",INT8;INT8,ND;ND,"40,256",DT_BF16,ND,44.05,w8a8_dynamic
dynamic,MIX_AIC,"42,6144;24576,6144",INT8;INT8,ND;ND,"42,24576",DT_BF16,ND,132.15,w8a8_dynamic
dynamic,MIX_AIC,"42,12288;6144,12288",INT8;INT8,ND;ND,"42,6144",DT_BF16,ND,88.67,w8a8_dynamic
dynamic,MIX_AIC,"42,6144;4096,6144",INT8;INT8,ND;ND,"42,4096",DT_BF16,ND,45.63,w8a8_dynamic
dynamic,MIX_AIC,"42,2048;6144,2048",INT8;INT8,ND;ND,"42,6144",DT_BF16,ND,42.63,w8a8_dynamic
dynamic,MIX_AIC,"42,6144;12288,6144",INT8;INT8,ND;ND,"42,12288",DT_BF16,ND,76.73,w8a8_dynamic
dynamic,MIX_AIC,"42,6144;6144,6144",INT8;INT8,ND;ND,"42,6144",DT_BF16,ND,52.45,w8a8_dynamic
dynamic,MIX_AIC,"42,6144;2048,6144",INT8;INT8,ND;ND,"42,2048",DT_BF16,ND,42.55,w8a8_dynamic
dynamic,MIX_AIC,"42,1024;6144,1024",INT8;INT8,ND;ND,"42,6144",DT_BF16,ND,42.96,w8a8_dynamic
dynamic,MIX_AIC,"42,3072;6144,3072",INT8;INT8,ND;ND,"42,6144",DT_BF16,ND,43.15,w8a8_dynamic
dynamic,MIX_AIC,"42,6144;1024,6144",INT8;INT8,ND;ND,"42,1024",DT_BF16,ND,44.21,w8a8_dynamic
dynamic,MIX_AIC,"42,512;6144,512",INT8;INT8,ND;ND,"42,6144",DT_BF16,ND,43.21,w8a8_dynamic
dynamic,MIX_AIC,"42,6144;38720,6144",INT8;INT8,ND;ND,"42,38720",DT_BF16,ND,524.12,w8a8_dynamic
dynamic,MIX_AIC,"42,6144;3072,6144",INT8;INT8,ND;ND,"42,3072",DT_BF16,ND,44.20,w8a8_dynamic
dynamic,MIX_AIC,"42,1536;6144,1536",INT8;INT8,ND;ND,"42,6144",DT_BF16,ND,43.59,w8a8_dynamic
dynamic,MIX_AIC,"42,6144;512,6144",INT8;INT8,ND;ND,"42,512",DT_BF16,ND,44.00,w8a8_dynamic
dynamic,MIX_AIC,"42,256;6144,256",INT8;INT8,ND;ND,"42,6144",DT_BF16,ND,43.07,w8a8_dynamic
dynamic,MIX_AIC,"42,6144;19360,6144",INT8;INT8,ND;ND,"42,19360",DT_BF16,ND,298.72,w8a8_dynamic
dynamic,MIX_AIC,"42,6144;256,6144",INT8;INT8,ND;ND,"42,256",DT_BF16,ND,43.54,w8a8_dynamic
dynamic,MIX_AIC,"48,6144;24576,6144",INT8;INT8,ND;ND,"48,24576",DT_BF16,ND,132.69,w8a8_dynamic
dynamic,MIX_AIC,"48,12288;6144,12288",INT8;INT8,ND;ND,"48,6144",DT_BF16,ND,91.19,w8a8_dynamic
dynamic,MIX_AIC,"48,6144;4096,6144",INT8;INT8,ND;ND,"48,4096",DT_BF16,ND,46.35,w8a8_dynamic
dynamic,MIX_AIC,"48,2048;6144,2048",INT8;INT8,ND;ND,"48,6144",DT_BF16,ND,41.06,w8a8_dynamic
dynamic,MIX_AIC,"48,6144;12288,6144",INT8;INT8,ND;ND,"48,12288",DT_BF16,ND,78.79,w8a8_dynamic
dynamic,MIX_AIC,"48,6144;6144,6144",INT8;INT8,ND;ND,"48,6144",DT_BF16,ND,55.15,w8a8_dynamic
dynamic,MIX_AIC,"48,6144;2048,6144",INT8;INT8,ND;ND,"48,2048",DT_BF16,ND,40.96,w8a8_dynamic
dynamic,MIX_AIC,"48,1024;6144,1024",INT8;INT8,ND;ND,"48,6144",DT_BF16,ND,41.42,w8a8_dynamic
dynamic,MIX_AIC,"48,3072;6144,3072",INT8;INT8,ND;ND,"48,6144",DT_BF16,ND,41.58,w8a8_dynamic
dynamic,MIX_AIC,"48,6144;1024,6144",INT8;INT8,ND;ND,"48,1024",DT_BF16,ND,43.89,w8a8_dynamic
dynamic,MIX_AIC,"48,512;6144,512",INT8;INT8,ND;ND,"48,6144",DT_BF16,ND,41.27,w8a8_dynamic
dynamic,MIX_AIC,"48,6144;38720,6144",INT8;INT8,ND;ND,"48,38720",DT_BF16,ND,526.15,w8a8_dynamic
dynamic,MIX_AIC,"48,6144;3072,6144",INT8;INT8,ND;ND,"48,3072",DT_BF16,ND,42.34,w8a8_dynamic
dynamic,MIX_AIC,"48,1536;6144,1536",INT8;INT8,ND;ND,"48,6144",DT_BF16,ND,40.77,w8a8_dynamic
dynamic,MIX_AIC,"48,6144;512,6144",INT8;INT8,ND;ND,"48,512",DT_BF16,ND,40.93,w8a8_dynamic
dynamic,MIX_AIC,"48,256;6144,256",INT8;INT8,ND;ND,"48,6144",DT_BF16,ND,42.71,w8a8_dynamic
dynamic,MIX_AIC,"48,6144;19360,6144",INT8;INT8,ND;ND,"48,19360",DT_BF16,ND,300.86,w8a8_dynamic
dynamic,MIX_AIC,"48,6144;256,6144",INT8;INT8,ND;ND,"48,256",DT_BF16,ND,40.60,w8a8_dynamic
dynamic,MIX_AIC,"56,6144;24576,6144",INT8;INT8,ND;ND,"56,24576",DT_BF16,ND,134.61,w8a8_dynamic
dynamic,MIX_AIC,"56,12288;6144,12288",INT8;INT8,ND;ND,"56,6144",DT_BF16,ND,90.93,w8a8_dynamic
dynamic,MIX_AIC,"56,6144;4096,6144",INT8;INT8,ND;ND,"56,4096",DT_BF16,ND,80.11,w8a8_dynamic
dynamic,MIX_AIC,"56,2048;6144,2048",INT8;INT8,ND;ND,"56,6144",DT_BF16,ND,40.62,w8a8_dynamic
dynamic,MIX_AIC,"56,6144;12288,6144",INT8;INT8,ND;ND,"56,12288",DT_BF16,ND,79.69,w8a8_dynamic
dynamic,MIX_AIC,"56,6144;6144,6144",INT8;INT8,ND;ND,"56,6144",DT_BF16,ND,55.74,w8a8_dynamic
dynamic,MIX_AIC,"56,6144;2048,6144",INT8;INT8,ND;ND,"56,2048",DT_BF16,ND,41.14,w8a8_dynamic
dynamic,MIX_AIC,"56,1024;6144,1024",INT8;INT8,ND;ND,"56,6144",DT_BF16,ND,42.55,w8a8_dynamic
dynamic,MIX_AIC,"56,3072;6144,3072",INT8;INT8,ND;ND,"56,6144",DT_BF16,ND,41.22,w8a8_dynamic
dynamic,MIX_AIC,"56,6144;1024,6144",INT8;INT8,ND;ND,"56,1024",DT_BF16,ND,41.76,w8a8_dynamic
dynamic,MIX_AIC,"56,512;6144,512",INT8;INT8,ND;ND,"56,6144",DT_BF16,ND,40.56,w8a8_dynamic
dynamic,MIX_AIC,"56,6144;38720,6144",INT8;INT8,ND;ND,"56,38720",DT_BF16,ND,526.64,w8a8_dynamic
dynamic,MIX_AIC,"56,6144;3072,6144",INT8;INT8,ND;ND,"56,3072",DT_BF16,ND,43.64,w8a8_dynamic
dynamic,MIX_AIC,"56,1536;6144,1536",INT8;INT8,ND;ND,"56,6144",DT_BF16,ND,40.69,w8a8_dynamic
dynamic,MIX_AIC,"56,6144;512,6144",INT8;INT8,ND;ND,"56,512",DT_BF16,ND,42.25,w8a8_dynamic
dynamic,MIX_AIC,"56,256;6144,256",INT8;INT8,ND;ND,"56,6144",DT_BF16,ND,41.63,w8a8_dynamic
dynamic,MIX_AIC,"56,6144;19360,6144",INT8;INT8,ND;ND,"56,19360",DT_BF16,ND,301.31,w8a8_dynamic
dynamic,MIX_AIC,"56,6144;256,6144",INT8;INT8,ND;ND,"56,256",DT_BF16,ND,41.22,w8a8_dynamic
dynamic,MIX_AIC,"57,6144;24576,6144",INT8;INT8,ND;ND,"57,24576",DT_BF16,ND,134.19,w8a8_dynamic
dynamic,MIX_AIC,"57,12288;6144,12288",INT8;INT8,ND;ND,"57,6144",DT_BF16,ND,91.08,w8a8_dynamic
dynamic,MIX_AIC,"57,6144;4096,6144",INT8;INT8,ND;ND,"57,4096",DT_BF16,ND,81.64,w8a8_dynamic
dynamic,MIX_AIC,"57,2048;6144,2048",INT8;INT8,ND;ND,"57,6144",DT_BF16,ND,40.83,w8a8_dynamic
dynamic,MIX_AIC,"57,6144;12288,6144",INT8;INT8,ND;ND,"57,12288",DT_BF16,ND,79.55,w8a8_dynamic
dynamic,MIX_AIC,"57,6144;6144,6144",INT8;INT8,ND;ND,"57,6144",DT_BF16,ND,56.32,w8a8_dynamic
dynamic,MIX_AIC,"57,6144;2048,6144",INT8;INT8,ND;ND,"57,2048",DT_BF16,ND,40.99,w8a8_dynamic
dynamic,MIX_AIC,"57,1024;6144,1024",INT8;INT8,ND;ND,"57,6144",DT_BF16,ND,41.40,w8a8_dynamic
dynamic,MIX_AIC,"57,3072;6144,3072",INT8;INT8,ND;ND,"57,6144",DT_BF16,ND,41.72,w8a8_dynamic
dynamic,MIX_AIC,"57,6144;1024,6144",INT8;INT8,ND;ND,"57,1024",DT_BF16,ND,42.52,w8a8_dynamic
dynamic,MIX_AIC,"57,512;6144,512",INT8;INT8,ND;ND,"57,6144",DT_BF16,ND,41.92,w8a8_dynamic
dynamic,MIX_AIC,"57,6144;38720,6144",INT8;INT8,ND;ND,"57,38720",DT_BF16,ND,526.44,w8a8_dynamic
dynamic,MIX_AIC,"57,6144;3072,6144",INT8;INT8,ND;ND,"57,3072",DT_BF16,ND,45.34,w8a8_dynamic
dynamic,MIX_AIC,"57,1536;6144,1536",INT8;INT8,ND;ND,"57,6144",DT_BF16,ND,43.44,w8a8_dynamic
dynamic,MIX_AIC,"57,6144;512,6144",INT8;INT8,ND;ND,"57,512",DT_BF16,ND,44.91,w8a8_dynamic
dynamic,MIX_AIC,"57,256;6144,256",INT8;INT8,ND;ND,"57,6144",DT_BF16,ND,44.21,w8a8_dynamic
dynamic,MIX_AIC,"57,6144;19360,6144",INT8;INT8,ND;ND,"57,19360",DT_BF16,ND,301.69,w8a8_dynamic
dynamic,MIX_AIC,"57,6144;256,6144",INT8;INT8,ND;ND,"57,256",DT_BF16,ND,43.55,w8a8_dynamic
dynamic,MIX_AIC,"76,6144;24576,6144",INT8;INT8,ND;ND,"76,24576",DT_BF16,ND,166.28,w8a8_dynamic
dynamic,MIX_AIC,"76,12288;6144,12288",INT8;INT8,ND;ND,"76,6144",DT_BF16,ND,92.36,w8a8_dynamic
dynamic,MIX_AIC,"76,6144;4096,6144",INT8;INT8,ND;ND,"76,4096",DT_BF16,ND,48.53,w8a8_dynamic
dynamic,MIX_AIC,"76,2048;6144,2048",INT8;INT8,ND;ND,"76,6144",DT_BF16,ND,42.17,w8a8_dynamic
dynamic,MIX_AIC,"76,6144;12288,6144",INT8;INT8,ND;ND,"76,12288",DT_BF16,ND,93.01,w8a8_dynamic
dynamic,MIX_AIC,"76,6144;6144,6144",INT8;INT8,ND;ND,"76,6144",DT_BF16,ND,57.31,w8a8_dynamic
dynamic,MIX_AIC,"76,6144;2048,6144",INT8;INT8,ND;ND,"76,2048",DT_BF16,ND,42.39,w8a8_dynamic
dynamic,MIX_AIC,"76,1024;6144,1024",INT8;INT8,ND;ND,"76,6144",DT_BF16,ND,42.34,w8a8_dynamic
dynamic,MIX_AIC,"76,3072;6144,3072",INT8;INT8,ND;ND,"76,6144",DT_BF16,ND,42.22,w8a8_dynamic
dynamic,MIX_AIC,"76,6144;1024,6144",INT8;INT8,ND;ND,"76,1024",DT_BF16,ND,43.23,w8a8_dynamic
dynamic,MIX_AIC,"76,512;6144,512",INT8;INT8,ND;ND,"76,6144",DT_BF16,ND,41.96,w8a8_dynamic
dynamic,MIX_AIC,"76,6144;38720,6144",INT8;INT8,ND;ND,"76,38720",DT_BF16,ND,626.71,w8a8_dynamic
dynamic,MIX_AIC,"76,6144;3072,6144",INT8;INT8,ND;ND,"76,3072",DT_BF16,ND,43.03,w8a8_dynamic
dynamic,MIX_AIC,"76,1536;6144,1536",INT8;INT8,ND;ND,"76,6144",DT_BF16,ND,42.71,w8a8_dynamic
dynamic,MIX_AIC,"76,6144;512,6144",INT8;INT8,ND;ND,"76,512",DT_BF16,ND,42.76,w8a8_dynamic
dynamic,MIX_AIC,"76,256;6144,256",INT8;INT8,ND;ND,"76,6144",DT_BF16,ND,41.73,w8a8_dynamic
dynamic,MIX_AIC,"76,6144;19360,6144",INT8;INT8,ND;ND,"76,19360",DT_BF16,ND,382.39,w8a8_dynamic
dynamic,MIX_AIC,"76,6144;256,6144",INT8;INT8,ND;ND,"76,256",DT_BF16,ND,42.38,w8a8_dynamic
dynamic,MIX_AIC,"80,6144;24576,6144",INT8;INT8,ND;ND,"80,24576",DT_BF16,ND,167.00,w8a8_dynamic
dynamic,MIX_AIC,"80,12288;6144,12288",INT8;INT8,ND;ND,"80,6144",DT_BF16,ND,93.03,w8a8_dynamic
dynamic,MIX_AIC,"80,6144;4096,6144",INT8;INT8,ND;ND,"80,4096",DT_BF16,ND,48.07,w8a8_dynamic
dynamic,MIX_AIC,"80,2048;6144,2048",INT8;INT8,ND;ND,"80,6144",DT_BF16,ND,43.09,w8a8_dynamic
dynamic,MIX_AIC,"80,6144;12288,6144",INT8;INT8,ND;ND,"80,12288",DT_BF16,ND,94.28,w8a8_dynamic
dynamic,MIX_AIC,"80,6144;6144,6144",INT8;INT8,ND;ND,"80,6144",DT_BF16,ND,57.39,w8a8_dynamic
dynamic,MIX_AIC,"80,6144;2048,6144",INT8;INT8,ND;ND,"80,2048",DT_BF16,ND,43.02,w8a8_dynamic
dynamic,MIX_AIC,"80,1024;6144,1024",INT8;INT8,ND;ND,"80,6144",DT_BF16,ND,42.24,w8a8_dynamic
dynamic,MIX_AIC,"80,3072;6144,3072",INT8;INT8,ND;ND,"80,6144",DT_BF16,ND,42.82,w8a8_dynamic
dynamic,MIX_AIC,"80,6144;1024,6144",INT8;INT8,ND;ND,"80,1024",DT_BF16,ND,41.52,w8a8_dynamic
dynamic,MIX_AIC,"80,512;6144,512",INT8;INT8,ND;ND,"80,6144",DT_BF16,ND,41.02,w8a8_dynamic
dynamic,MIX_AIC,"80,6144;38720,6144",INT8;INT8,ND;ND,"80,38720",DT_BF16,ND,628.22,w8a8_dynamic
dynamic,MIX_AIC,"80,6144;3072,6144",INT8;INT8,ND;ND,"80,3072",DT_BF16,ND,44.29,w8a8_dynamic
dynamic,MIX_AIC,"80,1536;6144,1536",INT8;INT8,ND;ND,"80,6144",DT_BF16,ND,41.99,w8a8_dynamic
dynamic,MIX_AIC,"80,6144;512,6144",INT8;INT8,ND;ND,"80,512",DT_BF16,ND,42.25,w8a8_dynamic
dynamic,MIX_AIC,"80,256;6144,256",INT8;INT8,ND;ND,"80,6144",DT_BF16,ND,41.50,w8a8_dynamic
dynamic,MIX_AIC,"80,6144;19360,6144",INT8;INT8,ND;ND,"80,19360",DT_BF16,ND,382.59,w8a8_dynamic
dynamic,MIX_AIC,"80,6144;256,6144",INT8;INT8,ND;ND,"80,256",DT_BF16,ND,43.11,w8a8_dynamic
dynamic,MIX_AIC,"95,6144;24576,6144",INT8;INT8,ND;ND,"95,24576",DT_BF16,ND,168.84,w8a8_dynamic
dynamic,MIX_AIC,"95,12288;6144,12288",INT8;INT8,ND;ND,"95,6144",DT_BF16,ND,95.51,w8a8_dynamic
dynamic,MIX_AIC,"95,6144;4096,6144",INT8;INT8,ND;ND,"95,4096",DT_BF16,ND,49.65,w8a8_dynamic
dynamic,MIX_AIC,"95,2048;6144,2048",INT8;INT8,ND;ND,"95,6144",DT_BF16,ND,42.21,w8a8_dynamic
dynamic,MIX_AIC,"95,6144;12288,6144",INT8;INT8,ND;ND,"95,12288",DT_BF16,ND,95.76,w8a8_dynamic
dynamic,MIX_AIC,"95,6144;6144,6144",INT8;INT8,ND;ND,"95,6144",DT_BF16,ND,57.96,w8a8_dynamic
dynamic,MIX_AIC,"95,6144;2048,6144",INT8;INT8,ND;ND,"95,2048",DT_BF16,ND,42.98,w8a8_dynamic
dynamic,MIX_AIC,"95,1024;6144,1024",INT8;INT8,ND;ND,"95,6144",DT_BF16,ND,42.25,w8a8_dynamic
dynamic,MIX_AIC,"95,3072;6144,3072",INT8;INT8,ND;ND,"95,6144",DT_BF16,ND,43.51,w8a8_dynamic
dynamic,MIX_AIC,"95,6144;1024,6144",INT8;INT8,ND;ND,"95,1024",DT_BF16,ND,42.47,w8a8_dynamic
dynamic,MIX_AIC,"95,512;6144,512",INT8;INT8,ND;ND,"95,6144",DT_BF16,ND,42.60,w8a8_dynamic
dynamic,MIX_AIC,"95,6144;38720,6144",INT8;INT8,ND;ND,"95,38720",DT_BF16,ND,633.59,w8a8_dynamic
dynamic,MIX_AIC,"95,6144;3072,6144",INT8;INT8,ND;ND,"95,3072",DT_BF16,ND,42.05,w8a8_dynamic
dynamic,MIX_AIC,"95,1536;6144,1536",INT8;INT8,ND;ND,"95,6144",DT_BF16,ND,42.14,w8a8_dynamic
dynamic,MIX_AIC,"95,6144;512,6144",INT8;INT8,ND;ND,"95,512",DT_BF16,ND,43.36,w8a8_dynamic
dynamic,MIX_AIC,"95,256;6144,256",INT8;INT8,ND;ND,"95,6144",DT_BF16,ND,42.03,w8a8_dynamic
dynamic,MIX_AIC,"95,6144;19360,6144",INT8;INT8,ND;ND,"95,19360",DT_BF16,ND,384.73,w8a8_dynamic
dynamic,MIX_AIC,"95,6144;256,6144",INT8;INT8,ND;ND,"95,256",DT_BF16,ND,42.74,w8a8_dynamic
dynamic,MIX_AIC,"96,6144;24576,6144",INT8;INT8,ND;ND,"96,24576",DT_BF16,ND,169.35,w8a8_dynamic
dynamic,MIX_AIC,"96,12288;6144,12288",INT8;INT8,ND;ND,"96,6144",DT_BF16,ND,95.34,w8a8_dynamic
dynamic,MIX_AIC,"96,6144;4096,6144",INT8;INT8,ND;ND,"96,4096",DT_BF16,ND,50.04,w8a8_dynamic
dynamic,MIX_AIC,"96,2048;6144,2048",INT8;INT8,ND;ND,"96,6144",DT_BF16,ND,46.09,w8a8_dynamic
dynamic,MIX_AIC,"96,6144;12288,6144",INT8;INT8,ND;ND,"96,12288",DT_BF16,ND,95.52,w8a8_dynamic
dynamic,MIX_AIC,"96,6144;6144,6144",INT8;INT8,ND;ND,"96,6144",DT_BF16,ND,58.57,w8a8_dynamic
dynamic,MIX_AIC,"96,6144;2048,6144",INT8;INT8,ND;ND,"96,2048",DT_BF16,ND,47.49,w8a8_dynamic
dynamic,MIX_AIC,"96,1024;6144,1024",INT8;INT8,ND;ND,"96,6144",DT_BF16,ND,47.11,w8a8_dynamic
dynamic,MIX_AIC,"96,3072;6144,3072",INT8;INT8,ND;ND,"96,6144",DT_BF16,ND,47.41,w8a8_dynamic
dynamic,MIX_AIC,"96,6144;1024,6144",INT8;INT8,ND;ND,"96,1024",DT_BF16,ND,39.85,w8a8_dynamic
dynamic,MIX_AIC,"96,512;6144,512",INT8;INT8,ND;ND,"96,6144",DT_BF16,ND,41.32,w8a8_dynamic
dynamic,MIX_AIC,"96,6144;38720,6144",INT8;INT8,ND;ND,"96,38720",DT_BF16,ND,633.05,w8a8_dynamic
dynamic,MIX_AIC,"96,6144;3072,6144",INT8;INT8,ND;ND,"96,3072",DT_BF16,ND,43.23,w8a8_dynamic
dynamic,MIX_AIC,"96,1536;6144,1536",INT8;INT8,ND;ND,"96,6144",DT_BF16,ND,40.12,w8a8_dynamic
dynamic,MIX_AIC,"96,6144;512,6144",INT8;INT8,ND;ND,"96,512",DT_BF16,ND,41.49,w8a8_dynamic
dynamic,MIX_AIC,"96,256;6144,256",INT8;INT8,ND;ND,"96,6144",DT_BF16,ND,40.23,w8a8_dynamic
dynamic,MIX_AIC,"96,6144;19360,6144",INT8;INT8,ND;ND,"96,19360",DT_BF16,ND,385.17,w8a8_dynamic
dynamic,MIX_AIC,"96,6144;256,6144",INT8;INT8,ND;ND,"96,256",DT_BF16,ND,41.17,w8a8_dynamic
dynamic,MIX_AIC,"100,6144;24576,6144",INT8;INT8,ND;ND,"100,24576",DT_BF16,ND,169.85,w8a8_dynamic
dynamic,MIX_AIC,"100,12288;6144,12288",INT8;INT8,ND;ND,"100,6144",DT_BF16,ND,96.12,w8a8_dynamic
dynamic,MIX_AIC,"100,6144;4096,6144",INT8;INT8,ND;ND,"100,4096",DT_BF16,ND,49.76,w8a8_dynamic
dynamic,MIX_AIC,"100,2048;6144,2048",INT8;INT8,ND;ND,"100,6144",DT_BF16,ND,38.81,w8a8_dynamic
dynamic,MIX_AIC,"100,6144;12288,6144",INT8;INT8,ND;ND,"100,12288",DT_BF16,ND,95.74,w8a8_dynamic
dynamic,MIX_AIC,"100,6144;6144,6144",INT8;INT8,ND;ND,"100,6144",DT_BF16,ND,58.01,w8a8_dynamic
dynamic,MIX_AIC,"100,6144;2048,6144",INT8;INT8,ND;ND,"100,2048",DT_BF16,ND,39.31,w8a8_dynamic
dynamic,MIX_AIC,"100,1024;6144,1024",INT8;INT8,ND;ND,"100,6144",DT_BF16,ND,40.31,w8a8_dynamic
dynamic,MIX_AIC,"100,3072;6144,3072",INT8;INT8,ND;ND,"100,6144",DT_BF16,ND,40.92,w8a8_dynamic
dynamic,MIX_AIC,"100,6144;1024,6144",INT8;INT8,ND;ND,"100,1024",DT_BF16,ND,42.85,w8a8_dynamic
dynamic,MIX_AIC,"100,512;6144,512",INT8;INT8,ND;ND,"100,6144",DT_BF16,ND,40.29,w8a8_dynamic
dynamic,MIX_AIC,"100,6144;38720,6144",INT8;INT8,ND;ND,"100,38720",DT_BF16,ND,680.96,w8a8_dynamic
dynamic,MIX_AIC,"100,6144;3072,6144",INT8;INT8,ND;ND,"100,3072",DT_BF16,ND,43.76,w8a8_dynamic
dynamic,MIX_AIC,"100,1536;6144,1536",INT8;INT8,ND;ND,"100,6144",DT_BF16,ND,40.16,w8a8_dynamic
dynamic,MIX_AIC,"100,6144;512,6144",INT8;INT8,ND;ND,"100,512",DT_BF16,ND,38.11,w8a8_dynamic
dynamic,MIX_AIC,"100,256;6144,256",INT8;INT8,ND;ND,"100,6144",DT_BF16,ND,39.24,w8a8_dynamic
dynamic,MIX_AIC,"100,6144;19360,6144",INT8;INT8,ND;ND,"100,19360",DT_BF16,ND,413.81,w8a8_dynamic
dynamic,MIX_AIC,"100,6144;256,6144",INT8;INT8,ND;ND,"100,256",DT_BF16,ND,39.64,w8a8_dynamic
dynamic,MIX_AIC,"114,6144;24576,6144",INT8;INT8,ND;ND,"114,24576",DT_BF16,ND,172.35,w8a8_dynamic
dynamic,MIX_AIC,"114,12288;6144,12288",INT8;INT8,ND;ND,"114,6144",DT_BF16,ND,97.62,w8a8_dynamic
dynamic,MIX_AIC,"114,6144;4096,6144",INT8;INT8,ND;ND,"114,4096",DT_BF16,ND,51.39,w8a8_dynamic
dynamic,MIX_AIC,"114,2048;6144,2048",INT8;INT8,ND;ND,"114,6144",DT_BF16,ND,39.66,w8a8_dynamic
dynamic,MIX_AIC,"114,6144;12288,6144",INT8;INT8,ND;ND,"114,12288",DT_BF16,ND,97.46,w8a8_dynamic
dynamic,MIX_AIC,"114,6144;6144,6144",INT8;INT8,ND;ND,"114,6144",DT_BF16,ND,59.45,w8a8_dynamic
dynamic,MIX_AIC,"114,6144;2048,6144",INT8;INT8,ND;ND,"114,2048",DT_BF16,ND,41.39,w8a8_dynamic
dynamic,MIX_AIC,"114,1024;6144,1024",INT8;INT8,ND;ND,"114,6144",DT_BF16,ND,41.86,w8a8_dynamic
dynamic,MIX_AIC,"114,3072;6144,3072",INT8;INT8,ND;ND,"114,6144",DT_BF16,ND,43.85,w8a8_dynamic
dynamic,MIX_AIC,"114,6144;1024,6144",INT8;INT8,ND;ND,"114,1024",DT_BF16,ND,39.95,w8a8_dynamic
dynamic,MIX_AIC,"114,512;6144,512",INT8;INT8,ND;ND,"114,6144",DT_BF16,ND,40.17,w8a8_dynamic
dynamic,MIX_AIC,"114,6144;38720,6144",INT8;INT8,ND;ND,"114,38720",DT_BF16,ND,684.46,w8a8_dynamic
dynamic,MIX_AIC,"114,6144;3072,6144",INT8;INT8,ND;ND,"114,3072",DT_BF16,ND,43.20,w8a8_dynamic
dynamic,MIX_AIC,"114,1536;6144,1536",INT8;INT8,ND;ND,"114,6144",DT_BF16,ND,39.74,w8a8_dynamic
dynamic,MIX_AIC,"114,6144;512,6144",INT8;INT8,ND;ND,"114,512",DT_BF16,ND,39.89,w8a8_dynamic
dynamic,MIX_AIC,"114,256;6144,256",INT8;INT8,ND;ND,"114,6144",DT_BF16,ND,41.10,w8a8_dynamic
dynamic,MIX_AIC,"114,6144;19360,6144",INT8;INT8,ND;ND,"114,19360",DT_BF16,ND,415.69,w8a8_dynamic
dynamic,MIX_AIC,"114,6144;256,6144",INT8;INT8,ND;ND,"114,256",DT_BF16,ND,40.58,w8a8_dynamic
dynamic,MIX_AIC,"152,6144;24576,6144",INT8;INT8,ND;ND,"152,24576",DT_BF16,ND,294.67,w8a8_dynamic
dynamic,MIX_AIC,"152,12288;6144,12288",INT8;INT8,ND;ND,"152,6144",DT_BF16,ND,155.51,w8a8_dynamic
dynamic,MIX_AIC,"152,6144;4096,6144",INT8;INT8,ND;ND,"152,4096",DT_BF16,ND,77.91,w8a8_dynamic
dynamic,MIX_AIC,"152,2048;6144,2048",INT8;INT8,ND;ND,"152,6144",DT_BF16,ND,41.63,w8a8_dynamic
dynamic,MIX_AIC,"152,6144;12288,6144",INT8;INT8,ND;ND,"152,12288",DT_BF16,ND,155.57,w8a8_dynamic
dynamic,MIX_AIC,"152,6144;6144,6144",INT8;INT8,ND;ND,"152,6144",DT_BF16,ND,86.90,w8a8_dynamic
dynamic,MIX_AIC,"152,6144;2048,6144",INT8;INT8,ND;ND,"152,2048",DT_BF16,ND,40.66,w8a8_dynamic
dynamic,MIX_AIC,"152,1024;6144,1024",INT8;INT8,ND;ND,"152,6144",DT_BF16,ND,40.59,w8a8_dynamic
dynamic,MIX_AIC,"152,3072;6144,3072",INT8;INT8,ND;ND,"152,6144",DT_BF16,ND,47.55,w8a8_dynamic
dynamic,MIX_AIC,"152,6144;1024,6144",INT8;INT8,ND;ND,"152,1024",DT_BF16,ND,40.58,w8a8_dynamic
dynamic,MIX_AIC,"152,512;6144,512",INT8;INT8,ND;ND,"152,6144",DT_BF16,ND,41.91,w8a8_dynamic
dynamic,MIX_AIC,"152,6144;38720,6144",INT8;INT8,ND;ND,"152,38720",DT_BF16,ND,765.43,w8a8_dynamic
dynamic,MIX_AIC,"152,6144;3072,6144",INT8;INT8,ND;ND,"152,3072",DT_BF16,ND,46.93,w8a8_dynamic
dynamic,MIX_AIC,"152,1536;6144,1536",INT8;INT8,ND;ND,"152,6144",DT_BF16,ND,41.22,w8a8_dynamic
dynamic,MIX_AIC,"152,6144;512,6144",INT8;INT8,ND;ND,"152,512",DT_BF16,ND,42.33,w8a8_dynamic
dynamic,MIX_AIC,"152,256;6144,256",INT8;INT8,ND;ND,"152,6144",DT_BF16,ND,40.25,w8a8_dynamic
dynamic,MIX_AIC,"152,6144;19360,6144",INT8;INT8,ND;ND,"152,19360",DT_BF16,ND,558.34,w8a8_dynamic
dynamic,MIX_AIC,"152,6144;256,6144",INT8;INT8,ND;ND,"152,256",DT_BF16,ND,40.09,w8a8_dynamic
dynamic,MIX_AIC,"160,6144;24576,6144",INT8;INT8,ND;ND,"160,24576",DT_BF16,ND,296.98,w8a8_dynamic
dynamic,MIX_AIC,"160,12288;6144,12288",INT8;INT8,ND;ND,"160,6144",DT_BF16,ND,156.77,w8a8_dynamic
dynamic,MIX_AIC,"160,6144;4096,6144",INT8;INT8,ND;ND,"160,4096",DT_BF16,ND,78.79,w8a8_dynamic
dynamic,MIX_AIC,"160,2048;6144,2048",INT8;INT8,ND;ND,"160,6144",DT_BF16,ND,41.64,w8a8_dynamic
dynamic,MIX_AIC,"160,6144;12288,6144",INT8;INT8,ND;ND,"160,12288",DT_BF16,ND,156.79,w8a8_dynamic
dynamic,MIX_AIC,"160,6144;6144,6144",INT8;INT8,ND;ND,"160,6144",DT_BF16,ND,87.86,w8a8_dynamic
dynamic,MIX_AIC,"160,6144;2048,6144",INT8;INT8,ND;ND,"160,2048",DT_BF16,ND,41.21,w8a8_dynamic
dynamic,MIX_AIC,"160,1024;6144,1024",INT8;INT8,ND;ND,"160,6144",DT_BF16,ND,40.98,w8a8_dynamic
dynamic,MIX_AIC,"160,3072;6144,3072",INT8;INT8,ND;ND,"160,6144",DT_BF16,ND,48.22,w8a8_dynamic
dynamic,MIX_AIC,"160,6144;1024,6144",INT8;INT8,ND;ND,"160,1024",DT_BF16,ND,41.15,w8a8_dynamic
dynamic,MIX_AIC,"160,512;6144,512",INT8;INT8,ND;ND,"160,6144",DT_BF16,ND,40.98,w8a8_dynamic
dynamic,MIX_AIC,"160,6144;38720,6144",INT8;INT8,ND;ND,"160,38720",DT_BF16,ND,767.92,w8a8_dynamic
dynamic,MIX_AIC,"160,6144;3072,6144",INT8;INT8,ND;ND,"160,3072",DT_BF16,ND,47.67,w8a8_dynamic
dynamic,MIX_AIC,"160,1536;6144,1536",INT8;INT8,ND;ND,"160,6144",DT_BF16,ND,41.73,w8a8_dynamic
dynamic,MIX_AIC,"160,6144;512,6144",INT8;INT8,ND;ND,"160,512",DT_BF16,ND,42.60,w8a8_dynamic
dynamic,MIX_AIC,"160,256;6144,256",INT8;INT8,ND;ND,"160,6144",DT_BF16,ND,41.25,w8a8_dynamic
dynamic,MIX_AIC,"160,6144;19360,6144",INT8;INT8,ND;ND,"160,19360",DT_BF16,ND,557.82,w8a8_dynamic
dynamic,MIX_AIC,"160,6144;256,6144",INT8;INT8,ND;ND,"160,256",DT_BF16,ND,42.19,w8a8_dynamic
dynamic,MIX_AIC,"192,6144;24576,6144",INT8;INT8,ND;ND,"192,24576",DT_BF16,ND,305.25,w8a8_dynamic
dynamic,MIX_AIC,"192,12288;6144,12288",INT8;INT8,ND;ND,"192,6144",DT_BF16,ND,161.15,w8a8_dynamic
dynamic,MIX_AIC,"192,6144;4096,6144",INT8;INT8,ND;ND,"192,4096",DT_BF16,ND,80.86,w8a8_dynamic
dynamic,MIX_AIC,"192,2048;6144,2048",INT8;INT8,ND;ND,"192,6144",DT_BF16,ND,41.49,w8a8_dynamic
dynamic,MIX_AIC,"192,6144;12288,6144",INT8;INT8,ND;ND,"192,12288",DT_BF16,ND,161.60,w8a8_dynamic
dynamic,MIX_AIC,"192,6144;6144,6144",INT8;INT8,ND;ND,"192,6144",DT_BF16,ND,91.07,w8a8_dynamic
dynamic,MIX_AIC,"192,6144;2048,6144",INT8;INT8,ND;ND,"192,2048",DT_BF16,ND,42.08,w8a8_dynamic
dynamic,MIX_AIC,"192,1024;6144,1024",INT8;INT8,ND;ND,"192,6144",DT_BF16,ND,41.01,w8a8_dynamic
dynamic,MIX_AIC,"192,3072;6144,3072",INT8;INT8,ND;ND,"192,6144",DT_BF16,ND,50.17,w8a8_dynamic
dynamic,MIX_AIC,"192,6144;1024,6144",INT8;INT8,ND;ND,"192,1024",DT_BF16,ND,41.18,w8a8_dynamic
dynamic,MIX_AIC,"192,512;6144,512",INT8;INT8,ND;ND,"192,6144",DT_BF16,ND,40.51,w8a8_dynamic
dynamic,MIX_AIC,"192,6144;38720,6144",INT8;INT8,ND;ND,"192,38720",DT_BF16,ND,778.14,w8a8_dynamic
dynamic,MIX_AIC,"192,6144;3072,6144",INT8;INT8,ND;ND,"192,3072",DT_BF16,ND,47.88,w8a8_dynamic
dynamic,MIX_AIC,"192,1536;6144,1536",INT8;INT8,ND;ND,"192,6144",DT_BF16,ND,41.06,w8a8_dynamic
dynamic,MIX_AIC,"192,6144;512,6144",INT8;INT8,ND;ND,"192,512",DT_BF16,ND,43.56,w8a8_dynamic
dynamic,MIX_AIC,"192,256;6144,256",INT8;INT8,ND;ND,"192,6144",DT_BF16,ND,41.06,w8a8_dynamic
dynamic,MIX_AIC,"192,6144;19360,6144",INT8;INT8,ND;ND,"192,19360",DT_BF16,ND,560.84,w8a8_dynamic
dynamic,MIX_AIC,"192,6144;256,6144",INT8;INT8,ND;ND,"192,256",DT_BF16,ND,40.21,w8a8_dynamic
dynamic,MIX_AIC,"200,6144;24576,6144",INT8;INT8,ND;ND,"200,24576",DT_BF16,ND,266.63,w8a8_dynamic
dynamic,MIX_AIC,"200,12288;6144,12288",INT8;INT8,ND;ND,"200,6144",DT_BF16,ND,140.35,w8a8_dynamic
dynamic,MIX_AIC,"200,6144;4096,6144",INT8;INT8,ND;ND,"200,4096",DT_BF16,ND,61.07,w8a8_dynamic
dynamic,MIX_AIC,"200,2048;6144,2048",INT8;INT8,ND;ND,"200,6144",DT_BF16,ND,42.67,w8a8_dynamic
dynamic,MIX_AIC,"200,6144;12288,6144",INT8;INT8,ND;ND,"200,12288",DT_BF16,ND,139.24,w8a8_dynamic
dynamic,MIX_AIC,"200,6144;6144,6144",INT8;INT8,ND;ND,"200,6144",DT_BF16,ND,84.05,w8a8_dynamic
dynamic,MIX_AIC,"200,6144;2048,6144",INT8;INT8,ND;ND,"200,2048",DT_BF16,ND,44.37,w8a8_dynamic
dynamic,MIX_AIC,"200,1024;6144,1024",INT8;INT8,ND;ND,"200,6144",DT_BF16,ND,41.12,w8a8_dynamic
dynamic,MIX_AIC,"200,3072;6144,3072",INT8;INT8,ND;ND,"200,6144",DT_BF16,ND,49.07,w8a8_dynamic
dynamic,MIX_AIC,"200,6144;1024,6144",INT8;INT8,ND;ND,"200,1024",DT_BF16,ND,73.83,w8a8_dynamic
dynamic,MIX_AIC,"200,512;6144,512",INT8;INT8,ND;ND,"200,6144",DT_BF16,ND,41.20,w8a8_dynamic
dynamic,MIX_AIC,"200,6144;38720,6144",INT8;INT8,ND;ND,"200,38720",DT_BF16,ND,783.07,w8a8_dynamic
dynamic,MIX_AIC,"200,6144;3072,6144",INT8;INT8,ND;ND,"200,3072",DT_BF16,ND,50.75,w8a8_dynamic
dynamic,MIX_AIC,"200,1536;6144,1536",INT8;INT8,ND;ND,"200,6144",DT_BF16,ND,43.99,w8a8_dynamic
dynamic,MIX_AIC,"200,6144;512,6144",INT8;INT8,ND;ND,"200,512",DT_BF16,ND,44.55,w8a8_dynamic
dynamic,MIX_AIC,"200,256;6144,256",INT8;INT8,ND;ND,"200,6144",DT_BF16,ND,41.74,w8a8_dynamic
dynamic,MIX_AIC,"200,6144;19360,6144",INT8;INT8,ND;ND,"200,19360",DT_BF16,ND,485.37,w8a8_dynamic
dynamic,MIX_AIC,"200,6144;256,6144",INT8;INT8,ND;ND,"200,256",DT_BF16,ND,42.18,w8a8_dynamic
dynamic,MIX_AIC,"304,6144;24576,6144",INT8;INT8,ND;ND,"304,24576",DT_BF16,ND,332.76,w8a8_dynamic
dynamic,MIX_AIC,"304,12288;6144,12288",INT8;INT8,ND;ND,"304,6144",DT_BF16,ND,179.78,w8a8_dynamic
dynamic,MIX_AIC,"304,6144;4096,6144",INT8;INT8,ND;ND,"304,4096",DT_BF16,ND,68.66,w8a8_dynamic
dynamic,MIX_AIC,"304,2048;6144,2048",INT8;INT8,ND;ND,"304,6144",DT_BF16,ND,53.84,w8a8_dynamic
dynamic,MIX_AIC,"304,6144;12288,6144",INT8;INT8,ND;ND,"304,12288",DT_BF16,ND,172.79,w8a8_dynamic
dynamic,MIX_AIC,"304,6144;6144,6144",INT8;INT8,ND;ND,"304,6144",DT_BF16,ND,107.30,w8a8_dynamic
dynamic,MIX_AIC,"304,6144;2048,6144",INT8;INT8,ND;ND,"304,2048",DT_BF16,ND,50.51,w8a8_dynamic
dynamic,MIX_AIC,"304,1024;6144,1024",INT8;INT8,ND;ND,"304,6144",DT_BF16,ND,42.51,w8a8_dynamic
dynamic,MIX_AIC,"304,3072;6144,3072",INT8;INT8,ND;ND,"304,6144",DT_BF16,ND,67.75,w8a8_dynamic
dynamic,MIX_AIC,"304,6144;1024,6144",INT8;INT8,ND;ND,"304,1024",DT_BF16,ND,48.19,w8a8_dynamic
dynamic,MIX_AIC,"304,512;6144,512",INT8;INT8,ND;ND,"304,6144",DT_BF16,ND,41.18,w8a8_dynamic
dynamic,MIX_AIC,"304,6144;38720,6144",INT8;INT8,ND;ND,"304,38720",DT_BF16,ND,914.92,w8a8_dynamic
dynamic,MIX_AIC,"304,6144;3072,6144",INT8;INT8,ND;ND,"304,3072",DT_BF16,ND,66.84,w8a8_dynamic
dynamic,MIX_AIC,"304,1536;6144,1536",INT8;INT8,ND;ND,"304,6144",DT_BF16,ND,49.47,w8a8_dynamic
dynamic,MIX_AIC,"304,6144;512,6144",INT8;INT8,ND;ND,"304,512",DT_BF16,ND,51.02,w8a8_dynamic
dynamic,MIX_AIC,"304,256;6144,256",INT8;INT8,ND;ND,"304,6144",DT_BF16,ND,41.69,w8a8_dynamic
dynamic,MIX_AIC,"304,6144;19360,6144",INT8;INT8,ND;ND,"304,19360",DT_BF16,ND,543.63,w8a8_dynamic
dynamic,MIX_AIC,"304,6144;256,6144",INT8;INT8,ND;ND,"304,256",DT_BF16,ND,46.86,w8a8_dynamic
dynamic,MIX_AIC,"320,6144;24576,6144",INT8;INT8,ND;ND,"320,24576",DT_BF16,ND,337.98,w8a8_dynamic
dynamic,MIX_AIC,"320,12288;6144,12288",INT8;INT8,ND;ND,"320,6144",DT_BF16,ND,179.60,w8a8_dynamic
dynamic,MIX_AIC,"320,6144;4096,6144",INT8;INT8,ND;ND,"320,4096",DT_BF16,ND,69.20,w8a8_dynamic
dynamic,MIX_AIC,"320,2048;6144,2048",INT8;INT8,ND;ND,"320,6144",DT_BF16,ND,53.89,w8a8_dynamic
dynamic,MIX_AIC,"320,6144;12288,6144",INT8;INT8,ND;ND,"320,12288",DT_BF16,ND,175.86,w8a8_dynamic
dynamic,MIX_AIC,"320,6144;6144,6144",INT8;INT8,ND;ND,"320,6144",DT_BF16,ND,106.38,w8a8_dynamic
dynamic,MIX_AIC,"320,6144;2048,6144",INT8;INT8,ND;ND,"320,2048",DT_BF16,ND,51.57,w8a8_dynamic
dynamic,MIX_AIC,"320,1024;6144,1024",INT8;INT8,ND;ND,"320,6144",DT_BF16,ND,42.62,w8a8_dynamic
dynamic,MIX_AIC,"320,3072;6144,3072",INT8;INT8,ND;ND,"320,6144",DT_BF16,ND,67.23,w8a8_dynamic
dynamic,MIX_AIC,"320,6144;1024,6144",INT8;INT8,ND;ND,"320,1024",DT_BF16,ND,49.43,w8a8_dynamic
dynamic,MIX_AIC,"320,512;6144,512",INT8;INT8,ND;ND,"320,6144",DT_BF16,ND,42.32,w8a8_dynamic
dynamic,MIX_AIC,"320,6144;38720,6144",INT8;INT8,ND;ND,"320,38720",DT_BF16,ND,919.95,w8a8_dynamic
dynamic,MIX_AIC,"320,6144;3072,6144",INT8;INT8,ND;ND,"320,3072",DT_BF16,ND,68.14,w8a8_dynamic
dynamic,MIX_AIC,"320,1536;6144,1536",INT8;INT8,ND;ND,"320,6144",DT_BF16,ND,50.23,w8a8_dynamic
dynamic,MIX_AIC,"320,6144;512,6144",INT8;INT8,ND;ND,"320,512",DT_BF16,ND,51.87,w8a8_dynamic
dynamic,MIX_AIC,"320,256;6144,256",INT8;INT8,ND;ND,"320,6144",DT_BF16,ND,43.05,w8a8_dynamic
dynamic,MIX_AIC,"320,6144;19360,6144",INT8;INT8,ND;ND,"320,19360",DT_BF16,ND,546.69,w8a8_dynamic
dynamic,MIX_AIC,"320,6144;256,6144",INT8;INT8,ND;ND,"320,256",DT_BF16,ND,47.26,w8a8_dynamic
dynamic,MIX_AIC,"384,6144;24576,6144",INT8;INT8,ND;ND,"384,24576",DT_BF16,ND,361.18,w8a8_dynamic
dynamic,MIX_AIC,"384,12288;6144,12288",INT8;INT8,ND;ND,"384,6144",DT_BF16,ND,185.11,w8a8_dynamic
dynamic,MIX_AIC,"384,6144;4096,6144",INT8;INT8,ND;ND,"384,4096",DT_BF16,ND,75.00,w8a8_dynamic
dynamic,MIX_AIC,"384,2048;6144,2048",INT8;INT8,ND;ND,"384,6144",DT_BF16,ND,56.69,w8a8_dynamic
dynamic,MIX_AIC,"384,6144;12288,6144",INT8;INT8,ND;ND,"384,12288",DT_BF16,ND,186.74,w8a8_dynamic
dynamic,MIX_AIC,"384,6144;6144,6144",INT8;INT8,ND;ND,"384,6144",DT_BF16,ND,105.31,w8a8_dynamic
dynamic,MIX_AIC,"384,6144;2048,6144",INT8;INT8,ND;ND,"384,2048",DT_BF16,ND,52.93,w8a8_dynamic
dynamic,MIX_AIC,"384,1024;6144,1024",INT8;INT8,ND;ND,"384,6144",DT_BF16,ND,44.89,w8a8_dynamic
dynamic,MIX_AIC,"384,3072;6144,3072",INT8;INT8,ND;ND,"384,6144",DT_BF16,ND,72.02,w8a8_dynamic
dynamic,MIX_AIC,"384,6144;1024,6144",INT8;INT8,ND;ND,"384,1024",DT_BF16,ND,49.95,w8a8_dynamic
dynamic,MIX_AIC,"384,512;6144,512",INT8;INT8,ND;ND,"384,6144",DT_BF16,ND,45.22,w8a8_dynamic
dynamic,MIX_AIC,"384,6144;38720,6144",INT8;INT8,ND;ND,"384,38720",DT_BF16,ND,941.84,w8a8_dynamic
dynamic,MIX_AIC,"384,6144;3072,6144",INT8;INT8,ND;ND,"384,3072",DT_BF16,ND,71.72,w8a8_dynamic
dynamic,MIX_AIC,"384,1536;6144,1536",INT8;INT8,ND;ND,"384,6144",DT_BF16,ND,66.58,w8a8_dynamic
dynamic,MIX_AIC,"384,6144;512,6144",INT8;INT8,ND;ND,"384,512",DT_BF16,ND,52.65,w8a8_dynamic
dynamic,MIX_AIC,"384,256;6144,256",INT8;INT8,ND;ND,"384,6144",DT_BF16,ND,45.05,w8a8_dynamic
dynamic,MIX_AIC,"384,6144;19360,6144",INT8;INT8,ND;ND,"384,19360",DT_BF16,ND,560.01,w8a8_dynamic
dynamic,MIX_AIC,"384,6144;256,6144",INT8;INT8,ND;ND,"384,256",DT_BF16,ND,49.13,w8a8_dynamic
dynamic,MIX_AIC,"400,6144;24576,6144",INT8;INT8,ND;ND,"400,24576",DT_BF16,ND,426.40,w8a8_dynamic
dynamic,MIX_AIC,"400,12288;6144,12288",INT8;INT8,ND;ND,"400,6144",DT_BF16,ND,216.66,w8a8_dynamic
dynamic,MIX_AIC,"400,6144;4096,6144",INT8;INT8,ND;ND,"400,4096",DT_BF16,ND,88.89,w8a8_dynamic
dynamic,MIX_AIC,"400,2048;6144,2048",INT8;INT8,ND;ND,"400,6144",DT_BF16,ND,60.39,w8a8_dynamic
dynamic,MIX_AIC,"400,6144;12288,6144",INT8;INT8,ND;ND,"400,12288",DT_BF16,ND,225.27,w8a8_dynamic
dynamic,MIX_AIC,"400,6144;6144,6144",INT8;INT8,ND;ND,"400,6144",DT_BF16,ND,128.78,w8a8_dynamic
dynamic,MIX_AIC,"400,6144;2048,6144",INT8;INT8,ND;ND,"400,2048",DT_BF16,ND,69.41,w8a8_dynamic
dynamic,MIX_AIC,"400,1024;6144,1024",INT8;INT8,ND;ND,"400,6144",DT_BF16,ND,46.86,w8a8_dynamic
dynamic,MIX_AIC,"400,3072;6144,3072",INT8;INT8,ND;ND,"400,6144",DT_BF16,ND,72.51,w8a8_dynamic
dynamic,MIX_AIC,"400,6144;1024,6144",INT8;INT8,ND;ND,"400,1024",DT_BF16,ND,51.14,w8a8_dynamic
dynamic,MIX_AIC,"400,512;6144,512",INT8;INT8,ND;ND,"400,6144",DT_BF16,ND,47.30,w8a8_dynamic
dynamic,MIX_AIC,"400,6144;38720,6144",INT8;INT8,ND;ND,"400,38720",DT_BF16,ND,931.56,w8a8_dynamic
dynamic,MIX_AIC,"400,6144;3072,6144",INT8;INT8,ND;ND,"400,3072",DT_BF16,ND,70.04,w8a8_dynamic
dynamic,MIX_AIC,"400,1536;6144,1536",INT8;INT8,ND;ND,"400,6144",DT_BF16,ND,53.12,w8a8_dynamic
dynamic,MIX_AIC,"400,6144;512,6144",INT8;INT8,ND;ND,"400,512",DT_BF16,ND,56.58,w8a8_dynamic
dynamic,MIX_AIC,"400,256;6144,256",INT8;INT8,ND;ND,"400,6144",DT_BF16,ND,45.22,w8a8_dynamic
dynamic,MIX_AIC,"400,6144;19360,6144",INT8;INT8,ND;ND,"400,19360",DT_BF16,ND,508.64,w8a8_dynamic
dynamic,MIX_AIC,"400,6144;256,6144",INT8;INT8,ND;ND,"400,256",DT_BF16,ND,51.64,w8a8_dynamic
dynamic,MIX_AIC,"608,6144;24576,6144",INT8;INT8,ND;ND,"608,24576",DT_BF16,ND,506.15,w8a8_dynamic
dynamic,MIX_AIC,"608,12288;6144,12288",INT8;INT8,ND;ND,"608,6144",DT_BF16,ND,263.74,w8a8_dynamic
dynamic,MIX_AIC,"608,6144;4096,6144",INT8;INT8,ND;ND,"608,4096",DT_BF16,ND,108.35,w8a8_dynamic
dynamic,MIX_AIC,"608,2048;6144,2048",INT8;INT8,ND;ND,"608,6144",DT_BF16,ND,66.77,w8a8_dynamic
dynamic,MIX_AIC,"608,6144;12288,6144",INT8;INT8,ND;ND,"608,12288",DT_BF16,ND,270.50,w8a8_dynamic
dynamic,MIX_AIC,"608,6144;6144,6144",INT8;INT8,ND;ND,"608,6144",DT_BF16,ND,146.35,w8a8_dynamic
dynamic,MIX_AIC,"608,6144;2048,6144",INT8;INT8,ND;ND,"608,2048",DT_BF16,ND,77.50,w8a8_dynamic
dynamic,MIX_AIC,"608,1024;6144,1024",INT8;INT8,ND;ND,"608,6144",DT_BF16,ND,53.38,w8a8_dynamic
dynamic,MIX_AIC,"608,3072;6144,3072",INT8;INT8,ND;ND,"608,6144",DT_BF16,ND,84.59,w8a8_dynamic
dynamic,MIX_AIC,"608,6144;1024,6144",INT8;INT8,ND;ND,"608,1024",DT_BF16,ND,53.23,w8a8_dynamic
dynamic,MIX_AIC,"608,512;6144,512",INT8;INT8,ND;ND,"608,6144",DT_BF16,ND,48.63,w8a8_dynamic
dynamic,MIX_AIC,"608,6144;38720,6144",INT8;INT8,ND;ND,"608,38720",DT_BF16,ND,1456.72,w8a8_dynamic
dynamic,MIX_AIC,"608,6144;3072,6144",INT8;INT8,ND;ND,"608,3072",DT_BF16,ND,97.73,w8a8_dynamic
dynamic,MIX_AIC,"608,1536;6144,1536",INT8;INT8,ND;ND,"608,6144",DT_BF16,ND,60.84,w8a8_dynamic
dynamic,MIX_AIC,"608,6144;512,6144",INT8;INT8,ND;ND,"608,512",DT_BF16,ND,64.03,w8a8_dynamic
dynamic,MIX_AIC,"608,256;6144,256",INT8;INT8,ND;ND,"608,6144",DT_BF16,ND,48.05,w8a8_dynamic
dynamic,MIX_AIC,"608,6144;19360,6144",INT8;INT8,ND;ND,"608,19360",DT_BF16,ND,832.56,w8a8_dynamic
dynamic,MIX_AIC,"608,6144;256,6144",INT8;INT8,ND;ND,"608,256",DT_BF16,ND,58.71,w8a8_dynamic
dynamic,MIX_AIC,"640,6144;24576,6144",INT8;INT8,ND;ND,"640,24576",DT_BF16,ND,521.62,w8a8_dynamic
dynamic,MIX_AIC,"640,12288;6144,12288",INT8;INT8,ND;ND,"640,6144",DT_BF16,ND,264.13,w8a8_dynamic
dynamic,MIX_AIC,"640,6144;4096,6144",INT8;INT8,ND;ND,"640,4096",DT_BF16,ND,113.43,w8a8_dynamic
dynamic,MIX_AIC,"640,2048;6144,2048",INT8;INT8,ND;ND,"640,6144",DT_BF16,ND,67.08,w8a8_dynamic
dynamic,MIX_AIC,"640,6144;12288,6144",INT8;INT8,ND;ND,"640,12288",DT_BF16,ND,275.69,w8a8_dynamic
dynamic,MIX_AIC,"640,6144;6144,6144",INT8;INT8,ND;ND,"640,6144",DT_BF16,ND,148.08,w8a8_dynamic
dynamic,MIX_AIC,"640,6144;2048,6144",INT8;INT8,ND;ND,"640,2048",DT_BF16,ND,77.93,w8a8_dynamic
dynamic,MIX_AIC,"640,1024;6144,1024",INT8;INT8,ND;ND,"640,6144",DT_BF16,ND,54.69,w8a8_dynamic
dynamic,MIX_AIC,"640,3072;6144,3072",INT8;INT8,ND;ND,"640,6144",DT_BF16,ND,83.29,w8a8_dynamic
dynamic,MIX_AIC,"640,6144;1024,6144",INT8;INT8,ND;ND,"640,1024",DT_BF16,ND,54.96,w8a8_dynamic
dynamic,MIX_AIC,"640,512;6144,512",INT8;INT8,ND;ND,"640,6144",DT_BF16,ND,48.66,w8a8_dynamic
dynamic,MIX_AIC,"640,6144;38720,6144",INT8;INT8,ND;ND,"640,38720",DT_BF16,ND,1468.97,w8a8_dynamic
dynamic,MIX_AIC,"640,6144;3072,6144",INT8;INT8,ND;ND,"640,3072",DT_BF16,ND,98.26,w8a8_dynamic
dynamic,MIX_AIC,"640,1536;6144,1536",INT8;INT8,ND;ND,"640,6144",DT_BF16,ND,60.97,w8a8_dynamic
dynamic,MIX_AIC,"640,6144;512,6144",INT8;INT8,ND;ND,"640,512",DT_BF16,ND,52.12,w8a8_dynamic
dynamic,MIX_AIC,"640,256;6144,256",INT8;INT8,ND;ND,"640,6144",DT_BF16,ND,45.25,w8a8_dynamic
dynamic,MIX_AIC,"640,6144;19360,6144",INT8;INT8,ND;ND,"640,19360",DT_BF16,ND,839.44,w8a8_dynamic
dynamic,MIX_AIC,"640,6144;256,6144",INT8;INT8,ND;ND,"640,256",DT_BF16,ND,58.98,w8a8_dynamic
dynamic,MIX_AIC,"768,6144;24576,6144",INT8;INT8,ND;ND,"768,24576",DT_BF16,ND,575.17,w8a8_dynamic
dynamic,MIX_AIC,"768,12288;6144,12288",INT8;INT8,ND;ND,"768,6144",DT_BF16,ND,300.36,w8a8_dynamic
dynamic,MIX_AIC,"768,6144;4096,6144",INT8;INT8,ND;ND,"768,4096",DT_BF16,ND,117.55,w8a8_dynamic
dynamic,MIX_AIC,"768,2048;6144,2048",INT8;INT8,ND;ND,"768,6144",DT_BF16,ND,76.03,w8a8_dynamic
dynamic,MIX_AIC,"768,6144;12288,6144",INT8;INT8,ND;ND,"768,12288",DT_BF16,ND,304.47,w8a8_dynamic
dynamic,MIX_AIC,"768,6144;6144,6144",INT8;INT8,ND;ND,"768,6144",DT_BF16,ND,166.11,w8a8_dynamic
dynamic,MIX_AIC,"768,6144;2048,6144",INT8;INT8,ND;ND,"768,2048",DT_BF16,ND,76.63,w8a8_dynamic
dynamic,MIX_AIC,"768,1024;6144,1024",INT8;INT8,ND;ND,"768,6144",DT_BF16,ND,60.02,w8a8_dynamic
dynamic,MIX_AIC,"768,3072;6144,3072",INT8;INT8,ND;ND,"768,6144",DT_BF16,ND,94.46,w8a8_dynamic
dynamic,MIX_AIC,"768,6144;1024,6144",INT8;INT8,ND;ND,"768,1024",DT_BF16,ND,67.58,w8a8_dynamic
dynamic,MIX_AIC,"768,512;6144,512",INT8;INT8,ND;ND,"768,6144",DT_BF16,ND,52.00,w8a8_dynamic
dynamic,MIX_AIC,"768,6144;38720,6144",INT8;INT8,ND;ND,"768,38720",DT_BF16,ND,1337.77,w8a8_dynamic
dynamic,MIX_AIC,"768,6144;3072,6144",INT8;INT8,ND;ND,"768,3072",DT_BF16,ND,94.89,w8a8_dynamic
dynamic,MIX_AIC,"768,1536;6144,1536",INT8;INT8,ND;ND,"768,6144",DT_BF16,ND,66.69,w8a8_dynamic
dynamic,MIX_AIC,"768,6144;512,6144",INT8;INT8,ND;ND,"768,512",DT_BF16,ND,56.14,w8a8_dynamic
dynamic,MIX_AIC,"768,256;6144,256",INT8;INT8,ND;ND,"768,6144",DT_BF16,ND,49.50,w8a8_dynamic
dynamic,MIX_AIC,"768,6144;19360,6144",INT8;INT8,ND;ND,"768,19360",DT_BF16,ND,749.13,w8a8_dynamic
dynamic,MIX_AIC,"768,6144;256,6144",INT8;INT8,ND;ND,"768,256",DT_BF16,ND,64.57,w8a8_dynamic
dynamic,MIX_AIC,"800,6144;24576,6144",INT8;INT8,ND;ND,"800,24576",DT_BF16,ND,643.65,w8a8_dynamic
dynamic,MIX_AIC,"800,12288;6144,12288",INT8;INT8,ND;ND,"800,6144",DT_BF16,ND,342.84,w8a8_dynamic
dynamic,MIX_AIC,"800,6144;4096,6144",INT8;INT8,ND;ND,"800,4096",DT_BF16,ND,132.25,w8a8_dynamic
dynamic,MIX_AIC,"800,2048;6144,2048",INT8;INT8,ND;ND,"800,6144",DT_BF16,ND,82.46,w8a8_dynamic
dynamic,MIX_AIC,"800,6144;12288,6144",INT8;INT8,ND;ND,"800,12288",DT_BF16,ND,355.83,w8a8_dynamic
dynamic,MIX_AIC,"800,6144;6144,6144",INT8;INT8,ND;ND,"800,6144",DT_BF16,ND,185.41,w8a8_dynamic
dynamic,MIX_AIC,"800,6144;2048,6144",INT8;INT8,ND;ND,"800,2048",DT_BF16,ND,93.49,w8a8_dynamic
dynamic,MIX_AIC,"800,1024;6144,1024",INT8;INT8,ND;ND,"800,6144",DT_BF16,ND,64.07,w8a8_dynamic
dynamic,MIX_AIC,"800,3072;6144,3072",INT8;INT8,ND;ND,"800,6144",DT_BF16,ND,103.38,w8a8_dynamic
dynamic,MIX_AIC,"800,6144;1024,6144",INT8;INT8,ND;ND,"800,1024",DT_BF16,ND,74.17,w8a8_dynamic
dynamic,MIX_AIC,"800,512;6144,512",INT8;INT8,ND;ND,"800,6144",DT_BF16,ND,53.66,w8a8_dynamic
dynamic,MIX_AIC,"800,6144;38720,6144",INT8;INT8,ND;ND,"800,38720",DT_BF16,ND,1948.36,w8a8_dynamic
dynamic,MIX_AIC,"800,6144;3072,6144",INT8;INT8,ND;ND,"800,3072",DT_BF16,ND,121.23,w8a8_dynamic
dynamic,MIX_AIC,"800,1536;6144,1536",INT8;INT8,ND;ND,"800,6144",DT_BF16,ND,71.31,w8a8_dynamic
dynamic,MIX_AIC,"800,6144;512,6144",INT8;INT8,ND;ND,"800,512",DT_BF16,ND,68.21,w8a8_dynamic
dynamic,MIX_AIC,"800,256;6144,256",INT8;INT8,ND;ND,"800,6144",DT_BF16,ND,50.83,w8a8_dynamic
dynamic,MIX_AIC,"800,6144;19360,6144",INT8;INT8,ND;ND,"800,19360",DT_BF16,ND,1115.92,w8a8_dynamic
dynamic,MIX_AIC,"800,6144;256,6144",INT8;INT8,ND;ND,"800,256",DT_BF16,ND,78.97,w8a8_dynamic
dynamic,MIX_AIC,"1216,6144;24576,6144",INT8;INT8,ND;ND,"1216,24576",DT_BF16,ND,892.13,w8a8_dynamic
dynamic,MIX_AIC,"1216,12288;6144,12288",INT8;INT8,ND;ND,"1216,6144",DT_BF16,ND,468.18,w8a8_dynamic
dynamic,MIX_AIC,"1216,6144;4096,6144",INT8;INT8,ND;ND,"1216,4096",DT_BF16,ND,197.48,w8a8_dynamic
dynamic,MIX_AIC,"1216,2048;6144,2048",INT8;INT8,ND;ND,"1216,6144",DT_BF16,ND,106.68,w8a8_dynamic
dynamic,MIX_AIC,"1216,6144;12288,6144",INT8;INT8,ND;ND,"1216,12288",DT_BF16,ND,479.78,w8a8_dynamic
dynamic,MIX_AIC,"1216,6144;6144,6144",INT8;INT8,ND;ND,"1216,6144",DT_BF16,ND,248.05,w8a8_dynamic
dynamic,MIX_AIC,"1216,6144;2048,6144",INT8;INT8,ND;ND,"1216,2048",DT_BF16,ND,118.11,w8a8_dynamic
dynamic,MIX_AIC,"1216,1024;6144,1024",INT8;INT8,ND;ND,"1216,6144",DT_BF16,ND,80.90,w8a8_dynamic
dynamic,MIX_AIC,"1216,3072;6144,3072",INT8;INT8,ND;ND,"1216,6144",DT_BF16,ND,136.15,w8a8_dynamic
dynamic,MIX_AIC,"1216,6144;1024,6144",INT8;INT8,ND;ND,"1216,1024",DT_BF16,ND,82.64,w8a8_dynamic
dynamic,MIX_AIC,"1216,512;6144,512",INT8;INT8,ND;ND,"1216,6144",DT_BF16,ND,72.76,w8a8_dynamic
dynamic,MIX_AIC,"1216,6144;38720,6144",INT8;INT8,ND;ND,"1216,38720",DT_BF16,ND,1990.39,w8a8_dynamic
dynamic,MIX_AIC,"1216,6144;3072,6144",INT8;INT8,ND;ND,"1216,3072",DT_BF16,ND,137.28,w8a8_dynamic
dynamic,MIX_AIC,"1216,1536;6144,1536",INT8;INT8,ND;ND,"1216,6144",DT_BF16,ND,92.99,w8a8_dynamic
dynamic,MIX_AIC,"1216,6144;512,6144",INT8;INT8,ND;ND,"1216,512",DT_BF16,ND,63.13,w8a8_dynamic
dynamic,MIX_AIC,"1216,256;6144,256",INT8;INT8,ND;ND,"1216,6144",DT_BF16,ND,62.93,w8a8_dynamic
dynamic,MIX_AIC,"1216,6144;19360,6144",INT8;INT8,ND;ND,"1216,19360",DT_BF16,ND,1142.74,w8a8_dynamic
dynamic,MIX_AIC,"1216,6144;256,6144",INT8;INT8,ND;ND,"1216,256",DT_BF16,ND,89.77,w8a8_dynamic
dynamic,MIX_AIC,"1280,6144;24576,6144",INT8;INT8,ND;ND,"1280,24576",DT_BF16,ND,913.70,w8a8_dynamic
dynamic,MIX_AIC,"1280,12288;6144,12288",INT8;INT8,ND;ND,"1280,6144",DT_BF16,ND,470.93,w8a8_dynamic
dynamic,MIX_AIC,"1280,6144;4096,6144",INT8;INT8,ND;ND,"1280,4096",DT_BF16,ND,194.44,w8a8_dynamic
dynamic,MIX_AIC,"1280,2048;6144,2048",INT8;INT8,ND;ND,"1280,6144",DT_BF16,ND,106.16,w8a8_dynamic
dynamic,MIX_AIC,"1280,6144;12288,6144",INT8;INT8,ND;ND,"1280,12288",DT_BF16,ND,489.90,w8a8_dynamic
dynamic,MIX_AIC,"1280,6144;6144,6144",INT8;INT8,ND;ND,"1280,6144",DT_BF16,ND,248.79,w8a8_dynamic
dynamic,MIX_AIC,"1280,6144;2048,6144",INT8;INT8,ND;ND,"1280,2048",DT_BF16,ND,118.70,w8a8_dynamic
dynamic,MIX_AIC,"1280,1024;6144,1024",INT8;INT8,ND;ND,"1280,6144",DT_BF16,ND,82.45,w8a8_dynamic
dynamic,MIX_AIC,"1280,3072;6144,3072",INT8;INT8,ND;ND,"1280,6144",DT_BF16,ND,136.78,w8a8_dynamic
dynamic,MIX_AIC,"1280,6144;1024,6144",INT8;INT8,ND;ND,"1280,1024",DT_BF16,ND,84.13,w8a8_dynamic
dynamic,MIX_AIC,"1280,512;6144,512",INT8;INT8,ND;ND,"1280,6144",DT_BF16,ND,74.97,w8a8_dynamic
dynamic,MIX_AIC,"1280,6144;38720,6144",INT8;INT8,ND;ND,"1280,38720",DT_BF16,ND,2030.48,w8a8_dynamic
dynamic,MIX_AIC,"1280,6144;3072,6144",INT8;INT8,ND;ND,"1280,3072",DT_BF16,ND,138.56,w8a8_dynamic
dynamic,MIX_AIC,"1280,1536;6144,1536",INT8;INT8,ND;ND,"1280,6144",DT_BF16,ND,92.66,w8a8_dynamic
dynamic,MIX_AIC,"1280,6144;512,6144",INT8;INT8,ND;ND,"1280,512",DT_BF16,ND,64.37,w8a8_dynamic
dynamic,MIX_AIC,"1280,256;6144,256",INT8;INT8,ND;ND,"1280,6144",DT_BF16,ND,63.14,w8a8_dynamic
dynamic,MIX_AIC,"1280,6144;19360,6144",INT8;INT8,ND;ND,"1280,19360",DT_BF16,ND,1152.10,w8a8_dynamic
dynamic,MIX_AIC,"1280,6144;256,6144",INT8;INT8,ND;ND,"1280,256",DT_BF16,ND,63.31,w8a8_dynamic
dynamic,MIX_AIC,"1536,6144;24576,6144",INT8;INT8,ND;ND,"1536,24576",DT_BF16,ND,1118.01,w8a8_dynamic
dynamic,MIX_AIC,"1536,12288;6144,12288",INT8;INT8,ND;ND,"1536,6144",DT_BF16,ND,580.23,w8a8_dynamic
dynamic,MIX_AIC,"1536,6144;4096,6144",INT8;INT8,ND;ND,"1536,4096",DT_BF16,ND,229.98,w8a8_dynamic
dynamic,MIX_AIC,"1536,2048;6144,2048",INT8;INT8,ND;ND,"1536,6144",DT_BF16,ND,134.93,w8a8_dynamic
dynamic,MIX_AIC,"1536,6144;12288,6144",INT8;INT8,ND;ND,"1536,12288",DT_BF16,ND,575.31,w8a8_dynamic
dynamic,MIX_AIC,"1536,6144;6144,6144",INT8;INT8,ND;ND,"1536,6144",DT_BF16,ND,305.96,w8a8_dynamic
dynamic,MIX_AIC,"1536,6144;2048,6144",INT8;INT8,ND;ND,"1536,2048",DT_BF16,ND,125.24,w8a8_dynamic
dynamic,MIX_AIC,"1536,1024;6144,1024",INT8;INT8,ND;ND,"1536,6144",DT_BF16,ND,101.29,w8a8_dynamic
dynamic,MIX_AIC,"1536,3072;6144,3072",INT8;INT8,ND;ND,"1536,6144",DT_BF16,ND,176.15,w8a8_dynamic
dynamic,MIX_AIC,"1536,6144;1024,6144",INT8;INT8,ND;ND,"1536,1024",DT_BF16,ND,88.06,w8a8_dynamic
dynamic,MIX_AIC,"1536,512;6144,512",INT8;INT8,ND;ND,"1536,6144",DT_BF16,ND,84.91,w8a8_dynamic
dynamic,MIX_AIC,"1536,6144;38720,6144",INT8;INT8,ND;ND,"1536,38720",DT_BF16,ND,3248.81,w8a8_dynamic
dynamic,MIX_AIC,"1536,6144;3072,6144",INT8;INT8,ND;ND,"1536,3072",DT_BF16,ND,174.66,w8a8_dynamic
dynamic,MIX_AIC,"1536,1536;6144,1536",INT8;INT8,ND;ND,"1536,6144",DT_BF16,ND,115.36,w8a8_dynamic
dynamic,MIX_AIC,"1536,6144;512,6144",INT8;INT8,ND;ND,"1536,512",DT_BF16,ND,70.47,w8a8_dynamic
dynamic,MIX_AIC,"1536,256;6144,256",INT8;INT8,ND;ND,"1536,6144",DT_BF16,ND,71.69,w8a8_dynamic
dynamic,MIX_AIC,"1536,6144;19360,6144",INT8;INT8,ND;ND,"1536,19360",DT_BF16,ND,1387.19,w8a8_dynamic
dynamic,MIX_AIC,"1536,6144;256,6144",INT8;INT8,ND;ND,"1536,256",DT_BF16,ND,70.44,w8a8_dynamic
dynamic,MIX_AIC,"1824,6144;24576,6144",INT8;INT8,ND;ND,"1824,24576",DT_BF16,ND,1224.05,w8a8_dynamic
dynamic,MIX_AIC,"1824,12288;6144,12288",INT8;INT8,ND;ND,"1824,6144",DT_BF16,ND,646.17,w8a8_dynamic
dynamic,MIX_AIC,"1824,6144;4096,6144",INT8;INT8,ND;ND,"1824,4096",DT_BF16,ND,250.12,w8a8_dynamic
dynamic,MIX_AIC,"1824,2048;6144,2048",INT8;INT8,ND;ND,"1824,6144",DT_BF16,ND,143.96,w8a8_dynamic
dynamic,MIX_AIC,"1824,6144;12288,6144",INT8;INT8,ND;ND,"1824,12288",DT_BF16,ND,635.12,w8a8_dynamic
dynamic,MIX_AIC,"1824,6144;6144,6144",INT8;INT8,ND;ND,"1824,6144",DT_BF16,ND,345.52,w8a8_dynamic
dynamic,MIX_AIC,"1824,6144;2048,6144",INT8;INT8,ND;ND,"1824,2048",DT_BF16,ND,146.31,w8a8_dynamic
dynamic,MIX_AIC,"1824,1024;6144,1024",INT8;INT8,ND;ND,"1824,6144",DT_BF16,ND,109.64,w8a8_dynamic
dynamic,MIX_AIC,"1824,3072;6144,3072",INT8;INT8,ND;ND,"1824,6144",DT_BF16,ND,190.74,w8a8_dynamic
dynamic,MIX_AIC,"1824,6144;1024,6144",INT8;INT8,ND;ND,"1824,1024",DT_BF16,ND,109.96,w8a8_dynamic
dynamic,MIX_AIC,"1824,512;6144,512",INT8;INT8,ND;ND,"1824,6144",DT_BF16,ND,96.66,w8a8_dynamic
dynamic,MIX_AIC,"1824,6144;38720,6144",INT8;INT8,ND;ND,"1824,38720",DT_BF16,ND,3994.80,w8a8_dynamic
dynamic,MIX_AIC,"1824,6144;3072,6144",INT8;INT8,ND;ND,"1824,3072",DT_BF16,ND,219.68,w8a8_dynamic
dynamic,MIX_AIC,"1824,1536;6144,1536",INT8;INT8,ND;ND,"1824,6144",DT_BF16,ND,123.91,w8a8_dynamic
dynamic,MIX_AIC,"1824,6144;512,6144",INT8;INT8,ND;ND,"1824,512",DT_BF16,ND,90.54,w8a8_dynamic
dynamic,MIX_AIC,"1824,256;6144,256",INT8;INT8,ND;ND,"1824,6144",DT_BF16,ND,82.46,w8a8_dynamic
dynamic,MIX_AIC,"1824,6144;19360,6144",INT8;INT8,ND;ND,"1824,19360",DT_BF16,ND,2262.93,w8a8_dynamic
dynamic,MIX_AIC,"1824,6144;256,6144",INT8;INT8,ND;ND,"1824,256",DT_BF16,ND,69.65,w8a8_dynamic
dynamic,MIX_AIC,"3072,6144;24576,6144",INT8;INT8,ND;ND,"3072,24576",DT_BF16,ND,2059.21,w8a8_dynamic
dynamic,MIX_AIC,"3072,12288;6144,12288",INT8;INT8,ND;ND,"3072,6144",DT_BF16,ND,1017.46,w8a8_dynamic
dynamic,MIX_AIC,"3072,6144;4096,6144",INT8;INT8,ND;ND,"3072,4096",DT_BF16,ND,384.58,w8a8_dynamic
dynamic,MIX_AIC,"3072,2048;6144,2048",INT8;INT8,ND;ND,"3072,6144",DT_BF16,ND,242.85,w8a8_dynamic
dynamic,MIX_AIC,"3072,6144;12288,6144",INT8;INT8,ND;ND,"3072,12288",DT_BF16,ND,989.91,w8a8_dynamic
dynamic,MIX_AIC,"3072,6144;6144,6144",INT8;INT8,ND;ND,"3072,6144",DT_BF16,ND,562.45,w8a8_dynamic
dynamic,MIX_AIC,"3072,6144;2048,6144",INT8;INT8,ND;ND,"3072,2048",DT_BF16,ND,221.82,w8a8_dynamic
dynamic,MIX_AIC,"3072,1024;6144,1024",INT8;INT8,ND;ND,"3072,6144",DT_BF16,ND,190.85,w8a8_dynamic
dynamic,MIX_AIC,"3072,3072;6144,3072",INT8;INT8,ND;ND,"3072,6144",DT_BF16,ND,307.97,w8a8_dynamic
dynamic,MIX_AIC,"3072,6144;1024,6144",INT8;INT8,ND;ND,"3072,1024",DT_BF16,ND,148.31,w8a8_dynamic
dynamic,MIX_AIC,"3072,512;6144,512",INT8;INT8,ND;ND,"3072,6144",DT_BF16,ND,128.82,w8a8_dynamic
dynamic,MIX_AIC,"3072,6144;38720,6144",INT8;INT8,ND;ND,"3072,38720",DT_BF16,ND,6442.37,w8a8_dynamic
dynamic,MIX_AIC,"3072,6144;3072,6144",INT8;INT8,ND;ND,"3072,3072",DT_BF16,ND,300.80,w8a8_dynamic
dynamic,MIX_AIC,"3072,1536;6144,1536",INT8;INT8,ND;ND,"3072,6144",DT_BF16,ND,201.26,w8a8_dynamic
dynamic,MIX_AIC,"3072,6144;512,6144",INT8;INT8,ND;ND,"3072,512",DT_BF16,ND,111.79,w8a8_dynamic
dynamic,MIX_AIC,"3072,256;6144,256",INT8;INT8,ND;ND,"3072,6144",DT_BF16,ND,123.60,w8a8_dynamic
dynamic,MIX_AIC,"3072,6144;19360,6144",INT8;INT8,ND;ND,"3072,19360",DT_BF16,ND,2666.22,w8a8_dynamic
dynamic,MIX_AIC,"3072,6144;256,6144",INT8;INT8,ND;ND,"3072,256",DT_BF16,ND,94.60,w8a8_dynamic
dynamic,MIX_AIC,"6144,6144;24576,6144",INT8;INT8,ND;ND,"6144,24576",DT_BF16,ND,3866.81,w8a8_dynamic
dynamic,MIX_AIC,"6144,12288;6144,12288",INT8;INT8,ND;ND,"6144,6144",DT_BF16,ND,2042.20,w8a8_dynamic
dynamic,MIX_AIC,"6144,6144;4096,6144",INT8;INT8,ND;ND,"6144,4096",DT_BF16,ND,731.92,w8a8_dynamic
dynamic,MIX_AIC,"6144,2048;6144,2048",INT8;INT8,ND;ND,"6144,6144",DT_BF16,ND,442.84,w8a8_dynamic
dynamic,MIX_AIC,"6144,6144;12288,6144",INT8;INT8,ND;ND,"6144,12288",DT_BF16,ND,1976.07,w8a8_dynamic
dynamic,MIX_AIC,"6144,6144;6144,6144",INT8;INT8,ND;ND,"6144,6144",DT_BF16,ND,1026.45,w8a8_dynamic
dynamic,MIX_AIC,"6144,6144;2048,6144",INT8;INT8,ND;ND,"6144,2048",DT_BF16,ND,428.22,w8a8_dynamic
dynamic,MIX_AIC,"6144,1024;6144,1024",INT8;INT8,ND;ND,"6144,6144",DT_BF16,ND,337.61,w8a8_dynamic
dynamic,MIX_AIC,"6144,3072;6144,3072",INT8;INT8,ND;ND,"6144,6144",DT_BF16,ND,585.46,w8a8_dynamic
dynamic,MIX_AIC,"6144,6144;1024,6144",INT8;INT8,ND;ND,"6144,1024",DT_BF16,ND,272.41,w8a8_dynamic
dynamic,MIX_AIC,"6144,512;6144,512",INT8;INT8,ND;ND,"6144,6144",DT_BF16,ND,255.22,w8a8_dynamic
dynamic,MIX_AIC,"6144,6144;38720,6144",INT8;INT8,ND;ND,"6144,38720",DT_BF16,ND,12595.87,w8a8_dynamic
dynamic,MIX_AIC,"6144,6144;3072,6144",INT8;INT8,ND;ND,"6144,3072",DT_BF16,ND,575.14,w8a8_dynamic
dynamic,MIX_AIC,"6144,1536;6144,1536",INT8;INT8,ND;ND,"6144,6144",DT_BF16,ND,363.39,w8a8_dynamic
dynamic,MIX_AIC,"6144,6144;512,6144",INT8;INT8,ND;ND,"6144,512",DT_BF16,ND,196.05,w8a8_dynamic
dynamic,MIX_AIC,"6144,256;6144,256",INT8;INT8,ND;ND,"6144,6144",DT_BF16,ND,243.44,w8a8_dynamic
dynamic,MIX_AIC,"6144,6144;19360,6144",INT8;INT8,ND;ND,"6144,19360",DT_BF16,ND,5305.69,w8a8_dynamic
dynamic,MIX_AIC,"6144,6144;256,6144",INT8;INT8,ND;ND,"6144,256",DT_BF16,ND,159.23,w8a8_dynamic
dynamic,MIX_AIC,"12288,6144;24576,6144",INT8;INT8,ND;ND,"12288,24576",DT_BF16,ND,7684.86,w8a8_dynamic
dynamic,MIX_AIC,"12288,12288;6144,12288",INT8;INT8,ND;ND,"12288,6144",DT_BF16,ND,3968.88,w8a8_dynamic
dynamic,MIX_AIC,"12288,6144;4096,6144",INT8;INT8,ND;ND,"12288,4096",DT_BF16,ND,1474.37,w8a8_dynamic
dynamic,MIX_AIC,"12288,2048;6144,2048",INT8;INT8,ND;ND,"12288,6144",DT_BF16,ND,796.92,w8a8_dynamic
dynamic,MIX_AIC,"12288,6144;12288,6144",INT8;INT8,ND;ND,"12288,12288",DT_BF16,ND,3935.27,w8a8_dynamic
dynamic,MIX_AIC,"12288,6144;6144,6144",INT8;INT8,ND;ND,"12288,6144",DT_BF16,ND,2071.37,w8a8_dynamic
dynamic,MIX_AIC,"12288,6144;2048,6144",INT8;INT8,ND;ND,"12288,2048",DT_BF16,ND,842.70,w8a8_dynamic
dynamic,MIX_AIC,"12288,1024;6144,1024",INT8;INT8,ND;ND,"12288,6144",DT_BF16,ND,619.43,w8a8_dynamic
dynamic,MIX_AIC,"12288,3072;6144,3072",INT8;INT8,ND;ND,"12288,6144",DT_BF16,ND,1108.71,w8a8_dynamic
dynamic,MIX_AIC,"12288,6144;1024,6144",INT8;INT8,ND;ND,"12288,1024",DT_BF16,ND,534.32,w8a8_dynamic
dynamic,MIX_AIC,"12288,512;6144,512",INT8;INT8,ND;ND,"12288,6144",DT_BF16,ND,454.48,w8a8_dynamic
dynamic,MIX_AIC,"12288,6144;38720,6144",INT8;INT8,ND;ND,"12288,38720",DT_BF16,ND,25276.57,w8a8_dynamic
dynamic,MIX_AIC,"12288,6144;3072,6144",INT8;INT8,ND;ND,"12288,3072",DT_BF16,ND,1157.13,w8a8_dynamic
dynamic,MIX_AIC,"12288,1536;6144,1536",INT8;INT8,ND;ND,"12288,6144",DT_BF16,ND,660.83,w8a8_dynamic
dynamic,MIX_AIC,"12288,6144;512,6144",INT8;INT8,ND;ND,"12288,512",DT_BF16,ND,375.03,w8a8_dynamic
dynamic,MIX_AIC,"12288,256;6144,256",INT8;INT8,ND;ND,"12288,6144",DT_BF16,ND,438.74,w8a8_dynamic
dynamic,MIX_AIC,"12288,6144;19360,6144",INT8;INT8,ND;ND,"12288,19360",DT_BF16,ND,10617.78,w8a8_dynamic
dynamic,MIX_AIC,"12288,6144;256,6144",INT8;INT8,ND;ND,"12288,256",DT_BF16,ND,293.42,w8a8_dynamic
