family,sub_op,npu_op_type,input_shapes,runs_seen,total_calls,total_ms,min_us,avg_us,median_us
Comm,all_gather,hcom_allGather_,N/A,11,41407,1477.6,5.90,35.68,10.07
Comm,all_reduce,hcom_allReduce_,N/A,5,74786,1028.4,4.06,13.75,6.28
Comm,all_to_all,hcom_alltoall_,N/A,6,4324,1652.9,9.02,382.26,94.19
Comm,all_to_all_v,hcom_alltoallv_,N/A,6,456,218.6,24.02,479.47,162.40
Comm,allgatherAicpuKernel,allgatherAicpuKernel,N/A,8,365,101.7,114.25,278.73,232.82
Comm,batch_get,hccl_batchGet_,N/A,4,132,253.1,5.36,1917.57,252.03
Comm,batch_get_aicpu,batch_getAicpuKernel,N/A,4,134,349.8,21.94,2610.68,35.75
Comm,batch_putAicpuKernel,batch_putAicpuKernel,N/A,1,32,1.7,23.28,53.48,28.73
Comm,broadcast,hcom_broadcast_,N/A,6,2964,32346.3,482.83,10913.06,516.66
Comm,broadcast_aicpu,broadcastAicpuKernel,N/A,6,2964,59939.8,495.55,20222.60,556.85
Comm,reduce_scatter,hcom_reduceScatter_,N/A,6,2616,22785.9,10.88,8710.22,201.06
Comm,reduce_scatter_aicpu,reduce_scatterAicpuKernel,N/A,6,2464,52283.3,193.10,21218.88,210.82
DSA_Attention,indexer,LightningIndexer,"3,32,128;1765,128,1,128;3,32;1;1;1,1584",3,8720,301.4,25.60,34.56,32.68
DSA_Attention,indexer,LightningIndexer,"9,32,128;1765,128,1,128;9,32;3;3;3,1584",2,3760,251.8,38.02,66.97,48.34
DSA_Attention,indexer,LightningIndexer,"6,32,128;1765,128,1,128;6,32;2;2;2,1584",2,3680,220.5,36.00,59.93,47.52
DSA_Attention,indexer,LightningIndexer,"27,32,128;1765,128,1,128;27,32;9;9;9,1584",1,1482,95.7,56.08,64.60,60.52
DSA_Attention,indexer,LightningIndexer,"256,32,128;1678,128,1,128;256,32;1;1;1,1584",2,1120,208.5,25.10,186.19,93.54
DSA_Attention,indexer,LightningIndexer,"256,32,128;1681,128,1,128;256,32;1;1;1,1584",1,400,98.4,26.26,246.01,141.75
DSA_Attention,indexer,LightningIndexer,"21,32,128;1765,128,1,128;21,32;7;7;7,1584",1,316,19.1,46.12,60.48,53.22
DSA_Attention,indexer,LightningIndexer,"256,32,128;1680,128,1,128;256,32;1;1;1,1584",1,160,17.1,26.78,106.95,45.54
DSA_Attention,indexer,LightningIndexer,"256,32,128;1681,128,1,128;256,32;5;5;5,1584",1,160,16.6,27.52,104.04,65.28
DSA_Attention,indexer,LightningIndexer,"15,32,128;1765,128,1,128;15,32;5;5;5,1584",1,160,9.5,44.14,59.33,51.88
DSA_Attention,indexer,LightningIndexer,"256,32,128;1678,128,1,128;256,32;5;5;5,1584",1,80,7.7,29.82,96.37,63.72
DSA_Attention,indexer,LightningIndexer,"256,32,128;1678,128,1,128;256,32;6;6;6,1584",1,80,9.7,33.66,121.43,77.96
DSA_Attention,indexer,LightningIndexer,"114,32,128;1680,128,1,128;114,32;1;1;1,1584",1,80,10.5,35.20,130.71,83.90
DSA_Attention,indexer,LightningIndexer,"256,32,128;1681,128,1,128;256,32;4;4;4,1584",1,80,7.6,26.04,94.49,61.06
DSA_Attention,indexer,LightningIndexer,"12,32,128;1765,128,1,128;12,32;4;4;4,1584",1,80,4.4,40.80,55.55,48.31
DSA_Attention,indexer,LightningIndexer,"24,32,128;1765,128,1,128;24,32;8;8;8,1584",1,38,2.2,48.48,58.93,53.68
DSA_Attention,indexer,LightningIndexer,"18,32,128;1765,128,1,128;18,32;6;6;6,1584",1,4,0.2,46.62,53.87,49.79
DSA_Attention,mla_preprocess,mla_preprocess_0_mix_aic,N/A,5,17784,1230.8,59.66,69.21,64.23
DSA_Attention,mla_preprocess,mla_preprocess,N/A,5,456,31.3,61.56,68.64,63.97
DSA_Attention,sfa_kernel,SparseFlashAttention,"3,16,512;1765,128,1,512;1765,128,1,512;3,1,2048;1,1584;1;1;3,16,64;1765,128,1,64",3,8719,777.5,83.52,89.17,86.06
DSA_Attention,sfa_kernel,SparseFlashAttention,"9,16,512;1765,128,1,512;1765,128,1,512;9,1,2048;3,1584;3;3;9,16,64;1765,128,1,64",2,3760,347.1,86.04,92.31,88.86
DSA_Attention,sfa_kernel,SparseFlashAttention,"6,16,512;1765,128,1,512;1765,128,1,512;6,1,2048;2,1584;2;2;6,16,64;1765,128,1,64",2,3680,333.3,86.42,90.57,88.13
DSA_Attention,sfa_kernel,SparseFlashAttention,"27,16,512;1765,128,1,512;1765,128,1,512;27,1,2048;9,1584;9;9;27,16,64;1765,128,1,64",1,1482,230.6,150.41,155.62,152.75
DSA_Attention,sfa_kernel,SparseFlashAttention,"256,64,512;1678,128,1,512;1678,128,1,512;256,1,2048;1,1584;1;1;256,64,64;1678,128,1,64",2,1120,684.3,90.62,610.96,443.70
DSA_Attention,sfa_kernel,SparseFlashAttention,"256,64,512;1681,128,1,512;1681,128,1,512;256,1,2048;1,1584;1;1;256,64,64;1681,128,1,64",1,400,265.1,92.40,662.77,446.21
DSA_Attention,sfa_kernel,SparseFlashAttention,"21,16,512;1765,128,1,512;1765,128,1,512;21,1,2048;7,1584;7;7;21,16,64;1765,128,1,64",1,316,30.1,88.32,95.11,91.63
DSA_Attention,sfa_kernel,SparseFlashAttention,"256,64,512;1680,128,1,512;1680,128,1,512;256,1,2048;1,1584;1;1;256,64,64;1680,128,1,64",1,160,77.1,92.36,481.96,133.99
DSA_Attention,sfa_kernel,SparseFlashAttention,"256,64,512;1681,128,1,512;1681,128,1,512;256,1,2048;5,1584;5;5;256,64,64;1681,128,1,64",1,160,130.2,95.22,813.59,463.47
DSA_Attention,sfa_kernel,SparseFlashAttention,"15,16,512;1765,128,1,512;1765,128,1,512;15,1,2048;5,1584;5;5;15,16,64;1765,128,1,64",1,160,15.0,88.10,93.76,90.88
DSA_Attention,sfa_kernel,SparseFlashAttention,"256,64,512;1678,128,1,512;1678,128,1,512;256,1,2048;5,1584;5;5;256,64,64;1678,128,1,64",1,80,65.2,92.76,815.14,462.53
DSA_Attention,sfa_kernel,SparseFlashAttention,"256,64,512;1678,128,1,512;1678,128,1,512;256,1,2048;6,1584;6;6;256,64,64;1678,128,1,64",1,80,65.6,95.60,820.61,466.35
DSA_Attention,sfa_kernel,SparseFlashAttention,"114,64,512;1680,128,1,512;1680,128,1,512;114,1,2048;1,1584;1;1;114,64,64;1680,128,1,64",1,80,30.5,92.38,381.17,239.35
DSA_Attention,sfa_kernel,SparseFlashAttention,"256,64,512;1681,128,1,512;1681,128,1,512;256,1,2048;4,1584;4;4;256,64,64;1681,128,1,64",1,80,58.9,95.54,736.84,424.83
DSA_Attention,sfa_kernel,SparseFlashAttention,"12,16,512;1765,128,1,512;1765,128,1,512;12,1,2048;4,1584;4;4;12,16,64;1765,128,1,64",1,80,7.4,88.16,92.01,89.90
DSA_Attention,sfa_kernel,SparseFlashAttention,"24,16,512;1765,128,1,512;1765,128,1,512;24,1,2048;8,1584;8;8;24,16,64;1765,128,1,64",1,38,3.6,88.64,95.08,91.12
DSA_Attention,sfa_kernel,SparseFlashAttention,"18,16,512;1765,128,1,512;1765,128,1,512;18,1,2048;6,1584;6;6;18,16,64;1765,128,1,64",1,4,0.4,88.94,93.77,91.19
ElementWise,add,Add,"256,6144;256,6144",6,2844,33.3,6.20,11.70,8.90
ElementWise,add,Add,1;,7,393,0.6,1.32,1.52,1.43
ElementWise,add,Add,2;,4,247,0.4,1.38,1.57,1.47
ElementWise,add,Add,"1,154880;",7,240,2.2,6.60,9.22,7.80
ElementWise,add,Add,"3,6144;3,6144",3,218,0.9,3.78,4.34,4.14
ElementWise,add,Add,"114,6144;114,6144",2,158,1.6,3.90,10.08,6.93
ElementWise,add,Add,3;,2,141,0.2,1.34,1.53,1.50
ElementWise,add,Add,1;1,7,131,0.2,1.20,1.40,1.33
ElementWise,add,Add,"3,154880;",2,94,1.0,7.62,10.96,8.04
ElementWise,add,Add,"9,6144;9,6144",2,94,0.7,7.54,7.96,7.81
ElementWise,add,Add,"2,154880;",2,92,0.8,7.18,9.14,8.14
ElementWise,add,Add,"6,6144;6,6144",2,92,0.6,6.22,6.55,6.43
ElementWise,add,Add,8;,1,58,0.1,1.30,1.53,1.41
ElementWise,add,Add,6;,3,56,0.1,1.42,1.61,1.49
ElementWise,add,Add,4;,3,52,0.1,1.36,1.62,1.50
ElementWise,add,Add,3;3,2,47,0.1,1.32,1.47,1.51
ElementWise,add,Add,2;2,2,46,0.1,1.34,1.49,1.47
ElementWise,add,Add,"24,6144;24,6144",1,38,0.3,7.76,8.10,7.84
ElementWise,add,Add,"8,154880;",1,38,0.5,8.64,12.31,9.18
ElementWise,add,Add,16;,1,19,0.0,1.42,1.62,1.51
ElementWise,add,Add,8;8,1,19,0.0,1.38,1.57,1.46
ElementWise,add,Add,5;,3,15,0.0,1.44,1.56,1.52
ElementWise,add,Add,1365;,4,10,0.0,1.52,1.63,1.54
ElementWise,add,Add,"5,154880;",3,7,0.1,8.94,13.04,13.24
ElementWise,add,Add,7;,1,6,0.0,1.34,1.48,1.41
ElementWise,add,Add,5;5,3,5,0.0,1.36,1.62,1.62
ElementWise,add,Add,"6,154880;",2,5,0.1,9.18,10.56,12.28
ElementWise,add,Add,"15,6144;15,6144",1,4,0.0,7.78,7.94,7.87
ElementWise,add,Add,"18,6144;18,6144",1,4,0.0,7.82,8.69,7.87
ElementWise,add,Add,"21,6144;21,6144",1,4,0.0,7.94,7.99,7.97
ElementWise,add,Add,"7,154880;",1,4,0.0,9.24,9.58,9.41
ElementWise,add,Add,6;6,2,3,0.0,1.34,1.66,1.68
ElementWise,add,Add,"4,154880;",2,3,0.0,9.04,11.44,12.54
ElementWise,add,Add,4;4,2,2,0.0,1.48,1.55,1.55
ElementWise,add,Add,10;,1,2,0.0,1.54,1.66,1.60
ElementWise,add,Add,"12,6144;12,6144",1,2,0.0,8.06,9.34,8.70
ElementWise,add,Add,12;,1,2,0.0,1.48,1.57,1.52
ElementWise,add,Add,14;,1,2,0.0,1.46,1.54,1.50
ElementWise,add,Add,7;7,1,2,0.0,1.36,1.68,1.52
ElementWise,add,Add,608;,1,1,0.0,1.60,1.60,1.60
ElementWise,add_rmsnorm,AddRmsNormBias,"3,6144;3,6144;6144;6144",3,16896,65.4,3.46,3.87,3.69
ElementWise,add_rmsnorm,AddRmsNormBias,"9,6144;9,6144;6144;6144",2,7285,35.3,4.36,4.85,4.60
ElementWise,add_rmsnorm,AddRmsNormBias,"6,6144;6,6144;6144;6144",2,7130,30.6,3.94,4.29,4.09
ElementWise,add_rmsnorm,AddRmsNormBias,"256,6144;256,6144;6144;6144",6,5688,127.4,17.36,22.39,21.52
ElementWise,add_rmsnorm,AddRmsNormBias,"27,6144;27,6144;6144;6144",1,2907,23.3,7.08,8.00,7.51
ElementWise,add_rmsnorm,AddRmsNormBias,"21,6144;21,6144;6144;6144",1,616,4.1,6.18,6.71,6.40
ElementWise,add_rmsnorm,AddRmsNormBias,"114,6144;114,6144;6144;6144",2,316,4.8,12.24,15.31,14.96
ElementWise,add_rmsnorm,AddRmsNormBias,"15,6144;15,6144;6144;6144",1,310,1.8,5.36,5.71,5.52
ElementWise,add_rmsnorm,AddRmsNormBias,"12,6144;12,6144;6144;6144",1,155,0.8,4.88,5.20,5.02
ElementWise,add_rmsnorm,AddRmsNormBias,"24,6144;24,6144;6144;6144",1,38,0.3,7.10,7.46,7.24
ElementWise,add_rmsnorm,AddRmsNormBias,"18,6144;18,6144;6144;6144",1,4,0.0,6.36,6.51,6.41
ElementWise,cast,Cast,"3,128",3,17222,22.5,1.08,1.30,1.19
ElementWise,cast,Cast,"1,8",3,8285,10.2,1.04,1.23,1.13
ElementWise,cast,Cast,"9,128",2,7426,10.0,1.12,1.35,1.23
ElementWise,cast,Cast,"6,128",2,7268,9.5,1.10,1.31,1.21
ElementWise,cast,Cast,"256,128",6,4160,25.6,5.06,6.15,5.87
ElementWise,cast,Cast,"3,8",2,3695,7.7,1.04,2.10,1.22
ElementWise,cast,Cast,"2,8",2,3496,6.5,1.04,1.87,1.30
ElementWise,cast,Cast,"27,128",1,2926,5.1,1.40,1.73,1.55
ElementWise,cast,Cast,"256,8",6,2700,4.4,1.24,1.62,1.43
ElementWise,cast,Cast,1,11,2317,3.2,1.06,1.39,1.31
ElementWise,cast,Cast,256,6,2156,3.2,1.14,1.48,1.32
ElementWise,cast,Cast,3,4,2079,2.8,1.04,1.36,1.20
ElementWise,cast,Cast,"7,8",1,1406,1.9,1.08,1.33,1.18
ElementWise,cast,Cast,2,4,864,25.2,1.08,29.21,40.67
ElementWise,cast,Cast,6,4,730,13.0,1.08,17.74,1.34
ElementWise,cast,Cast,"21,128",1,624,1.0,1.32,1.57,1.44
ElementWise,cast,Cast,9,2,611,0.8,1.08,1.34,1.20
ElementWise,cast,Cast,4096,6,562,1.3,1.34,2.24,1.76
ElementWise,cast,Cast,"6,8",1,338,0.5,1.10,1.35,1.21
ElementWise,cast,Cast,"15,128",1,316,0.5,1.22,1.45,1.31
ElementWise,cast,Cast,24,1,247,0.4,1.18,1.42,1.29
ElementWise,cast,Cast,"1,154880",7,240,1.5,2.64,6.12,7.43
ElementWise,cast,Cast,8,1,230,0.6,1.04,2.68,1.16
ElementWise,cast,Cast,"32,8",6,228,0.3,1.12,1.30,1.19
ElementWise,cast,Cast,"1,3",3,218,0.3,1.08,1.37,1.21
ElementWise,cast,Cast,"2,154880",4,201,1.5,4.24,7.70,7.98
ElementWise,cast,Cast,"1,1",7,175,0.2,1.12,1.43,1.36
ElementWise,cast,Cast,"114,128",1,160,0.6,3.56,3.78,3.65
ElementWise,cast,Cast,"12,128",1,158,0.2,1.22,1.44,1.30
ElementWise,cast,Cast,"4,8",1,152,0.2,1.06,1.25,1.14
ElementWise,cast,Cast,"114,8",2,150,0.2,1.16,1.56,1.32
ElementWise,cast,Cast,4,3,135,11.3,1.16,83.43,1.42
ElementWise,cast,Cast,"1,2",3,110,0.2,1.48,1.62,1.55
ElementWise,cast,Cast,"3,154880",2,94,0.6,4.08,6.54,5.57
ElementWise,cast,Cast,"3,3",2,94,0.1,1.10,1.30,1.22
ElementWise,cast,Cast,"2,3",2,92,0.1,1.12,1.32,1.24
ElementWise,cast,Cast,114,1,80,0.1,1.56,1.70,1.62
ElementWise,cast,Cast,512,6,76,0.1,1.32,1.61,1.42
ElementWise,cast,Cast,"24,128",1,76,0.1,1.52,1.68,1.59
ElementWise,cast,Cast,5,3,60,0.1,1.10,1.41,1.25
ElementWise,cast,Cast,"6,154880",3,52,0.4,4.44,8.11,8.21
ElementWise,cast,Cast,"4,154880",3,49,0.5,4.66,9.66,8.39
ElementWise,cast,Cast,"3,1",2,47,0.1,1.28,1.44,1.40
ElementWise,cast,Cast,"3,2",2,47,0.1,1.42,1.66,1.57
ElementWise,cast,Cast,"2,1",2,46,0.1,1.30,1.49,1.36
ElementWise,cast,Cast,"2,2",2,46,0.1,1.30,1.48,1.41
ElementWise,cast,Cast,1365,4,40,0.1,1.44,1.80,1.65
ElementWise,cast,Cast,"8,154880",1,39,0.3,5.12,7.08,6.73
ElementWise,cast,Cast,16,1,38,4.6,108.48,120.66,113.44
ElementWise,cast,Cast,"8,3",1,38,0.1,1.12,1.34,1.22
ElementWise,cast,Cast,1824,2,30,0.1,1.24,1.73,1.61
ElementWise,cast,Cast,15,1,26,0.0,1.10,1.40,1.25
ElementWise,cast,Cast,18,1,26,0.0,1.20,1.41,1.30
ElementWise,cast,Cast,21,1,26,0.0,1.14,1.43,1.25
ElementWise,cast,Cast,7,1,24,0.0,1.06,1.32,1.17
ElementWise,cast,Cast,"16,154880",1,19,0.2,9.34,9.76,9.47
ElementWise,cast,Cast,"8,1",1,19,0.0,1.16,1.37,1.27
ElementWise,cast,Cast,"8,2",1,18,0.0,1.32,1.48,1.37
ElementWise,cast,Cast,12,1,17,0.6,1.10,36.88,1.28
ElementWise,cast,Cast,"5,1",3,11,0.0,1.20,1.45,1.43
ElementWise,cast,Cast,"18,128",1,8,0.0,1.58,1.65,1.60
ElementWise,cast,Cast,"5,154880",3,7,0.1,4.86,8.19,8.17
ElementWise,cast,Cast,"6,1",2,5,0.0,1.32,1.54,1.44
ElementWise,cast,Cast,608,1,4,0.0,1.30,1.52,1.42
ElementWise,cast,Cast,"4,1",2,4,0.0,1.16,1.42,1.40
ElementWise,cast,Cast,10,1,4,0.6,119.00,150.94,131.82
ElementWise,cast,Cast,14,1,4,0.6,131.95,146.00,139.08
ElementWise,cast,Cast,"5,3",1,4,0.0,1.24,1.35,1.27
ElementWise,cast,Cast,"5,8",1,4,0.0,1.28,1.42,1.34
ElementWise,cast,Cast,"6,3",1,4,0.0,1.22,1.36,1.29
ElementWise,cast,Cast,"7,154880",1,4,0.0,5.16,6.94,6.05
ElementWise,cast,Cast,"7,3",1,4,0.0,1.20,1.32,1.25
ElementWise,cast,Cast,1813,2,3,0.0,1.92,1.95,1.93
ElementWise,cast,Cast,3621,2,2,0.0,2.28,2.45,2.45
ElementWise,cast,Cast,"10,154880",1,2,0.0,8.68,8.73,8.71
ElementWise,cast,Cast,"12,154880",1,2,0.0,9.06,9.13,9.10
ElementWise,cast,Cast,"14,154880",1,2,0.0,9.26,9.26,9.26
ElementWise,cast,Cast,"4,3",1,2,0.0,1.08,1.23,1.16
ElementWise,cast,Cast,"5,2",1,2,0.0,1.50,1.54,1.52
ElementWise,cast,Cast,"6,2",1,2,0.0,1.36,1.62,1.49
ElementWise,cast,Cast,"7,1",1,2,0.0,1.36,1.39,1.38
ElementWise,cast,Cast,"7,2",1,2,0.0,1.48,1.50,1.49
ElementWise,cast,Cast,"4,2",1,1,0.0,1.56,1.56,1.56
ElementWise,concat,ConcatD,"256,64;256,512;256,128",6,2080,10.1,4.12,4.86,4.50
ElementWise,concat,ConcatD,"3,6144;3,6144",3,218,0.6,2.62,2.90,2.77
ElementWise,concat,ConcatD,"9,6144;9,6144",2,94,0.4,3.66,3.88,3.73
ElementWise,concat,ConcatD,"6,6144;6,6144",2,92,0.3,2.96,3.20,3.18
ElementWise,concat,ConcatD,"114,64;114,512;114,128",1,80,0.3,3.46,3.95,3.71
ElementWise,concat,ConcatD,"256,6144;256,6144",6,72,0.7,8.88,9.86,9.59
ElementWise,concat,ConcatD,"24,6144;24,6144",1,38,0.2,6.08,6.54,6.26
ElementWise,concat,ConcatD,"114,6144;114,6144",2,4,0.0,9.40,10.08,9.48
ElementWise,concat,ConcatD,"15,6144;15,6144",1,4,0.0,4.78,4.91,4.85
ElementWise,concat,ConcatD,"18,6144;18,6144",1,4,0.0,5.24,5.39,5.27
ElementWise,concat,ConcatD,"21,6144;21,6144",1,4,0.0,5.58,5.82,5.68
ElementWise,concat,ConcatD,"12,6144;12,6144",1,2,0.0,4.32,4.39,4.36
ElementWise,memset,MemSet,N/A,11,34506,358.6,5.34,10.39,13.35
ElementWise,muls,Muls,"256,6144",6,2772,24.8,7.78,8.94,8.80
ElementWise,muls,Muls,"114,6144",2,154,1.3,7.74,8.53,8.32
ElementWise,pad,PadV3,"3,256;4;",3,8285,21.8,2.30,2.63,2.48
ElementWise,pad,PadV3,"3,6144;4;",3,8285,150.4,14.96,18.15,16.23
ElementWise,pad,PadV3,"9,256;4;",2,3572,67.0,13.68,18.75,16.24
ElementWise,pad,PadV3,"9,6144;4;",2,3572,70.0,15.78,19.59,17.63
ElementWise,pad,PadV3,"6,256;4;",2,3496,62.8,13.50,17.95,15.77
ElementWise,pad,PadV3,"6,6144;4;",2,3496,63.1,15.30,18.04,16.68
ElementWise,pad,PadV3,"27,256;4;",1,1406,24.8,12.98,17.62,15.36
ElementWise,pad,PadV3,"27,6144;4;",1,1406,31.8,18.68,22.65,20.59
ElementWise,pad,PadV3,"21,256;4;",1,300,6.0,13.54,19.95,16.84
ElementWise,pad,PadV3,"21,6144;4;",1,300,6.4,15.74,21.48,18.55
ElementWise,pad,PadV3,"15,256;4;",1,152,3.1,13.42,20.19,16.88
ElementWise,pad,PadV3,"15,6144;4;",1,152,3.3,15.76,21.62,18.54
ElementWise,pad,PadV3,"18,256;4;",1,4,0.1,13.82,15.09,14.59
ElementWise,pad,PadV3,"18,6144;4;",1,4,0.1,16.10,16.92,16.57
ElementWise,rmsnorm,RmsNorm,"256,2048;2048",6,2080,39.4,10.08,18.93,14.44
ElementWise,rmsnorm,RmsNorm,"3,6144;6144",4,857,3.9,3.50,4.54,3.71
ElementWise,rmsnorm,RmsNorm,"9,6144;6144",2,329,1.9,4.50,5.72,5.26
ElementWise,rmsnorm,RmsNorm,"6,6144;6144",3,328,1.7,4.16,5.30,5.36
ElementWise,rmsnorm,RmsNorm,"1,6144;6144",7,262,0.9,3.14,3.50,3.83
ElementWise,rmsnorm,RmsNorm,"256,6144;6144",6,252,4.0,10.18,15.73,11.02
ElementWise,rmsnorm,RmsNorm,"24,6144;6144",1,114,0.9,4.48,7.68,6.57
ElementWise,rmsnorm,RmsNorm,"2,6144;6144",2,92,0.3,3.42,3.66,3.49
ElementWise,rmsnorm,RmsNorm,"114,2048;2048",1,80,1.1,8.34,14.37,11.40
ElementWise,rmsnorm,RmsNorm,"8,6144;6144",1,38,0.2,5.38,5.66,5.54
ElementWise,rmsnorm,RmsNorm,"1365,6144;6144",4,20,0.8,39.02,40.73,40.99
ElementWise,rmsnorm,RmsNorm,"27,6144;6144",1,19,0.2,9.48,9.88,9.68
ElementWise,rmsnorm,RmsNorm,"21,6144;6144",1,16,0.1,4.30,7.20,6.06
ElementWise,rmsnorm,RmsNorm,"114,6144;6144",2,14,0.2,7.50,11.97,8.66
ElementWise,rmsnorm,RmsNorm,"15,6144;6144",1,14,0.1,4.86,6.19,5.58
ElementWise,rmsnorm,RmsNorm,"18,6144;6144",1,12,0.1,4.26,6.30,5.71
ElementWise,rmsnorm,RmsNorm,"5,6144;6144",3,10,0.0,3.96,4.70,4.95
ElementWise,rmsnorm,RmsNorm,"12,6144;6144",1,7,0.0,5.24,6.05,5.73
ElementWise,rmsnorm,RmsNorm,"4,6144;6144",2,4,0.0,3.88,4.50,4.48
ElementWise,rmsnorm,RmsNorm,"7,6144;6144",1,4,0.0,5.42,5.50,5.46
ElementWise,rmsnorm,RmsNorm,"608,6144;6144",1,2,0.1,30.14,30.27,30.20
ElementWise,rope,_triton_rope_siso,"256,1,128;256,64;256,64",6,2080,23.9,9.74,11.49,10.73
ElementWise,rope,_triton_rope_siso,"256,32,128;256,64;256,64",6,2080,49.4,19.82,23.74,22.13
ElementWise,rope,_triton_rope_siso,"3,1,128;3,64;3,64",3,218,0.5,2.02,2.16,2.06
ElementWise,rope,_triton_rope_siso,"3,32,128;3,64;3,64",3,218,0.9,3.70,3.91,3.75
ElementWise,rope,_triton_rope_siso,"9,1,128;9,64;9,64",2,94,0.3,2.94,3.19,3.13
ElementWise,rope,_triton_rope_siso,"9,32,128;9,64;9,64",2,94,0.5,4.88,5.11,4.96
ElementWise,rope,_triton_rope_siso,"6,1,128;6,64;6,64",2,92,0.2,2.34,2.50,2.54
ElementWise,rope,_triton_rope_siso,"6,32,128;6,64;6,64",2,92,0.4,4.16,4.35,4.29
ElementWise,rope,_triton_rope_siso,"114,1,128;114,64;114,64",1,80,0.8,9.34,10.21,9.59
ElementWise,rope,_triton_rope_siso,"114,32,128;114,64;114,64",1,80,1.1,13.86,14.29,13.97
ElementWise,rope,_triton_rope_siso,"24,1,128;24,64;24,64",1,38,0.2,5.38,5.61,5.47
ElementWise,rope,_triton_rope_siso,"24,32,128;24,64;24,64",1,38,0.3,7.26,7.66,7.39
ElementWise,rope,_triton_rope_siso,"15,1,128;15,64;15,64",1,4,0.0,4.16,4.19,4.17
ElementWise,rope,_triton_rope_siso,"15,32,128;15,64;15,64",1,4,0.0,5.84,5.96,5.91
ElementWise,rope,_triton_rope_siso,"18,1,128;18,64;18,64",1,4,0.0,4.50,4.64,4.59
ElementWise,rope,_triton_rope_siso,"18,32,128;18,64;18,64",1,4,0.0,6.44,6.57,6.49
ElementWise,rope,_triton_rope_siso,"21,1,128;21,64;21,64",1,4,0.0,4.96,5.06,5.02
ElementWise,rope,_triton_rope_siso,"21,32,128;21,64;21,64",1,4,0.0,6.96,7.01,6.98
ElementWise,rope,_triton_rope_siso,"12,1,128;12,64;12,64",1,2,0.0,3.54,3.67,3.60
ElementWise,rope,_triton_rope_siso,"12,32,128;12,64;12,64",1,2,0.0,5.52,5.61,5.56
ElementWise,scatter_update,ScatterNdUpdateAiCore,"225920,128;3,1;3,128",3,6975,93.6,5.52,13.41,11.87
ElementWise,scatter_update,ScatterNdUpdateAiCore,"225920,128;9,1;9,128",2,3008,37.6,6.82,12.51,12.80
ElementWise,scatter_update,ScatterNdUpdateAiCore,"225920,128;6,1;6,128",2,2944,40.8,8.92,13.85,13.58
ElementWise,scatter_update,ScatterNdUpdate,"225920,128;3,1;3,128",3,1745,23.3,11.84,13.37,13.00
ElementWise,scatter_update,ScatterNdUpdate,"214784,128;4096,1;4096,128",3,1280,154.9,97.92,121.05,108.48
ElementWise,scatter_update,ScatterNdUpdateAiCore,"225920,128;27,1;27,128",1,1216,17.2,12.88,14.17,13.51
ElementWise,scatter_update,ScatterNdUpdate,"225920,128;9,1;9,128",2,752,9.4,11.64,12.52,12.93
ElementWise,scatter_update,ScatterNdUpdate,"225920,128;6,1;6,128",2,736,10.2,13.08,13.80,13.61
ElementWise,scatter_update,ScatterNdUpdate,"215168,128;4096,1;4096,128",2,640,76.8,98.40,120.05,109.72
ElementWise,scatter_update,ScatterNdUpdate,"225920,128;27,1;27,128",1,266,3.8,13.52,14.10,13.81
ElementWise,scatter_update,ScatterNdUpdateAiCore,"225920,128;21,1;21,128",1,256,3.6,13.56,14.05,13.79
ElementWise,scatter_update,ScatterNdUpdate,"215040,128;4096,1;4096,128",1,160,18.6,99.60,116.28,108.19
ElementWise,scatter_update,ScatterNdUpdateAiCore,"225920,128;15,1;15,128",1,128,1.8,13.30,14.09,13.66
ElementWise,scatter_update,ScatterNdUpdate,"215040,128;1824,1;1824,128",1,80,4.6,53.12,57.00,55.21
ElementWise,scatter_update,ScatterNdUpdateAiCore,"225920,128;12,1;12,128",1,64,0.9,13.10,13.88,13.50
ElementWise,scatter_update,ScatterNdUpdate,"225920,128;21,1;21,128",1,60,0.8,13.62,14.03,13.81
ElementWise,scatter_update,ScatterNdUpdate,"225920,128;24,1;24,128",1,38,0.5,13.64,14.07,13.79
ElementWise,scatter_update,ScatterNdUpdate,"225920,128;15,1;15,128",1,32,0.4,13.44,13.93,13.70
ElementWise,scatter_update,ScatterNdUpdate,"225920,128;12,1;12,128",1,16,0.2,13.50,13.85,13.70
ElementWise,scatter_update,ScatterNdUpdate,"225920,128;18,1;18,128",1,4,0.1,13.68,13.79,13.71
ElementWise,slice,Slice,"4096,704;2;2",6,6198,33.6,1.44,5.42,3.70
ElementWise,slice,Slice,"256,2624;2;2",6,4160,16.2,2.76,3.89,3.52
ElementWise,slice,Slice,"256,64,256;3;3",6,2080,20.6,8.10,9.91,8.98
ElementWise,slice,Slice,"202752,128;2;2",11,1530,51.7,23.18,33.79,25.30
ElementWise,slice,Slice,"1824,704;2;2",1,238,1.0,2.98,4.03,3.28
ElementWise,slice,Slice,"32,256;2;2",6,228,0.7,2.20,3.10,2.69
ElementWise,slice,Slice,"114,2624;2;2",1,160,0.5,2.76,3.16,2.93
ElementWise,slice,Slice,"114,64,256;3;3",1,80,0.4,4.30,4.80,4.56
ElementWise,swiglu,SwiGlu,"3,1024",3,8394,31.2,2.98,3.72,3.22
ElementWise,swiglu,SwiGlu,"9,1024",2,3619,50.3,3.28,13.89,9.07
ElementWise,swiglu,SwiGlu,"6,1024",2,3542,50.4,3.28,14.22,9.26
ElementWise,swiglu,SwiGlu,"256,4096",6,2772,47.4,12.32,17.12,15.77
ElementWise,swiglu,SwiGlu,"27,1024",1,1425,20.8,6.02,14.57,10.34
ElementWise,swiglu,SwiGlu,"3,6144",3,327,1.4,3.64,4.14,3.77
ElementWise,swiglu,SwiGlu,"21,1024",1,304,4.7,4.74,15.38,10.16
ElementWise,swiglu,SwiGlu,"114,4096",2,154,37.8,13.74,245.64,14.75
ElementWise,swiglu,SwiGlu,"15,1024",1,154,2.4,4.40,15.34,10.00
ElementWise,swiglu,SwiGlu,"9,6144",2,141,0.7,4.24,5.06,4.40
ElementWise,swiglu,SwiGlu,"6,6144",2,138,0.6,3.80,4.62,3.93
ElementWise,swiglu,SwiGlu,"4096,1536",6,108,2.6,22.06,24.43,23.71
ElementWise,swiglu,SwiGlu,"12,1024",1,77,1.6,3.28,20.29,3.54
ElementWise,swiglu,SwiGlu,"27,6144",1,57,0.5,7.42,8.20,7.71
ElementWise,swiglu,SwiGlu,"24,1024",1,38,0.2,4.68,4.89,4.78
ElementWise,swiglu,SwiGlu,"21,6144",1,12,0.1,6.02,6.96,6.52
ElementWise,swiglu,SwiGlu,"1824,1536",2,6,0.1,18.36,20.01,19.22
ElementWise,swiglu,SwiGlu,"15,6144",1,6,0.0,5.26,6.09,5.81
ElementWise,swiglu,SwiGlu,"18,1024",1,4,0.0,4.54,4.59,4.56
ElementWise,swiglu,SwiGlu,"12,6144",1,3,0.0,4.86,5.40,4.97
ElementWise,tensor_move,TensorMove,"256,6144",6,2188,25.9,7.94,11.85,10.18
ElementWise,tensor_move,TensorMove,"4096,1,1,64",6,156,0.9,4.22,5.99,4.61
ElementWise,tensor_move,TensorMove,"2,154880",3,109,1.0,8.72,9.30,9.00
ElementWise,tensor_move,TensorMove,"114,6144",2,86,0.9,8.36,10.12,9.11
ElementWise,tensor_move,TensorMove,"6,154880",2,47,0.4,8.82,9.17,9.21
ElementWise,tensor_move,TensorMove,"4,154880",2,46,0.5,9.74,10.51,9.83
ElementWise,tensor_move,TensorMove,"4096,6144",6,22,1.5,50.86,66.44,67.71
ElementWise,tensor_move,TensorMove,"16,154880",1,19,0.2,12.10,12.33,12.21
ElementWise,tensor_move,TensorMove,"1365,6144",4,10,0.2,14.76,16.33,16.19
ElementWise,tensor_move,TensorMove,"1813,6144",2,3,0.1,35.60,37.09,37.77
ElementWise,tensor_move,TensorMove,"3621,6144",2,2,0.1,57.74,61.23,61.23
ElementWise,tensor_move,TensorMove,"10,154880",1,2,0.0,10.66,10.84,10.75
ElementWise,tensor_move,TensorMove,"12,154880",1,2,0.0,10.98,11.09,11.04
ElementWise,tensor_move,TensorMove,"14,154880",1,2,0.0,11.58,11.58,11.58
ElementWise,tensor_move,TensorMove,"608,6144",1,1,0.0,13.16,13.16,13.16
ElementWise,tensor_move,TensorMove,"8,154880",1,1,0.0,11.38,11.38,11.38
ElementWise,transpose,Transpose,"256,16,1024;3",6,2080,34.0,14.18,16.37,15.66
ElementWise,transpose,Transpose,"64,256,512;3",6,2080,44.7,15.28,21.47,17.35
ElementWise,transpose,Transpose,"4,3,38720;3",4,203,2.4,10.08,11.91,11.06
ElementWise,transpose,Transpose,"4,2,38720;3",2,92,1.2,10.90,13.33,11.96
ElementWise,transpose,Transpose,"114,16,1024;3",1,80,1.2,11.20,14.40,12.77
ElementWise,transpose,Transpose,"64,114,512;3",1,80,1.1,12.00,13.46,12.66
ElementWise,transpose,Transpose,"4,6,38720;3",2,50,0.7,12.54,13.66,13.02
ElementWise,transpose,Transpose,"2,3;2",2,47,0.7,15.20,15.93,15.44
ElementWise,transpose,Transpose,"4,9,38720;3",2,47,0.7,14.98,15.69,15.13
ElementWise,transpose,Transpose,"2,2;2",2,46,0.7,14.58,15.26,15.18
ElementWise,transpose,Transpose,"4,8,38720;3",1,38,0.6,13.70,15.56,14.75
ElementWise,transpose,Transpose,"16,1365,9680;3",4,20,12.8,635.14,640.37,641.43
ElementWise,transpose,Transpose,"4,24,38720;3",1,19,0.4,19.02,20.38,19.79
ElementWise,transpose,Transpose,"2,8;2",1,18,0.3,15.34,16.02,15.67
ElementWise,transpose,Transpose,"16,5,9680;3",2,9,0.1,13.66,15.77,14.84
ElementWise,transpose,Transpose,"4,5,38720;3",1,4,0.1,11.74,12.76,12.23
ElementWise,transpose,Transpose,"4,7,38720;3",1,4,0.1,13.84,14.35,14.09
ElementWise,transpose,Transpose,"16,6,9680;3",1,3,0.0,14.10,14.17,14.12
ElementWise,transpose,Transpose,"16,4,9680;3",1,3,0.1,16.80,18.22,17.10
ElementWise,transpose,Transpose,"16,608,9680;3",1,2,0.5,257.62,261.57,259.60
ElementWise,transpose,Transpose,"2,5;2",1,2,0.0,15.28,15.63,15.46
ElementWise,transpose,Transpose,"2,6;2",1,2,0.0,15.44,15.63,15.54
ElementWise,transpose,Transpose,"2,7;2",1,2,0.0,15.86,16.08,15.97
ElementWise,transpose,Transpose,"4,15,38720;3",1,2,0.0,17.76,17.92,17.84
ElementWise,transpose,Transpose,"4,18,38720;3",1,2,0.0,20.14,20.24,20.19
ElementWise,transpose,Transpose,"4,21,38720;3",1,2,0.0,19.22,19.85,19.54
ElementWise,transpose,Transpose,"4,4,38720;3",1,2,0.0,11.14,11.95,11.54
ElementWise,transpose,Transpose,"2,4;2",1,1,0.0,14.86,14.86,14.86
ElementWise,transpose,Transpose,"4,12,38720;3",1,1,0.0,17.54,17.54,17.54
GEMM,bf16,MatMulV2,"3,6144;128,6144",3,8611,124.5,13.42,14.45,13.86
GEMM,bf16,MatMulV2,"3,6144;32,6144",3,8611,109.5,11.50,12.71,12.23
GEMM,bf16,MatMulV2,"3,6144;256,6144",3,8285,84.7,8.16,10.22,9.32
GEMM,bf16,MatMulV2,"9,6144;128,6144",2,3713,54.2,13.24,14.59,13.97
GEMM,bf16,MatMulV2,"9,6144;32,6144",2,3713,48.9,11.76,13.18,12.73
GEMM,bf16,MatMulV2,"6,6144;128,6144",2,3634,53.0,13.50,14.59,13.99
GEMM,bf16,MatMulV2,"6,6144;32,6144",2,3634,46.9,11.70,12.89,12.67
GEMM,bf16,MatMulV2,"9,6144;256,6144",2,3572,36.0,8.36,10.07,9.48
GEMM,bf16,MatMulV2,"6,6144;256,6144",2,3496,35.1,8.44,10.03,9.44
GEMM,bf16,MatMulV2,"256,6144;256,6144",6,2772,58.2,15.06,21.00,18.81
GEMM,bf16,MatMulV2,"256,6144;128,6144",6,2080,30.3,11.44,14.56,13.11
GEMM,bf16,MatMulV2,"256,6144;32,6144",6,2080,26.2,9.56,12.61,11.20
GEMM,bf16,MatMulV2,"27,6144;128,6144",1,1463,24.2,14.94,16.51,15.77
GEMM,bf16,MatMulV2,"27,6144;32,6144",1,1463,19.5,12.98,13.35,13.15
GEMM,bf16,MatMulV2,"27,6144;256,6144",1,1406,16.2,9.46,11.49,10.59
GEMM,bf16,MatMulV2,"21,6144;128,6144",1,312,5.1,14.98,16.49,15.78
GEMM,bf16,MatMulV2,"21,6144;32,6144",1,312,4.2,12.92,13.36,13.12
GEMM,bf16,MatMulV2,"21,6144;256,6144",1,300,3.4,9.52,11.24,10.48
GEMM,bf16,MatMulV2,"1,6144;38720,6144",3,218,86.7,387.92,397.50,393.09
GEMM,bf16,MatMulV2,"3,12288;6144,12288",3,218,35.3,124.62,161.81,143.41
GEMM,bf16,MatMulV2,"3,6144;6144,6144",3,218,14.8,62.18,67.84,64.35
GEMM,bf16,MatMulV2,"3,6144;38720,6144",4,203,83.4,391.53,410.98,397.93
GEMM,bf16,MatMulV2,"15,6144;128,6144",1,158,2.3,13.62,14.49,14.02
GEMM,bf16,MatMulV2,"15,6144;32,6144",1,158,2.1,12.38,13.13,12.74
GEMM,bf16,MatMulV2,"114,6144;256,6144",2,154,2.9,13.28,18.83,16.94
GEMM,bf16,MatMulV2,"15,6144;256,6144",1,152,1.6,8.72,10.31,9.62
GEMM,bf16,MatMulV2,"9,12288;6144,12288",2,94,16.5,127.78,175.79,153.57
GEMM,bf16,MatMulV2,"9,6144;6144,6144",2,94,8.0,62.30,84.76,73.81
GEMM,bf16,MatMulV2,"2,6144;38720,6144",2,92,38.0,397.07,412.71,406.09
GEMM,bf16,MatMulV2,"6,12288;6144,12288",2,92,15.9,127.24,173.34,151.98
GEMM,bf16,MatMulV2,"6,6144;6144,6144",2,92,6.8,62.14,74.38,68.15
GEMM,bf16,MatMulV2,"114,6144;128,6144",1,80,2.1,20.94,26.17,23.58
GEMM,bf16,MatMulV2,"114,6144;32,6144",1,80,1.1,13.36,13.90,13.62
GEMM,bf16,MatMulV2,"12,6144;128,6144",1,79,1.2,13.72,14.68,14.17
GEMM,bf16,MatMulV2,"12,6144;32,6144",1,79,1.0,12.56,13.15,12.86
GEMM,bf16,MatMulV2,"12,6144;256,6144",1,76,0.8,8.42,10.25,9.44
GEMM,bf16,MatMulV2,"256,12288;6144,12288",6,72,19.6,259.20,272.49,267.12
GEMM,bf16,MatMulV2,"256,6144;6144,6144",6,72,8.9,112.08,123.66,117.71
GEMM,bf16,MatMulV2,"1,6144;9680,6144",4,66,11.8,134.92,178.50,165.29
GEMM,bf16,MatMulV2,"6,6144;38720,6144",2,50,20.8,409.95,416.39,414.61
GEMM,bf16,MatMulV2,"9,6144;38720,6144",2,47,20.4,425.76,433.06,433.12
GEMM,bf16,MatMulV2,"24,12288;6144,12288",1,38,6.6,128.78,173.54,151.19
GEMM,bf16,MatMulV2,"24,6144;128,6144",1,38,0.6,14.48,15.95,15.16
GEMM,bf16,MatMulV2,"24,6144;256,6144",1,38,0.4,10.06,10.71,10.37
GEMM,bf16,MatMulV2,"24,6144;32,6144",1,38,0.5,13.32,13.75,13.53
GEMM,bf16,MatMulV2,"24,6144;6144,6144",1,38,3.9,64.56,103.27,84.12
GEMM,bf16,MatMulV2,"8,6144;38720,6144",1,38,17.2,423.46,452.56,438.00
GEMM,bf16,MatMulV2,"24,6144;38720,6144",1,19,8.9,460.90,467.25,463.68
GEMM,bf16,MatMulV2,"5,6144;9680,6144",2,9,1.6,149.78,181.48,164.58
GEMM,bf16,MatMulV2,"114,12288;6144,12288",2,4,0.8,174.13,191.72,185.39
GEMM,bf16,MatMulV2,"114,6144;6144,6144",2,4,0.4,94.10,102.58,102.12
GEMM,bf16,MatMulV2,"15,12288;6144,12288",1,4,0.7,133.30,184.43,158.23
GEMM,bf16,MatMulV2,"15,6144;6144,6144",1,4,0.4,64.26,100.29,81.93
GEMM,bf16,MatMulV2,"18,12288;6144,12288",1,4,0.7,133.93,175.86,154.72
GEMM,bf16,MatMulV2,"18,6144;128,6144",1,4,0.1,15.14,16.27,15.72
GEMM,bf16,MatMulV2,"18,6144;256,6144",1,4,0.0,10.58,10.62,10.59
GEMM,bf16,MatMulV2,"18,6144;32,6144",1,4,0.1,13.32,13.46,13.38
GEMM,bf16,MatMulV2,"18,6144;6144,6144",1,4,0.4,66.58,101.28,83.68
GEMM,bf16,MatMulV2,"21,12288;6144,12288",1,4,0.7,129.24,174.49,151.81
GEMM,bf16,MatMulV2,"21,6144;6144,6144",1,4,0.4,65.86,102.70,84.29
GEMM,bf16,MatMulV2,"5,6144;38720,6144",1,4,1.8,432.92,461.24,445.81
GEMM,bf16,MatMulV2,"7,6144;38720,6144",1,4,1.8,420.26,444.57,432.40
GEMM,bf16,MatMulV2,"6,6144;9680,6144",1,3,0.6,161.34,183.70,170.70
GEMM,bf16,MatMulV2,"4,6144;9680,6144",1,3,0.5,166.64,181.59,171.02
GEMM,bf16,MatMulV2,"608,6144;9680,6144",1,2,0.6,313.61,318.34,315.98
GEMM,bf16,MatMulV2,"12,12288;6144,12288",1,2,0.4,132.01,176.28,154.14
GEMM,bf16,MatMulV2,"12,6144;6144,6144",1,2,0.2,62.78,92.46,77.62
GEMM,bf16,MatMulV2,"15,6144;38720,6144",1,2,1.0,457.62,480.51,469.06
GEMM,bf16,MatMulV2,"18,6144;38720,6144",1,2,1.0,478.76,480.39,479.57
GEMM,bf16,MatMulV2,"21,6144;38720,6144",1,2,1.0,487.26,488.57,487.91
GEMM,bf16,MatMulV2,"4,6144;38720,6144",1,2,0.9,413.48,427.11,420.30
GEMM,bf16,MatMulV2,"12,6144;38720,6144",1,1,0.4,447.46,447.46,447.46
GEMM,w8a8,QuantBatchMatmulV3,"3,2048;128,128,16,32;4096;4096",3,8720,175.7,18.60,20.15,19.31
GEMM,w8a8,QuantBatchMatmulV3,"3,6144;32,384,16,32;1024;3",3,8394,272.5,15.80,32.46,22.52
GEMM,w8a8,QuantBatchMatmulV3,"3,512;192,32,16,32;6144;3",3,8393,50068.1,12.60,5965.46,141.44
GEMM,w8a8,QuantBatchMatmulV3,"3,4096;192,256,16,32;6144;6144",2,8000,253.9,28.62,31.74,29.97
GEMM,w8a8,QuantBatchMatmulV3,"9,2048;128,128,16,32;4096;4096",2,3760,74.9,17.82,19.92,19.46
GEMM,w8a8,QuantBatchMatmulV3,"6,2048;128,128,16,32;4096;4096",2,3680,73.1,18.14,19.87,19.19
GEMM,w8a8,QuantBatchMatmulV3,"9,512;192,32,16,32;6144;9",2,3619,84.4,16.20,23.31,18.42
GEMM,w8a8,QuantBatchMatmulV3,"9,6144;32,384,16,32;1024;9",2,3619,143.7,20.52,39.71,25.38
GEMM,w8a8,QuantBatchMatmulV3,"6,512;192,32,16,32;6144;6",2,3542,106.1,16.62,29.95,18.12
GEMM,w8a8,QuantBatchMatmulV3,"6,6144;32,384,16,32;1024;6",2,3542,143.0,20.62,40.36,25.53
GEMM,w8a8,QuantBatchMatmulV3,"9,4096;192,256,16,32;6144;6144",1,3520,112.7,29.14,32.01,30.46
GEMM,w8a8,QuantBatchMatmulV3,"6,4096;192,256,16,32;6144;6144",1,3520,112.0,29.32,31.81,30.34
GEMM,w8a8,QuantBatchMatmulV3,"256,2048;192,128,16,32;6144;256",6,2772,108.0,30.94,38.95,34.88
GEMM,w8a8,QuantBatchMatmulV3,"256,6144;128,384,16,32;4096;256",6,2772,7886.0,51.62,2844.87,1057.30
GEMM,w8a8,QuantBatchMatmulV3,"256,2048;128,128,16,32;4096;4096",6,2080,71.2,25.54,34.22,30.66
GEMM,w8a8,QuantBatchMatmulV3,"256,2048;512,128,16,32;16384;16384",6,2080,178.5,52.24,85.84,69.95
GEMM,w8a8,QuantBatchMatmulV3,"256,6144;82,384,16,32;2624;2624",6,2080,72.4,32.24,34.81,34.21
GEMM,w8a8,QuantBatchMatmulV3,"4096,1024;192,64,16,32;6144;6144",6,2080,294.0,136.14,141.35,139.12
GEMM,w8a8,QuantBatchMatmulV3,"27,2048;128,128,16,32;4096;4096",1,1482,30.8,19.04,20.81,19.93
GEMM,w8a8,QuantBatchMatmulV3,"27,4096;192,256,16,32;6144",1,1482,48.9,30.34,32.97,31.59
GEMM,w8a8,QuantBatchMatmulV3,"27,512;192,32,16,32;6144;27",1,1425,415.7,22.34,291.72,157.73
GEMM,w8a8,QuantBatchMatmulV3,"27,6144;32,384,16,32;1024;27",1,1425,44.6,22.68,31.30,26.96
GEMM,w8a8,QuantBatchMatmulV3,"3,4096;192,256,16,32;6144",1,720,23.0,29.16,31.95,30.46
GEMM,w8a8,QuantBatchMatmulV3,"3,3072;192,192,16,32;6144;3",3,327,8.6,23.58,26.22,24.88
GEMM,w8a8,QuantBatchMatmulV3,"3,6144;192,384,16,32;6144;3",3,327,13.1,38.26,40.02,38.99
GEMM,w8a8,QuantBatchMatmulV3,"21,2048;128,128,16,32;4096;4096",1,316,6.5,18.92,20.51,19.70
GEMM,w8a8,QuantBatchMatmulV3,"21,4096;192,256,16,32;6144",1,316,10.3,30.12,32.60,31.30
GEMM,w8a8,QuantBatchMatmulV3,"21,512;192,32,16,32;6144;21",1,304,86.0,17.40,283.01,159.28
GEMM,w8a8,QuantBatchMatmulV3,"21,6144;32,384,16,32;1024;21",1,304,11.9,25.20,39.02,27.32
GEMM,w8a8,QuantBatchMatmulV3,"9,4096;192,256,16,32;6144",1,240,7.9,29.78,33.03,31.16
GEMM,w8a8,QuantBatchMatmulV3,"15,2048;128,128,16,32;4096;4096",1,160,3.3,19.50,20.84,20.19
GEMM,w8a8,QuantBatchMatmulV3,"15,4096;192,256,16,32;6144",1,160,5.4,30.02,33.49,31.62
GEMM,w8a8,QuantBatchMatmulV3,"6,4096;192,256,16,32;6144",1,160,5.1,29.56,31.66,30.54
GEMM,w8a8,QuantBatchMatmulV3,"114,2048;192,128,16,32;6144;114",2,154,4.0,23.10,26.00,24.91
GEMM,w8a8,QuantBatchMatmulV3,"114,6144;128,384,16,32;4096;114",2,154,391.6,31.64,2543.16,683.25
GEMM,w8a8,QuantBatchMatmulV3,"15,512;192,32,16,32;6144;15",1,154,31.4,17.60,203.72,155.30
GEMM,w8a8,QuantBatchMatmulV3,"15,6144;32,384,16,32;1024;15",1,154,10.6,25.78,68.73,27.86
GEMM,w8a8,QuantBatchMatmulV3,"9,3072;192,192,16,32;6144;9",2,141,3.6,24.28,25.43,25.05
GEMM,w8a8,QuantBatchMatmulV3,"9,6144;192,384,16,32;6144;9",2,141,5.8,38.90,41.03,40.05
GEMM,w8a8,QuantBatchMatmulV3,"6,3072;192,192,16,32;6144;6",2,138,3.6,24.30,25.97,26.04
GEMM,w8a8,QuantBatchMatmulV3,"6,6144;192,384,16,32;6144;6",2,138,5.7,38.94,41.39,40.44
GEMM,w8a8,QuantBatchMatmulV3,"4096,6144;48,384,16,32;1536;4096",6,108,16.1,142.46,149.30,146.74
GEMM,w8a8,QuantBatchMatmulV3,"4096,768;192,48,16,32;6144;4096",6,108,16.0,137.68,148.61,143.47
GEMM,w8a8,QuantBatchMatmulV3,"114,2048;128,128,16,32;4096;4096",1,80,1.7,20.08,21.34,20.64
GEMM,w8a8,QuantBatchMatmulV3,"114,2048;512,128,16,32;16384;16384",1,80,3.9,43.32,48.88,46.09
GEMM,w8a8,QuantBatchMatmulV3,"114,6144;82,384,16,32;2624;2624",1,80,2.4,28.14,29.62,28.80
GEMM,w8a8,QuantBatchMatmulV3,"1824,1024;192,64,16,32;6144;6144",1,80,6.0,72.74,75.62,74.06
GEMM,w8a8,QuantBatchMatmulV3,"12,2048;128,128,16,32;4096;4096",1,80,1.6,18.62,20.61,19.65
GEMM,w8a8,QuantBatchMatmulV3,"12,4096;192,256,16,32;6144",1,80,2.6,30.14,32.59,31.16
GEMM,w8a8,QuantBatchMatmulV3,"12,512;192,32,16,32;6144;12",1,77,1.2,12.92,15.21,13.95
GEMM,w8a8,QuantBatchMatmulV3,"12,6144;32,384,16,32;1024;12",1,77,27.6,19.32,358.54,187.91
GEMM,w8a8,QuantBatchMatmulV3,"27,3072;192,192,16,32;6144;27",1,57,1.6,25.50,27.44,26.28
GEMM,w8a8,QuantBatchMatmulV3,"27,6144;192,384,16,32;6144;27",1,57,2.4,39.36,42.67,41.00
GEMM,w8a8,QuantBatchMatmulV3,"24,2048;128,128,16,32;4096;4096",1,38,0.8,20.06,20.49,20.23
GEMM,w8a8,QuantBatchMatmulV3,"24,4096;192,256,16,32;6144",1,38,1.2,30.72,31.38,31.06
GEMM,w8a8,QuantBatchMatmulV3,"24,512;192,32,16,32;6144;24",1,38,0.7,16.40,17.35,16.82
GEMM,w8a8,QuantBatchMatmulV3,"24,6144;32,384,16,32;1024;24",1,38,43.0,56.78,1130.38,104.45
GEMM,w8a8,QuantBatchMatmulV3,"21,3072;192,192,16,32;6144;21",1,12,0.3,23.40,24.77,24.16
GEMM,w8a8,QuantBatchMatmulV3,"21,6144;192,384,16,32;6144;21",1,12,0.5,41.08,42.27,41.44
GEMM,w8a8,QuantBatchMatmulV3,"1824,6144;48,384,16,32;1536;1824",2,6,0.5,79.66,83.51,82.65
GEMM,w8a8,QuantBatchMatmulV3,"1824,768;192,48,16,32;6144;1824",2,6,0.5,84.94,90.68,88.58
GEMM,w8a8,QuantBatchMatmulV3,"15,3072;192,192,16,32;6144;15",1,6,0.1,23.04,24.34,23.61
GEMM,w8a8,QuantBatchMatmulV3,"15,6144;192,384,16,32;6144;15",1,6,0.3,38.12,42.99,40.50
GEMM,w8a8,QuantBatchMatmulV3,"18,2048;128,128,16,32;4096;4096",1,4,0.1,19.64,20.38,20.00
GEMM,w8a8,QuantBatchMatmulV3,"18,4096;192,256,16,32;6144",1,4,0.1,30.32,31.04,30.74
GEMM,w8a8,QuantBatchMatmulV3,"18,512;192,32,16,32;6144;18",1,4,0.1,17.50,17.92,17.66
GEMM,w8a8,QuantBatchMatmulV3,"18,6144;32,384,16,32;1024;18",1,4,3.2,57.50,796.09,105.78
GEMM,w8a8,QuantBatchMatmulV3,"12,3072;192,192,16,32;6144;12",1,3,0.1,25.82,26.71,25.88
GEMM,w8a8,QuantBatchMatmulV3,"12,6144;192,384,16,32;6144;12",1,3,0.1,43.98,45.19,44.40
MoE,MoeTokenPermute,MoeTokenPermute,"256,6144;256,8",6,72,2.3,27.58,31.97,31.26
MoE,MoeTokenPermute,MoeTokenPermute,"114,6144;114,8",2,4,0.1,26.30,28.66,28.56
MoE,MoeTokenPermute,MoeTokenPermute,"2135,1;2135",2,2,0.1,28.32,29.36,29.36
MoE,MoeTokenPermute,MoeTokenPermute,"2135,6144;2135",2,2,0.1,33.38,36.82,36.82
MoE,MoeTokenPermute,MoeTokenPermute,"2201,1;2201",1,2,0.1,29.28,31.11,30.20
MoE,MoeTokenPermute,MoeTokenPermute,"2201,6144;2201",1,2,0.1,31.18,33.72,32.45
MoE,MoeTokenPermute,MoeTokenPermute,"1584,1;1584",1,1,0.0,27.18,27.18,27.18
MoE,MoeTokenPermute,MoeTokenPermute,"1584,6144;1584",1,1,0.0,34.08,34.08,34.08
MoE,MoeTokenPermute,MoeTokenPermute,"1712,1;1712",1,1,0.0,29.80,29.80,29.80
MoE,MoeTokenPermute,MoeTokenPermute,"1712,6144;1712",1,1,0.0,38.70,38.70,38.70
MoE,MoeTokenPermute,MoeTokenPermute,"1876,1;1876",1,1,0.0,34.04,34.04,34.04
MoE,MoeTokenPermute,MoeTokenPermute,"1876,6144;1876",1,1,0.0,37.46,37.46,37.46
MoE,MoeTokenPermute,MoeTokenPermute,"1904,1;1904",1,1,0.0,33.68,33.68,33.68
MoE,MoeTokenPermute,MoeTokenPermute,"1904,6144;1904",1,1,0.0,35.72,35.72,35.72
MoE,MoeTokenPermute,MoeTokenPermute,"1910,1;1910",1,1,0.0,30.76,30.76,30.76
MoE,MoeTokenPermute,MoeTokenPermute,"1910,6144;1910",1,1,0.0,38.08,38.08,38.08
MoE,MoeTokenPermute,MoeTokenPermute,"2097,1;2097",1,1,0.0,33.64,33.64,33.64
MoE,MoeTokenPermute,MoeTokenPermute,"2097,6144;2097",1,1,0.0,43.32,43.32,43.32
MoE,MoeTokenPermute,MoeTokenPermute,"2136,1;2136",1,1,0.0,31.06,31.06,31.06
MoE,MoeTokenPermute,MoeTokenPermute,"2136,6144;2136",1,1,0.0,41.14,41.14,41.14
MoE,MoeTokenPermute,MoeTokenPermute,"2160,1;2160",1,1,0.0,31.88,31.88,31.88
MoE,MoeTokenPermute,MoeTokenPermute,"2160,6144;2160",1,1,0.0,38.68,38.68,38.68
MoE,MoeTokenPermute,MoeTokenPermute,"2174,1;2174",1,1,0.0,32.02,32.02,32.02
MoE,MoeTokenPermute,MoeTokenPermute,"2174,6144;2174",1,1,0.0,37.92,37.92,37.92
MoE,MoeTokenPermute,MoeTokenPermute,"2238,1;2238",1,1,0.0,32.96,32.96,32.96
MoE,MoeTokenPermute,MoeTokenPermute,"2238,6144;2238",1,1,0.0,39.00,39.00,39.00
MoE,MoeTokenPermute,MoeTokenPermute,"2256,1;2256",1,1,0.0,36.18,36.18,36.18
MoE,MoeTokenPermute,MoeTokenPermute,"2256,6144;2256",1,1,0.0,39.12,39.12,39.12
MoE,MoeTokenPermute,MoeTokenPermute,"2299,1;2299",1,1,0.0,33.14,33.14,33.14
MoE,MoeTokenPermute,MoeTokenPermute,"2299,6144;2299",1,1,0.0,37.34,37.34,37.34
MoE,MoeTokenPermute,MoeTokenPermute,"2508,1;2508",1,1,0.0,31.38,31.38,31.38
MoE,MoeTokenPermute,MoeTokenPermute,"2508,6144;2508",1,1,0.0,39.86,39.86,39.86
MoE,MoeTokenPermute,MoeTokenPermute,"2621,1;2621",1,1,0.0,33.66,33.66,33.66
MoE,MoeTokenPermute,MoeTokenPermute,"2621,6144;2621",1,1,0.0,39.88,39.88,39.88
MoE,MoeTokenPermute,MoeTokenPermute,"3126,1;3126",1,1,0.0,37.48,37.48,37.48
MoE,MoeTokenPermute,MoeTokenPermute,"3126,6144;3126",1,1,0.0,47.54,47.54,47.54
MoE,MoeTokenPermute,MoeTokenPermute,"3148,1;3148",1,1,0.0,42.16,42.16,42.16
MoE,MoeTokenPermute,MoeTokenPermute,"3148,6144;3148",1,1,0.0,42.78,42.78,42.78
MoE,MoeTokenPermute,MoeTokenPermute,"1714,1;1714",1,1,0.0,29.08,29.08,29.08
MoE,MoeTokenPermute,MoeTokenPermute,"1714,6144;1714",1,1,0.0,36.46,36.46,36.46
MoE,MoeTokenPermute,MoeTokenPermute,"1730,1;1730",1,1,0.0,30.02,30.02,30.02
MoE,MoeTokenPermute,MoeTokenPermute,"1730,6144;1730",1,1,0.0,37.12,37.12,37.12
MoE,MoeTokenPermute,MoeTokenPermute,"1764,1;1764",1,1,0.0,28.76,28.76,28.76
MoE,MoeTokenPermute,MoeTokenPermute,"1764,6144;1764",1,1,0.0,36.26,36.26,36.26
MoE,MoeTokenPermute,MoeTokenPermute,"1785,1;1785",1,1,0.0,28.98,28.98,28.98
MoE,MoeTokenPermute,MoeTokenPermute,"1785,6144;1785",1,1,0.0,38.36,38.36,38.36
MoE,MoeTokenPermute,MoeTokenPermute,"1806,1;1806",1,1,0.0,29.20,29.20,29.20
MoE,MoeTokenPermute,MoeTokenPermute,"1806,6144;1806",1,1,0.0,36.00,36.00,36.00
MoE,MoeTokenPermute,MoeTokenPermute,"1858,1;1858",1,1,0.0,27.94,27.94,27.94
MoE,MoeTokenPermute,MoeTokenPermute,"1858,6144;1858",1,1,0.0,35.96,35.96,35.96
MoE,MoeTokenPermute,MoeTokenPermute,"1860,1;1860",1,1,0.0,28.32,28.32,28.32
MoE,MoeTokenPermute,MoeTokenPermute,"1860,6144;1860",1,1,0.0,34.06,34.06,34.06
MoE,MoeTokenPermute,MoeTokenPermute,"1868,1;1868",1,1,0.0,27.88,27.88,27.88
MoE,MoeTokenPermute,MoeTokenPermute,"1868,6144;1868",1,1,0.0,35.08,35.08,35.08
MoE,MoeTokenPermute,MoeTokenPermute,"1905,1;1905",1,1,0.0,31.42,31.42,31.42
MoE,MoeTokenPermute,MoeTokenPermute,"1905,6144;1905",1,1,0.0,37.00,37.00,37.00
MoE,MoeTokenPermute,MoeTokenPermute,"2016,1;2016",1,1,0.0,28.94,28.94,28.94
MoE,MoeTokenPermute,MoeTokenPermute,"2016,6144;2016",1,1,0.0,35.46,35.46,35.46
MoE,MoeTokenPermute,MoeTokenPermute,"2117,1;2117",1,1,0.0,31.32,31.32,31.32
MoE,MoeTokenPermute,MoeTokenPermute,"2117,6144;2117",1,1,0.0,37.72,37.72,37.72
MoE,MoeTokenPermute,MoeTokenPermute,"2144,1;2144",1,1,0.0,31.62,31.62,31.62
MoE,MoeTokenPermute,MoeTokenPermute,"2144,6144;2144",1,1,0.0,38.80,38.80,38.80
MoE,MoeTokenPermute,MoeTokenPermute,"2200,1;2200",1,1,0.0,33.36,33.36,33.36
MoE,MoeTokenPermute,MoeTokenPermute,"2200,6144;2200",1,1,0.0,36.26,36.26,36.26
MoE,MoeTokenPermute,MoeTokenPermute,"2214,1;2214",1,1,0.0,33.62,33.62,33.62
MoE,MoeTokenPermute,MoeTokenPermute,"2214,6144;2214",1,1,0.0,40.06,40.06,40.06
MoE,MoeTokenPermute,MoeTokenPermute,"2230,1;2230",1,1,0.0,32.18,32.18,32.18
MoE,MoeTokenPermute,MoeTokenPermute,"2230,6144;2230",1,1,0.0,36.92,36.92,36.92
MoE,MoeTokenPermute,MoeTokenPermute,"2379,1;2379",1,1,0.0,33.40,33.40,33.40
MoE,MoeTokenPermute,MoeTokenPermute,"2379,6144;2379",1,1,0.0,40.42,40.42,40.42
MoE,MoeTokenPermute,MoeTokenPermute,"2461,1;2461",1,1,0.0,30.02,30.02,30.02
MoE,MoeTokenPermute,MoeTokenPermute,"2461,6144;2461",1,1,0.0,36.52,36.52,36.52
MoE,MoeTokenPermute,MoeTokenPermute,"2302,1;2302",1,1,0.0,27.06,27.06,27.06
MoE,MoeTokenPermute,MoeTokenPermute,"2302,6144;2302",1,1,0.0,33.98,33.98,33.98
MoE,MoeTokenPermute,MoeTokenPermute,"2312,1;2312",1,1,0.0,29.40,29.40,29.40
MoE,MoeTokenPermute,MoeTokenPermute,"2312,6144;2312",1,1,0.0,34.22,34.22,34.22
MoE,MoeTokenPermute,MoeTokenPermute,"2409,1;2409",1,1,0.0,29.54,29.54,29.54
MoE,MoeTokenPermute,MoeTokenPermute,"2409,6144;2409",1,1,0.0,34.78,34.78,34.78
MoE,MoeTokenPermute,MoeTokenPermute,"2468,1;2468",1,1,0.0,29.06,29.06,29.06
MoE,MoeTokenPermute,MoeTokenPermute,"2468,6144;2468",1,1,0.0,34.82,34.82,34.82
MoE,MoeTokenPermute,MoeTokenPermute,"1866,1;1866",1,1,0.0,26.00,26.00,26.00
MoE,MoeTokenPermute,MoeTokenPermute,"1866,6144;1866",1,1,0.0,34.20,34.20,34.20
MoE,MoeTokenPermute,MoeTokenPermute,"1888,1;1888",1,1,0.0,29.14,29.14,29.14
MoE,MoeTokenPermute,MoeTokenPermute,"1888,6144;1888",1,1,0.0,34.12,34.12,34.12
MoE,MoeTokenPermute,MoeTokenPermute,"2006,1;2006",1,1,0.0,27.36,27.36,27.36
MoE,MoeTokenPermute,MoeTokenPermute,"2006,6144;2006",1,1,0.0,34.62,34.62,34.62
MoE,MoeTokenPermute,MoeTokenPermute,"2020,1;2020",1,1,0.0,27.88,27.88,27.88
MoE,MoeTokenPermute,MoeTokenPermute,"2020,6144;2020",1,1,0.0,34.56,34.56,34.56
MoE,MoeTokenPermute,MoeTokenPermute,"2074,1;2074",1,1,0.0,27.90,27.90,27.90
MoE,MoeTokenPermute,MoeTokenPermute,"2074,6144;2074",1,1,0.0,32.54,32.54,32.54
MoE,MoeTokenPermute,MoeTokenPermute,"2084,1;2084",1,1,0.0,27.90,27.90,27.90
MoE,MoeTokenPermute,MoeTokenPermute,"2084,6144;2084",1,1,0.0,36.74,36.74,36.74
MoE,MoeTokenPermute,MoeTokenPermute,"2124,1;2124",1,1,0.0,29.10,29.10,29.10
MoE,MoeTokenPermute,MoeTokenPermute,"2124,6144;2124",1,1,0.0,36.08,36.08,36.08
MoE,MoeTokenPermute,MoeTokenPermute,"2215,1;2215",1,1,0.0,28.80,28.80,28.80
MoE,MoeTokenPermute,MoeTokenPermute,"2215,6144;2215",1,1,0.0,33.64,33.64,33.64
MoE,MoeTokenPermute,MoeTokenPermute,"2272,1;2272",1,1,0.0,29.06,29.06,29.06
MoE,MoeTokenPermute,MoeTokenPermute,"2272,6144;2272",1,1,0.0,36.32,36.32,36.32
MoE,MoeTokenPermute,MoeTokenPermute,"2412,1;2412",1,1,0.0,29.90,29.90,29.90
MoE,MoeTokenPermute,MoeTokenPermute,"2412,6144;2412",1,1,0.0,33.72,33.72,33.72
MoE,MoeTokenPermute,MoeTokenPermute,"3192,1;3192",1,1,0.0,32.18,32.18,32.18
MoE,MoeTokenPermute,MoeTokenPermute,"3192,6144;3192",1,1,0.0,39.28,39.28,39.28
MoE,MoeTokenPermute,MoeTokenPermute,"3247,1;3247",1,1,0.0,34.84,34.84,34.84
MoE,MoeTokenPermute,MoeTokenPermute,"3247,6144;3247",1,1,0.0,41.22,41.22,41.22
MoE,MoeTokenPermute,MoeTokenPermute,"704,1;704",1,1,0.0,23.94,23.94,23.94
MoE,MoeTokenPermute,MoeTokenPermute,"704,6144;704",1,1,0.0,26.56,26.56,26.56
MoE,MoeTokenPermute,MoeTokenPermute,"757,1;757",1,1,0.0,24.14,24.14,24.14
MoE,MoeTokenPermute,MoeTokenPermute,"757,6144;757",1,1,0.0,26.12,26.12,26.12
MoE,MoeTokenPermute,MoeTokenPermute,"1977,1;1977",1,1,0.0,28.86,28.86,28.86
MoE,MoeTokenPermute,MoeTokenPermute,"1977,6144;1977",1,1,0.0,33.54,33.54,33.54
MoE,MoeTokenPermute,MoeTokenPermute,"2022,1;2022",1,1,0.0,32.66,32.66,32.66
MoE,MoeTokenPermute,MoeTokenPermute,"2022,6144;2022",1,1,0.0,34.36,34.36,34.36
MoE,MoeTokenPermute,MoeTokenPermute,"2091,1;2091",1,1,0.0,27.24,27.24,27.24
MoE,MoeTokenPermute,MoeTokenPermute,"2091,6144;2091",1,1,0.0,34.92,34.92,34.92
MoE,MoeTokenPermute,MoeTokenPermute,"2095,1;2095",1,1,0.0,28.06,28.06,28.06
MoE,MoeTokenPermute,MoeTokenPermute,"2095,6144;2095",1,1,0.0,36.50,36.50,36.50
MoE,MoeTokenPermute,MoeTokenPermute,"2125,1;2125",1,1,0.0,28.86,28.86,28.86
MoE,MoeTokenPermute,MoeTokenPermute,"2125,6144;2125",1,1,0.0,33.38,33.38,33.38
MoE,MoeTokenPermute,MoeTokenPermute,"2145,1;2145",1,1,0.0,30.44,30.44,30.44
MoE,MoeTokenPermute,MoeTokenPermute,"2145,6144;2145",1,1,0.0,32.18,32.18,32.18
MoE,MoeTokenPermute,MoeTokenPermute,"2161,1;2161",1,1,0.0,27.78,27.78,27.78
MoE,MoeTokenPermute,MoeTokenPermute,"2161,6144;2161",1,1,0.0,36.26,36.26,36.26
MoE,MoeTokenPermute,MoeTokenPermute,"2182,1;2182",1,1,0.0,29.20,29.20,29.20
MoE,MoeTokenPermute,MoeTokenPermute,"2182,6144;2182",1,1,0.0,32.70,32.70,32.70
MoE,MoeTokenPermute,MoeTokenPermute,"2565,1;2565",1,1,0.0,33.04,33.04,33.04
MoE,MoeTokenPermute,MoeTokenPermute,"2565,6144;2565",1,1,0.0,33.94,33.94,33.94
MoE,MoeTokenPermute,MoeTokenPermute,"3524,1;3524",1,1,0.0,33.92,33.92,33.92
MoE,MoeTokenPermute,MoeTokenPermute,"3524,6144;3524",1,1,0.0,40.92,40.92,40.92
MoE,MoeTokenPermute,MoeTokenPermute,"3552,1;3552",1,1,0.0,37.70,37.70,37.70
MoE,MoeTokenPermute,MoeTokenPermute,"3552,6144;3552",1,1,0.0,43.24,43.24,43.24
MoE,MoeTokenPermute,MoeTokenPermute,"3553,1;3553",1,1,0.0,39.72,39.72,39.72
MoE,MoeTokenPermute,MoeTokenPermute,"3553,6144;3553",1,1,0.0,41.98,41.98,41.98
MoE,MoeTokenPermute,MoeTokenPermute,"3586,1;3586",1,1,0.0,37.48,37.48,37.48
MoE,MoeTokenPermute,MoeTokenPermute,"3586,6144;3586",1,1,0.0,43.34,43.34,43.34
MoE,MoeTokenPermute,MoeTokenPermute,"3607,1;3607",1,1,0.0,38.16,38.16,38.16
MoE,MoeTokenPermute,MoeTokenPermute,"3607,6144;3607",1,1,0.0,38.94,38.94,38.94
MoE,MoeTokenPermute,MoeTokenPermute,"3640,1;3640",1,1,0.0,32.66,32.66,32.66
MoE,MoeTokenPermute,MoeTokenPermute,"3640,6144;3640",1,1,0.0,38.70,38.70,38.70
MoE,MoeTokenPermute,MoeTokenPermute,"2069,1;2069",1,1,0.0,36.88,36.88,36.88
MoE,MoeTokenPermute,MoeTokenPermute,"2069,6144;2069",1,1,0.0,34.24,34.24,34.24
MoE,MoeTokenPermute,MoeTokenPermute,"2123,1;2123",1,1,0.0,32.44,32.44,32.44
MoE,MoeTokenPermute,MoeTokenPermute,"2123,6144;2123",1,1,0.0,33.94,33.94,33.94
MoE,MoeTokenPermute,MoeTokenPermute,"2142,1;2142",1,1,0.0,30.34,30.34,30.34
MoE,MoeTokenPermute,MoeTokenPermute,"2142,6144;2142",1,1,0.0,34.48,34.48,34.48
MoE,MoeTokenPermute,MoeTokenPermute,"2153,1;2153",1,1,0.0,32.46,32.46,32.46
MoE,MoeTokenPermute,MoeTokenPermute,"2153,6144;2153",1,1,0.0,34.24,34.24,34.24
MoE,MoeTokenPermute,MoeTokenPermute,"3255,1;3255",1,1,0.0,40.42,40.42,40.42
MoE,MoeTokenPermute,MoeTokenPermute,"3255,6144;3255",1,1,0.0,41.92,41.92,41.92
MoE,MoeTokenPermute,MoeTokenPermute,"3440,1;3440",1,1,0.0,40.46,40.46,40.46
MoE,MoeTokenPermute,MoeTokenPermute,"3440,6144;3440",1,1,0.0,42.94,42.94,42.94
MoE,MoeTokenUnpermute,MoeTokenUnpermute,"2048,6144;2048;256,8",6,72,1.9,22.72,26.76,23.38
MoE,MoeTokenUnpermute,MoeTokenUnpermute,"912,6144;912;114,8",2,4,0.1,18.06,18.85,18.84
MoE,MoeTokenUnpermute,MoeTokenUnpermute,"2135,6144;2135;",2,2,0.1,27.06,29.42,29.42
MoE,MoeTokenUnpermute,MoeTokenUnpermute,"2201,6144;2201;",1,2,0.1,26.46,26.74,26.60
MoE,MoeTokenUnpermute,MoeTokenUnpermute,"1584,6144;1584;",1,1,0.0,24.90,24.90,24.90
MoE,MoeTokenUnpermute,MoeTokenUnpermute,"1712,6144;1712;",1,1,0.0,27.68,27.68,27.68
MoE,MoeTokenUnpermute,MoeTokenUnpermute,"1876,6144;1876;",1,1,0.0,26.52,26.52,26.52
MoE,MoeTokenUnpermute,MoeTokenUnpermute,"1904,6144;1904;",1,1,0.0,27.50,27.50,27.50
MoE,MoeTokenUnpermute,MoeTokenUnpermute,"1910,6144;1910;",1,1,0.0,28.52,28.52,28.52
MoE,MoeTokenUnpermute,MoeTokenUnpermute,"2097,6144;2097;",1,1,0.0,28.40,28.40,28.40
MoE,MoeTokenUnpermute,MoeTokenUnpermute,"2136,6144;2136;",1,1,0.0,38.54,38.54,38.54
MoE,MoeTokenUnpermute,MoeTokenUnpermute,"2160,6144;2160;",1,1,0.0,27.64,27.64,27.64
MoE,MoeTokenUnpermute,MoeTokenUnpermute,"2174,6144;2174;",1,1,0.0,28.18,28.18,28.18
MoE,MoeTokenUnpermute,MoeTokenUnpermute,"2238,6144;2238;",1,1,0.0,30.54,30.54,30.54
MoE,MoeTokenUnpermute,MoeTokenUnpermute,"2256,6144;2256;",1,1,0.0,28.82,28.82,28.82
MoE,MoeTokenUnpermute,MoeTokenUnpermute,"2299,6144;2299;",1,1,0.0,30.42,30.42,30.42
MoE,MoeTokenUnpermute,MoeTokenUnpermute,"2508,6144;2508;",1,1,0.0,29.80,29.80,29.80
MoE,MoeTokenUnpermute,MoeTokenUnpermute,"2621,6144;2621;",1,1,0.0,31.16,31.16,31.16
MoE,MoeTokenUnpermute,MoeTokenUnpermute,"3126,6144;3126;",1,1,0.0,32.22,32.22,32.22
MoE,MoeTokenUnpermute,MoeTokenUnpermute,"3148,6144;3148;",1,1,0.0,32.68,32.68,32.68
MoE,MoeTokenUnpermute,MoeTokenUnpermute,"1714,6144;1714;",1,1,0.0,26.32,26.32,26.32
MoE,MoeTokenUnpermute,MoeTokenUnpermute,"1730,6144;1730;",1,1,0.0,23.54,23.54,23.54
MoE,MoeTokenUnpermute,MoeTokenUnpermute,"1764,6144;1764;",1,1,0.0,26.22,26.22,26.22
MoE,MoeTokenUnpermute,MoeTokenUnpermute,"1785,6144;1785;",1,1,0.0,24.46,24.46,24.46
MoE,MoeTokenUnpermute,MoeTokenUnpermute,"1806,6144;1806;",1,1,0.0,26.88,26.88,26.88
MoE,MoeTokenUnpermute,MoeTokenUnpermute,"1858,6144;1858;",1,1,0.0,25.62,25.62,25.62
MoE,MoeTokenUnpermute,MoeTokenUnpermute,"1860,6144;1860;",1,1,0.0,26.42,26.42,26.42
MoE,MoeTokenUnpermute,MoeTokenUnpermute,"1868,6144;1868;",1,1,0.0,35.26,35.26,35.26
MoE,MoeTokenUnpermute,MoeTokenUnpermute,"1905,6144;1905;",1,1,0.0,26.98,26.98,26.98
MoE,MoeTokenUnpermute,MoeTokenUnpermute,"2016,6144;2016;",1,1,0.0,26.24,26.24,26.24
MoE,MoeTokenUnpermute,MoeTokenUnpermute,"2117,6144;2117;",1,1,0.0,37.58,37.58,37.58
MoE,MoeTokenUnpermute,MoeTokenUnpermute,"2144,6144;2144;",1,1,0.0,27.64,27.64,27.64
MoE,MoeTokenUnpermute,MoeTokenUnpermute,"2200,6144;2200;",1,1,0.0,27.86,27.86,27.86
MoE,MoeTokenUnpermute,MoeTokenUnpermute,"2214,6144;2214;",1,1,0.0,33.64,33.64,33.64
MoE,MoeTokenUnpermute,MoeTokenUnpermute,"2230,6144;2230;",1,1,0.0,26.66,26.66,26.66
MoE,MoeTokenUnpermute,MoeTokenUnpermute,"2379,6144;2379;",1,1,0.0,27.76,27.76,27.76
MoE,MoeTokenUnpermute,MoeTokenUnpermute,"2461,6144;2461;",1,1,0.0,28.98,28.98,28.98
MoE,MoeTokenUnpermute,MoeTokenUnpermute,"2302,6144;2302;",1,1,0.0,27.50,27.50,27.50
MoE,MoeTokenUnpermute,MoeTokenUnpermute,"2312,6144;2312;",1,1,0.0,35.94,35.94,35.94
MoE,MoeTokenUnpermute,MoeTokenUnpermute,"2409,6144;2409;",1,1,0.0,26.84,26.84,26.84
MoE,MoeTokenUnpermute,MoeTokenUnpermute,"2468,6144;2468;",1,1,0.0,26.70,26.70,26.70
MoE,MoeTokenUnpermute,MoeTokenUnpermute,"1866,6144;1866;",1,1,0.0,24.42,24.42,24.42
MoE,MoeTokenUnpermute,MoeTokenUnpermute,"1888,6144;1888;",1,1,0.0,23.84,23.84,23.84
MoE,MoeTokenUnpermute,MoeTokenUnpermute,"2006,6144;2006;",1,1,0.0,25.48,25.48,25.48
MoE,MoeTokenUnpermute,MoeTokenUnpermute,"2020,6144;2020;",1,1,0.0,23.32,23.32,23.32
MoE,MoeTokenUnpermute,MoeTokenUnpermute,"2074,6144;2074;",1,1,0.0,23.78,23.78,23.78
MoE,MoeTokenUnpermute,MoeTokenUnpermute,"2084,6144;2084;",1,1,0.0,31.62,31.62,31.62
MoE,MoeTokenUnpermute,MoeTokenUnpermute,"2124,6144;2124;",1,1,0.0,35.62,35.62,35.62
MoE,MoeTokenUnpermute,MoeTokenUnpermute,"2215,6144;2215;",1,1,0.0,26.12,26.12,26.12
MoE,MoeTokenUnpermute,MoeTokenUnpermute,"2272,6144;2272;",1,1,0.0,25.38,25.38,25.38
MoE,MoeTokenUnpermute,MoeTokenUnpermute,"2412,6144;2412;",1,1,0.0,26.48,26.48,26.48
MoE,MoeTokenUnpermute,MoeTokenUnpermute,"3192,6144;3192;",1,1,0.0,30.58,30.58,30.58
MoE,MoeTokenUnpermute,MoeTokenUnpermute,"3247,6144;3247;",1,1,0.0,31.26,31.26,31.26
MoE,MoeTokenUnpermute,MoeTokenUnpermute,"704,6144;704;",1,1,0.0,18.84,18.84,18.84
MoE,MoeTokenUnpermute,MoeTokenUnpermute,"757,6144;757;",1,1,0.0,20.48,20.48,20.48
MoE,MoeTokenUnpermute,MoeTokenUnpermute,"1977,6144;1977;",1,1,0.0,24.26,24.26,24.26
MoE,MoeTokenUnpermute,MoeTokenUnpermute,"2022,6144;2022;",1,1,0.0,33.86,33.86,33.86
MoE,MoeTokenUnpermute,MoeTokenUnpermute,"2091,6144;2091;",1,1,0.0,25.12,25.12,25.12
MoE,MoeTokenUnpermute,MoeTokenUnpermute,"2095,6144;2095;",1,1,0.0,25.78,25.78,25.78
MoE,MoeTokenUnpermute,MoeTokenUnpermute,"2125,6144;2125;",1,1,0.0,25.78,25.78,25.78
MoE,MoeTokenUnpermute,MoeTokenUnpermute,"2145,6144;2145;",1,1,0.0,26.30,26.30,26.30
MoE,MoeTokenUnpermute,MoeTokenUnpermute,"2161,6144;2161;",1,1,0.0,24.64,24.64,24.64
MoE,MoeTokenUnpermute,MoeTokenUnpermute,"2182,6144;2182;",1,1,0.0,25.28,25.28,25.28
MoE,MoeTokenUnpermute,MoeTokenUnpermute,"2565,6144;2565;",1,1,0.0,27.34,27.34,27.34
MoE,MoeTokenUnpermute,MoeTokenUnpermute,"3524,6144;3524;",1,1,0.1,51.76,51.76,51.76
MoE,MoeTokenUnpermute,MoeTokenUnpermute,"3552,6144;3552;",1,1,0.0,32.04,32.04,32.04
MoE,MoeTokenUnpermute,MoeTokenUnpermute,"3553,6144;3553;",1,1,0.0,31.68,31.68,31.68
MoE,MoeTokenUnpermute,MoeTokenUnpermute,"3586,6144;3586;",1,1,0.0,33.80,33.80,33.80
MoE,MoeTokenUnpermute,MoeTokenUnpermute,"3607,6144;3607;",1,1,0.0,32.36,32.36,32.36
MoE,MoeTokenUnpermute,MoeTokenUnpermute,"3640,6144;3640;",1,1,0.0,33.76,33.76,33.76
MoE,MoeTokenUnpermute,MoeTokenUnpermute,"2069,6144;2069;",1,1,0.0,27.36,27.36,27.36
MoE,MoeTokenUnpermute,MoeTokenUnpermute,"2123,6144;2123;",1,1,0.0,27.22,27.22,27.22
MoE,MoeTokenUnpermute,MoeTokenUnpermute,"2142,6144;2142;",1,1,0.0,30.64,30.64,30.64
MoE,MoeTokenUnpermute,MoeTokenUnpermute,"2153,6144;2153;",1,1,0.0,30.40,30.40,30.40
MoE,MoeTokenUnpermute,MoeTokenUnpermute,"3255,6144;3255;",1,1,0.0,34.92,34.92,34.92
MoE,MoeTokenUnpermute,MoeTokenUnpermute,"3440,6144;3440;",1,1,0.0,34.50,34.50,34.50
MoE,expert_combine,MoeDistributeCombineV2,"6656,6144;1,8;851968;256;1,8;1;;;;;6656;;;;;;;",3,218,20.2,26.76,92.78,50.05
MoE,expert_combine,MoeDistributeCombineV2,"6656,6144;3,8;851968;256;3,8;1;;;;;6656;;;;;;;",2,96,8.3,29.32,86.84,42.12
MoE,expert_combine,MoeDistributeCombineV2,"6656,6144;2,8;851968;256;2,8;1;;;;;6656;;;;;;;",2,92,8.2,28.12,88.88,50.03
MoE,expert_combine,MoeDistributeCombineV2,"6656,6144;6,8;851968;256;6,8;1;;;;;6656;;;;;;;",1,42,3.1,31.34,74.86,51.42
MoE,expert_combine,MoeDistributeCombineV2,"6656,6144;4,8;851968;256;4,8;1;;;;;6656;;;;;;;",1,4,0.3,73.70,80.84,76.91
MoE,expert_combine,MoeDistributeCombineV2,"6656,6144;5,8;851968;256;5,8;1;;;;;6656;;;;;;;",1,4,0.3,44.70,70.52,56.34
MoE,expert_dispatch,MoeDistributeDispatchV2,"1,6144;1,8;;;;;",3,218,42.6,45.28,195.33,63.81
MoE,expert_dispatch,MoeDistributeDispatchV2,"3,6144;3,8;;;;;",2,96,52.8,47.88,550.16,56.69
MoE,expert_dispatch,MoeDistributeDispatchV2,"2,6144;2,8;;;;;",2,92,61.9,51.82,673.16,132.86
MoE,expert_dispatch,MoeDistributeDispatchV2,"6,6144;6,8;;;;;",1,42,55.9,47.44,1331.41,53.52
MoE,expert_dispatch,MoeDistributeDispatchV2,"4,6144;4,8;;;;;",1,4,6.1,54.30,1514.51,779.70
MoE,expert_dispatch,MoeDistributeDispatchV2,"5,6144;5,8;;;;;",1,4,5.8,57.38,1446.44,750.94
MoE,expert_dispatch_combine,DispatchFFNCombine,"1,6144;8,6144,4096;8,2048,6144;1,8;32768;49152;1,8",3,8175,50250.4,203.84,6146.83,265.75
MoE,expert_dispatch_combine,DispatchFFNCombine,"3,6144;8,6144,4096;8,2048,6144;3,8;32768;49152;3,8",2,3600,1113.8,254.01,309.39,278.11
MoE,expert_dispatch_combine,DispatchFFNCombine,"2,6144;8,6144,4096;8,2048,6144;2,8;32768;49152;2,8",2,3450,1127.8,267.37,326.89,286.18
MoE,expert_dispatch_combine,DispatchFFNCombine,"256,6144;8,6144,4096;8,2048,6144;256,8;32768;49152;256,8",6,2700,7830.9,1151.12,2900.34,1696.86
MoE,expert_dispatch_combine,DispatchFFNCombine,"7,6144;8,6144,4096;8,2048,6144;7,8;32768;49152;7,8",1,1425,418.2,254.27,293.44,274.39
MoE,expert_dispatch_combine,DispatchFFNCombine,"6,6144;8,6144,4096;8,2048,6144;6,8;32768;49152;6,8",1,300,89.7,262.83,299.00,281.61
MoE,expert_dispatch_combine,DispatchFFNCombine,"114,6144;8,6144,4096;8,2048,6144;114,8;32768;49152;114,8",2,150,424.6,1071.16,2830.65,2020.88
MoE,expert_dispatch_combine,DispatchFFNCombine,"4,6144;8,6144,4096;8,2048,6144;4,8;32768;49152;4,8",1,150,44.5,259.39,296.40,278.08
MoE,gating_topk,MoeGatingTopK,"1,256;256",3,8394,33.9,3.38,4.04,3.66
MoE,gating_topk,MoeGatingTopK,"3,256;256",2,3696,18.6,4.12,5.04,4.44
MoE,gating_topk,MoeGatingTopK,"2,256;256",2,3542,16.4,3.76,4.63,4.05
MoE,gating_topk,MoeGatingTopK,"256,256;256",6,2772,67.0,19.66,24.17,22.71
MoE,gating_topk,MoeGatingTopK,"7,256;256",1,1425,10.3,5.78,7.24,6.50
MoE,gating_topk,MoeGatingTopK,"6,256;256",1,342,2.2,5.38,6.38,5.78
MoE,gating_topk,MoeGatingTopK,"114,256;256",2,154,3.2,17.28,20.94,19.19
MoE,gating_topk,MoeGatingTopK,"4,256;256",1,154,0.9,4.64,5.79,5.22
MoE,gating_topk,MoeGatingTopK,"5,256;256",1,4,0.0,5.88,6.11,6.02
Other,AddRmsNormDynamicQuant,AddRmsNormDynamicQuant,"3,6144;3,6144;6144;6144",3,218,1.2,5.06,5.43,5.28
Other,AddRmsNormDynamicQuant,AddRmsNormDynamicQuant,"9,6144;9,6144;6144;6144",2,94,0.7,6.76,7.45,6.92
Other,AddRmsNormDynamicQuant,AddRmsNormDynamicQuant,"6,6144;6,6144;6144;6144",2,92,0.6,5.82,6.40,5.95
Other,AddRmsNormDynamicQuant,AddRmsNormDynamicQuant,"27,6144;27,6144;6144;6144",1,38,0.5,12.04,12.90,12.41
Other,AddRmsNormDynamicQuant,AddRmsNormDynamicQuant,"21,6144;21,6144;6144;6144",1,8,0.1,10.28,10.71,10.49
Other,AddRmsNormDynamicQuant,AddRmsNormDynamicQuant,"15,6144;15,6144;6144;6144",1,4,0.0,8.24,8.50,8.36
Other,AddRmsNormDynamicQuant,AddRmsNormDynamicQuant,"12,6144;12,6144;6144;6144",1,2,0.0,7.80,7.84,7.82
Other,AddRmsNormDynamicQuantAiCore,AddRmsNormDynamicQuantAiCore,"3,6144;3,6144;6144;6144",3,109,0.7,5.94,6.44,6.23
Other,AddRmsNormDynamicQuantAiCore,AddRmsNormDynamicQuantAiCore,"9,6144;9,6144;6144;6144",2,47,0.4,7.18,7.66,7.33
Other,AddRmsNormDynamicQuantAiCore,AddRmsNormDynamicQuantAiCore,"6,6144;6,6144;6144;6144",2,46,0.3,6.72,7.24,6.86
Other,AddRmsNormDynamicQuantAiCore,AddRmsNormDynamicQuantAiCore,"27,6144;27,6144;6144;6144",1,19,0.2,11.56,12.14,11.85
Other,AddRmsNormDynamicQuantAiCore,AddRmsNormDynamicQuantAiCore,"21,6144;21,6144;6144;6144",1,4,0.0,10.14,10.46,10.29
Other,AddRmsNormDynamicQuantAiCore,AddRmsNormDynamicQuantAiCore,"15,6144;15,6144;6144;6144",1,2,0.0,8.32,8.66,8.49
Other,AddRmsNormDynamicQuantAiCore,AddRmsNormDynamicQuantAiCore,"12,6144;12,6144;6144;6144",1,1,0.0,8.00,8.00,8.00
Other,ApplyTopKTopPCustom,ApplyTopKTopPCustom,"2,154880;2,154880;2;",4,155,42.2,260.82,272.04,266.34
Other,ApplyTopKTopPCustom,ApplyTopKTopPCustom,"1,154880;1,154880;1;",7,131,43.6,258.04,332.97,262.64
Other,ApplyTopKTopPCustom,ApplyTopKTopPCustom,"6,154880;6,154880;6;",3,50,23.6,288.25,472.27,293.31
Other,ApplyTopKTopPCustom,ApplyTopKTopPCustom,"4,154880;4,154880;4;",3,48,16.1,279.63,335.78,291.25
Other,ApplyTopKTopPCustom,ApplyTopKTopPCustom,"3,154880;3,154880;3;",2,47,16.5,276.27,351.88,279.22
Other,ApplyTopKTopPCustom,ApplyTopKTopPCustom,"8,154880;8,154880;8;",1,20,5.9,278.45,293.17,281.81
Other,ApplyTopKTopPCustom,ApplyTopKTopPCustom,"16,154880;16,154880;16;",1,19,5.7,290.33,301.59,296.72
Other,ApplyTopKTopPCustom,ApplyTopKTopPCustom,"5,154880;5,154880;5;",3,5,10.6,288.59,2123.94,3345.03
Other,ApplyTopKTopPCustom,ApplyTopKTopPCustom,"10,154880;10,154880;10;",1,2,0.7,292.11,332.12,312.12
Other,ApplyTopKTopPCustom,ApplyTopKTopPCustom,"12,154880;12,154880;12;",1,2,0.6,297.83,298.80,298.31
Other,ApplyTopKTopPCustom,ApplyTopKTopPCustom,"14,154880;14,154880;14;",1,2,3.0,297.13,1475.46,886.30
Other,ApplyTopKTopPCustom,ApplyTopKTopPCustom,"7,154880;7,154880;7;",1,2,0.6,281.07,288.91,284.99
Other,ArgMaxV2,ArgMaxV2,"1,154880;",7,393,7.8,18.96,19.75,19.50
Other,ArgMaxV2,ArgMaxV2,"3,154880;",2,141,7.7,53.96,54.73,54.58
Other,ArgMaxV2,ArgMaxV2,"2,154880;",2,138,5.1,36.68,37.28,37.00
Other,ArgMaxV2,ArgMaxV2,"8,154880;",1,57,8.1,140.63,142.28,141.51
Other,ArgMaxV2,ArgMaxV2,"1365,154880;",4,20,14.5,721.56,726.73,726.89
Other,ArgMaxV2,ArgMaxV2,"5,154880;",3,15,1.3,88.30,89.42,88.90
Other,ArgMaxV2,ArgMaxV2,"6,154880;",2,9,1.0,106.56,107.25,106.75
Other,ArgMaxV2,ArgMaxV2,"4,154880;",2,6,0.4,71.24,72.07,71.82
Other,ArgMaxV2,ArgMaxV2,"7,154880;",1,6,0.7,123.10,124.56,123.73
Other,ArgMaxV2,ArgMaxV2,"608,154880;",1,2,0.7,344.43,345.12,344.77
Other,AsStrided,AsStrided,4194304;3;3;1,6,2080,34.6,14.68,16.65,15.87
Other,AsStrided,AsStrided,1867776;3;3;1,1,80,0.9,10.06,11.12,10.59
Other,AscendQuantV2Aicore,AscendQuantV2Aicore,"3,2048;2048;2048",3,109,1.2,10.68,11.40,10.96
Other,AscendQuantV2Aicore,AscendQuantV2Aicore,"3,4096;4096;4096",3,109,1.3,10.44,12.35,11.40
Other,AscendQuantV2Aicore,AscendQuantV2Aicore,"9,2048;2048;2048",2,47,0.6,10.70,11.74,11.13
Other,AscendQuantV2Aicore,AscendQuantV2Aicore,"9,4096;4096;4096",2,47,0.5,9.70,9.94,9.84
Other,AscendQuantV2Aicore,AscendQuantV2Aicore,"6,2048;2048;2048",2,46,0.9,11.74,18.79,14.86
Other,AscendQuantV2Aicore,AscendQuantV2Aicore,"6,4096;4096;4096",2,46,0.5,10.40,10.98,10.55
Other,AscendQuantV2Aicore,AscendQuantV2Aicore,"27,2048;2048;2048",1,19,0.3,17.64,17.87,17.75
Other,AscendQuantV2Aicore,AscendQuantV2Aicore,"27,4096;4096;4096",1,19,0.2,9.30,9.81,9.58
Other,AscendQuantV2Aicore,AscendQuantV2Aicore,"21,2048;2048;2048",1,4,0.0,10.92,11.03,10.97
Other,AscendQuantV2Aicore,AscendQuantV2Aicore,"21,4096;4096;4096",1,4,0.0,9.86,10.04,9.97
Other,AscendQuantV2Aicore,AscendQuantV2Aicore,"15,2048;2048;2048",1,2,0.0,17.46,17.58,17.52
Other,AscendQuantV2Aicore,AscendQuantV2Aicore,"15,4096;4096;4096",1,2,0.0,9.86,9.98,9.92
Other,AscendQuantV2Aicore,AscendQuantV2Aicore,"12,2048;2048;2048",1,1,0.0,18.04,18.04,18.04
Other,AscendQuantV2Aicore,AscendQuantV2Aicore,"12,4096;4096;4096",1,1,0.0,10.70,10.70,10.70
Other,BatchMatMulV2,BatchMatMulV2,"64,256,192;64,192,512",6,2080,75.6,28.58,36.34,32.67
Other,BatchMatMulV2,BatchMatMulV2,"64,114,192;64,192,512",1,80,2.3,20.74,29.12,25.05
Other,BroadcastTo,BroadcastTo,1;1,11,876,1.3,1.24,1.47,1.43
Other,BroadcastTo,BroadcastTo,;1,11,255,0.4,1.10,1.47,1.33
Other,CastAiCore,CastAiCore,3,3,545,0.8,1.08,1.45,1.26
Other,CastAiCore,CastAiCore,9,2,235,0.3,1.10,1.35,1.21
Other,CastAiCore,CastAiCore,6,2,230,0.3,1.08,1.48,1.39
Other,CastAiCore,CastAiCore,"3,128",3,218,0.3,1.20,1.39,1.31
Other,CastAiCore,CastAiCore,"1,8",3,109,0.1,1.10,1.20,1.17
Other,CastAiCore,CastAiCore,27,1,95,0.1,1.20,1.47,1.33
Other,CastAiCore,CastAiCore,"9,128",2,94,0.1,1.28,1.44,1.32
Other,CastAiCore,CastAiCore,"6,128",2,92,0.1,1.22,1.40,1.27
Other,CastAiCore,CastAiCore,"2,8",2,46,0.1,1.12,1.80,1.45
Other,CastAiCore,CastAiCore,"27,128",1,38,0.1,1.68,1.81,1.74
Other,CastAiCore,CastAiCore,21,1,20,0.0,1.28,1.66,1.46
Other,CastAiCore,CastAiCore,"7,8",1,19,0.0,1.14,1.36,1.23
Other,CastAiCore,CastAiCore,15,1,10,0.0,1.12,1.31,1.21
Other,CastAiCore,CastAiCore,"21,128",1,8,0.0,1.56,1.61,1.58
Other,CastAiCore,CastAiCore,12,1,5,0.0,1.40,1.52,1.46
Other,CastAiCore,CastAiCore,"15,128",1,4,0.0,1.42,1.45,1.44
Other,CastAiCore,CastAiCore,"6,8",1,4,0.0,1.22,1.26,1.25
Other,CastAiCore,CastAiCore,"12,128",1,2,0.0,1.52,1.55,1.54
Other,CastAiCore,CastAiCore,"4,8",1,2,0.0,1.22,1.27,1.25
Other,CastAiCore,CastAiCore,"3,8",1,1,0.0,1.20,1.20,1.20
Other,ClipByValueV2,ClipByValueV2,1;;,7,131,0.7,4.54,5.14,4.77
Other,ClipByValueV2,ClipByValueV2,3;;,2,47,0.3,5.02,5.39,5.16
Other,ClipByValueV2,ClipByValueV2,2;;,2,46,0.3,4.94,5.47,5.27
Other,ClipByValueV2,ClipByValueV2,8;;,1,19,0.1,4.84,5.36,5.10
Other,ClipByValueV2,ClipByValueV2,5;;,3,5,0.0,5.10,5.34,5.31
Other,ClipByValueV2,ClipByValueV2,6;;,2,3,0.0,5.26,5.31,5.32
Other,ClipByValueV2,ClipByValueV2,4;;,2,2,0.0,4.98,5.19,5.19
Other,ClipByValueV2,ClipByValueV2,7;;,1,2,0.0,5.18,5.24,5.21
Other,Cumsum,Cumsum,8;1,6,76,5.2,42.02,68.30,57.27
Other,DSARandomUniform,DSARandomUniform,N/A,11,711,17.5,1.10,24.61,15.66
Other,Equal,Equal,"3,1;",3,218,0.4,1.68,1.91,1.82
Other,Equal,Equal,1;,3,109,0.2,1.72,1.99,1.90
Other,Equal,Equal,"9,1;",2,94,0.2,1.74,1.93,1.87
Other,Equal,Equal,"6,1;",2,92,0.2,1.72,1.93,1.87
Other,Equal,Equal,"256,1;",6,72,0.1,1.68,1.98,1.89
Other,Equal,Equal,3;,2,47,0.1,1.98,2.15,2.00
Other,Equal,Equal,2;,2,46,0.1,1.82,2.07,1.88
Other,Equal,Equal,"24,1;",1,38,0.1,1.72,1.94,1.80
Other,Equal,Equal,8;,1,19,0.0,2.08,2.27,2.18
Other,Equal,Equal,"114,1;",2,4,0.0,1.82,1.88,1.87
Other,Equal,Equal,"15,1;",1,4,0.0,1.78,1.84,1.81
Other,Equal,Equal,"18,1;",1,4,0.0,1.84,1.91,1.85
Other,Equal,Equal,"21,1;",1,4,0.0,1.96,2.08,2.00
Other,Equal,Equal,"12,1;",1,2,0.0,1.68,1.80,1.74
Other,Equal,Equal,5;,1,2,0.0,2.14,2.15,2.15
Other,Equal,Equal,6;,1,2,0.0,2.08,2.13,2.10
Other,Equal,Equal,7;,1,2,0.0,2.00,2.08,2.04
Other,Equal,Equal,4;,1,1,0.0,2.02,2.02,2.02
Other,Fill,Fill,1;,11,3646,5.7,1.12,1.57,1.28
Other,Fill,Fill,2;,9,1129,9.4,1.42,8.35,1.55
Other,FloorDiv,FloorDiv,1;,7,131,7.8,33.30,59.65,84.29
Other,FloorDiv,FloorDiv,3;,2,47,2.5,37.64,53.62,50.75
Other,FloorDiv,FloorDiv,2;,2,46,1.9,30.08,41.35,43.51
Other,FloorDiv,FloorDiv,8;,1,19,0.7,30.32,36.64,32.64
Other,FloorDiv,FloorDiv,5;,3,5,0.5,50.96,108.88,121.62
Other,FloorDiv,FloorDiv,6;,2,3,0.3,61.18,88.09,94.43
Other,FloorDiv,FloorDiv,4;,2,2,0.2,62.08,85.18,85.18
Other,FloorDiv,FloorDiv,7;,1,2,0.1,52.48,68.29,60.39
Other,FloorMod,FloorMod,1;1,7,131,0.3,2.16,2.44,2.41
Other,FloorMod,FloorMod,3;3,2,47,0.1,2.28,2.41,2.35
Other,FloorMod,FloorMod,2;2,2,46,0.1,2.18,2.52,2.37
Other,FloorMod,FloorMod,8;8,1,19,0.0,2.24,2.45,2.34
Other,FloorMod,FloorMod,5;5,3,5,0.0,2.36,2.42,2.40
Other,FloorMod,FloorMod,6;6,2,3,0.0,2.44,2.57,2.58
Other,FloorMod,FloorMod,4;4,2,2,0.0,2.74,2.92,2.92
Other,FloorMod,FloorMod,7;7,1,2,0.0,2.32,2.50,2.41
Other,GatherElements,GatherElements,"9,1584;8,1",1,19,0.2,9.72,10.54,10.09
Other,GatherElements,GatherElements,"7,1584;6,1",1,2,0.0,12.18,12.22,12.20
Other,GatherElementsV2,GatherElementsV2,"1,1584;1,1",7,131,0.5,3.10,3.49,3.38
Other,GatherElementsV2,GatherElementsV2,"1,3;1,1",3,109,0.5,3.82,4.33,4.13
Other,GatherElementsV2,GatherElementsV2,"3,1584;3,1",2,47,0.2,3.46,3.67,3.71
Other,GatherElementsV2,GatherElementsV2,"3,3;3,1",2,47,0.2,4.24,4.64,4.61
Other,GatherElementsV2,GatherElementsV2,"2,1584;2,1",2,46,0.2,3.32,3.64,3.47
Other,GatherElementsV2,GatherElementsV2,"2,3;2,1",2,46,0.2,4.20,4.59,4.35
Other,GatherElementsV2,GatherElementsV2,"1,1;1,1",4,22,0.1,4.08,4.32,4.21
Other,GatherElementsV2,GatherElementsV2,"8,3;8,1",1,19,0.1,5.42,5.61,5.50
Other,GatherElementsV2,GatherElementsV2,"5,1584;5,1",3,5,0.0,3.88,4.06,4.00
Other,GatherElementsV2,GatherElementsV2,"5,1;5,1",2,3,0.0,4.82,5.05,4.92
Other,GatherElementsV2,GatherElementsV2,"4,1584;4,1",2,2,0.0,3.98,3.99,3.99
Other,GatherElementsV2,GatherElementsV2,"5,3;5,1",1,2,0.0,4.94,5.01,4.97
Other,GatherElementsV2,GatherElementsV2,"6,3;6,1",1,2,0.0,5.48,5.51,5.50
Other,GatherElementsV2,GatherElementsV2,"7,1584;7,1",1,2,0.0,4.48,4.49,4.49
Other,GatherElementsV2,GatherElementsV2,"7,3;7,1",1,2,0.0,5.26,5.38,5.32
Other,GatherElementsV2,GatherElementsV2,"6,1584;6,1",1,1,0.0,4.60,4.60,4.60
Other,GatherElementsV2,GatherElementsV2,"6,1;6,1",1,1,0.0,5.14,5.14,5.14
Other,GatherElementsV2,GatherElementsV2,"4,1;4,1",1,1,0.0,4.94,4.94,4.94
Other,GatherElementsV2,GatherElementsV2,"4,3;4,1",1,1,0.0,4.86,4.86,4.86
Other,GatherV2,GatherV2,"38720,6144;3;1",3,218,0.6,2.54,2.91,2.73
Other,GatherV2,GatherV2,"9680,6144;4096;1",6,108,16.8,46.34,155.66,157.63
Other,GatherV2,GatherV2,"38720,6144;9;1",2,94,0.4,3.34,3.74,3.54
Other,GatherV2,GatherV2,"38720,6144;6;1",2,92,0.3,2.84,3.38,3.07
Other,GatherV2,GatherV2,"38720,6144;24;1",1,38,0.2,5.64,5.93,5.78
Other,GatherV2,GatherV2,"9680,6144;1824;1",2,6,0.5,55.84,79.31,82.14
Other,GatherV2,GatherV2,"38720,6144;15;1",1,4,0.0,4.42,4.58,4.50
Other,GatherV2,GatherV2,"38720,6144;18;1",1,4,0.0,4.92,5.07,4.96
Other,GatherV2,GatherV2,"38720,6144;21;1",1,4,0.0,5.22,5.54,5.42
Other,GatherV2,GatherV2,"38720,6144;12;1",1,2,0.0,3.96,3.96,3.96
Other,GatherV2AiCore,GatherV2AiCore,"38720,6144;3;1",3,109,0.3,2.58,3.02,2.87
Other,GatherV2AiCore,GatherV2AiCore,"38720,6144;9;1",2,47,0.2,3.48,3.79,3.70
Other,GatherV2AiCore,GatherV2AiCore,"38720,6144;6;1",2,46,0.2,3.16,3.59,3.17
Other,GatherV2AiCore,GatherV2AiCore,"38720,6144;27;1",1,19,0.1,6.42,6.68,6.54
Other,GatherV2AiCore,GatherV2AiCore,"38720,6144;21;1",1,4,0.0,6.18,6.38,6.29
Other,GatherV2AiCore,GatherV2AiCore,"38720,6144;15;1",1,2,0.0,4.64,4.99,4.81
Other,GatherV2AiCore,GatherV2AiCore,"38720,6144;12;1",1,1,0.0,4.42,4.42,4.42
Other,Greater,Greater,1;,3,109,0.4,2.92,3.44,3.27
Other,Greater,Greater,3;,2,47,0.1,2.80,3.11,3.04
Other,Greater,Greater,2;,2,46,0.1,2.94,3.14,3.07
Other,Greater,Greater,8;,1,19,0.1,2.88,3.07,2.96
Other,Greater,Greater,5;,1,2,0.0,3.16,3.18,3.17
Other,Greater,Greater,6;,1,2,0.0,3.04,3.08,3.06
Other,Greater,Greater,7;,1,2,0.0,3.10,3.11,3.10
Other,Greater,Greater,4;,1,1,0.0,2.96,2.96,2.96
Other,GreaterEqual,GreaterEqual,3;,4,421,1.3,2.60,3.13,2.90
Other,GreaterEqual,GreaterEqual,1;,7,262,0.8,2.64,3.03,2.93
Other,GreaterEqual,GreaterEqual,"1,154880;",7,240,2.5,6.98,10.32,8.08
Other,GreaterEqual,GreaterEqual,6;,3,144,0.4,2.34,2.78,2.74
Other,GreaterEqual,GreaterEqual,9;,2,141,0.4,2.32,2.72,2.46
Other,GreaterEqual,GreaterEqual,4096;,6,108,0.5,3.66,4.32,3.90
Other,GreaterEqual,GreaterEqual,"3,154880;",2,94,1.1,8.92,11.31,9.16
Other,GreaterEqual,GreaterEqual,"2,154880;",2,92,1.0,7.60,10.79,8.39
Other,GreaterEqual,GreaterEqual,2;,2,92,0.3,2.76,3.05,2.88
Other,GreaterEqual,GreaterEqual,24;,1,38,0.1,2.26,2.49,2.37
Other,GreaterEqual,GreaterEqual,"8,154880;",1,38,0.5,8.86,12.18,10.12
Other,GreaterEqual,GreaterEqual,8;,1,38,0.1,2.72,3.03,2.86
Other,GreaterEqual,GreaterEqual,27;,1,19,0.1,2.84,3.17,2.98
Other,GreaterEqual,GreaterEqual,1365;,4,10,0.0,3.38,3.62,3.49
Other,GreaterEqual,GreaterEqual,5;,3,10,0.0,2.84,3.03,2.94
Other,GreaterEqual,GreaterEqual,21;,1,8,0.0,2.40,3.06,2.70
Other,GreaterEqual,GreaterEqual,"5,154880;",3,7,0.1,7.80,10.57,9.94
Other,GreaterEqual,GreaterEqual,1824;,2,6,0.0,3.14,3.68,3.62
Other,GreaterEqual,GreaterEqual,15;,1,6,0.0,2.36,2.64,2.47
Other,GreaterEqual,GreaterEqual,"6,154880;",2,5,0.1,11.10,11.55,11.23
Other,GreaterEqual,GreaterEqual,4;,2,4,0.0,3.04,3.25,3.25
Other,GreaterEqual,GreaterEqual,18;,1,4,0.0,2.46,2.60,2.53
Other,GreaterEqual,GreaterEqual,"7,154880;",1,4,0.0,11.48,11.66,11.56
Other,GreaterEqual,GreaterEqual,7;,1,4,0.0,2.82,2.94,2.87
Other,GreaterEqual,GreaterEqual,"4,154880;",2,3,0.1,10.54,23.24,10.56
Other,GreaterEqual,GreaterEqual,12;,1,3,0.0,2.38,2.83,2.54
Other,GreaterEqual,GreaterEqual,608;,1,1,0.0,3.02,3.02,3.02
Other,GroupedMatmul,GroupedMatmul,"6656,2048;8,2048,6144;;8,6144;;;;8;6656",5,456,24.8,19.00,54.33,37.50
Other,GroupedMatmul,GroupedMatmul,"2135,2048;8,2048,6144;;8,6144;;;;8;2135",2,2,0.3,167.32,167.59,167.59
Other,GroupedMatmul,GroupedMatmul,"2201,2048;8,2048,6144;;8,6144;;;;8;2201",1,2,0.3,150.92,155.82,153.37
Other,GroupedMatmul,GroupedMatmul,"1584,2048;8,2048,6144;;8,6144;;;;8;1584",1,1,0.1,141.08,141.08,141.08
Other,GroupedMatmul,GroupedMatmul,"1712,2048;8,2048,6144;;8,6144;;;;8;1712",1,1,0.2,151.48,151.48,151.48
Other,GroupedMatmul,GroupedMatmul,"1876,2048;8,2048,6144;;8,6144;;;;8;1876",1,1,0.1,136.10,136.10,136.10
Other,GroupedMatmul,GroupedMatmul,"1904,2048;8,2048,6144;;8,6144;;;;8;1904",1,1,0.1,132.98,132.98,132.98
Other,GroupedMatmul,GroupedMatmul,"1910,2048;8,2048,6144;;8,6144;;;;8;1910",1,1,0.2,171.06,171.06,171.06
Other,GroupedMatmul,GroupedMatmul,"2097,2048;8,2048,6144;;8,6144;;;;8;2097",1,1,0.2,162.04,162.04,162.04
Other,GroupedMatmul,GroupedMatmul,"2136,2048;8,2048,6144;;8,6144;;;;8;2136",1,1,0.2,172.72,172.72,172.72
Other,GroupedMatmul,GroupedMatmul,"2160,2048;8,2048,6144;;8,6144;;;;8;2160",1,1,0.2,172.92,172.92,172.92
Other,GroupedMatmul,GroupedMatmul,"2174,2048;8,2048,6144;;8,6144;;;;8;2174",1,1,0.2,150.38,150.38,150.38
Other,GroupedMatmul,GroupedMatmul,"2238,2048;8,2048,6144;;8,6144;;;;8;2238",1,1,0.2,179.54,179.54,179.54
Other,GroupedMatmul,GroupedMatmul,"2256,2048;8,2048,6144;;8,6144;;;;8;2256",1,1,0.2,170.14,170.14,170.14
Other,GroupedMatmul,GroupedMatmul,"2299,2048;8,2048,6144;;8,6144;;;;8;2299",1,1,0.2,182.34,182.34,182.34
Other,GroupedMatmul,GroupedMatmul,"2508,2048;8,2048,6144;;8,6144;;;;8;2508",1,1,0.2,189.92,189.92,189.92
Other,GroupedMatmul,GroupedMatmul,"2621,2048;8,2048,6144;;8,6144;;;;8;2621",1,1,0.2,196.66,196.66,196.66
Other,GroupedMatmul,GroupedMatmul,"3126,2048;8,2048,6144;;8,6144;;;;8;3126",1,1,0.2,197.44,197.44,197.44
Other,GroupedMatmul,GroupedMatmul,"3148,2048;8,2048,6144;;8,6144;;;;8;3148",1,1,0.2,203.95,203.95,203.95
Other,GroupedMatmul,GroupedMatmul,"1714,2048;8,2048,6144;;8,6144;;;;8;1714",1,1,0.2,160.70,160.70,160.70
Other,GroupedMatmul,GroupedMatmul,"1730,2048;8,2048,6144;;8,6144;;;;8;1730",1,1,0.2,157.96,157.96,157.96
Other,GroupedMatmul,GroupedMatmul,"1764,2048;8,2048,6144;;8,6144;;;;8;1764",1,1,0.2,169.48,169.48,169.48
Other,GroupedMatmul,GroupedMatmul,"1785,2048;8,2048,6144;;8,6144;;;;8;1785",1,1,0.2,157.90,157.90,157.90
Other,GroupedMatmul,GroupedMatmul,"1806,2048;8,2048,6144;;8,6144;;;;8;1806",1,1,0.2,162.46,162.46,162.46
Other,GroupedMatmul,GroupedMatmul,"1858,2048;8,2048,6144;;8,6144;;;;8;1858",1,1,0.2,164.38,164.38,164.38
Other,GroupedMatmul,GroupedMatmul,"1860,2048;8,2048,6144;;8,6144;;;;8;1860",1,1,0.2,170.86,170.86,170.86
Other,GroupedMatmul,GroupedMatmul,"1868,2048;8,2048,6144;;8,6144;;;;8;1868",1,1,0.2,167.12,167.12,167.12
Other,GroupedMatmul,GroupedMatmul,"1905,2048;8,2048,6144;;8,6144;;;;8;1905",1,1,0.2,157.56,157.56,157.56
Other,GroupedMatmul,GroupedMatmul,"2016,2048;8,2048,6144;;8,6144;;;;8;2016",1,1,0.2,162.86,162.86,162.86
Other,GroupedMatmul,GroupedMatmul,"2117,2048;8,2048,6144;;8,6144;;;;8;2117",1,1,0.2,165.10,165.10,165.10
Other,GroupedMatmul,GroupedMatmul,"2144,2048;8,2048,6144;;8,6144;;;;8;2144",1,1,0.2,175.12,175.12,175.12
Other,GroupedMatmul,GroupedMatmul,"2200,2048;8,2048,6144;;8,6144;;;;8;2200",1,1,0.2,169.86,169.86,169.86
Other,GroupedMatmul,GroupedMatmul,"2214,2048;8,2048,6144;;8,6144;;;;8;2214",1,1,0.2,167.50,167.50,167.50
Other,GroupedMatmul,GroupedMatmul,"2230,2048;8,2048,6144;;8,6144;;;;8;2230",1,1,0.2,153.40,153.40,153.40
Other,GroupedMatmul,GroupedMatmul,"2379,2048;8,2048,6144;;8,6144;;;;8;2379",1,1,0.2,176.96,176.96,176.96
Other,GroupedMatmul,GroupedMatmul,"2461,2048;8,2048,6144;;8,6144;;;;8;2461",1,1,0.2,173.42,173.42,173.42
Other,GroupedMatmul,GroupedMatmul,"2302,2048;8,2048,6144;;8,6144;;;;8;2302",1,1,0.2,170.72,170.72,170.72
Other,GroupedMatmul,GroupedMatmul,"2312,2048;8,2048,6144;;8,6144;;;;8;2312",1,1,0.2,187.32,187.32,187.32
Other,GroupedMatmul,GroupedMatmul,"2409,2048;8,2048,6144;;8,6144;;;;8;2409",1,1,0.2,182.06,182.06,182.06
Other,GroupedMatmul,GroupedMatmul,"2468,2048;8,2048,6144;;8,6144;;;;8;2468",1,1,0.2,175.74,175.74,175.74
Other,GroupedMatmul,GroupedMatmul,"1866,2048;8,2048,6144;;8,6144;;;;8;1866",1,1,0.2,163.72,163.72,163.72
Other,GroupedMatmul,GroupedMatmul,"1888,2048;8,2048,6144;;8,6144;;;;8;1888",1,1,0.2,166.81,166.81,166.81
Other,GroupedMatmul,GroupedMatmul,"2006,2048;8,2048,6144;;8,6144;;;;8;2006",1,1,0.2,165.66,165.66,165.66
Other,GroupedMatmul,GroupedMatmul,"2020,2048;8,2048,6144;;8,6144;;;;8;2020",1,1,0.2,173.22,173.22,173.22
Other,GroupedMatmul,GroupedMatmul,"2074,2048;8,2048,6144;;8,6144;;;;8;2074",1,1,0.2,157.14,157.14,157.14
Other,GroupedMatmul,GroupedMatmul,"2084,2048;8,2048,6144;;8,6144;;;;8;2084",1,1,0.2,161.44,161.44,161.44
Other,GroupedMatmul,GroupedMatmul,"2124,2048;8,2048,6144;;8,6144;;;;8;2124",1,1,0.2,184.72,184.72,184.72
Other,GroupedMatmul,GroupedMatmul,"2215,2048;8,2048,6144;;8,6144;;;;8;2215",1,1,0.2,164.44,164.44,164.44
Other,GroupedMatmul,GroupedMatmul,"2272,2048;8,2048,6144;;8,6144;;;;8;2272",1,1,0.2,173.88,173.88,173.88
Other,GroupedMatmul,GroupedMatmul,"2412,2048;8,2048,6144;;8,6144;;;;8;2412",1,1,0.2,183.54,183.54,183.54
Other,GroupedMatmul,GroupedMatmul,"3192,2048;8,2048,6144;;8,6144;;;;8;3192",1,1,0.2,196.74,196.74,196.74
Other,GroupedMatmul,GroupedMatmul,"3247,2048;8,2048,6144;;8,6144;;;;8;3247",1,1,0.2,209.62,209.62,209.62
Other,GroupedMatmul,GroupedMatmul,"704,2048;8,2048,6144;;8,6144;;;;8;704",1,1,0.1,98.88,98.88,98.88
Other,GroupedMatmul,GroupedMatmul,"757,2048;8,2048,6144;;8,6144;;;;8;757",1,1,0.1,97.74,97.74,97.74
Other,GroupedMatmul,GroupedMatmul,"1977,2048;8,2048,6144;;8,6144;;;;8;1977",1,1,0.2,170.82,170.82,170.82
Other,GroupedMatmul,GroupedMatmul,"2022,2048;8,2048,6144;;8,6144;;;;8;2022",1,1,0.2,163.12,163.12,163.12
Other,GroupedMatmul,GroupedMatmul,"2091,2048;8,2048,6144;;8,6144;;;;8;2091",1,1,0.2,162.44,162.44,162.44
Other,GroupedMatmul,GroupedMatmul,"2095,2048;8,2048,6144;;8,6144;;;;8;2095",1,1,0.2,162.40,162.40,162.40
Other,GroupedMatmul,GroupedMatmul,"2125,2048;8,2048,6144;;8,6144;;;;8;2125",1,1,0.2,167.58,167.58,167.58
Other,GroupedMatmul,GroupedMatmul,"2145,2048;8,2048,6144;;8,6144;;;;8;2145",1,1,0.2,167.08,167.08,167.08
Other,GroupedMatmul,GroupedMatmul,"2161,2048;8,2048,6144;;8,6144;;;;8;2161",1,1,0.2,164.66,164.66,164.66
Other,GroupedMatmul,GroupedMatmul,"2182,2048;8,2048,6144;;8,6144;;;;8;2182",1,1,0.2,163.66,163.66,163.66
Other,GroupedMatmul,GroupedMatmul,"2565,2048;8,2048,6144;;8,6144;;;;8;2565",1,1,0.2,170.96,170.96,170.96
Other,GroupedMatmul,GroupedMatmul,"3524,2048;8,2048,6144;;8,6144;;;;8;3524",1,1,0.2,217.26,217.26,217.26
Other,GroupedMatmul,GroupedMatmul,"3552,2048;8,2048,6144;;8,6144;;;;8;3552",1,1,0.2,211.94,211.94,211.94
Other,GroupedMatmul,GroupedMatmul,"3553,2048;8,2048,6144;;8,6144;;;;8;3553",1,1,0.2,206.36,206.36,206.36
Other,GroupedMatmul,GroupedMatmul,"3586,2048;8,2048,6144;;8,6144;;;;8;3586",1,1,0.2,208.88,208.88,208.88
Other,GroupedMatmul,GroupedMatmul,"3607,2048;8,2048,6144;;8,6144;;;;8;3607",1,1,0.2,209.23,209.23,209.23
Other,GroupedMatmul,GroupedMatmul,"3640,2048;8,2048,6144;;8,6144;;;;8;3640",1,1,0.2,212.94,212.94,212.94
Other,GroupedMatmul,GroupedMatmul,"2069,2048;8,2048,6144;;8,6144;;;;8;2069",1,1,0.2,155.02,155.02,155.02
Other,GroupedMatmul,GroupedMatmul,"2123,2048;8,2048,6144;;8,6144;;;;8;2123",1,1,0.2,166.58,166.58,166.58
Other,GroupedMatmul,GroupedMatmul,"2142,2048;8,2048,6144;;8,6144;;;;8;2142",1,1,0.2,160.94,160.94,160.94
Other,GroupedMatmul,GroupedMatmul,"2153,2048;8,2048,6144;;8,6144;;;;8;2153",1,1,0.2,166.86,166.86,166.86
Other,GroupedMatmul,GroupedMatmul,"3255,2048;8,2048,6144;;8,6144;;;;8;3255",1,1,0.2,213.36,213.36,213.36
Other,GroupedMatmul,GroupedMatmul,"3440,2048;8,2048,6144;;8,6144;;;;8;3440",1,1,0.2,226.38,226.38,226.38
Other,GroupedMatmulSwigluQuant,GroupedMatmulSwigluQuant,"6656,6144;8,128,384,16,32;8,4096;6656;8",5,456,54.9,42.92,120.35,90.68
Other,GroupedMatmulSwigluQuant,GroupedMatmulSwigluQuant,"2135,6144;8,128,384,16,32;8,4096;2135;8",2,2,0.8,363.11,393.26,393.26
Other,GroupedMatmulSwigluQuant,GroupedMatmulSwigluQuant,"2201,6144;8,128,384,16,32;8,4096;2201;8",1,2,0.8,397.39,405.73,401.56
Other,GroupedMatmulSwigluQuant,GroupedMatmulSwigluQuant,"1584,6144;8,128,384,16,32;8,4096;1584;8",1,1,0.4,367.85,367.85,367.85
Other,GroupedMatmulSwigluQuant,GroupedMatmulSwigluQuant,"1712,6144;8,128,384,16,32;8,4096;1712;8",1,1,0.4,373.79,373.79,373.79
Other,GroupedMatmulSwigluQuant,GroupedMatmulSwigluQuant,"1876,6144;8,128,384,16,32;8,4096;1876;8",1,1,0.3,300.70,300.70,300.70
Other,GroupedMatmulSwigluQuant,GroupedMatmulSwigluQuant,"1904,6144;8,128,384,16,32;8,4096;1904;8",1,1,0.3,346.61,346.61,346.61
Other,GroupedMatmulSwigluQuant,GroupedMatmulSwigluQuant,"1910,6144;8,128,384,16,32;8,4096;1910;8",1,1,0.4,383.29,383.29,383.29
Other,GroupedMatmulSwigluQuant,GroupedMatmulSwigluQuant,"2097,6144;8,128,384,16,32;8,4096;2097;8",1,1,0.4,360.09,360.09,360.09
Other,GroupedMatmulSwigluQuant,GroupedMatmulSwigluQuant,"2136,6144;8,128,384,16,32;8,4096;2136;8",1,1,0.4,440.61,440.61,440.61
Other,GroupedMatmulSwigluQuant,GroupedMatmulSwigluQuant,"2160,6144;8,128,384,16,32;8,4096;2160;8",1,1,0.4,431.65,431.65,431.65
Other,GroupedMatmulSwigluQuant,GroupedMatmulSwigluQuant,"2174,6144;8,128,384,16,32;8,4096;2174;8",1,1,0.4,414.65,414.65,414.65
Other,GroupedMatmulSwigluQuant,GroupedMatmulSwigluQuant,"2238,6144;8,128,384,16,32;8,4096;2238;8",1,1,0.5,470.63,470.63,470.63
Other,GroupedMatmulSwigluQuant,GroupedMatmulSwigluQuant,"2256,6144;8,128,384,16,32;8,4096;2256;8",1,1,0.5,455.21,455.21,455.21
Other,GroupedMatmulSwigluQuant,GroupedMatmulSwigluQuant,"2299,6144;8,128,384,16,32;8,4096;2299;8",1,1,0.5,468.67,468.67,468.67
Other,GroupedMatmulSwigluQuant,GroupedMatmulSwigluQuant,"2508,6144;8,128,384,16,32;8,4096;2508;8",1,1,0.5,484.75,484.75,484.75
Other,GroupedMatmulSwigluQuant,GroupedMatmulSwigluQuant,"2621,6144;8,128,384,16,32;8,4096;2621;8",1,1,0.5,512.29,512.29,512.29
Other,GroupedMatmulSwigluQuant,GroupedMatmulSwigluQuant,"3126,6144;8,128,384,16,32;8,4096;3126;8",1,1,0.5,510.19,510.19,510.19
Other,GroupedMatmulSwigluQuant,GroupedMatmulSwigluQuant,"3148,6144;8,128,384,16,32;8,4096;3148;8",1,1,0.5,462.25,462.25,462.25
Other,GroupedMatmulSwigluQuant,GroupedMatmulSwigluQuant,"1714,6144;8,128,384,16,32;8,4096;1714;8",1,1,0.4,382.27,382.27,382.27
Other,GroupedMatmulSwigluQuant,GroupedMatmulSwigluQuant,"1730,6144;8,128,384,16,32;8,4096;1730;8",1,1,0.4,393.41,393.41,393.41
Other,GroupedMatmulSwigluQuant,GroupedMatmulSwigluQuant,"1764,6144;8,128,384,16,32;8,4096;1764;8",1,1,0.4,404.85,404.85,404.85
Other,GroupedMatmulSwigluQuant,GroupedMatmulSwigluQuant,"1785,6144;8,128,384,16,32;8,4096;1785;8",1,1,0.3,317.26,317.26,317.26
Other,GroupedMatmulSwigluQuant,GroupedMatmulSwigluQuant,"1806,6144;8,128,384,16,32;8,4096;1806;8",1,1,0.4,405.33,405.33,405.33
Other,GroupedMatmulSwigluQuant,GroupedMatmulSwigluQuant,"1858,6144;8,128,384,16,32;8,4096;1858;8",1,1,0.4,398.85,398.85,398.85
Other,GroupedMatmulSwigluQuant,GroupedMatmulSwigluQuant,"1860,6144;8,128,384,16,32;8,4096;1860;8",1,1,0.4,401.81,401.81,401.81
Other,GroupedMatmulSwigluQuant,GroupedMatmulSwigluQuant,"1868,6144;8,128,384,16,32;8,4096;1868;8",1,1,0.4,401.01,401.01,401.01
Other,GroupedMatmulSwigluQuant,GroupedMatmulSwigluQuant,"1905,6144;8,128,384,16,32;8,4096;1905;8",1,1,0.4,405.13,405.13,405.13
Other,GroupedMatmulSwigluQuant,GroupedMatmulSwigluQuant,"2016,6144;8,128,384,16,32;8,4096;2016;8",1,1,0.4,414.29,414.29,414.29
Other,GroupedMatmulSwigluQuant,GroupedMatmulSwigluQuant,"2117,6144;8,128,384,16,32;8,4096;2117;8",1,1,0.4,414.39,414.39,414.39
Other,GroupedMatmulSwigluQuant,GroupedMatmulSwigluQuant,"2144,6144;8,128,384,16,32;8,4096;2144;8",1,1,0.4,446.03,446.03,446.03
Other,GroupedMatmulSwigluQuant,GroupedMatmulSwigluQuant,"2200,6144;8,128,384,16,32;8,4096;2200;8",1,1,0.4,425.39,425.39,425.39
Other,GroupedMatmulSwigluQuant,GroupedMatmulSwigluQuant,"2214,6144;8,128,384,16,32;8,4096;2214;8",1,1,0.4,445.11,445.11,445.11
Other,GroupedMatmulSwigluQuant,GroupedMatmulSwigluQuant,"2230,6144;8,128,384,16,32;8,4096;2230;8",1,1,0.4,389.19,389.19,389.19
Other,GroupedMatmulSwigluQuant,GroupedMatmulSwigluQuant,"2379,6144;8,128,384,16,32;8,4096;2379;8",1,1,0.5,463.39,463.39,463.39
Other,GroupedMatmulSwigluQuant,GroupedMatmulSwigluQuant,"2461,6144;8,128,384,16,32;8,4096;2461;8",1,1,0.4,422.41,422.41,422.41
Other,GroupedMatmulSwigluQuant,GroupedMatmulSwigluQuant,"2302,6144;8,128,384,16,32;8,4096;2302;8",1,1,0.4,428.17,428.17,428.17
Other,GroupedMatmulSwigluQuant,GroupedMatmulSwigluQuant,"2312,6144;8,128,384,16,32;8,4096;2312;8",1,1,0.5,464.61,464.61,464.61
Other,GroupedMatmulSwigluQuant,GroupedMatmulSwigluQuant,"2409,6144;8,128,384,16,32;8,4096;2409;8",1,1,0.5,468.43,468.43,468.43
Other,GroupedMatmulSwigluQuant,GroupedMatmulSwigluQuant,"2468,6144;8,128,384,16,32;8,4096;2468;8",1,1,0.4,438.93,438.93,438.93
Other,GroupedMatmulSwigluQuant,GroupedMatmulSwigluQuant,"1866,6144;8,128,384,16,32;8,4096;1866;8",1,1,0.3,347.89,347.89,347.89
Other,GroupedMatmulSwigluQuant,GroupedMatmulSwigluQuant,"1888,6144;8,128,384,16,32;8,4096;1888;8",1,1,0.4,416.89,416.89,416.89
Other,GroupedMatmulSwigluQuant,GroupedMatmulSwigluQuant,"2006,6144;8,128,384,16,32;8,4096;2006;8",1,1,0.4,363.69,363.69,363.69
Other,GroupedMatmulSwigluQuant,GroupedMatmulSwigluQuant,"2020,6144;8,128,384,16,32;8,4096;2020;8",1,1,0.4,364.79,364.79,364.79
Other,GroupedMatmulSwigluQuant,GroupedMatmulSwigluQuant,"2074,6144;8,128,384,16,32;8,4096;2074;8",1,1,0.3,339.87,339.87,339.87
Other,GroupedMatmulSwigluQuant,GroupedMatmulSwigluQuant,"2084,6144;8,128,384,16,32;8,4096;2084;8",1,1,0.4,413.71,413.71,413.71
Other,GroupedMatmulSwigluQuant,GroupedMatmulSwigluQuant,"2124,6144;8,128,384,16,32;8,4096;2124;8",1,1,0.4,379.29,379.29,379.29
Other,GroupedMatmulSwigluQuant,GroupedMatmulSwigluQuant,"2215,6144;8,128,384,16,32;8,4096;2215;8",1,1,0.5,459.33,459.33,459.33
Other,GroupedMatmulSwigluQuant,GroupedMatmulSwigluQuant,"2272,6144;8,128,384,16,32;8,4096;2272;8",1,1,0.4,387.47,387.47,387.47
Other,GroupedMatmulSwigluQuant,GroupedMatmulSwigluQuant,"2412,6144;8,128,384,16,32;8,4096;2412;8",1,1,0.5,452.29,452.29,452.29
Other,GroupedMatmulSwigluQuant,GroupedMatmulSwigluQuant,"3192,6144;8,128,384,16,32;8,4096;3192;8",1,1,0.5,535.23,535.23,535.23
Other,GroupedMatmulSwigluQuant,GroupedMatmulSwigluQuant,"3247,6144;8,128,384,16,32;8,4096;3247;8",1,1,0.5,531.51,531.51,531.51
Other,GroupedMatmulSwigluQuant,GroupedMatmulSwigluQuant,"704,6144;8,128,384,16,32;8,4096;704;8",1,1,0.2,225.24,225.24,225.24
Other,GroupedMatmulSwigluQuant,GroupedMatmulSwigluQuant,"757,6144;8,128,384,16,32;8,4096;757;8",1,1,0.2,232.48,232.48,232.48
Other,GroupedMatmulSwigluQuant,GroupedMatmulSwigluQuant,"1977,6144;8,128,384,16,32;8,4096;1977;8",1,1,0.4,442.39,442.39,442.39
Other,GroupedMatmulSwigluQuant,GroupedMatmulSwigluQuant,"2022,6144;8,128,384,16,32;8,4096;2022;8",1,1,0.4,397.45,397.45,397.45
Other,GroupedMatmulSwigluQuant,GroupedMatmulSwigluQuant,"2091,6144;8,128,384,16,32;8,4096;2091;8",1,1,0.4,397.89,397.89,397.89
Other,GroupedMatmulSwigluQuant,GroupedMatmulSwigluQuant,"2095,6144;8,128,384,16,32;8,4096;2095;8",1,1,0.4,397.39,397.39,397.39
Other,GroupedMatmulSwigluQuant,GroupedMatmulSwigluQuant,"2125,6144;8,128,384,16,32;8,4096;2125;8",1,1,0.4,421.85,421.85,421.85
Other,GroupedMatmulSwigluQuant,GroupedMatmulSwigluQuant,"2145,6144;8,128,384,16,32;8,4096;2145;8",1,1,0.4,436.63,436.63,436.63
Other,GroupedMatmulSwigluQuant,GroupedMatmulSwigluQuant,"2161,6144;8,128,384,16,32;8,4096;2161;8",1,1,0.4,427.25,427.25,427.25
Other,GroupedMatmulSwigluQuant,GroupedMatmulSwigluQuant,"2182,6144;8,128,384,16,32;8,4096;2182;8",1,1,0.4,385.65,385.65,385.65
Other,GroupedMatmulSwigluQuant,GroupedMatmulSwigluQuant,"2565,6144;8,128,384,16,32;8,4096;2565;8",1,1,0.5,516.55,516.55,516.55
Other,GroupedMatmulSwigluQuant,GroupedMatmulSwigluQuant,"3524,6144;8,128,384,16,32;8,4096;3524;8",1,1,0.5,536.21,536.21,536.21
Other,GroupedMatmulSwigluQuant,GroupedMatmulSwigluQuant,"3552,6144;8,128,384,16,32;8,4096;3552;8",1,1,0.5,525.97,525.97,525.97
Other,GroupedMatmulSwigluQuant,GroupedMatmulSwigluQuant,"3553,6144;8,128,384,16,32;8,4096;3553;8",1,1,0.5,522.95,522.95,522.95
Other,GroupedMatmulSwigluQuant,GroupedMatmulSwigluQuant,"3586,6144;8,128,384,16,32;8,4096;3586;8",1,1,0.6,573.95,573.95,573.95
Other,GroupedMatmulSwigluQuant,GroupedMatmulSwigluQuant,"3607,6144;8,128,384,16,32;8,4096;3607;8",1,1,0.6,552.19,552.19,552.19
Other,GroupedMatmulSwigluQuant,GroupedMatmulSwigluQuant,"3640,6144;8,128,384,16,32;8,4096;3640;8",1,1,0.5,549.73,549.73,549.73
Other,GroupedMatmulSwigluQuant,GroupedMatmulSwigluQuant,"2069,6144;8,128,384,16,32;8,4096;2069;8",1,1,0.4,374.75,374.75,374.75
Other,GroupedMatmulSwigluQuant,GroupedMatmulSwigluQuant,"2123,6144;8,128,384,16,32;8,4096;2123;8",1,1,0.4,408.61,408.61,408.61
Other,GroupedMatmulSwigluQuant,GroupedMatmulSwigluQuant,"2142,6144;8,128,384,16,32;8,4096;2142;8",1,1,0.5,456.53,456.53,456.53
Other,GroupedMatmulSwigluQuant,GroupedMatmulSwigluQuant,"2153,6144;8,128,384,16,32;8,4096;2153;8",1,1,0.4,428.35,428.35,428.35
Other,GroupedMatmulSwigluQuant,GroupedMatmulSwigluQuant,"3255,6144;8,128,384,16,32;8,4096;3255;8",1,1,0.6,565.89,565.89,565.89
Other,GroupedMatmulSwigluQuant,GroupedMatmulSwigluQuant,"3440,6144;8,128,384,16,32;8,4096;3440;8",1,1,0.7,661.02,661.02,661.02
Other,HistogramV2,HistogramV2,"256,8;;",6,72,1.4,18.38,20.00,19.51
Other,HistogramV2,HistogramV2,"114,8;;",2,4,0.1,18.24,19.60,19.59
Other,Index,Index,"202752,64;1;2;3",3,654,5.7,6.76,8.65,7.65
Other,Index,Index,"3,6144;1;2;1",3,327,3.0,7.04,9.21,8.21
Other,Index,Index,340;1;1;3,3,327,3.0,6.72,9.13,8.01
Other,Index,Index,"202752,64;1;2;9",2,282,2.5,6.66,8.78,7.71
Other,Index,Index,"202752,64;1;2;6",2,276,2.4,6.80,8.72,7.75
Other,Index,Index,272;1;1;1,3,218,2.2,8.74,9.98,9.42
Other,Index,Index,"3,6144;1;2;3",3,218,2.2,9.26,10.03,9.66
Other,Index,Index,2;1;1;2,4,156,1.3,6.76,8.41,7.96
Other,Index,Index,"202752,64;1;2;4096",6,156,6.6,39.46,42.20,40.87
Other,Index,Index,340;1;1;9,2,141,1.3,6.26,9.01,7.95
Other,Index,Index,"9,6144;1;2;3",2,141,1.3,7.20,9.47,8.66
Other,Index,Index,340;1;1;6,2,138,1.3,6.58,9.29,8.07
Other,Index,Index,"6,6144;1;2;2",2,138,1.2,7.10,8.98,8.79
Other,Index,Index,1;1;1;1,3,110,1.1,8.58,9.65,8.98
Other,Index,Index,"3,154880;1;2;1",3,109,1.3,11.16,11.81,11.32
Other,Index,Index,"3,154880;1;2;2",3,109,1.7,15.16,15.68,15.28
Other,Index,Index,3;1;1;2,3,109,1.1,9.60,10.17,10.02
Other,Index,Index,272;1;1;3,2,94,0.9,8.84,9.39,9.36
Other,Index,Index,"9,6144;1;2;9",2,94,1.1,10.20,12.06,11.52
Other,Index,Index,272;1;1;2,2,92,0.8,8.70,9.14,9.30
Other,Index,Index,"6,6144;1;2;6",2,92,1.0,10.00,10.81,10.36
Other,Index,Index,"4096,6144;1;2;1",4,84,0.8,7.24,9.40,9.00
Other,Index,Index,"202752,64;1;2;24",1,76,0.8,7.54,10.09,8.72
Other,Index,Index,"24,6144;1;2;8",1,57,0.6,9.42,10.64,9.87
Other,Index,Index,340;1;1;24,1,57,0.5,6.40,9.12,7.89
Other,Index,Index,6;1;1;6,2,49,0.4,5.62,8.18,7.57
Other,Index,Index,3;1;1;3,2,47,0.4,7.84,8.77,8.77
Other,Index,Index,"9,154880;1;2;3",2,47,0.9,18.74,19.43,18.92
Other,Index,Index,"9,154880;1;2;6",2,47,1.5,30.68,31.48,30.73
Other,Index,Index,9;1;1;6,2,47,0.5,9.68,10.20,9.90
Other,Index,Index,4;1;1;4,2,47,0.4,7.02,8.14,7.71
Other,Index,Index,"6,154880;1;2;2",2,46,0.7,14.40,15.08,14.86
Other,Index,Index,"6,154880;1;2;4",2,46,1.0,22.12,22.57,22.60
Other,Index,Index,6;1;1;4,2,46,0.4,9.16,9.67,9.79
Other,Index,Index,4096;1;1;1,4,44,0.4,8.30,9.35,8.91
Other,Index,Index,"202752,64;1;2;27",1,38,0.4,8.22,11.38,9.46
Other,Index,Index,"27,6144;1;2;24",1,38,0.7,15.80,18.55,17.09
Other,Index,Index,272;1;1;8,1,38,0.4,9.34,9.87,9.62
Other,Index,Index,"4096,6144;1;2;1365",4,30,1.7,32.86,56.92,51.72
Other,Index,Index,"24,154880;1;2;16",1,19,1.3,67.80,69.07,68.38
Other,Index,Index,"24,154880;1;2;8",1,19,0.7,37.58,38.32,38.02
Other,Index,Index,24;1;1;16,1,19,0.2,9.78,10.08,9.92
Other,Index,Index,8;1;1;8,1,19,0.2,5.88,9.52,7.56
Other,Index,Index,16;1;1;16,1,18,0.2,7.60,8.58,7.88
Other,Index,Index,"202752,64;1;2;21",1,16,0.2,6.96,9.85,8.48
Other,Index,Index,"4096,6144;1;2;5",2,12,0.1,7.54,9.47,8.91
Other,Index,Index,"202752,64;1;2;15",1,12,0.1,6.82,8.42,7.43
Other,Index,Index,4096;1;1;1365,4,10,0.1,12.86,13.53,13.67
Other,Index,Index,"202752,64;1;2;18",1,8,0.1,6.48,9.28,7.56
Other,Index,Index,4096;1;1;5,2,6,0.1,8.24,10.02,9.05
Other,Index,Index,"202752,64;1;2;1824",1,6,0.2,39.46,40.94,40.29
Other,Index,Index,"15,6144;1;2;5",1,6,0.1,8.30,10.11,8.78
Other,Index,Index,"18,6144;1;2;6",1,6,0.1,8.50,9.67,8.98
Other,Index,Index,"202752,64;1;2;12",1,6,0.1,5.98,8.57,7.40
Other,Index,Index,"21,6144;1;2;7",1,6,0.1,9.72,10.17,9.85
Other,Index,Index,340;1;1;15,1,6,0.1,6.58,8.73,7.87
Other,Index,Index,340;1;1;18,1,6,0.1,7.24,8.99,8.18
Other,Index,Index,340;1;1;21,1,6,0.1,5.44,8.49,7.31
Other,Index,Index,"4096,6144;1;2;6",1,4,0.0,9.20,10.32,9.86
Other,Index,Index,"1824,6144;1;2;1",1,4,0.0,8.34,9.70,9.22
Other,Index,Index,"4096,6144;1;2;4",1,4,0.0,8.82,9.32,9.09
Other,Index,Index,"15,6144;1;2;15",1,4,0.1,13.02,16.23,13.96
Other,Index,Index,"21,6144;1;2;18",1,4,0.1,14.04,15.38,14.72
Other,Index,Index,"21,6144;1;2;21",1,4,0.1,14.80,16.85,15.79
Other,Index,Index,272;1;1;5,1,4,0.0,9.44,9.76,9.52
Other,Index,Index,272;1;1;6,1,4,0.0,9.44,9.94,9.71
Other,Index,Index,272;1;1;7,1,4,0.0,9.42,9.82,9.61
Other,Index,Index,"1824,6144;1;2;608",1,3,0.1,27.68,32.43,31.19
Other,Index,Index,"12,6144;1;2;4",1,3,0.0,7.86,8.73,8.49
Other,Index,Index,340;1;1;12,1,3,0.0,5.48,8.16,7.31
Other,Index,Index,4096;1;1;6,1,2,0.0,9.20,9.31,9.25
Other,Index,Index,4096;1;1;4,1,2,0.0,8.30,11.40,9.85
Other,Index,Index,10;1;1;10,1,2,0.0,6.14,6.73,6.44
Other,Index,Index,"12,6144;1;2;12",1,2,0.0,12.22,13.23,12.73
Other,Index,Index,12;1;1;12,1,2,0.0,5.52,7.36,6.44
Other,Index,Index,14;1;1;14,1,2,0.0,6.12,7.80,6.96
Other,Index,Index,"15,154880;1;2;10",1,2,0.1,46.02,46.16,46.09
Other,Index,Index,"15,154880;1;2;5",1,2,0.1,26.72,26.91,26.81
Other,Index,Index,15;1;1;10,1,2,0.0,9.88,10.11,10.00
Other,Index,Index,"18,154880;1;2;12",1,2,0.1,53.42,53.71,53.56
Other,Index,Index,"18,154880;1;2;6",1,2,0.1,30.80,30.84,30.82
Other,Index,Index,18;1;1;12,1,2,0.0,10.12,10.19,10.15
Other,Index,Index,"21,154880;1;2;14",1,2,0.1,59.94,60.33,60.13
Other,Index,Index,"21,154880;1;2;7",1,2,0.1,34.02,34.26,34.14
Other,Index,Index,21;1;1;14,1,2,0.0,10.28,10.28,10.28
Other,Index,Index,272;1;1;4,1,2,0.0,9.28,9.73,9.50
Other,Index,Index,5;1;1;5,1,2,0.0,8.56,8.77,8.66
Other,Index,Index,7;1;1;7,1,2,0.0,8.74,8.90,8.82
Other,Index,Index,4096;1;1;608,1,1,0.0,11.96,11.96,11.96
Other,Index,Index,"12,154880;1;2;4",1,1,0.0,23.20,23.20,23.20
Other,Index,Index,"12,154880;1;2;8",1,1,0.0,38.22,38.22,38.22
Other,Index,Index,12;1;1;8,1,1,0.0,10.38,10.38,10.38
Other,IndexFill,IndexFill,"1,3;;",3,109,2.6,21.04,23.96,22.57
Other,IndexFill,IndexFill,"3,3;;",2,47,1.2,23.32,25.34,25.02
Other,IndexFill,IndexFill,"2,3;;",2,46,1.0,20.10,22.59,23.47
Other,IndexFill,IndexFill,"8,3;;",1,19,0.5,23.02,26.89,25.30
Other,IndexFill,IndexFill,"1,1;1;",4,17,0.5,28.86,31.05,30.70
Other,IndexFill,IndexFill,"1,1;;",4,5,0.2,27.84,30.24,31.47
Other,IndexFill,IndexFill,"5,1;1;",2,3,0.1,28.38,29.88,30.15
Other,IndexFill,IndexFill,"5,3;;",1,2,0.1,24.60,25.07,24.84
Other,IndexFill,IndexFill,"6,3;;",1,2,0.1,24.72,25.57,25.14
Other,IndexFill,IndexFill,"7,3;;",1,2,0.1,25.44,26.27,25.86
Other,IndexFill,IndexFill,"6,1;1;",1,1,0.0,32.62,32.62,32.62
Other,IndexFill,IndexFill,"4,1;1;",1,1,0.0,28.08,28.08,28.08
Other,IndexFill,IndexFill,"4,3;;",1,1,0.0,28.88,28.88,28.88
Other,IndexPutV2,IndexPutV2,272;1;1;1;1,3,109,1.0,8.34,9.19,8.96
Other,IndexPutV2,IndexPutV2,272;3;1;1;3,2,47,0.4,8.88,9.14,9.30
Other,IndexPutV2,IndexPutV2,272;2;1;1;2,2,46,0.4,9.40,9.62,9.59
Other,IndexPutV2,IndexPutV2,4096;1;1;1;1,4,22,0.2,8.54,9.62,9.15
Other,IndexPutV2,IndexPutV2,272;8;1;1;8,1,19,0.2,9.36,9.63,9.48
Other,IndexPutV2,IndexPutV2,4096;5;1;1;5,2,3,0.0,9.02,9.30,9.14
Other,IndexPutV2,IndexPutV2,272;5;1;1;5,1,2,0.0,9.44,9.50,9.47
Other,IndexPutV2,IndexPutV2,272;6;1;1;6,1,2,0.0,9.40,9.50,9.45
Other,IndexPutV2,IndexPutV2,272;7;1;1;7,1,2,0.0,9.48,9.53,9.50
Other,IndexPutV2,IndexPutV2,4096;6;1;1;6,1,1,0.0,8.44,8.44,8.44
Other,IndexPutV2,IndexPutV2,4096;4;1;1;4,1,1,0.0,9.34,9.34,9.34
Other,IndexPutV2,IndexPutV2,272;4;1;1;4,1,1,0.0,9.58,9.58,9.58
Other,InterleaveRope,InterleaveRope,"256,64,1,64;256,1,1,64;256,1,1,64",6,2080,48.9,21.40,23.51,23.06
Other,InterleaveRope,InterleaveRope,"114,64,1,64;114,1,1,64;114,1,1,64",1,80,1.5,16.90,18.74,17.82
Other,KvRmsNormRopeCache,KvRmsNormRopeCache,"256,1,1,576;512;256,1,1,64;256,1,1,64;256;1678,128,1,64;1678,128,1,512;;;;;",3,1280,19.2,13.48,15.00,14.11
Other,KvRmsNormRopeCache,KvRmsNormRopeCache,"256,1,1,576;512;256,1,1,64;256,1,1,64;256;1681,128,1,64;1681,128,1,512;;;;;",2,640,9.6,13.36,14.92,13.85
Other,KvRmsNormRopeCache,KvRmsNormRopeCache,"256,1,1,576;512;256,1,1,64;256,1,1,64;256;1680,128,1,64;1680,128,1,512;;;;;",1,160,2.5,13.92,15.33,14.35
Other,KvRmsNormRopeCache,KvRmsNormRopeCache,"114,1,1,576;512;114,1,1,64;114,1,1,64;114;1680,128,1,64;1680,128,1,512;;;;;",1,80,1.1,12.02,13.41,12.38
Other,LayerNormV3,LayerNormV3,"3,128;128;128",3,8611,45.9,4.24,5.33,4.63
Other,LayerNormV3,LayerNormV3,"9,128;128;128",2,3713,27.6,6.02,7.42,6.71
Other,LayerNormV3,LayerNormV3,"6,128;128;128",2,3634,23.4,5.22,6.43,5.76
Other,LayerNormV3,LayerNormV3,"256,128;128;128",6,2080,44.4,16.46,21.33,19.12
Other,LayerNormV3,LayerNormV3,"27,128;128;128",1,1463,21.6,12.54,14.77,13.58
Other,LayerNormV3,LayerNormV3,"21,128;128;128",1,312,3.7,9.58,11.74,10.62
Other,LayerNormV3,LayerNormV3,"15,128;128;128",1,158,1.5,7.54,9.35,8.66
Other,LayerNormV3,LayerNormV3,"114,128;128;128",1,80,1.6,15.54,19.68,17.55
Other,LayerNormV3,LayerNormV3,"12,128;128;128",1,79,0.7,6.82,8.38,7.70
Other,LayerNormV3,LayerNormV3,"24,128;128;128",1,38,0.5,11.86,12.76,12.34
Other,LayerNormV3,LayerNormV3,"18,128;128;128",1,4,0.0,8.86,9.22,8.98
Other,LayerNormV3WithImplMode,LayerNormV3WithImplMode,"3,128;128;128",3,109,0.7,5.96,6.72,6.53
Other,LayerNormV3WithImplMode,LayerNormV3WithImplMode,"9,128;128;128",2,47,0.4,7.42,8.14,7.78
Other,LayerNormV3WithImplMode,LayerNormV3WithImplMode,"6,128;128;128",2,46,0.3,6.46,7.16,7.05
Other,LayerNormV3WithImplMode,LayerNormV3WithImplMode,"27,128;128;128",1,19,0.3,13.42,14.26,13.83
Other,LayerNormV3WithImplMode,LayerNormV3WithImplMode,"21,128;128;128",1,4,0.0,11.18,11.39,11.29
Other,LayerNormV3WithImplMode,LayerNormV3WithImplMode,"15,128;128;128",1,2,0.0,8.66,8.90,8.78
Other,LayerNormV3WithImplMode,LayerNormV3WithImplMode,"12,128;128;128",1,1,0.0,8.40,8.40,8.40
Other,Less,Less,3;,3,218,0.6,2.20,2.56,2.38
Other,Less,Less,"1,3;",3,109,0.3,2.52,2.74,2.67
Other,Less,Less,4096;,6,108,0.5,3.94,4.30,4.11
Other,Less,Less,9;,2,94,0.2,2.24,2.54,2.41
Other,Less,Less,6;,2,92,0.2,2.24,2.60,2.46
Other,Less,Less,"3,3;",2,47,0.1,2.70,2.89,2.92
Other,Less,Less,"2,3;",2,46,0.1,2.60,2.90,2.83
Other,Less,Less,24;,1,38,0.1,2.24,2.57,2.40
Other,Less,Less,"1,1;",4,22,0.1,3.16,3.32,3.24
Other,Less,Less,"8,3;",1,19,0.1,2.62,2.83,2.72
Other,Less,Less,1824;,2,6,0.0,3.28,3.45,3.33
Other,Less,Less,15;,1,4,0.0,2.26,2.62,2.42
Other,Less,Less,18;,1,4,0.0,2.34,2.56,2.46
Other,Less,Less,21;,1,4,0.0,2.30,2.54,2.41
Other,Less,Less,"5,1;",2,3,0.0,2.92,3.06,2.94
Other,Less,Less,12;,1,2,0.0,2.34,2.53,2.43
Other,Less,Less,"5,3;",1,2,0.0,2.68,2.71,2.70
Other,Less,Less,"6,3;",1,2,0.0,2.86,3.03,2.94
Other,Less,Less,"7,3;",1,2,0.0,2.74,2.78,2.76
Other,Less,Less,"6,1;",1,1,0.0,2.82,2.82,2.82
Other,Less,Less,"4,1;",1,1,0.0,3.32,3.32,3.32
Other,Less,Less,"4,3;",1,1,0.0,2.64,2.64,2.64
Other,LessAiCore,LessAiCore,3;,3,109,0.3,2.50,2.97,2.71
Other,LessAiCore,LessAiCore,9;,2,47,0.1,2.48,2.75,2.71
Other,LessAiCore,LessAiCore,6;,2,46,0.1,2.46,3.00,3.04
Other,LessAiCore,LessAiCore,27;,1,19,0.1,2.56,2.83,2.63
Other,LessAiCore,LessAiCore,21;,1,4,0.0,2.92,3.17,3.04
Other,LessAiCore,LessAiCore,15;,1,2,0.0,2.52,2.55,2.54
Other,LessAiCore,LessAiCore,12;,1,1,0.0,3.06,3.06,3.06
Other,LinearIndex,LinearIndex,2;1,4,156,0.3,1.64,1.87,1.77
Other,LinearIndex,LinearIndex,1;1,3,110,0.2,1.90,2.06,1.99
Other,LinearIndex,LinearIndex,6;1,2,49,0.1,1.68,1.82,1.72
Other,LinearIndex,LinearIndex,3;1,2,47,0.1,1.94,2.10,2.00
Other,LinearIndex,LinearIndex,4;1,2,47,0.1,1.64,1.82,1.74
Other,LinearIndex,LinearIndex,8;1,1,19,0.0,1.86,2.01,1.92
Other,LinearIndex,LinearIndex,16;1,1,18,0.0,1.68,1.81,1.73
Other,LinearIndex,LinearIndex,10;1,1,2,0.0,1.82,2.00,1.91
Other,LinearIndex,LinearIndex,12;1,1,2,0.0,1.72,1.77,1.75
Other,LinearIndex,LinearIndex,14;1,1,2,0.0,1.68,1.73,1.71
Other,LinearIndex,LinearIndex,5;1,1,2,0.0,1.96,1.99,1.98
Other,LinearIndex,LinearIndex,7;1,1,2,0.0,2.02,2.08,2.05
Other,Log,Log,"1,154880",7,240,2.1,5.36,8.89,7.27
Other,Log,Log,"3,154880",2,94,0.8,7.10,8.73,8.62
Other,Log,Log,"2,154880",2,92,0.9,5.50,9.38,7.91
Other,Log,Log,"8,154880",1,38,0.5,8.30,12.86,8.75
Other,Log,Log,"5,154880",3,7,0.1,8.88,9.40,9.12
Other,Log,Log,"6,154880",2,5,0.1,8.60,11.58,9.00
Other,Log,Log,"7,154880",1,4,0.0,8.78,10.58,8.86
Other,Log,Log,"4,154880",2,3,0.0,8.60,9.05,8.85
Other,LogicalAnd,LogicalAnd,3;3,3,218,0.3,1.20,1.53,1.41
Other,LogicalAnd,LogicalAnd,"1,3;1,3",3,109,0.2,1.42,1.64,1.56
Other,LogicalAnd,LogicalAnd,4096;4096,6,108,0.2,1.48,1.87,1.77
Other,LogicalAnd,LogicalAnd,9;9,2,94,0.1,1.22,1.52,1.35
Other,LogicalAnd,LogicalAnd,6;6,2,92,0.1,1.26,1.53,1.36
Other,LogicalAnd,LogicalAnd,"3,3;3,3",2,47,0.1,1.52,1.70,1.60
Other,LogicalAnd,LogicalAnd,"2,3;2,3",2,46,0.1,1.54,1.70,1.60
Other,LogicalAnd,LogicalAnd,24;24,1,38,0.1,1.24,1.56,1.37
Other,LogicalAnd,LogicalAnd,"1,1;1,1",4,22,0.0,1.54,1.84,1.65
Other,LogicalAnd,LogicalAnd,"8,3;8,3",1,19,0.0,1.58,1.75,1.66
Other,LogicalAnd,LogicalAnd,1824;1824,2,6,0.0,1.56,1.82,1.80
Other,LogicalAnd,LogicalAnd,15;15,1,4,0.0,1.28,1.52,1.36
Other,LogicalAnd,LogicalAnd,18;18,1,4,0.0,1.42,1.71,1.55
Other,LogicalAnd,LogicalAnd,21;21,1,4,0.0,1.28,1.58,1.43
Other,LogicalAnd,LogicalAnd,"5,1;5,1",2,3,0.0,1.70,1.93,1.96
Other,LogicalAnd,LogicalAnd,12;12,1,2,0.0,1.28,1.39,1.33
Other,LogicalAnd,LogicalAnd,"5,3;5,3",1,2,0.0,1.60,1.65,1.62
Other,LogicalAnd,LogicalAnd,"6,3;6,3",1,2,0.0,1.74,1.78,1.76
Other,LogicalAnd,LogicalAnd,"7,3;7,3",1,2,0.0,1.66,1.79,1.73
Other,LogicalAnd,LogicalAnd,"6,1;6,1",1,1,0.0,1.74,1.74,1.74
Other,LogicalAnd,LogicalAnd,"4,1;4,1",1,1,0.0,1.66,1.66,1.66
Other,LogicalAnd,LogicalAnd,"4,3;4,3",1,1,0.0,1.52,1.52,1.52
Other,LogicalAndAiCore,LogicalAndAiCore,3;3,3,109,0.2,1.46,1.76,1.67
Other,LogicalAndAiCore,LogicalAndAiCore,9;9,2,47,0.1,1.44,1.67,1.62
Other,LogicalAndAiCore,LogicalAndAiCore,6;6,2,46,0.1,1.46,1.77,1.87
Other,LogicalAndAiCore,LogicalAndAiCore,27;27,1,19,0.0,1.46,1.67,1.54
Other,LogicalAndAiCore,LogicalAndAiCore,21;21,1,4,0.0,1.64,1.69,1.65
Other,LogicalAndAiCore,LogicalAndAiCore,15;15,1,2,0.0,1.46,1.67,1.56
Other,LogicalAndAiCore,LogicalAndAiCore,12;12,1,1,0.0,2.14,2.14,2.14
Other,LogicalNot,LogicalNot,3,3,218,0.3,1.34,1.54,1.46
Other,LogicalNot,LogicalNot,4096,6,108,0.2,1.46,1.65,1.59
Other,LogicalNot,LogicalNot,9,2,94,0.1,1.38,1.49,1.46
Other,LogicalNot,LogicalNot,6,2,92,0.1,1.42,1.53,1.52
Other,LogicalNot,LogicalNot,24,1,38,0.1,1.40,1.53,1.45
Other,LogicalNot,LogicalNot,1824,2,6,0.0,1.46,1.65,1.56
Other,LogicalNot,LogicalNot,15,1,4,0.0,1.52,1.63,1.57
Other,LogicalNot,LogicalNot,18,1,4,0.0,1.38,1.50,1.45
Other,LogicalNot,LogicalNot,21,1,4,0.0,1.40,1.57,1.48
Other,LogicalNot,LogicalNot,12,1,2,0.0,1.40,1.64,1.52
Other,LogicalNotAiCore,LogicalNotAiCore,3,3,109,0.2,1.36,1.67,1.53
Other,LogicalNotAiCore,LogicalNotAiCore,9,2,47,0.1,1.38,1.54,1.62
Other,LogicalNotAiCore,LogicalNotAiCore,6,2,46,0.1,1.44,1.72,1.54
Other,LogicalNotAiCore,LogicalNotAiCore,27,1,19,0.0,1.40,1.56,1.44
Other,LogicalNotAiCore,LogicalNotAiCore,21,1,4,0.0,1.66,1.83,1.75
Other,LogicalNotAiCore,LogicalNotAiCore,15,1,2,0.0,1.40,1.51,1.46
Other,LogicalNotAiCore,LogicalNotAiCore,12,1,1,0.0,1.84,1.84,1.84
Other,MaskedFill,MaskedFill,1;1;,7,262,0.5,1.42,1.75,1.67
Other,MaskedFill,MaskedFill,"1,154880;1,154880;",7,240,3.2,8.54,13.34,11.32
Other,MaskedFill,MaskedFill,"3,6144;3,1;",3,218,3.5,13.74,16.27,15.11
Other,MaskedFill,MaskedFill,"4096,6144;4096,1;",6,108,18.4,140.80,170.19,156.90
Other,MaskedFill,MaskedFill,"3,154880;3,154880;",2,94,1.5,10.36,16.45,14.57
Other,MaskedFill,MaskedFill,3;3;,2,94,0.2,1.86,2.14,2.00
Other,MaskedFill,MaskedFill,"9,6144;9,1;",2,94,1.5,14.38,15.86,15.32
Other,MaskedFill,MaskedFill,"2,154880;2,154880;",2,92,1.5,10.06,15.94,12.96
Other,MaskedFill,MaskedFill,2;2;,2,92,0.2,1.94,2.20,2.06
Other,MaskedFill,MaskedFill,"6,6144;6,1;",2,92,1.5,14.38,16.37,14.84
Other,MaskedFill,MaskedFill,"24,6144;24,1;",1,38,0.6,14.76,16.95,15.90
Other,MaskedFill,MaskedFill,"8,154880;8,154880;",1,38,0.9,17.42,23.89,18.72
Other,MaskedFill,MaskedFill,8;8;,1,38,0.1,1.84,2.30,2.07
Other,MaskedFill,MaskedFill,5;5;,3,10,0.0,2.02,2.44,2.39
Other,MaskedFill,MaskedFill,"5,154880;5,154880;",3,7,0.1,17.30,19.55,17.98
Other,MaskedFill,MaskedFill,"1824,6144;1824,1;",2,6,0.5,70.66,79.39,77.08
Other,MaskedFill,MaskedFill,6;6;,2,6,0.0,1.96,2.25,2.16
Other,MaskedFill,MaskedFill,"6,154880;6,154880;",2,5,0.1,17.06,18.45,18.02
Other,MaskedFill,MaskedFill,4;4;,2,4,0.0,2.26,2.90,2.81
Other,MaskedFill,MaskedFill,"15,6144;15,1;",1,4,0.1,13.90,14.43,14.09
Other,MaskedFill,MaskedFill,"18,6144;18,1;",1,4,0.1,11.28,12.57,12.11
Other,MaskedFill,MaskedFill,"21,6144;21,1;",1,4,0.1,13.12,14.58,13.84
Other,MaskedFill,MaskedFill,"7,154880;7,154880;",1,4,0.1,17.92,18.00,17.94
Other,MaskedFill,MaskedFill,7;7;,1,4,0.0,2.06,2.30,2.17
Other,MaskedFill,MaskedFill,"4,154880;4,154880;",2,3,0.1,17.00,17.15,17.16
Other,MaskedFill,MaskedFill,"12,6144;12,1;",1,2,0.0,14.90,15.44,15.17
Other,MaskedFillAiCore,MaskedFillAiCore,"3,6144;3,1;",3,109,1.7,14.06,15.26,14.49
Other,MaskedFillAiCore,MaskedFillAiCore,"9,6144;9,1;",2,47,0.7,14.24,14.89,14.50
Other,MaskedFillAiCore,MaskedFillAiCore,"6,6144;6,1;",2,46,0.7,14.18,14.53,14.54
Other,MaskedFillAiCore,MaskedFillAiCore,"27,6144;27,1;",1,19,0.2,9.58,10.18,9.85
Other,MaskedFillAiCore,MaskedFillAiCore,"21,6144;21,1;",1,4,0.1,12.74,13.03,12.83
Other,MaskedFillAiCore,MaskedFillAiCore,"15,6144;15,1;",1,2,0.0,15.12,15.22,15.17
Other,MaskedFillAiCore,MaskedFillAiCore,"12,6144;12,1;",1,1,0.0,16.10,16.10,16.10
Other,MatMulCommon,MatMulCommon,"3,6144;128,6144",3,109,1.7,15.22,15.65,15.38
Other,MatMulCommon,MatMulCommon,"3,6144;256,6144",3,109,1.1,9.22,10.21,9.71
Other,MatMulCommon,MatMulCommon,"3,6144;32,6144",3,109,1.4,12.66,12.95,12.80
Other,MatMulCommon,MatMulCommon,"9,6144;128,6144",2,47,0.7,15.14,15.65,15.63
Other,MatMulCommon,MatMulCommon,"9,6144;256,6144",2,47,0.4,8.96,9.51,9.41
Other,MatMulCommon,MatMulCommon,"9,6144;32,6144",2,47,0.6,13.24,13.44,13.33
Other,MatMulCommon,MatMulCommon,"6,6144;128,6144",2,46,0.7,15.16,15.62,15.66
Other,MatMulCommon,MatMulCommon,"6,6144;256,6144",2,46,0.4,8.96,9.35,9.19
Other,MatMulCommon,MatMulCommon,"6,6144;32,6144",2,46,0.6,12.86,13.14,13.20
Other,MatMulCommon,MatMulCommon,"27,6144;128,6144",1,19,0.3,16.26,16.69,16.49
Other,MatMulCommon,MatMulCommon,"27,6144;256,6144",1,19,0.2,9.90,10.49,10.19
Other,MatMulCommon,MatMulCommon,"27,6144;32,6144",1,19,0.3,13.20,13.56,13.37
Other,MatMulCommon,MatMulCommon,"21,6144;128,6144",1,4,0.1,16.44,16.78,16.62
Other,MatMulCommon,MatMulCommon,"21,6144;256,6144",1,4,0.0,9.74,10.12,9.98
Other,MatMulCommon,MatMulCommon,"21,6144;32,6144",1,4,0.1,13.28,13.38,13.31
Other,MatMulCommon,MatMulCommon,"15,6144;128,6144",1,2,0.0,15.44,15.67,15.55
Other,MatMulCommon,MatMulCommon,"15,6144;256,6144",1,2,0.0,9.32,9.41,9.37
Other,MatMulCommon,MatMulCommon,"15,6144;32,6144",1,2,0.0,13.22,13.24,13.23
Other,MatMulCommon,MatMulCommon,"12,6144;128,6144",1,1,0.0,15.54,15.54,15.54
Other,MatMulCommon,MatMulCommon,"12,6144;256,6144",1,1,0.0,9.68,9.68,9.68
Other,MatMulCommon,MatMulCommon,"12,6144;32,6144",1,1,0.0,13.52,13.52,13.52
Other,MatMulV3,MatMulV3,"1365,6144;9680,6144",4,20,13.1,623.11,656.26,641.36
Other,Mul,Mul,3;,4,265,0.5,1.36,1.86,1.71
Other,Mul,Mul,"1,154880;",7,240,2.3,6.32,9.64,7.25
Other,Mul,Mul,3;3,3,218,0.5,1.88,2.20,2.04
Other,Mul,Mul,1;,7,131,0.2,1.46,1.67,1.58
Other,Mul,Mul,4096;,6,108,0.7,5.78,6.07,5.97
Other,Mul,Mul,4096;4096,6,108,0.7,5.96,6.26,6.10
Other,Mul,Mul,6;,3,95,0.2,1.50,1.87,1.64
Other,Mul,Mul,"3,154880;",2,94,0.9,7.26,9.57,7.40
Other,Mul,Mul,9;,2,94,0.2,1.70,1.88,1.79
Other,Mul,Mul,9;9,2,94,0.2,1.86,2.12,1.94
Other,Mul,Mul,"2,154880;",2,92,0.8,7.22,8.66,7.46
Other,Mul,Mul,6;6,2,92,0.2,1.86,2.12,2.00
Other,Mul,Mul,2;,2,46,0.1,1.40,1.57,1.45
Other,Mul,Mul,24;,1,38,0.1,1.88,2.07,1.94
Other,Mul,Mul,24;24,1,38,0.1,1.92,2.16,2.02
Other,Mul,Mul,"8,154880;",1,38,0.5,8.52,12.39,9.55
Other,Mul,Mul,8;,1,19,0.0,1.50,1.65,1.57
Other,Mul,Mul,"5,154880;",3,7,0.1,7.88,9.61,9.16
Other,Mul,Mul,1824;,2,6,0.0,5.26,5.38,5.33
Other,Mul,Mul,1824;1824,2,6,0.0,5.30,5.48,5.41
Other,Mul,Mul,5;,3,5,0.0,1.42,1.57,1.61
Other,Mul,Mul,"6,154880;",2,5,0.1,8.18,20.47,9.00
Other,Mul,Mul,15;,1,4,0.0,1.76,1.90,1.79
Other,Mul,Mul,15;15,1,4,0.0,2.06,2.12,2.09
Other,Mul,Mul,18;,1,4,0.0,1.88,2.09,1.97
Other,Mul,Mul,18;18,1,4,0.0,2.04,2.31,2.21
Other,Mul,Mul,21;,1,4,0.0,1.96,2.12,2.01
Other,Mul,Mul,21;21,1,4,0.0,2.26,2.34,2.29
Other,Mul,Mul,"7,154880;",1,4,0.0,8.32,8.91,8.48
Other,Mul,Mul,"4,154880;",2,3,0.0,8.06,12.78,9.36
Other,Mul,Mul,4;,2,2,0.0,1.42,1.74,1.74
Other,Mul,Mul,12;,1,2,0.0,1.74,1.80,1.77
Other,Mul,Mul,12;12,1,2,0.0,2.02,2.30,2.16
Other,Mul,Mul,7;,1,2,0.0,1.40,1.46,1.43
Other,MulAiCore,MulAiCore,3;,3,109,0.2,1.66,2.04,1.86
Other,MulAiCore,MulAiCore,3;3,3,109,0.3,2.00,2.34,2.20
Other,MulAiCore,MulAiCore,9;,2,47,0.1,1.68,1.86,1.90
Other,MulAiCore,MulAiCore,9;9,2,47,0.1,1.88,2.12,2.02
Other,MulAiCore,MulAiCore,6;,2,46,0.1,1.64,2.08,2.11
Other,MulAiCore,MulAiCore,6;6,2,46,0.1,1.96,2.32,2.29
Other,MulAiCore,MulAiCore,27;,1,19,0.0,1.88,2.12,1.97
Other,MulAiCore,MulAiCore,27;27,1,19,0.0,2.04,2.27,2.14
Other,MulAiCore,MulAiCore,21;,1,4,0.0,2.24,2.31,2.27
Other,MulAiCore,MulAiCore,21;21,1,4,0.0,2.30,2.48,2.38
Other,MulAiCore,MulAiCore,15;,1,2,0.0,1.78,2.05,1.92
Other,MulAiCore,MulAiCore,15;15,1,2,0.0,2.18,2.25,2.21
Other,MulAiCore,MulAiCore,12;,1,1,0.0,2.24,2.24,2.24
Other,MulAiCore,MulAiCore,12;12,1,1,0.0,2.46,2.46,2.46
Other,Neg,Neg,"1,154880",7,240,13.3,6.26,55.24,9.43
Other,Neg,Neg,"3,154880",2,94,2.4,8.18,25.14,9.64
Other,Neg,Neg,"2,154880",2,92,1.4,7.44,14.71,9.25
Other,Neg,Neg,"8,154880",1,38,0.6,10.46,14.58,11.51
Other,Neg,Neg,"5,154880",3,7,2.0,10.98,283.08,240.73
Other,Neg,Neg,"6,154880",2,5,0.7,8.80,138.87,332.76
Other,Neg,Neg,"7,154880",1,4,0.1,10.32,14.32,10.45
Other,Neg,Neg,"4,154880",2,3,1.1,10.82,366.63,544.24
Other,NotEqual,NotEqual,1;,7,131,0.4,2.24,2.68,2.52
Other,NotEqual,NotEqual,"1,3;",3,109,0.2,1.68,1.87,1.80
Other,NotEqual,NotEqual,"3,3;",2,47,0.1,1.70,1.86,1.87
Other,NotEqual,NotEqual,3;,2,47,0.1,2.48,2.72,2.66
Other,NotEqual,NotEqual,"2,3;",2,46,0.1,1.74,1.88,1.81
Other,NotEqual,NotEqual,2;,2,46,0.1,2.42,2.84,2.61
Other,NotEqual,NotEqual,"1,1;",4,22,0.0,1.62,1.87,1.79
Other,NotEqual,NotEqual,"8,3;",1,19,0.0,1.76,1.89,1.81
Other,NotEqual,NotEqual,8;,1,19,0.0,2.48,2.62,2.54
Other,NotEqual,NotEqual,5;,3,5,0.0,2.56,2.78,2.71
Other,NotEqual,NotEqual,"5,1;",2,3,0.0,1.70,1.85,1.79
Other,NotEqual,NotEqual,6;,2,3,0.0,2.60,2.81,2.85
Other,NotEqual,NotEqual,4;,2,2,0.0,2.60,2.65,2.65
Other,NotEqual,NotEqual,"5,3;",1,2,0.0,1.72,2.04,1.88
Other,NotEqual,NotEqual,"6,3;",1,2,0.0,1.90,2.01,1.95
Other,NotEqual,NotEqual,"7,3;",1,2,0.0,1.76,1.78,1.77
Other,NotEqual,NotEqual,7;,1,2,0.0,2.68,2.78,2.73
Other,NotEqual,NotEqual,"6,1;",1,1,0.0,1.98,1.98,1.98
Other,NotEqual,NotEqual,"4,1;",1,1,0.0,1.84,1.84,1.84
Other,NotEqual,NotEqual,"4,3;",1,1,0.0,1.74,1.74,1.74
Other,OneSideCommAicpuInit,OneSideCommAicpuInit,N/A,5,13,0.3,16.96,24.53,25.63
Other,PadV3AiCore,PadV3AiCore,N/A,5,454,4.7,5.38,10.40,8.46
Other,PadV3AiCore,PadV3AiCore,"3,256;4;",3,109,0.3,2.62,2.94,2.75
Other,PadV3AiCore,PadV3AiCore,"3,6144;4;",3,109,2.2,17.66,20.29,19.90
Other,PadV3AiCore,PadV3AiCore,"9,256;4;",2,47,1.0,18.00,20.82,20.67
Other,PadV3AiCore,PadV3AiCore,"9,6144;4;",2,47,1.1,20.30,22.62,21.24
Other,PadV3AiCore,PadV3AiCore,"6,256;4;",2,46,1.0,18.86,21.04,21.12
Other,PadV3AiCore,PadV3AiCore,"6,6144;4;",2,46,1.0,20.60,21.64,20.89
Other,PadV3AiCore,PadV3AiCore,"27,256;4;",1,19,0.4,18.00,19.68,18.88
Other,PadV3AiCore,PadV3AiCore,"27,6144;4;",1,19,0.4,21.86,22.87,22.41
Other,PadV3AiCore,PadV3AiCore,"21,256;4;",1,4,0.1,19.70,21.63,20.95
Other,PadV3AiCore,PadV3AiCore,"21,6144;4;",1,4,0.1,20.72,21.17,20.91
Other,PadV3AiCore,PadV3AiCore,"15,256;4;",1,2,0.0,17.80,19.44,18.62
Other,PadV3AiCore,PadV3AiCore,"15,6144;4;",1,2,0.0,19.88,20.01,19.95
Other,RealDiv,RealDiv,"2,154880;2,1",4,155,2.1,11.94,13.33,13.20
Other,RealDiv,RealDiv,"1,154880;1,1",7,131,1.1,7.14,8.16,8.08
Other,RealDiv,RealDiv,"1,154880;1,154880",7,131,1.2,7.72,9.01,8.53
Other,RealDiv,RealDiv,"6,154880;6,1",3,50,0.8,14.20,15.13,15.98
Other,RealDiv,RealDiv,"4,154880;4,1",3,48,0.7,13.56,14.39,14.29
Other,RealDiv,RealDiv,"3,154880;3,1",2,47,0.6,12.80,13.41,13.12
Other,RealDiv,RealDiv,"3,154880;3,154880",2,47,0.5,9.20,10.28,9.40
Other,RealDiv,RealDiv,"2,154880;2,154880",2,46,0.4,8.18,8.73,8.79
Other,RealDiv,RealDiv,"8,154880;8,1",1,20,0.3,15.56,16.97,16.19
Other,RealDiv,RealDiv,"16,154880;16,1",1,19,0.3,16.76,17.30,17.03
Other,RealDiv,RealDiv,"8,154880;8,154880",1,19,0.2,10.82,11.27,11.06
Other,RealDiv,RealDiv,"5,154880;5,1",3,5,0.1,14.48,15.30,14.89
Other,RealDiv,RealDiv,"5,154880;5,154880",3,5,0.1,9.58,10.87,10.88
Other,RealDiv,RealDiv,"6,154880;6,154880",2,3,0.0,10.12,10.62,10.78
Other,RealDiv,RealDiv,"4,154880;4,154880",2,2,0.0,9.68,10.02,10.02
Other,RealDiv,RealDiv,"10,154880;10,1",1,2,0.0,16.08,16.30,16.19
Other,RealDiv,RealDiv,"12,154880;12,1",1,2,0.0,17.06,17.07,17.06
Other,RealDiv,RealDiv,"14,154880;14,1",1,2,0.0,18.14,18.33,18.23
Other,RealDiv,RealDiv,"7,154880;7,1",1,2,0.0,14.92,15.02,14.97
Other,RealDiv,RealDiv,"7,154880;7,154880",1,2,0.0,10.64,10.82,10.73
Other,ReduceSum,ReduceSum,"32,8;1",6,228,1.9,4.58,8.27,7.03
Other,ReduceSum,ReduceSum,"1,3;1",3,109,0.4,3.42,3.76,3.59
Other,ReduceSum,ReduceSum,256;1,6,76,0.2,2.92,3.09,2.99
Other,ReduceSum,ReduceSum,"3,3;1",2,47,0.2,3.94,4.36,4.37
Other,ReduceSum,ReduceSum,"2,3;1",2,46,0.2,3.80,4.09,3.99
Other,ReduceSum,ReduceSum,"1,1;1",4,22,0.0,1.48,1.74,1.68
Other,ReduceSum,ReduceSum,"8,3;1",1,19,0.1,4.96,5.39,5.14
Other,ReduceSum,ReduceSum,"5,1;1",2,3,0.0,1.76,1.85,1.78
Other,ReduceSum,ReduceSum,"5,3;1",1,2,0.0,4.60,4.71,4.65
Other,ReduceSum,ReduceSum,"6,3;1",1,2,0.0,5.10,5.17,5.13
Other,ReduceSum,ReduceSum,"7,3;1",1,2,0.0,5.12,5.13,5.12
Other,ReduceSum,ReduceSum,"6,1;1",1,1,0.0,1.64,1.64,1.64
Other,ReduceSum,ReduceSum,"4,1;1",1,1,0.0,1.62,1.62,1.62
Other,ReduceSum,ReduceSum,"4,3;1",1,1,0.0,4.78,4.78,4.78
Other,RepeatInterleave,RepeatInterleave,256;256,6,76,1.3,14.02,17.10,16.08
Other,ReshapeAndCacheNdKernel,ReshapeAndCacheNdKernel,"4096,1,512;4096,1,64;1678,128,1,512;1678,128,1,64;4096",3,1027,32.3,28.44,31.43,30.88
Other,ReshapeAndCacheNdKernel,ReshapeAndCacheNdKernel,"4096,1,512;4096,1,64;1681,128,1,512;1681,128,1,64;4096",2,553,17.3,27.88,31.20,29.99
Other,ReshapeAndCacheNdKernel,ReshapeAndCacheNdKernel,"1813,1,512;1813,1,64;1678,128,1,512;1678,128,1,64;1813",1,158,3.3,19.36,21.04,20.09
Other,ReshapeAndCacheNdKernel,ReshapeAndCacheNdKernel,"4096,1,512;4096,1,64;1680,128,1,512;1680,128,1,64;4096",1,158,5.1,29.06,32.02,30.53
Other,ReshapeAndCacheNdKernel,ReshapeAndCacheNdKernel,"3621,1,512;3621,1,64;1678,128,1,512;1678,128,1,64;3621",1,79,2.3,26.98,29.14,28.09
Other,ReshapeAndCacheNdKernel,ReshapeAndCacheNdKernel,"1813,1,512;1813,1,64;1680,128,1,512;1680,128,1,64;1813",1,79,1.7,20.24,21.31,20.73
Other,ReshapeAndCacheNdKernel,ReshapeAndCacheNdKernel,"3621,1,512;3621,1,64;1681,128,1,512;1681,128,1,64;3621",1,79,2.3,27.42,29.63,28.53
Other,ReshapeAndCacheNdKernel,ReshapeAndCacheNdKernel,"1,1,512;1,1,64;1678,128,1,512;1678,128,1,64;1",2,14,0.0,2.08,2.47,2.32
Other,ReshapeAndCacheNdKernel,ReshapeAndCacheNdKernel,"1,1,512;1,1,64;1681,128,1,512;1681,128,1,64;1",1,5,0.0,1.96,2.36,2.20
Other,ReshapeAndCacheNdKernel,ReshapeAndCacheNdKernel,"1,1,512;1,1,64;1680,128,1,512;1680,128,1,64;1",1,3,0.0,2.22,2.29,2.27
Other,ReshapeAndCacheNdKernel,ReshapeAndCacheNdKernel,"5,1,512;5,1,64;1681,128,1,512;1681,128,1,64;5",1,2,0.0,2.96,2.97,2.96
Other,ReshapeAndCacheNdKernel,ReshapeAndCacheNdKernel,"5,1,512;5,1,64;1678,128,1,512;1678,128,1,64;5",1,1,0.0,3.04,3.04,3.04
Other,ReshapeAndCacheNdKernel,ReshapeAndCacheNdKernel,"6,1,512;6,1,64;1678,128,1,512;1678,128,1,64;6",1,1,0.0,3.64,3.64,3.64
Other,ReshapeAndCacheNdKernel,ReshapeAndCacheNdKernel,"4,1,512;4,1,64;1681,128,1,512;1681,128,1,64;4",1,1,0.0,2.90,2.90,2.90
Other,ScatterElementsV2,ScatterElementsV2,340;2;2,4,156,0.4,2.02,2.43,2.20
Other,ScatterElementsV2,ScatterElementsV2,340;1;1,3,110,0.3,2.46,2.91,2.75
Other,ScatterElementsV2,ScatterElementsV2,340;6;6,2,49,0.1,2.14,2.33,2.24
Other,ScatterElementsV2,ScatterElementsV2,340;3;3,2,47,0.1,2.54,2.89,2.79
Other,ScatterElementsV2,ScatterElementsV2,340;4;4,2,47,0.1,1.96,2.26,2.20
Other,ScatterElementsV2,ScatterElementsV2,340;8;8,1,19,0.1,2.26,2.91,2.61
Other,ScatterElementsV2,ScatterElementsV2,340;16;16,1,18,0.0,2.24,2.42,2.31
Other,ScatterElementsV2,ScatterElementsV2,340;10;10,1,2,0.0,2.36,2.37,2.37
Other,ScatterElementsV2,ScatterElementsV2,340;12;12,1,2,0.0,2.32,2.33,2.33
Other,ScatterElementsV2,ScatterElementsV2,340;14;14,1,2,0.0,2.40,2.48,2.44
Other,ScatterElementsV2,ScatterElementsV2,340;5;5,1,2,0.0,2.72,2.84,2.78
Other,ScatterElementsV2,ScatterElementsV2,340;7;7,1,2,0.0,2.82,2.88,2.85
Other,SelectV2,SelectV2,1;;1,7,262,0.5,1.50,1.86,1.79
Other,SelectV2,SelectV2,"3,1;;3,6144",3,218,3.6,15.84,16.70,16.46
Other,SelectV2,SelectV2,1;1;1,7,131,0.3,1.80,2.05,1.99
Other,SelectV2,SelectV2,3;;3,2,94,0.3,2.56,2.83,2.75
Other,SelectV2,SelectV2,"9,1;;9,6144",2,94,1.6,16.14,17.18,16.45
Other,SelectV2,SelectV2,2;;2,2,92,0.3,2.62,2.95,2.77
Other,SelectV2,SelectV2,"6,1;;6,6144",2,92,1.6,16.68,17.24,16.98
Other,SelectV2,SelectV2,"256,1;;256,6144",6,72,2.0,25.28,27.93,27.62
Other,SelectV2,SelectV2,3;3;3,2,47,0.1,1.92,2.15,2.07
Other,SelectV2,SelectV2,2;2;2,2,46,0.1,1.94,2.12,2.03
Other,SelectV2,SelectV2,"24,1;;24,6144",1,38,0.7,16.60,17.76,17.07
Other,SelectV2,SelectV2,8;;8,1,38,0.1,2.56,2.91,2.73
Other,SelectV2,SelectV2,8;8;8,1,19,0.0,1.98,2.15,2.07
Other,SelectV2,SelectV2,1365;;1365,4,10,0.0,2.94,3.10,3.07
Other,SelectV2,SelectV2,5;;5,3,10,0.0,2.68,3.08,2.96
Other,SelectV2,SelectV2,6;;6,2,6,0.0,2.64,3.10,3.12
Other,SelectV2,SelectV2,5;5;5,3,5,0.0,1.80,2.11,2.02
Other,SelectV2,SelectV2,"114,1;;114,6144",2,4,0.1,19.30,20.55,20.53
Other,SelectV2,SelectV2,4;;4,2,4,0.0,2.92,3.42,3.25
Other,SelectV2,SelectV2,"15,1;;15,6144",1,4,0.1,15.74,16.37,16.00
Other,SelectV2,SelectV2,"18,1;;18,6144",1,4,0.1,13.34,13.94,13.66
Other,SelectV2,SelectV2,"21,1;;21,6144",1,4,0.1,15.48,15.80,15.67
Other,SelectV2,SelectV2,7;;7,1,4,0.0,2.62,2.73,2.66
Other,SelectV2,SelectV2,6;6;6,2,3,0.0,2.10,2.12,2.11
Other,SelectV2,SelectV2,4;4;4,2,2,0.0,2.06,2.16,2.16
Other,SelectV2,SelectV2,"12,1;;12,6144",1,2,0.0,17.40,17.40,17.40
Other,SelectV2,SelectV2,7;7;7,1,2,0.0,2.08,2.10,2.09
Other,SelectV2,SelectV2,608;;608,1,1,0.0,2.76,2.76,2.76
Other,SoftmaxV2,SoftmaxV2,"2,154880",4,155,7.2,45.18,46.30,45.84
Other,SoftmaxV2,SoftmaxV2,"1,154880",7,131,5.9,44.76,45.23,45.19
Other,SoftmaxV2,SoftmaxV2,"6,154880",3,50,2.3,46.34,46.97,46.66
Other,SoftmaxV2,SoftmaxV2,"4,154880",3,48,2.3,45.84,46.91,46.93
Other,SoftmaxV2,SoftmaxV2,"3,154880",2,47,2.2,46.30,46.87,46.70
Other,SoftmaxV2,SoftmaxV2,"8,154880",1,20,0.9,46.66,47.31,46.97
Other,SoftmaxV2,SoftmaxV2,"16,154880",1,19,0.9,48.34,48.91,48.59
Other,SoftmaxV2,SoftmaxV2,"5,154880",3,5,0.2,46.18,46.65,46.59
Other,SoftmaxV2,SoftmaxV2,"10,154880",1,2,0.1,47.32,47.56,47.44
Other,SoftmaxV2,SoftmaxV2,"12,154880",1,2,0.1,48.02,48.25,48.14
Other,SoftmaxV2,SoftmaxV2,"14,154880",1,2,0.1,48.02,48.39,48.20
Other,SoftmaxV2,SoftmaxV2,"7,154880",1,2,0.1,47.42,47.49,47.45
Other,Sort,Sort,"2,154880",4,155,36.4,230.94,234.99,233.81
Other,Sort,Sort,"1,154880",7,131,30.5,229.37,233.19,232.24
Other,Sort,Sort,"6,154880",3,50,10.5,208.32,209.73,210.62
Other,Sort,Sort,"4,154880",3,48,9.0,186.16,188.09,188.99
Other,Sort,Sort,"3,154880",2,47,8.7,183.64,184.99,184.71
Other,Sort,Sort,"8,154880",1,20,4.6,227.47,229.59,228.61
Other,Sort,Sort,"16,154880",1,19,4.5,236.43,237.49,236.95
Other,Sort,Sort,"5,154880",3,5,1.1,208.97,212.80,211.99
Other,Sort,Sort,"10,154880",1,2,0.4,199.19,199.58,199.38
Other,Sort,Sort,"12,154880",1,2,0.4,202.57,203.48,203.02
Other,Sort,Sort,"14,154880",1,2,0.5,236.49,236.62,236.56
Other,Sort,Sort,"7,154880",1,2,0.5,227.25,227.39,227.32
Other,Sub,Sub,3;3,3,218,0.5,1.84,2.27,2.06
Other,Sub,Sub,1;,7,175,0.4,1.36,2.28,1.85
Other,Sub,Sub,4096;4096,6,108,0.4,3.02,3.54,3.48
Other,Sub,Sub,9;9,2,94,0.2,2.26,2.65,2.44
Other,Sub,Sub,6;6,2,92,0.3,2.20,2.73,2.67
Other,Sub,Sub,3;,2,47,0.1,2.64,2.81,2.66
Other,Sub,Sub,2;,2,46,0.1,2.62,2.89,2.71
Other,Sub,Sub,24;24,1,38,0.1,2.22,2.43,2.29
Other,Sub,Sub,8;,1,19,0.1,2.62,2.89,2.75
Other,Sub,Sub,5;,3,11,0.0,1.40,2.27,1.89
Other,Sub,Sub,1824;1824,2,6,0.0,2.46,2.79,2.73
Other,Sub,Sub,6;,2,5,0.0,1.38,2.37,2.26
Other,Sub,Sub,4;,2,4,0.0,1.56,2.29,2.30
Other,Sub,Sub,15;15,1,4,0.0,2.40,2.62,2.53
Other,Sub,Sub,18;18,1,4,0.0,2.52,2.84,2.69
Other,Sub,Sub,21;21,1,4,0.0,2.68,2.74,2.71
Other,Sub,Sub,12;12,1,2,0.0,2.08,2.21,2.15
Other,Sub,Sub,7;,1,2,0.0,2.88,2.92,2.90
Other,SubAiCore,SubAiCore,3;3,3,109,0.3,2.22,2.91,2.74
Other,SubAiCore,SubAiCore,9;9,2,47,0.1,2.54,2.84,2.81
Other,SubAiCore,SubAiCore,6;6,2,46,0.1,2.54,2.98,3.00
Other,SubAiCore,SubAiCore,27;27,1,19,0.1,2.46,2.65,2.55
Other,SubAiCore,SubAiCore,21;21,1,4,0.0,2.56,2.94,2.78
Other,SubAiCore,SubAiCore,15;15,1,2,0.0,2.68,2.98,2.83
Other,SubAiCore,SubAiCore,12;12,1,1,0.0,2.60,2.60,2.60
Other,ZerosLike,ZerosLike,"2,1",7,131,0.2,1.66,1.89,1.78
Other,ZerosLike,ZerosLike,"2,3",2,47,0.1,1.68,1.88,1.83
Other,ZerosLike,ZerosLike,"2,2",2,46,0.1,1.78,1.93,1.83
Other,ZerosLike,ZerosLike,"2,8",1,19,0.0,1.70,1.92,1.80
Other,ZerosLike,ZerosLike,"2,1365",4,10,0.0,3.28,3.47,3.42
Other,ZerosLike,ZerosLike,"2,5",3,5,0.0,1.70,1.92,1.92
Other,ZerosLike,ZerosLike,"2,6",2,3,0.0,1.82,1.95,1.91
Other,ZerosLike,ZerosLike,"2,4",2,2,0.0,1.86,1.89,1.89
Other,ZerosLike,ZerosLike,"2,7",1,2,0.0,1.82,1.82,1.82
Other,ZerosLike,ZerosLike,"2,608",1,1,0.0,3.34,3.34,3.34
Other,_triton_rope_siso_0,_triton_rope_siso_0,N/A,5,17784,47.8,1.72,2.69,2.10
Other,_triton_rope_siso_1,_triton_rope_siso_1,N/A,5,17784,79.8,3.48,4.49,3.80
Other,batch_matmul_transpose,batch_matmul_transpose,N/A,11,2616,90.4,9.12,34.56,28.03
Other,batch_matmul_transpose_0,batch_matmul_transpose_0,N/A,5,17783,191.1,8.80,10.75,9.89
Other,expand_kernel,expand_kernel,1;1,3,218,0.3,1.30,1.53,1.42
Other,expand_kernel,expand_kernel,3;3,2,94,0.2,1.48,1.79,1.64
Other,expand_kernel,expand_kernel,2;2,2,92,0.2,1.44,1.75,1.55
Other,expand_kernel,expand_kernel,8;8,1,38,0.1,2.12,2.42,2.28
Other,expand_kernel,expand_kernel,5;5,1,4,0.0,1.62,1.96,1.77
Other,expand_kernel,expand_kernel,6;6,1,4,0.0,1.88,2.12,1.97
Other,expand_kernel,expand_kernel,7;7,1,4,0.0,2.08,2.25,2.17
Other,expand_kernel,expand_kernel,4;4,1,2,0.0,1.82,1.83,1.83
Other,hccl_batchPut_,hccl_batchPut_,N/A,1,32,10.1,256.70,315.87,304.19
Other,muls_add_kernel,muls_add_kernel,"3,6144;3,6144",3,218,0.7,2.80,3.01,2.92
Other,muls_add_kernel,muls_add_kernel,"9,6144;9,6144",2,94,0.5,4.88,5.19,5.16
Other,muls_add_kernel,muls_add_kernel,"6,6144;6,6144",2,92,0.4,3.76,4.06,4.12
Other,muls_add_kernel,muls_add_kernel,"24,6144;24,6144",1,38,0.4,9.04,9.28,9.15
Other,muls_add_kernel,muls_add_kernel,"15,6144;15,6144",1,4,0.0,7.32,7.41,7.34
Other,muls_add_kernel,muls_add_kernel,"18,6144;18,6144",1,4,0.0,8.22,8.27,8.25
Other,muls_add_kernel,muls_add_kernel,"21,6144;21,6144",1,4,0.0,9.28,9.34,9.31
Other,muls_add_kernel,muls_add_kernel,"12,6144;12,6144",1,2,0.0,6.42,6.45,6.44
Other,muls_add_kernel_1,muls_add_kernel_1,N/A,5,17100,71.7,2.46,4.19,3.03
Other,prepare_inputs_padded_kernel,prepare_inputs_padded_kernel,1;1;2,3,109,0.4,3.22,3.39,3.31
Other,prepare_inputs_padded_kernel,prepare_inputs_padded_kernel,3;3;4,2,47,0.2,3.26,3.41,3.33
Other,prepare_inputs_padded_kernel,prepare_inputs_padded_kernel,2;2;3,2,46,0.2,3.20,3.38,3.38
Other,prepare_inputs_padded_kernel,prepare_inputs_padded_kernel,8;8;9,1,19,0.1,3.38,3.59,3.47
Other,prepare_inputs_padded_kernel,prepare_inputs_padded_kernel,5;5;6,1,2,0.0,3.50,3.57,3.54
Other,prepare_inputs_padded_kernel,prepare_inputs_padded_kernel,6;6;7,1,2,0.0,3.58,3.59,3.58
Other,prepare_inputs_padded_kernel,prepare_inputs_padded_kernel,7;7;8,1,2,0.0,3.54,3.62,3.58
Other,prepare_inputs_padded_kernel,prepare_inputs_padded_kernel,4;4;5,1,1,0.0,3.16,3.16,3.16
Other,rejection_random_sample_kernel,rejection_random_sample_kernel,"1;2;2,154880;1,1",3,109,0.2,1.88,2.26,2.23
Other,rejection_random_sample_kernel,rejection_random_sample_kernel,"3;6;6,154880;3,1",2,47,0.1,2.14,2.54,2.49
Other,rejection_random_sample_kernel,rejection_random_sample_kernel,"2;4;4,154880;2,1",2,46,0.1,2.08,2.47,2.21
Other,rejection_random_sample_kernel,rejection_random_sample_kernel,"8;16;16,154880;8,1",1,19,0.1,2.94,3.20,3.09
Other,rejection_random_sample_kernel,rejection_random_sample_kernel,"5;10;10,154880;5,1",1,2,0.0,2.76,2.82,2.79
Other,rejection_random_sample_kernel,rejection_random_sample_kernel,"6;12;12,154880;6,1",1,2,0.0,2.66,2.76,2.71
Other,rejection_random_sample_kernel,rejection_random_sample_kernel,"7;14;14,154880;7,1",1,2,0.0,2.82,2.99,2.91
Other,rejection_random_sample_kernel,rejection_random_sample_kernel,"4;8;8,154880;4,1",1,1,0.0,2.52,2.52,2.52
Other,sample_recovered_tokens_kernel,sample_recovered_tokens_kernel,"1;2;2,154880",3,109,5.9,53.78,54.52,54.13
Other,sample_recovered_tokens_kernel,sample_recovered_tokens_kernel,"3;6;6,154880",2,47,2.6,54.30,54.70,54.50
Other,sample_recovered_tokens_kernel,sample_recovered_tokens_kernel,"2;4;4,154880",2,46,2.5,54.00,54.55,54.34
Other,sample_recovered_tokens_kernel,sample_recovered_tokens_kernel,"8;16;16,154880",1,19,1.1,55.90,56.33,56.09
Other,sample_recovered_tokens_kernel,sample_recovered_tokens_kernel,"5;10;10,154880",1,2,0.1,54.96,55.26,55.11
Other,sample_recovered_tokens_kernel,sample_recovered_tokens_kernel,"6;12;12,154880",1,2,0.1,55.56,55.68,55.62
Other,sample_recovered_tokens_kernel,sample_recovered_tokens_kernel,"7;14;14,154880",1,2,0.1,55.64,55.69,55.66
Other,sample_recovered_tokens_kernel,sample_recovered_tokens_kernel,"4;8;8,154880",1,1,0.1,55.04,55.04,55.04
QuantUtil,dynamic_quant,DynamicQuant,"3,512",3,8394,88.1,3.38,10.49,4.78
QuantUtil,dynamic_quant,DynamicQuant,"3,6144",3,8394,137.0,5.04,16.33,10.34
QuantUtil,dynamic_quant,DynamicQuant,"9,512",2,3619,23.2,5.16,6.42,5.44
QuantUtil,dynamic_quant,DynamicQuant,"9,6144",2,3619,70.6,6.08,19.51,11.48
QuantUtil,dynamic_quant,DynamicQuant,"6,512",2,3542,18.2,4.28,5.14,4.44
QuantUtil,dynamic_quant,DynamicQuant,"6,6144",2,3542,65.7,5.76,18.55,9.96
QuantUtil,dynamic_quant,DynamicQuant,"256,2048",6,2772,57.5,11.28,20.74,17.23
QuantUtil,dynamic_quant,DynamicQuant,"256,6144",6,2772,115.1,20.32,41.53,32.32
QuantUtil,dynamic_quant,DynamicQuant,"27,512",1,1425,24.7,11.30,17.36,14.21
QuantUtil,dynamic_quant,DynamicQuant,"27,6144",1,1425,26.1,15.20,18.30,16.71
QuantUtil,dynamic_quant,DynamicQuant,"3,3072",3,327,1.5,3.54,4.49,3.74
QuantUtil,dynamic_quant,DynamicQuant,"21,512",1,304,4.2,9.34,13.74,11.53
QuantUtil,dynamic_quant,DynamicQuant,"21,6144",1,304,5.4,9.20,17.62,13.43
QuantUtil,dynamic_quant,DynamicQuant,"114,2048",2,154,3.0,11.84,19.30,15.85
QuantUtil,dynamic_quant,DynamicQuant,"114,6144",2,154,3.3,17.56,21.56,19.60
QuantUtil,dynamic_quant,DynamicQuant,"15,512",1,154,1.2,7.02,8.10,7.38
QuantUtil,dynamic_quant,DynamicQuant,"15,6144",1,154,2.6,7.50,17.10,12.34
QuantUtil,dynamic_quant,DynamicQuant,"9,3072",2,141,0.9,5.52,6.23,5.66
QuantUtil,dynamic_quant,DynamicQuant,"6,3072",2,138,0.7,4.24,5.27,4.46
QuantUtil,dynamic_quant,DynamicQuant,"4096,6144",6,108,9.5,78.14,87.80,86.68
QuantUtil,dynamic_quant,DynamicQuant,"4096,768",6,108,3.8,33.14,35.48,34.81
QuantUtil,dynamic_quant,DynamicQuant,"12,512",1,77,0.5,5.96,7.09,6.35
QuantUtil,dynamic_quant,DynamicQuant,"12,6144",1,77,0.6,5.80,7.15,6.36
QuantUtil,dynamic_quant,DynamicQuant,"2048,6144",6,72,3.7,49.00,51.99,51.86
QuantUtil,dynamic_quant,DynamicQuant,"27,3072",1,57,0.7,8.96,11.50,10.06
QuantUtil,dynamic_quant,DynamicQuant,"24,512",1,38,0.8,16.58,21.76,19.30
QuantUtil,dynamic_quant,DynamicQuant,"24,6144",1,38,12.0,9.74,315.43,10.07
QuantUtil,dynamic_quant,DynamicQuant,"21,3072",1,12,0.1,8.84,9.42,9.06
QuantUtil,dynamic_quant,DynamicQuant,"1824,6144",2,6,0.3,42.82,49.50,47.89
QuantUtil,dynamic_quant,DynamicQuant,"1824,768",2,6,0.1,22.58,23.12,22.73
QuantUtil,dynamic_quant,DynamicQuant,"15,3072",1,6,0.0,7.14,7.55,7.37
QuantUtil,dynamic_quant,DynamicQuant,"912,6144",2,4,0.1,34.40,36.19,35.81
QuantUtil,dynamic_quant,DynamicQuant,"18,512",1,4,0.1,17.06,18.90,18.16
QuantUtil,dynamic_quant,DynamicQuant,"18,6144",1,4,2.9,8.48,736.63,25.94
QuantUtil,dynamic_quant,DynamicQuant,"12,3072",1,3,0.0,5.82,6.42,6.23
QuantUtil,static_quant,AscendQuantV2,"3,2048;2048;2048",3,8611,89.6,7.18,10.40,9.35
QuantUtil,static_quant,AscendQuantV2,"3,4096;4096;4096",3,8611,105.6,10.10,12.26,10.68
QuantUtil,static_quant,AscendQuantV2,"256,2048;2048;2048",6,4160,62.6,11.44,15.04,13.84
QuantUtil,static_quant,AscendQuantV2,"9,2048;2048;2048",2,3713,39.9,9.32,10.75,9.77
QuantUtil,static_quant,AscendQuantV2,"9,4096;4096;4096",2,3713,40.6,9.22,10.93,9.80
QuantUtil,static_quant,AscendQuantV2,"6,2048;2048;2048",2,3634,41.6,10.22,11.44,10.58
QuantUtil,static_quant,AscendQuantV2,"6,4096;4096;4096",2,3634,41.9,9.54,11.52,10.45
QuantUtil,static_quant,AscendQuantV2,"256,6144;6144;6144",6,2080,37.6,15.28,18.09,17.18
QuantUtil,static_quant,AscendQuantV2,"4096,1024;1024;1024",6,2080,60.8,27.18,29.25,28.15
QuantUtil,static_quant,AscendQuantV2,"27,2048;2048;2048",1,1463,15.0,8.94,10.27,9.40
QuantUtil,static_quant,AscendQuantV2,"27,4096;4096;4096",1,1463,15.8,9.06,10.77,9.59
QuantUtil,static_quant,AscendQuantV2,"21,2048;2048;2048",1,312,3.3,8.28,10.62,9.23
QuantUtil,static_quant,AscendQuantV2,"21,4096;4096;4096",1,312,3.3,9.56,10.54,9.89
QuantUtil,static_quant,AscendQuantV2,"114,2048;2048;2048",1,160,2.0,10.04,12.23,11.23
QuantUtil,static_quant,AscendQuantV2,"15,2048;2048;2048",1,158,1.7,9.80,10.78,10.05
QuantUtil,static_quant,AscendQuantV2,"15,4096;4096;4096",1,158,1.7,9.78,10.51,10.06
QuantUtil,static_quant,AscendQuantV2,"114,6144;6144;6144",1,80,1.1,12.22,13.81,13.05
QuantUtil,static_quant,AscendQuantV2,"1824,1024;1024;1024",1,80,1.4,16.90,17.42,17.09
QuantUtil,static_quant,AscendQuantV2,"12,2048;2048;2048",1,79,0.9,10.30,11.22,10.46
QuantUtil,static_quant,AscendQuantV2,"12,4096;4096;4096",1,79,0.9,10.40,11.18,10.59
QuantUtil,static_quant,AscendQuantV2,"24,2048;2048;2048",1,38,0.5,11.52,12.22,11.69
QuantUtil,static_quant,AscendQuantV2,"24,4096;4096;4096",1,38,0.4,10.16,11.26,10.41
QuantUtil,static_quant,AscendQuantV2,"18,2048;2048;2048",1,4,0.0,10.62,10.96,10.74
QuantUtil,static_quant,AscendQuantV2,"18,4096;4096;4096",1,4,0.0,9.58,9.91,9.77
