run,phase,isl,tp,dp,ep,rank,op_type,input_shapes,count,min_us,avg_us,median_us,max_us
dp0_pp0_tp0_dcp0_ep0_rank0_decode-20k,decode,20k,0,0,0,0,Add,"3,154880;",88,7.62,10.21,9.36,70.30
dp0_pp0_tp0_dcp0_ep0_rank0_decode-20k,decode,20k,0,0,0,0,Add,3;,132,1.34,1.53,1.52,1.90
dp0_pp0_tp0_dcp0_ep0_rank0_decode-20k,decode,20k,0,0,0,0,Add,3;3,44,1.32,1.45,1.44,1.78
dp0_pp0_tp0_dcp0_ep0_rank0_decode-20k,decode,20k,0,0,0,0,Add,6;,44,1.48,1.63,1.62,1.86
dp0_pp0_tp0_dcp0_ep0_rank0_decode-20k,decode,20k,0,0,0,0,Add,"9,6144;9,6144",88,7.54,7.96,7.83,11.00
dp0_pp0_tp0_dcp0_ep0_rank0_decode-20k,decode,20k,0,0,0,0,AddRmsNormBias,"9,6144;9,6144;6144;6144",6820,4.52,4.86,4.82,8.76
dp0_pp0_tp0_dcp0_ep0_rank0_decode-20k,decode,20k,0,0,0,0,AddRmsNormDynamicQuant,"9,6144;9,6144;6144;6144",88,6.98,7.49,7.24,22.60
dp0_pp0_tp0_dcp0_ep0_rank0_decode-20k,decode,20k,0,0,0,0,AddRmsNormDynamicQuantAiCore,"9,6144;9,6144;6144;6144",44,7.18,7.68,7.63,8.34
dp0_pp0_tp0_dcp0_ep0_rank0_decode-20k,decode,20k,0,0,0,0,ApplyTopKTopPCustom,"3,154880;3,154880;3;",44,276.72,356.04,284.32,1982.48
dp0_pp0_tp0_dcp0_ep0_rank0_decode-20k,decode,20k,0,0,0,0,ApplyTopKTopPCustom,"6,154880;6,154880;6;",44,289.24,416.51,296.15,3749.78
dp0_pp0_tp0_dcp0_ep0_rank0_decode-20k,decode,20k,0,0,0,0,ArgMaxV2,"3,154880;",132,53.96,54.71,54.69,55.76
dp0_pp0_tp0_dcp0_ep0_rank0_decode-20k,decode,20k,0,0,0,0,AscendQuantV2,"9,2048;2048;2048",3476,9.68,10.78,10.04,20.66
dp0_pp0_tp0_dcp0_ep0_rank0_decode-20k,decode,20k,0,0,0,0,AscendQuantV2,"9,4096;4096;4096",3476,9.70,10.98,10.02,20.54
dp0_pp0_tp0_dcp0_ep0_rank0_decode-20k,decode,20k,0,0,0,0,AscendQuantV2Aicore,"9,2048;2048;2048",44,11.52,11.80,11.78,12.16
dp0_pp0_tp0_dcp0_ep0_rank0_decode-20k,decode,20k,0,0,0,0,AscendQuantV2Aicore,"9,4096;4096;4096",44,9.70,9.93,9.92,10.22
dp0_pp0_tp0_dcp0_ep0_rank0_decode-20k,decode,20k,0,0,0,0,BroadcastTo,1;1,176,1.28,1.44,1.42,1.94
dp0_pp0_tp0_dcp0_ep0_rank0_decode-20k,decode,20k,0,0,0,0,BroadcastTo,;1,44,1.44,1.56,1.54,1.78
dp0_pp0_tp0_dcp0_ep0_rank0_decode-20k,decode,20k,0,0,0,0,Cast,1,176,1.12,1.33,1.32,1.66
dp0_pp0_tp0_dcp0_ep0_rank0_decode-20k,decode,20k,0,0,0,0,Cast,3,616,1.08,1.36,1.32,2.12
dp0_pp0_tp0_dcp0_ep0_rank0_decode-20k,decode,20k,0,0,0,0,Cast,"3,1",44,1.28,1.44,1.38,1.72
dp0_pp0_tp0_dcp0_ep0_rank0_decode-20k,decode,20k,0,0,0,0,Cast,"3,154880",88,4.08,6.52,6.52,9.94
dp0_pp0_tp0_dcp0_ep0_rank0_decode-20k,decode,20k,0,0,0,0,Cast,"3,2",44,1.42,1.67,1.67,2.10
dp0_pp0_tp0_dcp0_ep0_rank0_decode-20k,decode,20k,0,0,0,0,Cast,"3,3",88,1.10,1.29,1.28,1.74
dp0_pp0_tp0_dcp0_ep0_rank0_decode-20k,decode,20k,0,0,0,0,Cast,"3,8",3388,1.04,2.08,1.34,7.80
dp0_pp0_tp0_dcp0_ep0_rank0_decode-20k,decode,20k,0,0,0,0,Cast,6,88,93.60,128.43,123.86,230.76
dp0_pp0_tp0_dcp0_ep0_rank0_decode-20k,decode,20k,0,0,0,0,Cast,"6,154880",44,7.80,8.22,8.13,10.06
dp0_pp0_tp0_dcp0_ep0_rank0_decode-20k,decode,20k,0,0,0,0,Cast,9,572,1.08,1.34,1.30,2.00
dp0_pp0_tp0_dcp0_ep0_rank0_decode-20k,decode,20k,0,0,0,0,Cast,"9,128",6952,1.12,1.35,1.32,10.60
dp0_pp0_tp0_dcp0_ep0_rank0_decode-20k,decode,20k,0,0,0,0,CastAiCore,9,220,1.10,1.33,1.26,3.06
dp0_pp0_tp0_dcp0_ep0_rank0_decode-20k,decode,20k,0,0,0,0,CastAiCore,"9,128",88,1.28,1.44,1.42,1.86
dp0_pp0_tp0_dcp0_ep0_rank0_decode-20k,decode,20k,0,0,0,0,ClipByValueV2,3;;,44,5.02,5.40,5.40,5.90
dp0_pp0_tp0_dcp0_ep0_rank0_decode-20k,decode,20k,0,0,0,0,ConcatD,"9,6144;9,6144",88,3.66,3.89,3.86,4.16
dp0_pp0_tp0_dcp0_ep0_rank0_decode-20k,decode,20k,0,0,0,0,DSARandomUniform,N/A,132,1.12,31.07,44.72,53.38
dp0_pp0_tp0_dcp0_ep0_rank0_decode-20k,decode,20k,0,0,0,0,DispatchFFNCombine,"3,6144;8,6144,4096;8,2048,6144;3,8;32768;49152;3,8",3300,255.58,308.45,300.64,19546.82
dp0_pp0_tp0_dcp0_ep0_rank0_decode-20k,decode,20k,0,0,0,0,DynamicQuant,"9,3072",132,5.58,6.23,6.10,9.70
dp0_pp0_tp0_dcp0_ep0_rank0_decode-20k,decode,20k,0,0,0,0,DynamicQuant,"9,512",3388,5.32,6.46,6.06,25.60
dp0_pp0_tp0_dcp0_ep0_rank0_decode-20k,decode,20k,0,0,0,0,DynamicQuant,"9,6144",3388,6.08,19.73,16.46,3297.96
dp0_pp0_tp0_dcp0_ep0_rank0_decode-20k,decode,20k,0,0,0,0,Equal,3;,44,2.00,2.16,2.16,2.36
dp0_pp0_tp0_dcp0_ep0_rank0_decode-20k,decode,20k,0,0,0,0,Equal,"9,1;",88,1.74,1.93,1.92,2.30
dp0_pp0_tp0_dcp0_ep0_rank0_decode-20k,decode,20k,0,0,0,0,Fill,1;,572,1.14,1.58,1.56,3.12
dp0_pp0_tp0_dcp0_ep0_rank0_decode-20k,decode,20k,0,0,0,0,Fill,2;,44,1.44,1.55,1.52,1.76
dp0_pp0_tp0_dcp0_ep0_rank0_decode-20k,decode,20k,0,0,0,0,FloorDiv,3;,44,37.64,51.76,45.71,98.30
dp0_pp0_tp0_dcp0_ep0_rank0_decode-20k,decode,20k,0,0,0,0,FloorMod,3;3,44,2.28,2.41,2.40,2.60
dp0_pp0_tp0_dcp0_ep0_rank0_decode-20k,decode,20k,0,0,0,0,GatherElementsV2,"3,1584;3,1",44,3.46,3.66,3.62,4.00
dp0_pp0_tp0_dcp0_ep0_rank0_decode-20k,decode,20k,0,0,0,0,GatherElementsV2,"3,3;3,1",44,4.24,4.64,4.66,5.02
dp0_pp0_tp0_dcp0_ep0_rank0_decode-20k,decode,20k,0,0,0,0,GatherV2,"38720,6144;9;1",88,3.48,3.75,3.72,4.08
dp0_pp0_tp0_dcp0_ep0_rank0_decode-20k,decode,20k,0,0,0,0,GatherV2AiCore,"38720,6144;9;1",44,3.48,3.79,3.72,5.44
dp0_pp0_tp0_dcp0_ep0_rank0_decode-20k,decode,20k,0,0,0,0,Greater,3;,44,2.80,3.10,3.07,3.48
dp0_pp0_tp0_dcp0_ep0_rank0_decode-20k,decode,20k,0,0,0,0,GreaterEqual,"3,154880;",88,8.98,11.42,10.36,19.66
dp0_pp0_tp0_dcp0_ep0_rank0_decode-20k,decode,20k,0,0,0,0,GreaterEqual,3;,88,2.76,3.04,3.05,3.40
dp0_pp0_tp0_dcp0_ep0_rank0_decode-20k,decode,20k,0,0,0,0,GreaterEqual,9;,132,2.32,2.70,2.55,3.66
dp0_pp0_tp0_dcp0_ep0_rank0_decode-20k,decode,20k,0,0,0,0,GroupedMatmul,"6656,2048;8,2048,6144;;8,6144;;;;8;6656",88,36.58,60.49,60.43,76.66
dp0_pp0_tp0_dcp0_ep0_rank0_decode-20k,decode,20k,0,0,0,0,GroupedMatmulSwigluQuant,"6656,6144;8,128,384,16,32;8,4096;6656;8",88,95.98,135.07,133.58,174.08
dp0_pp0_tp0_dcp0_ep0_rank0_decode-20k,decode,20k,0,0,0,0,Index,"202752,64;1;2;9",264,6.78,8.72,8.66,16.84
dp0_pp0_tp0_dcp0_ep0_rank0_decode-20k,decode,20k,0,0,0,0,Index,272;1;1;3,88,8.84,9.38,9.44,10.02
dp0_pp0_tp0_dcp0_ep0_rank0_decode-20k,decode,20k,0,0,0,0,Index,340;1;1;9,132,6.80,9.02,9.10,16.56
dp0_pp0_tp0_dcp0_ep0_rank0_decode-20k,decode,20k,0,0,0,0,Index,3;1;1;3,44,7.84,8.75,8.66,13.04
dp0_pp0_tp0_dcp0_ep0_rank0_decode-20k,decode,20k,0,0,0,0,Index,6;1;1;6,44,6.96,8.18,8.19,9.28
dp0_pp0_tp0_dcp0_ep0_rank0_decode-20k,decode,20k,0,0,0,0,Index,"9,154880;1;2;3",44,19.02,19.47,19.22,26.50
dp0_pp0_tp0_dcp0_ep0_rank0_decode-20k,decode,20k,0,0,0,0,Index,"9,154880;1;2;6",44,30.70,31.53,31.04,38.42
dp0_pp0_tp0_dcp0_ep0_rank0_decode-20k,decode,20k,0,0,0,0,Index,"9,6144;1;2;3",132,7.20,9.50,9.58,16.66
dp0_pp0_tp0_dcp0_ep0_rank0_decode-20k,decode,20k,0,0,0,0,Index,"9,6144;1;2;9",88,10.20,12.07,13.01,17.18
dp0_pp0_tp0_dcp0_ep0_rank0_decode-20k,decode,20k,0,0,0,0,Index,9;1;1;6,44,9.68,10.20,9.86,16.72
dp0_pp0_tp0_dcp0_ep0_rank0_decode-20k,decode,20k,0,0,0,0,IndexFill,"3,3;;",44,23.32,25.29,25.16,27.34
dp0_pp0_tp0_dcp0_ep0_rank0_decode-20k,decode,20k,0,0,0,0,IndexPutV2,272;3;1;1;3,44,8.88,9.11,9.06,9.70
dp0_pp0_tp0_dcp0_ep0_rank0_decode-20k,decode,20k,0,0,0,0,LayerNormV3,"9,128;128;128",3476,6.02,7.43,7.40,15.04
dp0_pp0_tp0_dcp0_ep0_rank0_decode-20k,decode,20k,0,0,0,0,LayerNormV3WithImplMode,"9,128;128;128",44,7.42,8.16,8.11,9.60
dp0_pp0_tp0_dcp0_ep0_rank0_decode-20k,decode,20k,0,0,0,0,Less,"3,3;",44,2.70,2.88,2.90,3.14
dp0_pp0_tp0_dcp0_ep0_rank0_decode-20k,decode,20k,0,0,0,0,Less,9;,88,2.24,2.54,2.55,3.04
dp0_pp0_tp0_dcp0_ep0_rank0_decode-20k,decode,20k,0,0,0,0,LessAiCore,9;,44,2.48,2.74,2.70,3.36
dp0_pp0_tp0_dcp0_ep0_rank0_decode-20k,decode,20k,0,0,0,0,LightningIndexer,"9,32,128;1765,128,1,128;9,32;3;3;3,1584",3520,41.68,67.80,68.16,78.16
dp0_pp0_tp0_dcp0_ep0_rank0_decode-20k,decode,20k,0,0,0,0,LinearIndex,3;1,44,1.94,2.10,2.04,3.32
dp0_pp0_tp0_dcp0_ep0_rank0_decode-20k,decode,20k,0,0,0,0,LinearIndex,6;1,44,1.68,1.82,1.76,3.20
dp0_pp0_tp0_dcp0_ep0_rank0_decode-20k,decode,20k,0,0,0,0,Log,"3,154880",88,7.10,8.57,8.56,12.62
dp0_pp0_tp0_dcp0_ep0_rank0_decode-20k,decode,20k,0,0,0,0,LogicalAnd,"3,3;3,3",44,1.52,1.70,1.67,1.98
dp0_pp0_tp0_dcp0_ep0_rank0_decode-20k,decode,20k,0,0,0,0,LogicalAnd,9;9,88,1.22,1.52,1.54,1.86
dp0_pp0_tp0_dcp0_ep0_rank0_decode-20k,decode,20k,0,0,0,0,LogicalAndAiCore,9;9,44,1.44,1.67,1.61,3.00
dp0_pp0_tp0_dcp0_ep0_rank0_decode-20k,decode,20k,0,0,0,0,LogicalNot,9,88,1.38,1.49,1.48,1.66
dp0_pp0_tp0_dcp0_ep0_rank0_decode-20k,decode,20k,0,0,0,0,LogicalNotAiCore,9,44,1.38,1.52,1.48,2.14
dp0_pp0_tp0_dcp0_ep0_rank0_decode-20k,decode,20k,0,0,0,0,MaskedFill,"3,154880;3,154880;",88,10.36,16.46,13.98,75.96
dp0_pp0_tp0_dcp0_ep0_rank0_decode-20k,decode,20k,0,0,0,0,MaskedFill,3;3;,88,1.86,2.14,2.12,2.54
dp0_pp0_tp0_dcp0_ep0_rank0_decode-20k,decode,20k,0,0,0,0,MaskedFill,"9,6144;9,1;",88,14.38,15.84,15.57,22.72
dp0_pp0_tp0_dcp0_ep0_rank0_decode-20k,decode,20k,0,0,0,0,MaskedFillAiCore,"9,6144;9,1;",44,14.40,14.91,14.85,15.50
dp0_pp0_tp0_dcp0_ep0_rank0_decode-20k,decode,20k,0,0,0,0,MatMulCommon,"9,6144;128,6144",44,15.14,15.64,15.62,16.28
dp0_pp0_tp0_dcp0_ep0_rank0_decode-20k,decode,20k,0,0,0,0,MatMulCommon,"9,6144;256,6144",44,8.96,9.52,9.53,10.08
dp0_pp0_tp0_dcp0_ep0_rank0_decode-20k,decode,20k,0,0,0,0,MatMulCommon,"9,6144;32,6144",44,13.30,13.45,13.43,13.64
dp0_pp0_tp0_dcp0_ep0_rank0_decode-20k,decode,20k,0,0,0,0,MatMulV2,"3,6144;38720,6144",88,406.96,425.26,425.15,442.06
dp0_pp0_tp0_dcp0_ep0_rank0_decode-20k,decode,20k,0,0,0,0,MatMulV2,"9,12288;6144,12288",88,127.78,174.98,175.91,221.78
dp0_pp0_tp0_dcp0_ep0_rank0_decode-20k,decode,20k,0,0,0,0,MatMulV2,"9,6144;128,6144",3476,13.24,14.60,14.50,25.52
dp0_pp0_tp0_dcp0_ep0_rank0_decode-20k,decode,20k,0,0,0,0,MatMulV2,"9,6144;256,6144",3344,8.36,10.07,10.20,11.92
dp0_pp0_tp0_dcp0_ep0_rank0_decode-20k,decode,20k,0,0,0,0,MatMulV2,"9,6144;32,6144",3476,11.76,13.18,13.18,23.52
dp0_pp0_tp0_dcp0_ep0_rank0_decode-20k,decode,20k,0,0,0,0,MatMulV2,"9,6144;38720,6144",44,425.76,431.18,431.29,435.06
dp0_pp0_tp0_dcp0_ep0_rank0_decode-20k,decode,20k,0,0,0,0,MatMulV2,"9,6144;6144,6144",88,62.30,84.52,84.71,107.38
dp0_pp0_tp0_dcp0_ep0_rank0_decode-20k,decode,20k,0,0,0,0,MemSet,N/A,6688,5.36,10.46,10.95,21.42
dp0_pp0_tp0_dcp0_ep0_rank0_decode-20k,decode,20k,0,0,0,0,MoeDistributeCombineV2,"6656,6144;3,8;851968;256;3,8;1;;;;;6656;;;;;;;",88,29.32,89.81,93.45,145.80
dp0_pp0_tp0_dcp0_ep0_rank0_decode-20k,decode,20k,0,0,0,0,MoeDistributeDispatchV2,"3,6144;3,8;;;;;",88,47.88,444.55,62.73,3517.72
dp0_pp0_tp0_dcp0_ep0_rank0_decode-20k,decode,20k,0,0,0,0,MoeGatingTopK,"3,256;256",3388,4.14,5.05,4.94,9.80
dp0_pp0_tp0_dcp0_ep0_rank0_decode-20k,decode,20k,0,0,0,0,Mul,"3,154880;",88,7.38,9.71,8.26,57.12
dp0_pp0_tp0_dcp0_ep0_rank0_decode-20k,decode,20k,0,0,0,0,Mul,3;,44,1.36,1.54,1.52,1.90
dp0_pp0_tp0_dcp0_ep0_rank0_decode-20k,decode,20k,0,0,0,0,Mul,9;,88,1.70,1.88,1.84,2.46
dp0_pp0_tp0_dcp0_ep0_rank0_decode-20k,decode,20k,0,0,0,0,Mul,9;9,88,1.86,2.13,2.14,2.44
dp0_pp0_tp0_dcp0_ep0_rank0_decode-20k,decode,20k,0,0,0,0,MulAiCore,9;,44,1.68,1.84,1.76,3.34
dp0_pp0_tp0_dcp0_ep0_rank0_decode-20k,decode,20k,0,0,0,0,MulAiCore,9;9,44,1.88,2.12,2.07,3.40
dp0_pp0_tp0_dcp0_ep0_rank0_decode-20k,decode,20k,0,0,0,0,Neg,"3,154880",88,8.18,25.97,10.00,993.12
dp0_pp0_tp0_dcp0_ep0_rank0_decode-20k,decode,20k,0,0,0,0,NotEqual,"3,3;",44,1.70,1.85,1.82,2.12
dp0_pp0_tp0_dcp0_ep0_rank0_decode-20k,decode,20k,0,0,0,0,NotEqual,3;,44,2.48,2.72,2.68,3.14
dp0_pp0_tp0_dcp0_ep0_rank0_decode-20k,decode,20k,0,0,0,0,PadV3,"9,256;4;",3344,13.68,18.73,18.80,22.34
dp0_pp0_tp0_dcp0_ep0_rank0_decode-20k,decode,20k,0,0,0,0,PadV3,"9,6144;4;",3344,15.86,19.54,19.40,27.56
dp0_pp0_tp0_dcp0_ep0_rank0_decode-20k,decode,20k,0,0,0,0,PadV3AiCore,"9,256;4;",44,18.00,20.78,21.00,22.40
dp0_pp0_tp0_dcp0_ep0_rank0_decode-20k,decode,20k,0,0,0,0,PadV3AiCore,"9,6144;4;",44,21.60,22.75,22.68,23.92
dp0_pp0_tp0_dcp0_ep0_rank0_decode-20k,decode,20k,0,0,0,0,PadV3AiCore,N/A,88,7.00,10.75,11.09,15.18
dp0_pp0_tp0_dcp0_ep0_rank0_decode-20k,decode,20k,0,0,0,0,QuantBatchMatmulV3,"9,2048;128,128,16,32;4096;4096",3520,17.82,19.88,19.86,28.16
dp0_pp0_tp0_dcp0_ep0_rank0_decode-20k,decode,20k,0,0,0,0,QuantBatchMatmulV3,"9,3072;192,192,16,32;6144;9",132,24.28,25.38,25.40,26.88
dp0_pp0_tp0_dcp0_ep0_rank0_decode-20k,decode,20k,0,0,0,0,QuantBatchMatmulV3,"9,4096;192,256,16,32;6144;6144",3520,29.14,32.01,31.79,39.62
dp0_pp0_tp0_dcp0_ep0_rank0_decode-20k,decode,20k,0,0,0,0,QuantBatchMatmulV3,"9,512;192,32,16,32;6144;9",3388,16.20,23.34,20.08,329.48
dp0_pp0_tp0_dcp0_ep0_rank0_decode-20k,decode,20k,0,0,0,0,QuantBatchMatmulV3,"9,6144;192,384,16,32;6144;9",132,38.90,40.84,40.99,46.10
dp0_pp0_tp0_dcp0_ep0_rank0_decode-20k,decode,20k,0,0,0,0,QuantBatchMatmulV3,"9,6144;32,384,16,32;1024;9",3388,20.52,37.09,28.42,3523.82
dp0_pp0_tp0_dcp0_ep0_rank0_decode-20k,decode,20k,0,0,0,0,RealDiv,"3,154880;3,1",44,12.80,13.40,13.21,15.74
dp0_pp0_tp0_dcp0_ep0_rank0_decode-20k,decode,20k,0,0,0,0,RealDiv,"3,154880;3,154880",44,9.56,10.35,10.30,11.60
dp0_pp0_tp0_dcp0_ep0_rank0_decode-20k,decode,20k,0,0,0,0,RealDiv,"6,154880;6,1",44,14.20,14.93,14.85,17.62
dp0_pp0_tp0_dcp0_ep0_rank0_decode-20k,decode,20k,0,0,0,0,ReduceSum,"3,3;1",44,3.94,4.36,4.35,5.00
dp0_pp0_tp0_dcp0_ep0_rank0_decode-20k,decode,20k,0,0,0,0,RmsNorm,"3,6144;6144",88,3.64,3.83,3.78,4.36
dp0_pp0_tp0_dcp0_ep0_rank0_decode-20k,decode,20k,0,0,0,0,RmsNorm,"9,6144;6144",308,4.74,5.73,5.91,7.74
dp0_pp0_tp0_dcp0_ep0_rank0_decode-20k,decode,20k,0,0,0,0,ScatterElementsV2,340;3;3,44,2.54,2.89,2.89,3.84
dp0_pp0_tp0_dcp0_ep0_rank0_decode-20k,decode,20k,0,0,0,0,ScatterElementsV2,340;6;6,44,2.14,2.30,2.24,3.50
dp0_pp0_tp0_dcp0_ep0_rank0_decode-20k,decode,20k,0,0,0,0,ScatterNdUpdate,"225920,128;9,1;9,128",704,11.64,12.42,12.30,16.38
dp0_pp0_tp0_dcp0_ep0_rank0_decode-20k,decode,20k,0,0,0,0,ScatterNdUpdateAiCore,"225920,128;9,1;9,128",2816,6.82,12.41,12.34,17.90
dp0_pp0_tp0_dcp0_ep0_rank0_decode-20k,decode,20k,0,0,0,0,SelectV2,3;3;3,44,2.00,2.15,2.14,2.40
dp0_pp0_tp0_dcp0_ep0_rank0_decode-20k,decode,20k,0,0,0,0,SelectV2,3;;3,88,2.56,2.83,2.82,3.32
dp0_pp0_tp0_dcp0_ep0_rank0_decode-20k,decode,20k,0,0,0,0,SelectV2,"9,1;;9,6144",88,16.48,17.23,17.15,20.68
dp0_pp0_tp0_dcp0_ep0_rank0_decode-20k,decode,20k,0,0,0,0,Slice,"202752,128;2;2",264,24.44,32.45,26.00,47.38
dp0_pp0_tp0_dcp0_ep0_rank0_decode-20k,decode,20k,0,0,0,0,SoftmaxV2,"3,154880",44,46.30,46.87,46.91,47.54
dp0_pp0_tp0_dcp0_ep0_rank0_decode-20k,decode,20k,0,0,0,0,SoftmaxV2,"6,154880",44,46.34,46.94,47.00,47.90
dp0_pp0_tp0_dcp0_ep0_rank0_decode-20k,decode,20k,0,0,0,0,Sort,"3,154880",44,183.64,184.95,184.85,187.16
dp0_pp0_tp0_dcp0_ep0_rank0_decode-20k,decode,20k,0,0,0,0,Sort,"6,154880",44,208.32,209.44,209.43,211.20
dp0_pp0_tp0_dcp0_ep0_rank0_decode-20k,decode,20k,0,0,0,0,SparseFlashAttention,"9,16,512;1765,128,1,512;1765,128,1,512;9,1,2048;3,1584;3;3;9,16,64;1765,128,1,64",3520,86.98,92.36,91.82,115.06
dp0_pp0_tp0_dcp0_ep0_rank0_decode-20k,decode,20k,0,0,0,0,Sub,3;,44,2.66,2.82,2.79,3.26
dp0_pp0_tp0_dcp0_ep0_rank0_decode-20k,decode,20k,0,0,0,0,Sub,9;9,88,2.26,2.66,2.66,3.32
dp0_pp0_tp0_dcp0_ep0_rank0_decode-20k,decode,20k,0,0,0,0,SubAiCore,9;9,44,2.54,2.84,2.77,4.34
dp0_pp0_tp0_dcp0_ep0_rank0_decode-20k,decode,20k,0,0,0,0,SwiGlu,"9,1024",3388,3.28,13.90,14.12,18.26
dp0_pp0_tp0_dcp0_ep0_rank0_decode-20k,decode,20k,0,0,0,0,SwiGlu,"9,6144",132,4.24,5.04,4.65,10.18
dp0_pp0_tp0_dcp0_ep0_rank0_decode-20k,decode,20k,0,0,0,0,TensorMove,"6,154880",44,8.82,9.16,9.16,9.60
dp0_pp0_tp0_dcp0_ep0_rank0_decode-20k,decode,20k,0,0,0,0,Transpose,"2,3;2",44,15.20,15.91,15.68,18.16
dp0_pp0_tp0_dcp0_ep0_rank0_decode-20k,decode,20k,0,0,0,0,Transpose,"4,3,38720;3",88,10.94,11.99,11.96,13.74
dp0_pp0_tp0_dcp0_ep0_rank0_decode-20k,decode,20k,0,0,0,0,Transpose,"4,9,38720;3",44,15.10,15.72,15.73,16.38
dp0_pp0_tp0_dcp0_ep0_rank0_decode-20k,decode,20k,0,0,0,0,ZerosLike,"2,3",44,1.68,1.88,1.88,2.06
dp0_pp0_tp0_dcp0_ep0_rank0_decode-20k,decode,20k,0,0,0,0,_triton_rope_siso,"9,1,128;9,64;9,64",88,2.94,3.18,3.20,3.46
dp0_pp0_tp0_dcp0_ep0_rank0_decode-20k,decode,20k,0,0,0,0,_triton_rope_siso,"9,32,128;9,64;9,64",88,4.90,5.11,5.10,5.58
dp0_pp0_tp0_dcp0_ep0_rank0_decode-20k,decode,20k,0,0,0,0,_triton_rope_siso_0,N/A,3432,2.60,2.99,2.94,10.62
dp0_pp0_tp0_dcp0_ep0_rank0_decode-20k,decode,20k,0,0,0,0,_triton_rope_siso_1,N/A,3432,4.54,4.90,4.80,17.78
dp0_pp0_tp0_dcp0_ep0_rank0_decode-20k,decode,20k,0,0,0,0,allgatherAicpuKernel,N/A,44,134.58,234.19,178.15,1877.54
dp0_pp0_tp0_dcp0_ep0_rank0_decode-20k,decode,20k,0,0,0,0,batch_matmul_transpose,N/A,88,9.50,10.16,10.17,11.10
dp0_pp0_tp0_dcp0_ep0_rank0_decode-20k,decode,20k,0,0,0,0,batch_matmul_transpose_0,N/A,3432,9.32,10.88,11.10,17.12
dp0_pp0_tp0_dcp0_ep0_rank0_decode-20k,decode,20k,0,0,0,0,expand_kernel,3;3,88,1.48,1.79,1.78,2.44
dp0_pp0_tp0_dcp0_ep0_rank0_decode-20k,decode,20k,0,0,0,0,hcom_allGather_,N/A,6996,6.66,11.35,10.80,52.06
dp0_pp0_tp0_dcp0_ep0_rank0_decode-20k,decode,20k,0,0,0,0,hcom_allReduce_,N/A,14432,4.28,14.55,11.90,845.64
dp0_pp0_tp0_dcp0_ep0_rank0_decode-20k,decode,20k,0,0,0,0,mla_preprocess,N/A,88,69.14,72.75,71.80,81.62
dp0_pp0_tp0_dcp0_ep0_rank0_decode-20k,decode,20k,0,0,0,0,mla_preprocess_0_mix_aic,N/A,3432,68.60,73.36,72.50,86.74
dp0_pp0_tp0_dcp0_ep0_rank0_decode-20k,decode,20k,0,0,0,0,muls_add_kernel,"9,6144;9,6144",88,4.88,5.19,5.18,5.90
dp0_pp0_tp0_dcp0_ep0_rank0_decode-20k,decode,20k,0,0,0,0,muls_add_kernel_1,N/A,3300,4.42,4.91,4.74,9.74
dp0_pp0_tp0_dcp0_ep0_rank0_decode-20k,decode,20k,0,0,0,0,prepare_inputs_padded_kernel,3;3;4,44,3.26,3.41,3.38,3.76
dp0_pp0_tp0_dcp0_ep0_rank0_decode-20k,decode,20k,0,0,0,0,rejection_random_sample_kernel,"3;6;6,154880;3,1",44,2.14,2.53,2.52,3.06
dp0_pp0_tp0_dcp0_ep0_rank0_decode-20k,decode,20k,0,0,0,0,sample_recovered_tokens_kernel,"3;6;6,154880",44,54.30,54.71,54.66,55.42
dp0_pp0_tp0_dcp0_ep0_rank0_decode-2500,decode,2500,0,0,0,0,Add,"1,154880;",100,7.40,9.54,7.62,55.44
dp0_pp0_tp0_dcp0_ep0_rank0_decode-2500,decode,2500,0,0,0,0,Add,1;,150,1.32,1.51,1.50,1.88
dp0_pp0_tp0_dcp0_ep0_rank0_decode-2500,decode,2500,0,0,0,0,Add,1;1,50,1.20,1.33,1.32,1.54
dp0_pp0_tp0_dcp0_ep0_rank0_decode-2500,decode,2500,0,0,0,0,Add,2;,50,1.42,1.61,1.60,1.84
dp0_pp0_tp0_dcp0_ep0_rank0_decode-2500,decode,2500,0,0,0,0,Add,"3,6144;3,6144",100,4.20,4.58,4.56,5.46
dp0_pp0_tp0_dcp0_ep0_rank0_decode-2500,decode,2500,0,0,0,0,AddRmsNormBias,"3,6144;3,6144;6144;6144",7750,3.46,3.87,3.84,13.54
dp0_pp0_tp0_dcp0_ep0_rank0_decode-2500,decode,2500,0,0,0,0,AddRmsNormDynamicQuant,"3,6144;3,6144;6144;6144",100,5.06,5.37,5.34,5.78
dp0_pp0_tp0_dcp0_ep0_rank0_decode-2500,decode,2500,0,0,0,0,AddRmsNormDynamicQuantAiCore,"3,6144;3,6144;6144;6144",50,5.94,6.32,6.25,6.84
dp0_pp0_tp0_dcp0_ep0_rank0_decode-2500,decode,2500,0,0,0,0,ApplyTopKTopPCustom,"1,154880;1,154880;1;",50,258.20,262.40,261.04,308.64
dp0_pp0_tp0_dcp0_ep0_rank0_decode-2500,decode,2500,0,0,0,0,ApplyTopKTopPCustom,"2,154880;2,154880;2;",50,260.82,270.96,270.49,290.72
dp0_pp0_tp0_dcp0_ep0_rank0_decode-2500,decode,2500,0,0,0,0,ArgMaxV2,"1,154880;",150,19.22,19.77,19.84,20.26
dp0_pp0_tp0_dcp0_ep0_rank0_decode-2500,decode,2500,0,0,0,0,AscendQuantV2,"3,2048;2048;2048",3950,7.18,10.45,10.08,18.12
dp0_pp0_tp0_dcp0_ep0_rank0_decode-2500,decode,2500,0,0,0,0,AscendQuantV2,"3,4096;4096;4096",3950,10.38,12.14,11.98,18.86
dp0_pp0_tp0_dcp0_ep0_rank0_decode-2500,decode,2500,0,0,0,0,AscendQuantV2Aicore,"3,2048;2048;2048",50,10.68,11.12,11.09,11.96
dp0_pp0_tp0_dcp0_ep0_rank0_decode-2500,decode,2500,0,0,0,0,AscendQuantV2Aicore,"3,4096;4096;4096",50,10.84,11.94,11.96,12.50
dp0_pp0_tp0_dcp0_ep0_rank0_decode-2500,decode,2500,0,0,0,0,BroadcastTo,1;1,150,1.24,1.50,1.50,1.78
dp0_pp0_tp0_dcp0_ep0_rank0_decode-2500,decode,2500,0,0,0,0,BroadcastTo,;1,50,1.10,1.26,1.25,1.44
dp0_pp0_tp0_dcp0_ep0_rank0_decode-2500,decode,2500,0,0,0,0,Cast,1,700,1.06,1.39,1.38,2.06
dp0_pp0_tp0_dcp0_ep0_rank0_decode-2500,decode,2500,0,0,0,0,Cast,"1,1",50,1.24,1.40,1.40,1.70
dp0_pp0_tp0_dcp0_ep0_rank0_decode-2500,decode,2500,0,0,0,0,Cast,"1,154880",100,2.64,5.82,6.06,8.82
dp0_pp0_tp0_dcp0_ep0_rank0_decode-2500,decode,2500,0,0,0,0,Cast,"1,2",50,1.50,1.61,1.58,1.84
dp0_pp0_tp0_dcp0_ep0_rank0_decode-2500,decode,2500,0,0,0,0,Cast,"1,3",100,1.10,1.40,1.40,1.98
dp0_pp0_tp0_dcp0_ep0_rank0_decode-2500,decode,2500,0,0,0,0,Cast,"1,8",3800,1.04,1.22,1.20,5.42
dp0_pp0_tp0_dcp0_ep0_rank0_decode-2500,decode,2500,0,0,0,0,Cast,2,100,79.90,110.75,108.92,164.24
dp0_pp0_tp0_dcp0_ep0_rank0_decode-2500,decode,2500,0,0,0,0,Cast,"2,154880",50,7.86,8.47,8.43,9.72
dp0_pp0_tp0_dcp0_ep0_rank0_decode-2500,decode,2500,0,0,0,0,Cast,3,650,1.08,1.34,1.32,1.92
dp0_pp0_tp0_dcp0_ep0_rank0_decode-2500,decode,2500,0,0,0,0,Cast,"3,128",7900,1.08,1.30,1.28,5.60
dp0_pp0_tp0_dcp0_ep0_rank0_decode-2500,decode,2500,0,0,0,0,CastAiCore,"1,8",50,1.10,1.18,1.17,1.36
dp0_pp0_tp0_dcp0_ep0_rank0_decode-2500,decode,2500,0,0,0,0,CastAiCore,3,250,1.14,1.50,1.48,2.06
dp0_pp0_tp0_dcp0_ep0_rank0_decode-2500,decode,2500,0,0,0,0,CastAiCore,"3,128",100,1.20,1.37,1.36,1.90
dp0_pp0_tp0_dcp0_ep0_rank0_decode-2500,decode,2500,0,0,0,0,ClipByValueV2,1;;,50,4.78,5.24,5.25,5.74
dp0_pp0_tp0_dcp0_ep0_rank0_decode-2500,decode,2500,0,0,0,0,ConcatD,"3,6144;3,6144",100,2.62,2.86,2.84,3.22
dp0_pp0_tp0_dcp0_ep0_rank0_decode-2500,decode,2500,0,0,0,0,DSARandomUniform,N/A,150,1.10,11.20,15.66,23.16
dp0_pp0_tp0_dcp0_ep0_rank0_decode-2500,decode,2500,0,0,0,0,DispatchFFNCombine,"1,6144;8,6144,4096;8,2048,6144;1,8;32768;49152;1,8",3750,206.04,299.24,270.24,82238.94
dp0_pp0_tp0_dcp0_ep0_rank0_decode-2500,decode,2500,0,0,0,0,DynamicQuant,"3,3072",150,3.56,4.42,3.98,7.62
dp0_pp0_tp0_dcp0_ep0_rank0_decode-2500,decode,2500,0,0,0,0,DynamicQuant,"3,512",3850,3.42,10.86,6.05,324.28
dp0_pp0_tp0_dcp0_ep0_rank0_decode-2500,decode,2500,0,0,0,0,DynamicQuant,"3,6144",3850,5.04,16.37,15.94,438.82
dp0_pp0_tp0_dcp0_ep0_rank0_decode-2500,decode,2500,0,0,0,0,Equal,1;,50,1.86,2.03,2.02,2.28
dp0_pp0_tp0_dcp0_ep0_rank0_decode-2500,decode,2500,0,0,0,0,Equal,"3,1;",100,1.76,1.91,1.90,2.20
dp0_pp0_tp0_dcp0_ep0_rank0_decode-2500,decode,2500,0,0,0,0,Fill,1;,650,1.18,1.59,1.58,2.28
dp0_pp0_tp0_dcp0_ep0_rank0_decode-2500,decode,2500,0,0,0,0,Fill,2;,50,1.44,1.55,1.54,1.70
dp0_pp0_tp0_dcp0_ep0_rank0_decode-2500,decode,2500,0,0,0,0,FloorDiv,1;,50,35.12,51.76,48.58,87.74
dp0_pp0_tp0_dcp0_ep0_rank0_decode-2500,decode,2500,0,0,0,0,FloorMod,1;1,50,2.16,2.34,2.32,2.80
dp0_pp0_tp0_dcp0_ep0_rank0_decode-2500,decode,2500,0,0,0,0,GatherElementsV2,"1,1584;1,1",50,3.30,3.48,3.46,3.74
dp0_pp0_tp0_dcp0_ep0_rank0_decode-2500,decode,2500,0,0,0,0,GatherElementsV2,"1,3;1,1",50,4.08,4.44,4.40,5.08
dp0_pp0_tp0_dcp0_ep0_rank0_decode-2500,decode,2500,0,0,0,0,GatherV2,"38720,6144;3;1",100,2.66,2.91,2.88,3.42
dp0_pp0_tp0_dcp0_ep0_rank0_decode-2500,decode,2500,0,0,0,0,GatherV2AiCore,"38720,6144;3;1",50,2.86,3.10,3.07,3.46
dp0_pp0_tp0_dcp0_ep0_rank0_decode-2500,decode,2500,0,0,0,0,Greater,1;,50,2.96,3.43,3.43,3.80
dp0_pp0_tp0_dcp0_ep0_rank0_decode-2500,decode,2500,0,0,0,0,GreaterEqual,"1,154880;",100,7.56,10.45,8.72,63.00
dp0_pp0_tp0_dcp0_ep0_rank0_decode-2500,decode,2500,0,0,0,0,GreaterEqual,1;,100,2.64,3.02,2.96,3.60
dp0_pp0_tp0_dcp0_ep0_rank0_decode-2500,decode,2500,0,0,0,0,GreaterEqual,3;,150,2.60,3.13,3.10,3.64
dp0_pp0_tp0_dcp0_ep0_rank0_decode-2500,decode,2500,0,0,0,0,GroupedMatmul,"6656,2048;8,2048,6144;;8,6144;;;;8;6656",100,36.10,49.52,47.02,74.84
dp0_pp0_tp0_dcp0_ep0_rank0_decode-2500,decode,2500,0,0,0,0,GroupedMatmulSwigluQuant,"6656,6144;8,128,384,16,32;8,4096;6656;8",100,78.36,111.04,105.84,158.64
dp0_pp0_tp0_dcp0_ep0_rank0_decode-2500,decode,2500,0,0,0,0,Index,1;1;1;1,50,8.66,9.45,9.13,16.02
dp0_pp0_tp0_dcp0_ep0_rank0_decode-2500,decode,2500,0,0,0,0,Index,"202752,64;1;2;3",300,6.76,8.67,8.55,17.40
dp0_pp0_tp0_dcp0_ep0_rank0_decode-2500,decode,2500,0,0,0,0,Index,272;1;1;1,100,9.24,10.23,9.89,17.42
dp0_pp0_tp0_dcp0_ep0_rank0_decode-2500,decode,2500,0,0,0,0,Index,2;1;1;2,50,6.76,7.86,7.90,9.08
dp0_pp0_tp0_dcp0_ep0_rank0_decode-2500,decode,2500,0,0,0,0,Index,"3,154880;1;2;1",50,11.16,11.55,11.28,18.06
dp0_pp0_tp0_dcp0_ep0_rank0_decode-2500,decode,2500,0,0,0,0,Index,"3,154880;1;2;2",50,15.16,15.52,15.28,21.82
dp0_pp0_tp0_dcp0_ep0_rank0_decode-2500,decode,2500,0,0,0,0,Index,"3,6144;1;2;1",150,7.04,9.07,9.12,15.76
dp0_pp0_tp0_dcp0_ep0_rank0_decode-2500,decode,2500,0,0,0,0,Index,"3,6144;1;2;3",100,9.40,9.96,9.85,16.92
dp0_pp0_tp0_dcp0_ep0_rank0_decode-2500,decode,2500,0,0,0,0,Index,340;1;1;3,150,6.76,9.19,9.23,17.50
dp0_pp0_tp0_dcp0_ep0_rank0_decode-2500,decode,2500,0,0,0,0,Index,3;1;1;2,50,9.98,10.42,10.24,17.54
dp0_pp0_tp0_dcp0_ep0_rank0_decode-2500,decode,2500,0,0,0,0,IndexFill,"1,3;;",50,21.92,24.85,24.68,27.90
dp0_pp0_tp0_dcp0_ep0_rank0_decode-2500,decode,2500,0,0,0,0,IndexPutV2,272;1;1;1;1,50,8.34,8.96,8.76,13.40
dp0_pp0_tp0_dcp0_ep0_rank0_decode-2500,decode,2500,0,0,0,0,LayerNormV3,"3,128;128;128",3950,4.34,5.46,5.34,10.54
dp0_pp0_tp0_dcp0_ep0_rank0_decode-2500,decode,2500,0,0,0,0,LayerNormV3WithImplMode,"3,128;128;128",50,5.96,6.78,6.75,7.54
dp0_pp0_tp0_dcp0_ep0_rank0_decode-2500,decode,2500,0,0,0,0,Less,"1,3;",50,2.52,2.73,2.71,3.12
dp0_pp0_tp0_dcp0_ep0_rank0_decode-2500,decode,2500,0,0,0,0,Less,3;,100,2.20,2.51,2.52,2.86
dp0_pp0_tp0_dcp0_ep0_rank0_decode-2500,decode,2500,0,0,0,0,LessAiCore,3;,50,2.52,2.99,3.00,3.42
dp0_pp0_tp0_dcp0_ep0_rank0_decode-2500,decode,2500,0,0,0,0,LightningIndexer,"3,32,128;1765,128,1,128;3,32;1;1;1,1584",4000,28.24,33.08,32.98,39.70
dp0_pp0_tp0_dcp0_ep0_rank0_decode-2500,decode,2500,0,0,0,0,LinearIndex,1;1,50,1.90,2.05,2.02,2.44
dp0_pp0_tp0_dcp0_ep0_rank0_decode-2500,decode,2500,0,0,0,0,LinearIndex,2;1,50,1.64,1.77,1.76,1.96
dp0_pp0_tp0_dcp0_ep0_rank0_decode-2500,decode,2500,0,0,0,0,Log,"1,154880",100,5.90,9.49,8.51,51.82
dp0_pp0_tp0_dcp0_ep0_rank0_decode-2500,decode,2500,0,0,0,0,LogicalAnd,"1,3;1,3",50,1.46,1.64,1.62,1.96
dp0_pp0_tp0_dcp0_ep0_rank0_decode-2500,decode,2500,0,0,0,0,LogicalAnd,3;3,100,1.24,1.52,1.54,1.84
dp0_pp0_tp0_dcp0_ep0_rank0_decode-2500,decode,2500,0,0,0,0,LogicalAndAiCore,3;3,50,1.50,1.77,1.74,2.06
dp0_pp0_tp0_dcp0_ep0_rank0_decode-2500,decode,2500,0,0,0,0,LogicalNot,3,100,1.42,1.52,1.50,1.76
dp0_pp0_tp0_dcp0_ep0_rank0_decode-2500,decode,2500,0,0,0,0,LogicalNotAiCore,3,50,1.52,1.72,1.70,1.98
dp0_pp0_tp0_dcp0_ep0_rank0_decode-2500,decode,2500,0,0,0,0,MaskedFill,"1,154880;1,154880;",100,8.98,14.20,13.67,33.44
dp0_pp0_tp0_dcp0_ep0_rank0_decode-2500,decode,2500,0,0,0,0,MaskedFill,1;1;,100,1.44,1.63,1.62,2.04
dp0_pp0_tp0_dcp0_ep0_rank0_decode-2500,decode,2500,0,0,0,0,MaskedFill,"3,6144;3,1;",100,13.74,16.24,15.57,25.50
dp0_pp0_tp0_dcp0_ep0_rank0_decode-2500,decode,2500,0,0,0,0,MaskedFillAiCore,"3,6144;3,1;",50,14.06,14.46,14.45,15.10
dp0_pp0_tp0_dcp0_ep0_rank0_decode-2500,decode,2500,0,0,0,0,MatMulCommon,"3,6144;128,6144",50,15.24,15.61,15.57,16.22
dp0_pp0_tp0_dcp0_ep0_rank0_decode-2500,decode,2500,0,0,0,0,MatMulCommon,"3,6144;256,6144",50,9.54,10.06,10.03,10.82
dp0_pp0_tp0_dcp0_ep0_rank0_decode-2500,decode,2500,0,0,0,0,MatMulCommon,"3,6144;32,6144",50,12.66,12.92,12.84,13.36
dp0_pp0_tp0_dcp0_ep0_rank0_decode-2500,decode,2500,0,0,0,0,MatMulV2,"1,6144;38720,6144",100,387.92,397.46,397.83,405.90
dp0_pp0_tp0_dcp0_ep0_rank0_decode-2500,decode,2500,0,0,0,0,MatMulV2,"3,12288;6144,12288",100,124.62,161.91,162.41,199.88
dp0_pp0_tp0_dcp0_ep0_rank0_decode-2500,decode,2500,0,0,0,0,MatMulV2,"3,6144;128,6144",3950,13.54,14.35,14.18,26.30
dp0_pp0_tp0_dcp0_ep0_rank0_decode-2500,decode,2500,0,0,0,0,MatMulV2,"3,6144;256,6144",3800,8.40,10.18,10.32,11.62
dp0_pp0_tp0_dcp0_ep0_rank0_decode-2500,decode,2500,0,0,0,0,MatMulV2,"3,6144;32,6144",3950,11.86,12.65,12.60,20.50
dp0_pp0_tp0_dcp0_ep0_rank0_decode-2500,decode,2500,0,0,0,0,MatMulV2,"3,6144;38720,6144",50,392.00,396.41,396.36,402.58
dp0_pp0_tp0_dcp0_ep0_rank0_decode-2500,decode,2500,0,0,0,0,MatMulV2,"3,6144;6144,6144",100,62.54,66.51,66.23,70.52
dp0_pp0_tp0_dcp0_ep0_rank0_decode-2500,decode,2500,0,0,0,0,MemSet,N/A,7600,5.36,11.13,15.29,23.70
dp0_pp0_tp0_dcp0_ep0_rank0_decode-2500,decode,2500,0,0,0,0,MoeDistributeCombineV2,"6656,6144;1,8;851968;256;1,8;1;;;;;6656;;;;;;;",100,26.76,75.86,73.48,171.14
dp0_pp0_tp0_dcp0_ep0_rank0_decode-2500,decode,2500,0,0,0,0,MoeDistributeDispatchV2,"1,6144;1,8;;;;;",100,45.28,74.85,56.67,435.42
dp0_pp0_tp0_dcp0_ep0_rank0_decode-2500,decode,2500,0,0,0,0,MoeGatingTopK,"1,256;256",3850,3.38,3.96,3.76,7.20
dp0_pp0_tp0_dcp0_ep0_rank0_decode-2500,decode,2500,0,0,0,0,Mul,"1,154880;",100,6.86,8.31,7.31,29.04
dp0_pp0_tp0_dcp0_ep0_rank0_decode-2500,decode,2500,0,0,0,0,Mul,1;,50,1.50,1.67,1.64,1.96
dp0_pp0_tp0_dcp0_ep0_rank0_decode-2500,decode,2500,0,0,0,0,Mul,3;,100,1.74,1.94,1.94,2.24
dp0_pp0_tp0_dcp0_ep0_rank0_decode-2500,decode,2500,0,0,0,0,Mul,3;3,100,1.92,2.25,2.26,2.76
dp0_pp0_tp0_dcp0_ep0_rank0_decode-2500,decode,2500,0,0,0,0,MulAiCore,3;,50,1.70,2.11,2.12,2.46
dp0_pp0_tp0_dcp0_ep0_rank0_decode-2500,decode,2500,0,0,0,0,MulAiCore,3;3,50,2.10,2.42,2.39,2.94
dp0_pp0_tp0_dcp0_ep0_rank0_decode-2500,decode,2500,0,0,0,0,Neg,"1,154880",100,6.70,11.83,9.60,62.42
dp0_pp0_tp0_dcp0_ep0_rank0_decode-2500,decode,2500,0,0,0,0,NotEqual,"1,3;",50,1.68,1.84,1.84,2.00
dp0_pp0_tp0_dcp0_ep0_rank0_decode-2500,decode,2500,0,0,0,0,NotEqual,1;,50,2.34,2.68,2.61,3.18
dp0_pp0_tp0_dcp0_ep0_rank0_decode-2500,decode,2500,0,0,0,0,PadV3,"3,256;4;",3800,2.30,2.65,2.62,4.76
dp0_pp0_tp0_dcp0_ep0_rank0_decode-2500,decode,2500,0,0,0,0,PadV3,"3,6144;4;",3800,14.96,17.94,16.90,42.48
dp0_pp0_tp0_dcp0_ep0_rank0_decode-2500,decode,2500,0,0,0,0,PadV3AiCore,"3,256;4;",50,2.62,3.03,2.81,5.18
dp0_pp0_tp0_dcp0_ep0_rank0_decode-2500,decode,2500,0,0,0,0,PadV3AiCore,"3,6144;4;",50,17.66,19.85,18.35,34.28
dp0_pp0_tp0_dcp0_ep0_rank0_decode-2500,decode,2500,0,0,0,0,PadV3AiCore,N/A,100,5.38,10.83,12.48,16.04
dp0_pp0_tp0_dcp0_ep0_rank0_decode-2500,decode,2500,0,0,0,0,QuantBatchMatmulV3,"3,2048;128,128,16,32;4096;4096",4000,18.60,19.94,19.90,28.48
dp0_pp0_tp0_dcp0_ep0_rank0_decode-2500,decode,2500,0,0,0,0,QuantBatchMatmulV3,"3,3072;192,192,16,32;6144;3",150,23.74,26.38,26.84,29.60
dp0_pp0_tp0_dcp0_ep0_rank0_decode-2500,decode,2500,0,0,0,0,QuantBatchMatmulV3,"3,4096;192,256,16,32;6144;6144",4000,28.72,31.44,31.22,38.34
dp0_pp0_tp0_dcp0_ep0_rank0_decode-2500,decode,2500,0,0,0,0,QuantBatchMatmulV3,"3,512;192,32,16,32;6144;3",3850,12.60,256.30,271.04,6733.62
dp0_pp0_tp0_dcp0_ep0_rank0_decode-2500,decode,2500,0,0,0,0,QuantBatchMatmulV3,"3,6144;192,384,16,32;6144;3",150,38.28,40.18,40.26,45.62
dp0_pp0_tp0_dcp0_ep0_rank0_decode-2500,decode,2500,0,0,0,0,QuantBatchMatmulV3,"3,6144;32,384,16,32;1024;3",3850,15.80,29.05,27.32,170.18
dp0_pp0_tp0_dcp0_ep0_rank0_decode-2500,decode,2500,0,0,0,0,RealDiv,"1,154880;1,1",50,7.98,8.19,8.18,8.42
dp0_pp0_tp0_dcp0_ep0_rank0_decode-2500,decode,2500,0,0,0,0,RealDiv,"1,154880;1,154880",50,7.72,8.31,7.98,12.76
dp0_pp0_tp0_dcp0_ep0_rank0_decode-2500,decode,2500,0,0,0,0,RealDiv,"2,154880;2,1",50,13.04,13.74,13.47,18.08
dp0_pp0_tp0_dcp0_ep0_rank0_decode-2500,decode,2500,0,0,0,0,ReduceSum,"1,3;1",50,3.42,3.75,3.78,4.16
dp0_pp0_tp0_dcp0_ep0_rank0_decode-2500,decode,2500,0,0,0,0,RmsNorm,"1,6144;6144",100,3.14,3.29,3.28,3.54
dp0_pp0_tp0_dcp0_ep0_rank0_decode-2500,decode,2500,0,0,0,0,RmsNorm,"3,6144;6144",350,3.50,4.55,4.78,5.38
dp0_pp0_tp0_dcp0_ep0_rank0_decode-2500,decode,2500,0,0,0,0,ScatterElementsV2,340;1;1,50,2.46,2.87,2.84,3.34
dp0_pp0_tp0_dcp0_ep0_rank0_decode-2500,decode,2500,0,0,0,0,ScatterElementsV2,340;2;2,50,2.06,2.26,2.24,2.60
dp0_pp0_tp0_dcp0_ep0_rank0_decode-2500,decode,2500,0,0,0,0,ScatterNdUpdate,"225920,128;3,1;3,128",800,13.52,14.12,14.08,17.40
dp0_pp0_tp0_dcp0_ep0_rank0_decode-2500,decode,2500,0,0,0,0,ScatterNdUpdateAiCore,"225920,128;3,1;3,128",3200,6.62,14.12,14.00,18.10
dp0_pp0_tp0_dcp0_ep0_rank0_decode-2500,decode,2500,0,0,0,0,SelectV2,1;1;1,50,1.84,2.02,2.00,2.38
dp0_pp0_tp0_dcp0_ep0_rank0_decode-2500,decode,2500,0,0,0,0,SelectV2,1;;1,100,1.50,1.82,1.82,2.34
dp0_pp0_tp0_dcp0_ep0_rank0_decode-2500,decode,2500,0,0,0,0,SelectV2,"3,1;;3,6144",100,15.84,16.72,16.58,20.06
dp0_pp0_tp0_dcp0_ep0_rank0_decode-2500,decode,2500,0,0,0,0,Slice,"202752,128;2;2",300,24.42,32.33,25.92,50.62
dp0_pp0_tp0_dcp0_ep0_rank0_decode-2500,decode,2500,0,0,0,0,SoftmaxV2,"1,154880",50,44.86,45.21,45.22,45.82
dp0_pp0_tp0_dcp0_ep0_rank0_decode-2500,decode,2500,0,0,0,0,SoftmaxV2,"2,154880",50,45.30,46.28,46.28,47.56
dp0_pp0_tp0_dcp0_ep0_rank0_decode-2500,decode,2500,0,0,0,0,Sort,"1,154880",50,230.56,233.30,233.39,235.86
dp0_pp0_tp0_dcp0_ep0_rank0_decode-2500,decode,2500,0,0,0,0,Sort,"2,154880",50,234.52,236.50,236.45,238.94
dp0_pp0_tp0_dcp0_ep0_rank0_decode-2500,decode,2500,0,0,0,0,SparseFlashAttention,"3,16,512;1765,128,1,512;1765,128,1,512;3,1,2048;1,1584;1;1;3,16,64;1765,128,1,64",4000,83.52,88.68,87.98,117.64
dp0_pp0_tp0_dcp0_ep0_rank0_decode-2500,decode,2500,0,0,0,0,Sub,1;,50,2.24,2.41,2.40,2.62
dp0_pp0_tp0_dcp0_ep0_rank0_decode-2500,decode,2500,0,0,0,0,Sub,3;3,100,1.84,2.21,2.25,3.18
dp0_pp0_tp0_dcp0_ep0_rank0_decode-2500,decode,2500,0,0,0,0,SubAiCore,3;3,50,2.22,2.93,2.96,3.32
dp0_pp0_tp0_dcp0_ep0_rank0_decode-2500,decode,2500,0,0,0,0,SwiGlu,"3,1024",3850,2.98,3.90,3.38,22.88
dp0_pp0_tp0_dcp0_ep0_rank0_decode-2500,decode,2500,0,0,0,0,SwiGlu,"3,6144",150,3.64,4.11,3.82,8.20
dp0_pp0_tp0_dcp0_ep0_rank0_decode-2500,decode,2500,0,0,0,0,TensorMove,"2,154880",50,8.92,9.54,9.54,10.30
dp0_pp0_tp0_dcp0_ep0_rank0_decode-2500,decode,2500,0,0,0,0,Transpose,"4,3,38720;3",50,11.30,12.83,12.94,14.52
dp0_pp0_tp0_dcp0_ep0_rank0_decode-2500,decode,2500,0,0,0,0,ZerosLike,"2,1",50,1.68,1.87,1.85,2.34
dp0_pp0_tp0_dcp0_ep0_rank0_decode-2500,decode,2500,0,0,0,0,_triton_rope_siso,"3,1,128;3,64;3,64",100,2.02,2.17,2.14,2.60
dp0_pp0_tp0_dcp0_ep0_rank0_decode-2500,decode,2500,0,0,0,0,_triton_rope_siso,"3,32,128;3,64;3,64",100,3.70,3.90,3.86,4.34
dp0_pp0_tp0_dcp0_ep0_rank0_decode-2500,decode,2500,0,0,0,0,_triton_rope_siso_0,N/A,3900,1.76,2.16,2.14,7.34
dp0_pp0_tp0_dcp0_ep0_rank0_decode-2500,decode,2500,0,0,0,0,_triton_rope_siso_1,N/A,3900,3.48,3.72,3.66,11.82
dp0_pp0_tp0_dcp0_ep0_rank0_decode-2500,decode,2500,0,0,0,0,batch_matmul_transpose,N/A,100,9.26,10.04,10.00,11.24
dp0_pp0_tp0_dcp0_ep0_rank0_decode-2500,decode,2500,0,0,0,0,batch_matmul_transpose_0,N/A,3900,9.00,10.83,11.00,22.02
dp0_pp0_tp0_dcp0_ep0_rank0_decode-2500,decode,2500,0,0,0,0,expand_kernel,1;1,100,1.30,1.52,1.51,1.88
dp0_pp0_tp0_dcp0_ep0_rank0_decode-2500,decode,2500,0,0,0,0,hcom_allGather_,N/A,8000,6.22,11.66,11.22,72.66
dp0_pp0_tp0_dcp0_ep0_rank0_decode-2500,decode,2500,0,0,0,0,hcom_allReduce_,N/A,16400,4.20,11.49,8.42,854.80
dp0_pp0_tp0_dcp0_ep0_rank0_decode-2500,decode,2500,0,0,0,0,mla_preprocess,N/A,100,61.58,64.76,62.78,77.50
dp0_pp0_tp0_dcp0_ep0_rank0_decode-2500,decode,2500,0,0,0,0,mla_preprocess_0_mix_aic,N/A,3900,59.66,64.87,63.66,79.26
dp0_pp0_tp0_dcp0_ep0_rank0_decode-2500,decode,2500,0,0,0,0,muls_add_kernel,"3,6144;3,6144",100,2.82,3.02,3.02,3.28
dp0_pp0_tp0_dcp0_ep0_rank0_decode-2500,decode,2500,0,0,0,0,muls_add_kernel_1,N/A,3750,2.54,2.80,2.78,3.52
dp0_pp0_tp0_dcp0_ep0_rank0_decode-2500,decode,2500,0,0,0,0,prepare_inputs_padded_kernel,1;1;2,50,3.28,3.42,3.40,3.74
dp0_pp0_tp0_dcp0_ep0_rank0_decode-2500,decode,2500,0,0,0,0,rejection_random_sample_kernel,"1;2;2,154880;1,1",50,1.88,2.25,2.25,2.58
dp0_pp0_tp0_dcp0_ep0_rank0_decode-2500,decode,2500,0,0,0,0,sample_recovered_tokens_kernel,"1;2;2,154880",50,53.78,54.49,54.46,55.04
dp0_pp0_tp0_dcp0_ep0_rank0_prefill-10k,prefill,10k,0,0,0,0,Add,"1,154880;",6,8.62,11.61,9.61,22.64
dp0_pp0_tp0_dcp0_ep0_rank0_prefill-10k,prefill,10k,0,0,0,0,Add,"114,6144;114,6144",79,4.34,10.63,10.62,17.40
dp0_pp0_tp0_dcp0_ep0_rank0_prefill-10k,prefill,10k,0,0,0,0,Add,1365;,1,1.52,1.52,1.52,1.52
dp0_pp0_tp0_dcp0_ep0_rank0_prefill-10k,prefill,10k,0,0,0,0,Add,1;,18,1.40,1.56,1.52,1.82
dp0_pp0_tp0_dcp0_ep0_rank0_prefill-10k,prefill,10k,0,0,0,0,Add,1;1,6,1.20,1.39,1.35,1.78
dp0_pp0_tp0_dcp0_ep0_rank0_prefill-10k,prefill,10k,0,0,0,0,Add,"256,6144;256,6144",553,6.20,12.30,12.20,19.00
dp0_pp0_tp0_dcp0_ep0_rank0_prefill-10k,prefill,10k,0,0,0,0,Add,608;,1,1.60,1.60,1.60,1.60
dp0_pp0_tp0_dcp0_ep0_rank0_prefill-10k,prefill,10k,0,0,0,0,AddRmsNormBias,"114,6144;114,6144;6144;6144",158,12.24,14.96,15.06,18.84
dp0_pp0_tp0_dcp0_ep0_rank0_prefill-10k,prefill,10k,0,0,0,0,AddRmsNormBias,"256,6144;256,6144;6144;6144",1106,17.36,22.75,22.78,27.98
dp0_pp0_tp0_dcp0_ep0_rank0_prefill-10k,prefill,10k,0,0,0,0,ApplyTopKTopPCustom,"1,154880;1,154880;1;",6,262.22,646.13,824.62,851.84
dp0_pp0_tp0_dcp0_ep0_rank0_prefill-10k,prefill,10k,0,0,0,0,ArgMaxV2,"1,154880;",18,19.02,19.71,19.87,20.16
dp0_pp0_tp0_dcp0_ep0_rank0_prefill-10k,prefill,10k,0,0,0,0,ArgMaxV2,"1365,154880;",2,731.53,732.25,732.25,732.96
dp0_pp0_tp0_dcp0_ep0_rank0_prefill-10k,prefill,10k,0,0,0,0,ArgMaxV2,"608,154880;",2,344.43,345.12,345.12,345.81
dp0_pp0_tp0_dcp0_ep0_rank0_prefill-10k,prefill,10k,0,0,0,0,AsStrided,4194304;3;3;1,480,14.78,16.34,16.06,22.42
dp0_pp0_tp0_dcp0_ep0_rank0_prefill-10k,prefill,10k,0,0,0,0,AscendQuantV2,"256,2048;2048;2048",960,13.18,15.99,15.86,25.74
dp0_pp0_tp0_dcp0_ep0_rank0_prefill-10k,prefill,10k,0,0,0,0,AscendQuantV2,"256,6144;6144;6144",480,17.98,19.47,19.16,27.18
dp0_pp0_tp0_dcp0_ep0_rank0_prefill-10k,prefill,10k,0,0,0,0,AscendQuantV2,"4096,1024;1024;1024",480,29.58,30.77,30.56,37.54
dp0_pp0_tp0_dcp0_ep0_rank0_prefill-10k,prefill,10k,0,0,0,0,BatchMatMulV2,"64,256,192;64,192,512",480,29.42,36.48,36.34,43.78
dp0_pp0_tp0_dcp0_ep0_rank0_prefill-10k,prefill,10k,0,0,0,0,BroadcastTo,1;1,22,1.34,1.56,1.52,2.20
dp0_pp0_tp0_dcp0_ep0_rank0_prefill-10k,prefill,10k,0,0,0,0,BroadcastTo,;1,6,1.26,1.36,1.32,1.60
dp0_pp0_tp0_dcp0_ep0_rank0_prefill-10k,prefill,10k,0,0,0,0,Cast,1,88,1.12,1.45,1.40,2.04
dp0_pp0_tp0_dcp0_ep0_rank0_prefill-10k,prefill,10k,0,0,0,0,Cast,"1,1",18,1.14,1.43,1.38,2.02
dp0_pp0_tp0_dcp0_ep0_rank0_prefill-10k,prefill,10k,0,0,0,0,Cast,"1,154880",6,7.88,8.06,8.08,8.20
dp0_pp0_tp0_dcp0_ep0_rank0_prefill-10k,prefill,10k,0,0,0,0,Cast,"114,8",75,1.16,1.73,1.44,4.10
dp0_pp0_tp0_dcp0_ep0_rank0_prefill-10k,prefill,10k,0,0,0,0,Cast,1365,4,1.44,1.77,1.71,2.22
dp0_pp0_tp0_dcp0_ep0_rank0_prefill-10k,prefill,10k,0,0,0,0,Cast,1813,2,1.94,1.96,1.96,1.98
dp0_pp0_tp0_dcp0_ep0_rank0_prefill-10k,prefill,10k,0,0,0,0,Cast,1824,15,1.24,1.73,1.76,2.28
dp0_pp0_tp0_dcp0_ep0_rank0_prefill-10k,prefill,10k,0,0,0,0,Cast,256,496,1.18,1.47,1.46,1.76
dp0_pp0_tp0_dcp0_ep0_rank0_prefill-10k,prefill,10k,0,0,0,0,Cast,"256,128",960,5.34,5.77,5.68,7.70
dp0_pp0_tp0_dcp0_ep0_rank0_prefill-10k,prefill,10k,0,0,0,0,Cast,"256,8",525,1.24,1.57,1.52,4.22
dp0_pp0_tp0_dcp0_ep0_rank0_prefill-10k,prefill,10k,0,0,0,0,Cast,"32,8",48,1.14,1.31,1.27,1.70
dp0_pp0_tp0_dcp0_ep0_rank0_prefill-10k,prefill,10k,0,0,0,0,Cast,4096,109,1.36,2.06,2.08,2.70
dp0_pp0_tp0_dcp0_ep0_rank0_prefill-10k,prefill,10k,0,0,0,0,Cast,512,16,1.42,1.57,1.52,1.92
dp0_pp0_tp0_dcp0_ep0_rank0_prefill-10k,prefill,10k,0,0,0,0,Cast,608,4,1.30,1.52,1.53,1.70
dp0_pp0_tp0_dcp0_ep0_rank0_prefill-10k,prefill,10k,0,0,0,0,ClipByValueV2,1;;,6,4.64,4.80,4.69,5.36
dp0_pp0_tp0_dcp0_ep0_rank0_prefill-10k,prefill,10k,0,0,0,0,ConcatD,"114,6144;114,6144",2,9.40,10.65,10.65,11.90
dp0_pp0_tp0_dcp0_ep0_rank0_prefill-10k,prefill,10k,0,0,0,0,ConcatD,"256,6144;256,6144",14,8.88,9.68,9.59,12.24
dp0_pp0_tp0_dcp0_ep0_rank0_prefill-10k,prefill,10k,0,0,0,0,ConcatD,"256,64;256,512;256,128",480,4.16,4.97,4.96,5.56
dp0_pp0_tp0_dcp0_ep0_rank0_prefill-10k,prefill,10k,0,0,0,0,Cumsum,8;1,16,42.02,65.96,64.85,90.60
dp0_pp0_tp0_dcp0_ep0_rank0_prefill-10k,prefill,10k,0,0,0,0,DSARandomUniform,N/A,6,15.56,15.85,15.72,16.50
dp0_pp0_tp0_dcp0_ep0_rank0_prefill-10k,prefill,10k,0,0,0,0,DispatchFFNCombine,"114,6144;8,6144,4096;8,2048,6144;114,8;32768;49152;114,8",75,2743.78,4316.11,4090.84,12966.86
dp0_pp0_tp0_dcp0_ep0_rank0_prefill-10k,prefill,10k,0,0,0,0,DispatchFFNCombine,"256,6144;8,6144,4096;8,2048,6144;256,8;32768;49152;256,8",525,1216.74,2387.60,2046.14,15985.80
dp0_pp0_tp0_dcp0_ep0_rank0_prefill-10k,prefill,10k,0,0,0,0,DynamicQuant,"114,2048",77,11.84,18.69,19.00,22.20
dp0_pp0_tp0_dcp0_ep0_rank0_prefill-10k,prefill,10k,0,0,0,0,DynamicQuant,"114,6144",77,19.66,23.43,23.50,27.60
dp0_pp0_tp0_dcp0_ep0_rank0_prefill-10k,prefill,10k,0,0,0,0,DynamicQuant,"1824,6144",3,42.82,45.73,44.06,50.32
dp0_pp0_tp0_dcp0_ep0_rank0_prefill-10k,prefill,10k,0,0,0,0,DynamicQuant,"1824,768",3,22.60,23.36,23.66,23.82
dp0_pp0_tp0_dcp0_ep0_rank0_prefill-10k,prefill,10k,0,0,0,0,DynamicQuant,"2048,6144",14,49.00,50.60,50.37,54.34
dp0_pp0_tp0_dcp0_ep0_rank0_prefill-10k,prefill,10k,0,0,0,0,DynamicQuant,"256,2048",539,11.28,19.95,19.98,24.52
dp0_pp0_tp0_dcp0_ep0_rank0_prefill-10k,prefill,10k,0,0,0,0,DynamicQuant,"256,6144",539,21.18,40.92,40.68,55.46
dp0_pp0_tp0_dcp0_ep0_rank0_prefill-10k,prefill,10k,0,0,0,0,DynamicQuant,"4096,6144",21,80.20,86.67,87.00,90.80
dp0_pp0_tp0_dcp0_ep0_rank0_prefill-10k,prefill,10k,0,0,0,0,DynamicQuant,"4096,768",21,33.14,34.82,34.38,39.28
dp0_pp0_tp0_dcp0_ep0_rank0_prefill-10k,prefill,10k,0,0,0,0,DynamicQuant,"912,6144",2,34.40,34.49,34.49,34.58
dp0_pp0_tp0_dcp0_ep0_rank0_prefill-10k,prefill,10k,0,0,0,0,Equal,"114,1;",2,1.86,1.88,1.88,1.90
dp0_pp0_tp0_dcp0_ep0_rank0_prefill-10k,prefill,10k,0,0,0,0,Equal,"256,1;",14,1.82,2.02,1.99,2.30
dp0_pp0_tp0_dcp0_ep0_rank0_prefill-10k,prefill,10k,0,0,0,0,Fill,1;,118,1.14,1.56,1.46,3.20
dp0_pp0_tp0_dcp0_ep0_rank0_prefill-10k,prefill,10k,0,0,0,0,Fill,2;,160,7.90,8.54,8.24,16.42
dp0_pp0_tp0_dcp0_ep0_rank0_prefill-10k,prefill,10k,0,0,0,0,FloorDiv,1;,6,83.10,102.02,96.05,148.22
dp0_pp0_tp0_dcp0_ep0_rank0_prefill-10k,prefill,10k,0,0,0,0,FloorMod,1;1,6,2.46,2.60,2.61,2.74
dp0_pp0_tp0_dcp0_ep0_rank0_prefill-10k,prefill,10k,0,0,0,0,GatherElementsV2,"1,1584;1,1",6,3.14,3.39,3.34,3.84
dp0_pp0_tp0_dcp0_ep0_rank0_prefill-10k,prefill,10k,0,0,0,0,GatherElementsV2,"1,1;1,1",6,4.18,4.26,4.24,4.36
dp0_pp0_tp0_dcp0_ep0_rank0_prefill-10k,prefill,10k,0,0,0,0,GatherV2,"9680,6144;1824;1",3,55.84,71.02,76.84,80.38
dp0_pp0_tp0_dcp0_ep0_rank0_prefill-10k,prefill,10k,0,0,0,0,GatherV2,"9680,6144;4096;1",21,156.72,161.62,158.54,168.78
dp0_pp0_tp0_dcp0_ep0_rank0_prefill-10k,prefill,10k,0,0,0,0,GreaterEqual,"1,154880;",6,7.96,12.45,11.25,24.16
dp0_pp0_tp0_dcp0_ep0_rank0_prefill-10k,prefill,10k,0,0,0,0,GreaterEqual,1365;,1,3.50,3.50,3.50,3.50
dp0_pp0_tp0_dcp0_ep0_rank0_prefill-10k,prefill,10k,0,0,0,0,GreaterEqual,1824;,3,3.14,3.52,3.56,3.86
dp0_pp0_tp0_dcp0_ep0_rank0_prefill-10k,prefill,10k,0,0,0,0,GreaterEqual,1;,12,2.84,3.18,3.20,3.44
dp0_pp0_tp0_dcp0_ep0_rank0_prefill-10k,prefill,10k,0,0,0,0,GreaterEqual,4096;,21,3.88,4.19,4.14,4.70
dp0_pp0_tp0_dcp0_ep0_rank0_prefill-10k,prefill,10k,0,0,0,0,GreaterEqual,608;,1,3.02,3.02,3.02,3.02
dp0_pp0_tp0_dcp0_ep0_rank0_prefill-10k,prefill,10k,0,0,0,0,GroupedMatmul,"1584,2048;8,2048,6144;;8,6144;;;;8;1584",1,141.08,141.08,141.08,141.08
dp0_pp0_tp0_dcp0_ep0_rank0_prefill-10k,prefill,10k,0,0,0,0,GroupedMatmul,"1712,2048;8,2048,6144;;8,6144;;;;8;1712",1,151.48,151.48,151.48,151.48
dp0_pp0_tp0_dcp0_ep0_rank0_prefill-10k,prefill,10k,0,0,0,0,GroupedMatmul,"1876,2048;8,2048,6144;;8,6144;;;;8;1876",1,136.10,136.10,136.10,136.10
dp0_pp0_tp0_dcp0_ep0_rank0_prefill-10k,prefill,10k,0,0,0,0,GroupedMatmul,"1904,2048;8,2048,6144;;8,6144;;;;8;1904",1,132.98,132.98,132.98,132.98
dp0_pp0_tp0_dcp0_ep0_rank0_prefill-10k,prefill,10k,0,0,0,0,GroupedMatmul,"1910,2048;8,2048,6144;;8,6144;;;;8;1910",1,171.06,171.06,171.06,171.06
dp0_pp0_tp0_dcp0_ep0_rank0_prefill-10k,prefill,10k,0,0,0,0,GroupedMatmul,"2097,2048;8,2048,6144;;8,6144;;;;8;2097",1,162.04,162.04,162.04,162.04
dp0_pp0_tp0_dcp0_ep0_rank0_prefill-10k,prefill,10k,0,0,0,0,GroupedMatmul,"2136,2048;8,2048,6144;;8,6144;;;;8;2136",1,172.72,172.72,172.72,172.72
dp0_pp0_tp0_dcp0_ep0_rank0_prefill-10k,prefill,10k,0,0,0,0,GroupedMatmul,"2160,2048;8,2048,6144;;8,6144;;;;8;2160",1,172.92,172.92,172.92,172.92
dp0_pp0_tp0_dcp0_ep0_rank0_prefill-10k,prefill,10k,0,0,0,0,GroupedMatmul,"2174,2048;8,2048,6144;;8,6144;;;;8;2174",1,150.38,150.38,150.38,150.38
dp0_pp0_tp0_dcp0_ep0_rank0_prefill-10k,prefill,10k,0,0,0,0,GroupedMatmul,"2238,2048;8,2048,6144;;8,6144;;;;8;2238",1,179.54,179.54,179.54,179.54
dp0_pp0_tp0_dcp0_ep0_rank0_prefill-10k,prefill,10k,0,0,0,0,GroupedMatmul,"2256,2048;8,2048,6144;;8,6144;;;;8;2256",1,170.14,170.14,170.14,170.14
dp0_pp0_tp0_dcp0_ep0_rank0_prefill-10k,prefill,10k,0,0,0,0,GroupedMatmul,"2299,2048;8,2048,6144;;8,6144;;;;8;2299",1,182.34,182.34,182.34,182.34
dp0_pp0_tp0_dcp0_ep0_rank0_prefill-10k,prefill,10k,0,0,0,0,GroupedMatmul,"2508,2048;8,2048,6144;;8,6144;;;;8;2508",1,189.92,189.92,189.92,189.92
dp0_pp0_tp0_dcp0_ep0_rank0_prefill-10k,prefill,10k,0,0,0,0,GroupedMatmul,"2621,2048;8,2048,6144;;8,6144;;;;8;2621",1,196.66,196.66,196.66,196.66
dp0_pp0_tp0_dcp0_ep0_rank0_prefill-10k,prefill,10k,0,0,0,0,GroupedMatmul,"3126,2048;8,2048,6144;;8,6144;;;;8;3126",1,197.44,197.44,197.44,197.44
dp0_pp0_tp0_dcp0_ep0_rank0_prefill-10k,prefill,10k,0,0,0,0,GroupedMatmul,"3148,2048;8,2048,6144;;8,6144;;;;8;3148",1,203.95,203.95,203.95,203.95
dp0_pp0_tp0_dcp0_ep0_rank0_prefill-10k,prefill,10k,0,0,0,0,GroupedMatmulSwigluQuant,"1584,6144;8,128,384,16,32;8,4096;1584;8",1,367.85,367.85,367.85,367.85
dp0_pp0_tp0_dcp0_ep0_rank0_prefill-10k,prefill,10k,0,0,0,0,GroupedMatmulSwigluQuant,"1712,6144;8,128,384,16,32;8,4096;1712;8",1,373.79,373.79,373.79,373.79
dp0_pp0_tp0_dcp0_ep0_rank0_prefill-10k,prefill,10k,0,0,0,0,GroupedMatmulSwigluQuant,"1876,6144;8,128,384,16,32;8,4096;1876;8",1,300.70,300.70,300.70,300.70
dp0_pp0_tp0_dcp0_ep0_rank0_prefill-10k,prefill,10k,0,0,0,0,GroupedMatmulSwigluQuant,"1904,6144;8,128,384,16,32;8,4096;1904;8",1,346.61,346.61,346.61,346.61
dp0_pp0_tp0_dcp0_ep0_rank0_prefill-10k,prefill,10k,0,0,0,0,GroupedMatmulSwigluQuant,"1910,6144;8,128,384,16,32;8,4096;1910;8",1,383.29,383.29,383.29,383.29
dp0_pp0_tp0_dcp0_ep0_rank0_prefill-10k,prefill,10k,0,0,0,0,GroupedMatmulSwigluQuant,"2097,6144;8,128,384,16,32;8,4096;2097;8",1,360.09,360.09,360.09,360.09
dp0_pp0_tp0_dcp0_ep0_rank0_prefill-10k,prefill,10k,0,0,0,0,GroupedMatmulSwigluQuant,"2136,6144;8,128,384,16,32;8,4096;2136;8",1,440.61,440.61,440.61,440.61
dp0_pp0_tp0_dcp0_ep0_rank0_prefill-10k,prefill,10k,0,0,0,0,GroupedMatmulSwigluQuant,"2160,6144;8,128,384,16,32;8,4096;2160;8",1,431.65,431.65,431.65,431.65
dp0_pp0_tp0_dcp0_ep0_rank0_prefill-10k,prefill,10k,0,0,0,0,GroupedMatmulSwigluQuant,"2174,6144;8,128,384,16,32;8,4096;2174;8",1,414.65,414.65,414.65,414.65
dp0_pp0_tp0_dcp0_ep0_rank0_prefill-10k,prefill,10k,0,0,0,0,GroupedMatmulSwigluQuant,"2238,6144;8,128,384,16,32;8,4096;2238;8",1,470.63,470.63,470.63,470.63
dp0_pp0_tp0_dcp0_ep0_rank0_prefill-10k,prefill,10k,0,0,0,0,GroupedMatmulSwigluQuant,"2256,6144;8,128,384,16,32;8,4096;2256;8",1,455.21,455.21,455.21,455.21
dp0_pp0_tp0_dcp0_ep0_rank0_prefill-10k,prefill,10k,0,0,0,0,GroupedMatmulSwigluQuant,"2299,6144;8,128,384,16,32;8,4096;2299;8",1,468.67,468.67,468.67,468.67
dp0_pp0_tp0_dcp0_ep0_rank0_prefill-10k,prefill,10k,0,0,0,0,GroupedMatmulSwigluQuant,"2508,6144;8,128,384,16,32;8,4096;2508;8",1,484.75,484.75,484.75,484.75
dp0_pp0_tp0_dcp0_ep0_rank0_prefill-10k,prefill,10k,0,0,0,0,GroupedMatmulSwigluQuant,"2621,6144;8,128,384,16,32;8,4096;2621;8",1,512.29,512.29,512.29,512.29
dp0_pp0_tp0_dcp0_ep0_rank0_prefill-10k,prefill,10k,0,0,0,0,GroupedMatmulSwigluQuant,"3126,6144;8,128,384,16,32;8,4096;3126;8",1,510.19,510.19,510.19,510.19
dp0_pp0_tp0_dcp0_ep0_rank0_prefill-10k,prefill,10k,0,0,0,0,GroupedMatmulSwigluQuant,"3148,6144;8,128,384,16,32;8,4096;3148;8",1,462.25,462.25,462.25,462.25
dp0_pp0_tp0_dcp0_ep0_rank0_prefill-10k,prefill,10k,0,0,0,0,HistogramV2,"114,8;;",2,18.24,18.54,18.54,18.84
dp0_pp0_tp0_dcp0_ep0_rank0_prefill-10k,prefill,10k,0,0,0,0,HistogramV2,"256,8;;",14,18.40,19.63,19.04,23.04
dp0_pp0_tp0_dcp0_ep0_rank0_prefill-10k,prefill,10k,0,0,0,0,Index,"1824,6144;1;2;608",3,27.68,32.43,34.70,34.92
dp0_pp0_tp0_dcp0_ep0_rank0_prefill-10k,prefill,10k,0,0,0,0,Index,"202752,64;1;2;4096",36,39.76,42.96,41.72,63.20
dp0_pp0_tp0_dcp0_ep0_rank0_prefill-10k,prefill,10k,0,0,0,0,Index,"4096,6144;1;2;1",24,7.32,9.10,9.18,9.82
dp0_pp0_tp0_dcp0_ep0_rank0_prefill-10k,prefill,10k,0,0,0,0,Index,"4096,6144;1;2;1365",3,43.80,54.51,59.64,60.10
dp0_pp0_tp0_dcp0_ep0_rank0_prefill-10k,prefill,10k,0,0,0,0,Index,4096;1;1;1,12,9.64,9.88,9.88,10.16
dp0_pp0_tp0_dcp0_ep0_rank0_prefill-10k,prefill,10k,0,0,0,0,Index,4096;1;1;1365,1,14.82,14.82,14.82,14.82
dp0_pp0_tp0_dcp0_ep0_rank0_prefill-10k,prefill,10k,0,0,0,0,Index,4096;1;1;608,1,11.96,11.96,11.96,11.96
dp0_pp0_tp0_dcp0_ep0_rank0_prefill-10k,prefill,10k,0,0,0,0,IndexFill,"1,1;1;",4,29.36,31.64,30.40,36.42
dp0_pp0_tp0_dcp0_ep0_rank0_prefill-10k,prefill,10k,0,0,0,0,IndexFill,"1,1;;",2,27.84,28.14,28.14,28.44
dp0_pp0_tp0_dcp0_ep0_rank0_prefill-10k,prefill,10k,0,0,0,0,IndexPutV2,4096;1;1;1;1,6,9.56,10.74,9.67,16.02
dp0_pp0_tp0_dcp0_ep0_rank0_prefill-10k,prefill,10k,0,0,0,0,InterleaveRope,"256,64,1,64;256,1,1,64;256,1,1,64",480,21.40,23.35,23.30,26.88
dp0_pp0_tp0_dcp0_ep0_rank0_prefill-10k,prefill,10k,0,0,0,0,KvRmsNormRopeCache,"256,1,1,576;512;256,1,1,64;256,1,1,64;256;1678,128,1,64;1678,128,1,512;;;;;",480,13.86,15.25,14.88,22.76
dp0_pp0_tp0_dcp0_ep0_rank0_prefill-10k,prefill,10k,0,0,0,0,LayerNormV3,"256,128;128;128",480,16.46,20.24,20.05,25.66
dp0_pp0_tp0_dcp0_ep0_rank0_prefill-10k,prefill,10k,0,0,0,0,Less,"1,1;",6,3.20,3.34,3.37,3.48
dp0_pp0_tp0_dcp0_ep0_rank0_prefill-10k,prefill,10k,0,0,0,0,Less,1824;,3,3.36,3.55,3.54,3.76
dp0_pp0_tp0_dcp0_ep0_rank0_prefill-10k,prefill,10k,0,0,0,0,Less,4096;,21,4.00,4.21,4.22,4.46
dp0_pp0_tp0_dcp0_ep0_rank0_prefill-10k,prefill,10k,0,0,0,0,LightningIndexer,"256,32,128;1678,128,1,128;256,32;1;1;1,1584",480,26.92,156.55,160.17,270.51
dp0_pp0_tp0_dcp0_ep0_rank0_prefill-10k,prefill,10k,0,0,0,0,Log,"1,154880",6,7.68,9.94,8.91,16.54
dp0_pp0_tp0_dcp0_ep0_rank0_prefill-10k,prefill,10k,0,0,0,0,LogicalAnd,"1,1;1,1",6,1.60,1.85,1.82,2.16
dp0_pp0_tp0_dcp0_ep0_rank0_prefill-10k,prefill,10k,0,0,0,0,LogicalAnd,1824;1824,3,1.80,1.86,1.86,1.92
dp0_pp0_tp0_dcp0_ep0_rank0_prefill-10k,prefill,10k,0,0,0,0,LogicalAnd,4096;4096,21,1.52,1.85,1.80,2.34
dp0_pp0_tp0_dcp0_ep0_rank0_prefill-10k,prefill,10k,0,0,0,0,LogicalNot,1824,3,1.46,1.73,1.74,1.98
dp0_pp0_tp0_dcp0_ep0_rank0_prefill-10k,prefill,10k,0,0,0,0,LogicalNot,4096,21,1.46,1.60,1.60,1.78
dp0_pp0_tp0_dcp0_ep0_rank0_prefill-10k,prefill,10k,0,0,0,0,MaskedFill,"1,154880;1,154880;",6,9.60,15.15,12.05,32.84
dp0_pp0_tp0_dcp0_ep0_rank0_prefill-10k,prefill,10k,0,0,0,0,MaskedFill,"1824,6144;1824,1;",3,70.66,74.15,70.98,80.82
dp0_pp0_tp0_dcp0_ep0_rank0_prefill-10k,prefill,10k,0,0,0,0,MaskedFill,1;1;,12,1.62,2.06,2.01,2.38
dp0_pp0_tp0_dcp0_ep0_rank0_prefill-10k,prefill,10k,0,0,0,0,MaskedFill,"4096,6144;4096,1;",21,142.62,174.86,172.12,194.14
dp0_pp0_tp0_dcp0_ep0_rank0_prefill-10k,prefill,10k,0,0,0,0,MatMulV2,"1,6144;9680,6144",18,145.30,181.40,175.76,220.64
dp0_pp0_tp0_dcp0_ep0_rank0_prefill-10k,prefill,10k,0,0,0,0,MatMulV2,"114,12288;6144,12288",2,189.88,202.54,202.54,215.20
dp0_pp0_tp0_dcp0_ep0_rank0_prefill-10k,prefill,10k,0,0,0,0,MatMulV2,"114,6144;256,6144",77,13.28,20.35,20.64,23.14
dp0_pp0_tp0_dcp0_ep0_rank0_prefill-10k,prefill,10k,0,0,0,0,MatMulV2,"114,6144;6144,6144",2,105.22,106.14,106.14,107.06
dp0_pp0_tp0_dcp0_ep0_rank0_prefill-10k,prefill,10k,0,0,0,0,MatMulV2,"256,12288;6144,12288",14,262.29,271.93,272.77,287.58
dp0_pp0_tp0_dcp0_ep0_rank0_prefill-10k,prefill,10k,0,0,0,0,MatMulV2,"256,6144;128,6144",480,11.44,14.61,14.64,15.78
dp0_pp0_tp0_dcp0_ep0_rank0_prefill-10k,prefill,10k,0,0,0,0,MatMulV2,"256,6144;256,6144",539,15.38,20.22,19.64,31.32
dp0_pp0_tp0_dcp0_ep0_rank0_prefill-10k,prefill,10k,0,0,0,0,MatMulV2,"256,6144;32,6144",480,9.82,12.73,12.86,16.50
dp0_pp0_tp0_dcp0_ep0_rank0_prefill-10k,prefill,10k,0,0,0,0,MatMulV2,"256,6144;6144,6144",14,113.48,124.34,123.82,137.92
dp0_pp0_tp0_dcp0_ep0_rank0_prefill-10k,prefill,10k,0,0,0,0,MatMulV2,"608,6144;9680,6144",2,313.61,318.34,318.34,323.08
dp0_pp0_tp0_dcp0_ep0_rank0_prefill-10k,prefill,10k,0,0,0,0,MatMulV3,"1365,6144;9680,6144",2,634.20,653.56,653.56,672.92
dp0_pp0_tp0_dcp0_ep0_rank0_prefill-10k,prefill,10k,0,0,0,0,MemSet,N/A,16,12.66,13.30,12.84,19.38
dp0_pp0_tp0_dcp0_ep0_rank0_prefill-10k,prefill,10k,0,0,0,0,MoeGatingTopK,"114,256;256",77,19.58,23.03,22.96,28.56
dp0_pp0_tp0_dcp0_ep0_rank0_prefill-10k,prefill,10k,0,0,0,0,MoeGatingTopK,"256,256;256",539,22.64,25.74,25.48,32.04
dp0_pp0_tp0_dcp0_ep0_rank0_prefill-10k,prefill,10k,0,0,0,0,MoeTokenPermute,"114,6144;114,8",2,26.30,27.64,27.64,28.98
dp0_pp0_tp0_dcp0_ep0_rank0_prefill-10k,prefill,10k,0,0,0,0,MoeTokenPermute,"1584,1;1584",1,27.18,27.18,27.18,27.18
dp0_pp0_tp0_dcp0_ep0_rank0_prefill-10k,prefill,10k,0,0,0,0,MoeTokenPermute,"1584,6144;1584",1,34.08,34.08,34.08,34.08
dp0_pp0_tp0_dcp0_ep0_rank0_prefill-10k,prefill,10k,0,0,0,0,MoeTokenPermute,"1712,1;1712",1,29.80,29.80,29.80,29.80
dp0_pp0_tp0_dcp0_ep0_rank0_prefill-10k,prefill,10k,0,0,0,0,MoeTokenPermute,"1712,6144;1712",1,38.70,38.70,38.70,38.70
dp0_pp0_tp0_dcp0_ep0_rank0_prefill-10k,prefill,10k,0,0,0,0,MoeTokenPermute,"1876,1;1876",1,34.04,34.04,34.04,34.04
dp0_pp0_tp0_dcp0_ep0_rank0_prefill-10k,prefill,10k,0,0,0,0,MoeTokenPermute,"1876,6144;1876",1,37.46,37.46,37.46,37.46
dp0_pp0_tp0_dcp0_ep0_rank0_prefill-10k,prefill,10k,0,0,0,0,MoeTokenPermute,"1904,1;1904",1,33.68,33.68,33.68,33.68
dp0_pp0_tp0_dcp0_ep0_rank0_prefill-10k,prefill,10k,0,0,0,0,MoeTokenPermute,"1904,6144;1904",1,35.72,35.72,35.72,35.72
dp0_pp0_tp0_dcp0_ep0_rank0_prefill-10k,prefill,10k,0,0,0,0,MoeTokenPermute,"1910,1;1910",1,30.76,30.76,30.76,30.76
dp0_pp0_tp0_dcp0_ep0_rank0_prefill-10k,prefill,10k,0,0,0,0,MoeTokenPermute,"1910,6144;1910",1,38.08,38.08,38.08,38.08
dp0_pp0_tp0_dcp0_ep0_rank0_prefill-10k,prefill,10k,0,0,0,0,MoeTokenPermute,"2097,1;2097",1,33.64,33.64,33.64,33.64
dp0_pp0_tp0_dcp0_ep0_rank0_prefill-10k,prefill,10k,0,0,0,0,MoeTokenPermute,"2097,6144;2097",1,43.32,43.32,43.32,43.32
dp0_pp0_tp0_dcp0_ep0_rank0_prefill-10k,prefill,10k,0,0,0,0,MoeTokenPermute,"2136,1;2136",1,31.06,31.06,31.06,31.06
dp0_pp0_tp0_dcp0_ep0_rank0_prefill-10k,prefill,10k,0,0,0,0,MoeTokenPermute,"2136,6144;2136",1,41.14,41.14,41.14,41.14
dp0_pp0_tp0_dcp0_ep0_rank0_prefill-10k,prefill,10k,0,0,0,0,MoeTokenPermute,"2160,1;2160",1,31.88,31.88,31.88,31.88
dp0_pp0_tp0_dcp0_ep0_rank0_prefill-10k,prefill,10k,0,0,0,0,MoeTokenPermute,"2160,6144;2160",1,38.68,38.68,38.68,38.68
dp0_pp0_tp0_dcp0_ep0_rank0_prefill-10k,prefill,10k,0,0,0,0,MoeTokenPermute,"2174,1;2174",1,32.02,32.02,32.02,32.02
dp0_pp0_tp0_dcp0_ep0_rank0_prefill-10k,prefill,10k,0,0,0,0,MoeTokenPermute,"2174,6144;2174",1,37.92,37.92,37.92,37.92
dp0_pp0_tp0_dcp0_ep0_rank0_prefill-10k,prefill,10k,0,0,0,0,MoeTokenPermute,"2238,1;2238",1,32.96,32.96,32.96,32.96
dp0_pp0_tp0_dcp0_ep0_rank0_prefill-10k,prefill,10k,0,0,0,0,MoeTokenPermute,"2238,6144;2238",1,39.00,39.00,39.00,39.00
dp0_pp0_tp0_dcp0_ep0_rank0_prefill-10k,prefill,10k,0,0,0,0,MoeTokenPermute,"2256,1;2256",1,36.18,36.18,36.18,36.18
dp0_pp0_tp0_dcp0_ep0_rank0_prefill-10k,prefill,10k,0,0,0,0,MoeTokenPermute,"2256,6144;2256",1,39.12,39.12,39.12,39.12
dp0_pp0_tp0_dcp0_ep0_rank0_prefill-10k,prefill,10k,0,0,0,0,MoeTokenPermute,"2299,1;2299",1,33.14,33.14,33.14,33.14
dp0_pp0_tp0_dcp0_ep0_rank0_prefill-10k,prefill,10k,0,0,0,0,MoeTokenPermute,"2299,6144;2299",1,37.34,37.34,37.34,37.34
dp0_pp0_tp0_dcp0_ep0_rank0_prefill-10k,prefill,10k,0,0,0,0,MoeTokenPermute,"2508,1;2508",1,31.38,31.38,31.38,31.38
dp0_pp0_tp0_dcp0_ep0_rank0_prefill-10k,prefill,10k,0,0,0,0,MoeTokenPermute,"2508,6144;2508",1,39.86,39.86,39.86,39.86
dp0_pp0_tp0_dcp0_ep0_rank0_prefill-10k,prefill,10k,0,0,0,0,MoeTokenPermute,"256,6144;256,8",14,28.86,31.28,30.95,34.92
dp0_pp0_tp0_dcp0_ep0_rank0_prefill-10k,prefill,10k,0,0,0,0,MoeTokenPermute,"2621,1;2621",1,33.66,33.66,33.66,33.66
dp0_pp0_tp0_dcp0_ep0_rank0_prefill-10k,prefill,10k,0,0,0,0,MoeTokenPermute,"2621,6144;2621",1,39.88,39.88,39.88,39.88
dp0_pp0_tp0_dcp0_ep0_rank0_prefill-10k,prefill,10k,0,0,0,0,MoeTokenPermute,"3126,1;3126",1,37.48,37.48,37.48,37.48
dp0_pp0_tp0_dcp0_ep0_rank0_prefill-10k,prefill,10k,0,0,0,0,MoeTokenPermute,"3126,6144;3126",1,47.54,47.54,47.54,47.54
dp0_pp0_tp0_dcp0_ep0_rank0_prefill-10k,prefill,10k,0,0,0,0,MoeTokenPermute,"3148,1;3148",1,42.16,42.16,42.16,42.16
dp0_pp0_tp0_dcp0_ep0_rank0_prefill-10k,prefill,10k,0,0,0,0,MoeTokenPermute,"3148,6144;3148",1,42.78,42.78,42.78,42.78
dp0_pp0_tp0_dcp0_ep0_rank0_prefill-10k,prefill,10k,0,0,0,0,MoeTokenUnpermute,"1584,6144;1584;",1,24.90,24.90,24.90,24.90
dp0_pp0_tp0_dcp0_ep0_rank0_prefill-10k,prefill,10k,0,0,0,0,MoeTokenUnpermute,"1712,6144;1712;",1,27.68,27.68,27.68,27.68
dp0_pp0_tp0_dcp0_ep0_rank0_prefill-10k,prefill,10k,0,0,0,0,MoeTokenUnpermute,"1876,6144;1876;",1,26.52,26.52,26.52,26.52
dp0_pp0_tp0_dcp0_ep0_rank0_prefill-10k,prefill,10k,0,0,0,0,MoeTokenUnpermute,"1904,6144;1904;",1,27.50,27.50,27.50,27.50
dp0_pp0_tp0_dcp0_ep0_rank0_prefill-10k,prefill,10k,0,0,0,0,MoeTokenUnpermute,"1910,6144;1910;",1,28.52,28.52,28.52,28.52
dp0_pp0_tp0_dcp0_ep0_rank0_prefill-10k,prefill,10k,0,0,0,0,MoeTokenUnpermute,"2048,6144;2048;256,8",14,22.74,27.79,27.10,33.80
dp0_pp0_tp0_dcp0_ep0_rank0_prefill-10k,prefill,10k,0,0,0,0,MoeTokenUnpermute,"2097,6144;2097;",1,28.40,28.40,28.40,28.40
dp0_pp0_tp0_dcp0_ep0_rank0_prefill-10k,prefill,10k,0,0,0,0,MoeTokenUnpermute,"2136,6144;2136;",1,38.54,38.54,38.54,38.54
dp0_pp0_tp0_dcp0_ep0_rank0_prefill-10k,prefill,10k,0,0,0,0,MoeTokenUnpermute,"2160,6144;2160;",1,27.64,27.64,27.64,27.64
dp0_pp0_tp0_dcp0_ep0_rank0_prefill-10k,prefill,10k,0,0,0,0,MoeTokenUnpermute,"2174,6144;2174;",1,28.18,28.18,28.18,28.18
dp0_pp0_tp0_dcp0_ep0_rank0_prefill-10k,prefill,10k,0,0,0,0,MoeTokenUnpermute,"2238,6144;2238;",1,30.54,30.54,30.54,30.54
dp0_pp0_tp0_dcp0_ep0_rank0_prefill-10k,prefill,10k,0,0,0,0,MoeTokenUnpermute,"2256,6144;2256;",1,28.82,28.82,28.82,28.82
dp0_pp0_tp0_dcp0_ep0_rank0_prefill-10k,prefill,10k,0,0,0,0,MoeTokenUnpermute,"2299,6144;2299;",1,30.42,30.42,30.42,30.42
dp0_pp0_tp0_dcp0_ep0_rank0_prefill-10k,prefill,10k,0,0,0,0,MoeTokenUnpermute,"2508,6144;2508;",1,29.80,29.80,29.80,29.80
dp0_pp0_tp0_dcp0_ep0_rank0_prefill-10k,prefill,10k,0,0,0,0,MoeTokenUnpermute,"2621,6144;2621;",1,31.16,31.16,31.16,31.16
dp0_pp0_tp0_dcp0_ep0_rank0_prefill-10k,prefill,10k,0,0,0,0,MoeTokenUnpermute,"3126,6144;3126;",1,32.22,32.22,32.22,32.22
dp0_pp0_tp0_dcp0_ep0_rank0_prefill-10k,prefill,10k,0,0,0,0,MoeTokenUnpermute,"3148,6144;3148;",1,32.68,32.68,32.68,32.68
dp0_pp0_tp0_dcp0_ep0_rank0_prefill-10k,prefill,10k,0,0,0,0,MoeTokenUnpermute,"912,6144;912;114,8",2,18.06,18.11,18.11,18.16
dp0_pp0_tp0_dcp0_ep0_rank0_prefill-10k,prefill,10k,0,0,0,0,Mul,"1,154880;",6,6.92,10.16,7.71,22.82
dp0_pp0_tp0_dcp0_ep0_rank0_prefill-10k,prefill,10k,0,0,0,0,Mul,1824;,3,5.26,5.32,5.30,5.40
dp0_pp0_tp0_dcp0_ep0_rank0_prefill-10k,prefill,10k,0,0,0,0,Mul,1824;1824,3,5.30,5.46,5.50,5.58
dp0_pp0_tp0_dcp0_ep0_rank0_prefill-10k,prefill,10k,0,0,0,0,Mul,1;,6,1.60,1.73,1.74,1.82
dp0_pp0_tp0_dcp0_ep0_rank0_prefill-10k,prefill,10k,0,0,0,0,Mul,4096;,21,5.90,6.03,6.02,6.32
dp0_pp0_tp0_dcp0_ep0_rank0_prefill-10k,prefill,10k,0,0,0,0,Mul,4096;4096,21,5.98,6.19,6.14,7.04
dp0_pp0_tp0_dcp0_ep0_rank0_prefill-10k,prefill,10k,0,0,0,0,Muls,"114,6144",77,7.74,7.94,7.88,8.62
dp0_pp0_tp0_dcp0_ep0_rank0_prefill-10k,prefill,10k,0,0,0,0,Muls,"256,6144",539,8.54,8.82,8.78,9.34
dp0_pp0_tp0_dcp0_ep0_rank0_prefill-10k,prefill,10k,0,0,0,0,Neg,"1,154880",6,153.56,748.72,604.23,1518.93
dp0_pp0_tp0_dcp0_ep0_rank0_prefill-10k,prefill,10k,0,0,0,0,NotEqual,"1,1;",6,1.72,1.88,1.92,2.00
dp0_pp0_tp0_dcp0_ep0_rank0_prefill-10k,prefill,10k,0,0,0,0,NotEqual,1;,6,2.36,2.56,2.50,2.82
dp0_pp0_tp0_dcp0_ep0_rank0_prefill-10k,prefill,10k,0,0,0,0,OneSideCommAicpuInit,N/A,1,28.80,28.80,28.80,28.80
dp0_pp0_tp0_dcp0_ep0_rank0_prefill-10k,prefill,10k,0,0,0,0,QuantBatchMatmulV3,"114,2048;192,128,16,32;6144;114",77,23.10,25.86,25.68,31.24
dp0_pp0_tp0_dcp0_ep0_rank0_prefill-10k,prefill,10k,0,0,0,0,QuantBatchMatmulV3,"114,6144;128,384,16,32;4096;114",77,31.64,3757.14,4088.38,12984.12
dp0_pp0_tp0_dcp0_ep0_rank0_prefill-10k,prefill,10k,0,0,0,0,QuantBatchMatmulV3,"1824,6144;48,384,16,32;1536;1824",3,79.66,80.43,80.66,80.98
dp0_pp0_tp0_dcp0_ep0_rank0_prefill-10k,prefill,10k,0,0,0,0,QuantBatchMatmulV3,"1824,768;192,48,16,32;6144;1824",3,90.48,92.50,91.22,95.80
dp0_pp0_tp0_dcp0_ep0_rank0_prefill-10k,prefill,10k,0,0,0,0,QuantBatchMatmulV3,"256,2048;128,128,16,32;4096;4096",480,25.54,33.74,33.82,40.32
dp0_pp0_tp0_dcp0_ep0_rank0_prefill-10k,prefill,10k,0,0,0,0,QuantBatchMatmulV3,"256,2048;192,128,16,32;6144;256",539,31.30,38.59,37.66,190.62
dp0_pp0_tp0_dcp0_ep0_rank0_prefill-10k,prefill,10k,0,0,0,0,QuantBatchMatmulV3,"256,2048;512,128,16,32;16384;16384",480,52.24,85.30,85.47,103.48
dp0_pp0_tp0_dcp0_ep0_rank0_prefill-10k,prefill,10k,0,0,0,0,QuantBatchMatmulV3,"256,6144;128,384,16,32;4096;256",539,52.14,2346.57,2055.14,16009.24
dp0_pp0_tp0_dcp0_ep0_rank0_prefill-10k,prefill,10k,0,0,0,0,QuantBatchMatmulV3,"256,6144;82,384,16,32;2624;2624",480,32.24,34.41,34.34,37.42
dp0_pp0_tp0_dcp0_ep0_rank0_prefill-10k,prefill,10k,0,0,0,0,QuantBatchMatmulV3,"4096,1024;192,64,16,32;6144;6144",480,136.14,141.36,141.05,184.26
dp0_pp0_tp0_dcp0_ep0_rank0_prefill-10k,prefill,10k,0,0,0,0,QuantBatchMatmulV3,"4096,6144;48,384,16,32;1536;4096",21,144.18,146.85,147.04,148.38
dp0_pp0_tp0_dcp0_ep0_rank0_prefill-10k,prefill,10k,0,0,0,0,QuantBatchMatmulV3,"4096,768;192,48,16,32;6144;4096",21,142.44,150.06,150.26,157.38
dp0_pp0_tp0_dcp0_ep0_rank0_prefill-10k,prefill,10k,0,0,0,0,RealDiv,"1,154880;1,1",6,7.14,7.34,7.27,7.74
dp0_pp0_tp0_dcp0_ep0_rank0_prefill-10k,prefill,10k,0,0,0,0,RealDiv,"1,154880;1,154880",6,8.60,8.72,8.63,9.02
dp0_pp0_tp0_dcp0_ep0_rank0_prefill-10k,prefill,10k,0,0,0,0,ReduceSum,"1,1;1",6,1.68,1.76,1.76,1.84
dp0_pp0_tp0_dcp0_ep0_rank0_prefill-10k,prefill,10k,0,0,0,0,ReduceSum,256;1,16,2.94,3.14,3.17,3.46
dp0_pp0_tp0_dcp0_ep0_rank0_prefill-10k,prefill,10k,0,0,0,0,ReduceSum,"32,8;1",48,4.58,7.86,8.86,10.72
dp0_pp0_tp0_dcp0_ep0_rank0_prefill-10k,prefill,10k,0,0,0,0,RepeatInterleave,256;256,16,14.26,15.52,15.56,16.16
dp0_pp0_tp0_dcp0_ep0_rank0_prefill-10k,prefill,10k,0,0,0,0,ReshapeAndCacheNdKernel,"1,1,512;1,1,64;1678,128,1,512;1678,128,1,64;1",6,2.08,2.47,2.43,2.96
dp0_pp0_tp0_dcp0_ep0_rank0_prefill-10k,prefill,10k,0,0,0,0,ReshapeAndCacheNdKernel,"1813,1,512;1813,1,64;1678,128,1,512;1678,128,1,64;1813",158,19.36,21.04,20.83,23.90
dp0_pp0_tp0_dcp0_ep0_rank0_prefill-10k,prefill,10k,0,0,0,0,ReshapeAndCacheNdKernel,"4096,1,512;4096,1,64;1678,128,1,512;1678,128,1,64;4096",316,29.12,31.32,31.31,35.54
dp0_pp0_tp0_dcp0_ep0_rank0_prefill-10k,prefill,10k,0,0,0,0,RmsNorm,"1,6144;6144",12,4.24,4.41,4.38,4.76
dp0_pp0_tp0_dcp0_ep0_rank0_prefill-10k,prefill,10k,0,0,0,0,RmsNorm,"114,6144;6144",7,7.50,11.94,8.88,16.94
dp0_pp0_tp0_dcp0_ep0_rank0_prefill-10k,prefill,10k,0,0,0,0,RmsNorm,"1365,6144;6144",2,41.48,41.85,41.85,42.22
dp0_pp0_tp0_dcp0_ep0_rank0_prefill-10k,prefill,10k,0,0,0,0,RmsNorm,"256,2048;2048",480,10.42,19.13,19.36,25.28
dp0_pp0_tp0_dcp0_ep0_rank0_prefill-10k,prefill,10k,0,0,0,0,RmsNorm,"256,6144;6144",49,10.32,16.09,12.04,23.40
dp0_pp0_tp0_dcp0_ep0_rank0_prefill-10k,prefill,10k,0,0,0,0,RmsNorm,"608,6144;6144",2,30.14,30.27,30.27,30.40
dp0_pp0_tp0_dcp0_ep0_rank0_prefill-10k,prefill,10k,0,0,0,0,ScatterNdUpdate,"214784,128;4096,1;4096,128",480,97.92,116.31,116.65,135.46
dp0_pp0_tp0_dcp0_ep0_rank0_prefill-10k,prefill,10k,0,0,0,0,SelectV2,"114,1;;114,6144",2,19.30,19.52,19.52,19.74
dp0_pp0_tp0_dcp0_ep0_rank0_prefill-10k,prefill,10k,0,0,0,0,SelectV2,1365;;1365,1,2.94,2.94,2.94,2.94
dp0_pp0_tp0_dcp0_ep0_rank0_prefill-10k,prefill,10k,0,0,0,0,SelectV2,1;1;1,6,2.04,2.23,2.11,2.84
dp0_pp0_tp0_dcp0_ep0_rank0_prefill-10k,prefill,10k,0,0,0,0,SelectV2,1;;1,12,1.60,2.01,2.04,2.48
dp0_pp0_tp0_dcp0_ep0_rank0_prefill-10k,prefill,10k,0,0,0,0,SelectV2,"256,1;;256,6144",14,26.30,26.67,26.63,27.32
dp0_pp0_tp0_dcp0_ep0_rank0_prefill-10k,prefill,10k,0,0,0,0,SelectV2,608;;608,1,2.76,2.76,2.76,2.76
dp0_pp0_tp0_dcp0_ep0_rank0_prefill-10k,prefill,10k,0,0,0,0,Slice,"202752,128;2;2",36,24.56,40.03,26.33,90.86
dp0_pp0_tp0_dcp0_ep0_rank0_prefill-10k,prefill,10k,0,0,0,0,Slice,"256,2624;2;2",960,3.14,3.99,4.18,5.60
dp0_pp0_tp0_dcp0_ep0_rank0_prefill-10k,prefill,10k,0,0,0,0,Slice,"256,64,256;3;3",480,9.62,10.41,10.14,17.98
dp0_pp0_tp0_dcp0_ep0_rank0_prefill-10k,prefill,10k,0,0,0,0,Slice,"32,256;2;2",48,2.28,3.16,3.43,3.96
dp0_pp0_tp0_dcp0_ep0_rank0_prefill-10k,prefill,10k,0,0,0,0,Slice,"4096,704;2;2",1428,2.46,5.04,4.34,10.38
dp0_pp0_tp0_dcp0_ep0_rank0_prefill-10k,prefill,10k,0,0,0,0,SoftmaxV2,"1,154880",6,45.00,45.36,45.41,45.64
dp0_pp0_tp0_dcp0_ep0_rank0_prefill-10k,prefill,10k,0,0,0,0,Sort,"1,154880",6,231.86,237.25,239.33,240.72
dp0_pp0_tp0_dcp0_ep0_rank0_prefill-10k,prefill,10k,0,0,0,0,SparseFlashAttention,"256,64,512;1678,128,1,512;1678,128,1,512;256,1,2048;1,1584;1;1;256,64,64;1678,128,1,64",480,91.38,582.56,797.77,873.58
dp0_pp0_tp0_dcp0_ep0_rank0_prefill-10k,prefill,10k,0,0,0,0,Sub,1824;1824,3,2.70,2.88,2.96,2.98
dp0_pp0_tp0_dcp0_ep0_rank0_prefill-10k,prefill,10k,0,0,0,0,Sub,1;,18,1.58,2.01,1.90,2.74
dp0_pp0_tp0_dcp0_ep0_rank0_prefill-10k,prefill,10k,0,0,0,0,Sub,4096;4096,21,3.10,3.54,3.58,3.94
dp0_pp0_tp0_dcp0_ep0_rank0_prefill-10k,prefill,10k,0,0,0,0,SwiGlu,"114,4096",77,13.74,474.94,14.64,4251.38
dp0_pp0_tp0_dcp0_ep0_rank0_prefill-10k,prefill,10k,0,0,0,0,SwiGlu,"1824,1536",3,18.36,18.51,18.54,18.64
dp0_pp0_tp0_dcp0_ep0_rank0_prefill-10k,prefill,10k,0,0,0,0,SwiGlu,"256,4096",539,12.32,16.10,15.68,31.66
dp0_pp0_tp0_dcp0_ep0_rank0_prefill-10k,prefill,10k,0,0,0,0,SwiGlu,"4096,1536",21,22.78,24.00,23.66,26.30
dp0_pp0_tp0_dcp0_ep0_rank0_prefill-10k,prefill,10k,0,0,0,0,TensorMove,"114,6144",3,8.36,8.55,8.44,8.84
dp0_pp0_tp0_dcp0_ep0_rank0_prefill-10k,prefill,10k,0,0,0,0,TensorMove,"1365,6144",1,15.86,15.86,15.86,15.86
dp0_pp0_tp0_dcp0_ep0_rank0_prefill-10k,prefill,10k,0,0,0,0,TensorMove,"1813,6144",2,35.60,35.73,35.73,35.86
dp0_pp0_tp0_dcp0_ep0_rank0_prefill-10k,prefill,10k,0,0,0,0,TensorMove,"256,6144",501,8.60,11.87,11.78,17.62
dp0_pp0_tp0_dcp0_ep0_rank0_prefill-10k,prefill,10k,0,0,0,0,TensorMove,"4096,1,1,64",36,4.36,6.00,5.17,8.70
dp0_pp0_tp0_dcp0_ep0_rank0_prefill-10k,prefill,10k,0,0,0,0,TensorMove,"4096,6144",4,67.76,69.68,68.90,73.18
dp0_pp0_tp0_dcp0_ep0_rank0_prefill-10k,prefill,10k,0,0,0,0,TensorMove,"608,6144",1,13.16,13.16,13.16,13.16
dp0_pp0_tp0_dcp0_ep0_rank0_prefill-10k,prefill,10k,0,0,0,0,Transpose,"16,1365,9680;3",2,647.16,648.18,648.18,649.19
dp0_pp0_tp0_dcp0_ep0_rank0_prefill-10k,prefill,10k,0,0,0,0,Transpose,"16,608,9680;3",2,257.62,261.57,261.57,265.53
dp0_pp0_tp0_dcp0_ep0_rank0_prefill-10k,prefill,10k,0,0,0,0,Transpose,"256,16,1024;3",480,14.26,15.91,15.69,22.98
dp0_pp0_tp0_dcp0_ep0_rank0_prefill-10k,prefill,10k,0,0,0,0,Transpose,"64,256,512;3",480,16.28,22.39,22.48,32.70
dp0_pp0_tp0_dcp0_ep0_rank0_prefill-10k,prefill,10k,0,0,0,0,ZerosLike,"2,1",6,1.72,1.85,1.79,2.02
dp0_pp0_tp0_dcp0_ep0_rank0_prefill-10k,prefill,10k,0,0,0,0,ZerosLike,"2,1365",1,3.48,3.48,3.48,3.48
dp0_pp0_tp0_dcp0_ep0_rank0_prefill-10k,prefill,10k,0,0,0,0,ZerosLike,"2,608",1,3.34,3.34,3.34,3.34
dp0_pp0_tp0_dcp0_ep0_rank0_prefill-10k,prefill,10k,0,0,0,0,_triton_rope_siso,"256,1,128;256,64;256,64",480,11.24,11.89,11.68,17.88
dp0_pp0_tp0_dcp0_ep0_rank0_prefill-10k,prefill,10k,0,0,0,0,_triton_rope_siso,"256,32,128;256,64;256,64",480,22.44,24.79,24.68,32.60
dp0_pp0_tp0_dcp0_ep0_rank0_prefill-10k,prefill,10k,0,0,0,0,allgatherAicpuKernel,N/A,52,231.83,320.42,269.08,1821.60
dp0_pp0_tp0_dcp0_ep0_rank0_prefill-10k,prefill,10k,0,0,0,0,batch_getAicpuKernel,N/A,45,21.94,40.27,31.32,126.98
dp0_pp0_tp0_dcp0_ep0_rank0_prefill-10k,prefill,10k,0,0,0,0,batch_matmul_transpose,N/A,480,32.06,39.23,38.05,66.20
dp0_pp0_tp0_dcp0_ep0_rank0_prefill-10k,prefill,10k,0,0,0,0,broadcastAicpuKernel,N/A,624,497.65,1459.77,593.14,10073.64
dp0_pp0_tp0_dcp0_ep0_rank0_prefill-10k,prefill,10k,0,0,0,0,hccl_batchGet_,N/A,44,148.56,314.52,348.09,385.07
dp0_pp0_tp0_dcp0_ep0_rank0_prefill-10k,prefill,10k,0,0,0,0,hcom_allGather_,N/A,1112,9.12,180.39,83.08,7604.47
dp0_pp0_tp0_dcp0_ep0_rank0_prefill-10k,prefill,10k,0,0,0,0,hcom_alltoall_,N/A,962,10.74,387.87,163.30,2986.34
dp0_pp0_tp0_dcp0_ep0_rank0_prefill-10k,prefill,10k,0,0,0,0,hcom_alltoallv_,N/A,96,80.12,440.39,249.94,3634.10
dp0_pp0_tp0_dcp0_ep0_rank0_prefill-10k,prefill,10k,0,0,0,0,hcom_broadcast_,N/A,624,483.07,783.29,536.06,4962.44
dp0_pp0_tp0_dcp0_ep0_rank0_prefill-10k,prefill,10k,0,0,0,0,hcom_reduceScatter_,N/A,576,10.96,405.73,395.49,3909.96
dp0_pp0_tp0_dcp0_ep0_rank0_prefill-10k,prefill,10k,0,0,0,0,reduce_scatterAicpuKernel,N/A,544,193.31,235.96,228.47,2380.09
dp0_pp0_tp0_dcp0_ep0_rank0_prefill-20k,prefill,20k,0,0,0,0,Add,"1,154880;",8,7.70,12.18,9.06,23.24
dp0_pp0_tp0_dcp0_ep0_rank0_prefill-20k,prefill,20k,0,0,0,0,Add,1365;,1,1.54,1.54,1.54,1.54
dp0_pp0_tp0_dcp0_ep0_rank0_prefill-20k,prefill,20k,0,0,0,0,Add,1;,24,1.38,1.59,1.56,1.92
dp0_pp0_tp0_dcp0_ep0_rank0_prefill-20k,prefill,20k,0,0,0,0,Add,1;1,8,1.24,1.39,1.28,1.68
dp0_pp0_tp0_dcp0_ep0_rank0_prefill-20k,prefill,20k,0,0,0,0,Add,"256,6144;256,6144",711,6.40,12.28,12.18,19.20
dp0_pp0_tp0_dcp0_ep0_rank0_prefill-20k,prefill,20k,0,0,0,0,AddRmsNormBias,"256,6144;256,6144;6144;6144",1422,17.64,22.71,22.64,27.00
dp0_pp0_tp0_dcp0_ep0_rank0_prefill-20k,prefill,20k,0,0,0,0,ApplyTopKTopPCustom,"1,154880;1,154880;1;",8,260.31,771.62,843.32,852.24
dp0_pp0_tp0_dcp0_ep0_rank0_prefill-20k,prefill,20k,0,0,0,0,ArgMaxV2,"1,154880;",24,19.10,19.67,19.75,20.14
dp0_pp0_tp0_dcp0_ep0_rank0_prefill-20k,prefill,20k,0,0,0,0,ArgMaxV2,"1365,154880;",2,727.32,729.43,729.43,731.53
dp0_pp0_tp0_dcp0_ep0_rank0_prefill-20k,prefill,20k,0,0,0,0,AsStrided,4194304;3;3;1,640,15.80,17.03,16.82,22.54
dp0_pp0_tp0_dcp0_ep0_rank0_prefill-20k,prefill,20k,0,0,0,0,AscendQuantV2,"256,2048;2048;2048",1280,12.34,14.74,14.54,22.36
dp0_pp0_tp0_dcp0_ep0_rank0_prefill-20k,prefill,20k,0,0,0,0,AscendQuantV2,"256,6144;6144;6144",640,16.18,17.63,17.50,24.50
dp0_pp0_tp0_dcp0_ep0_rank0_prefill-20k,prefill,20k,0,0,0,0,AscendQuantV2,"4096,1024;1024;1024",640,27.18,28.48,28.00,35.20
dp0_pp0_tp0_dcp0_ep0_rank0_prefill-20k,prefill,20k,0,0,0,0,BatchMatMulV2,"64,256,192;64,192,512",640,29.58,36.23,35.89,43.20
dp0_pp0_tp0_dcp0_ep0_rank0_prefill-20k,prefill,20k,0,0,0,0,BroadcastTo,1;1,26,1.26,1.52,1.52,1.86
dp0_pp0_tp0_dcp0_ep0_rank0_prefill-20k,prefill,20k,0,0,0,0,BroadcastTo,;1,8,1.20,1.25,1.24,1.36
dp0_pp0_tp0_dcp0_ep0_rank0_prefill-20k,prefill,20k,0,0,0,0,Cast,1,114,1.08,1.46,1.40,2.16
dp0_pp0_tp0_dcp0_ep0_rank0_prefill-20k,prefill,20k,0,0,0,0,Cast,"1,1",24,1.14,1.45,1.49,1.98
dp0_pp0_tp0_dcp0_ep0_rank0_prefill-20k,prefill,20k,0,0,0,0,Cast,"1,154880",8,8.26,8.34,8.37,8.44
dp0_pp0_tp0_dcp0_ep0_rank0_prefill-20k,prefill,20k,0,0,0,0,Cast,1365,4,1.46,1.78,1.69,2.30
dp0_pp0_tp0_dcp0_ep0_rank0_prefill-20k,prefill,20k,0,0,0,0,Cast,256,658,1.14,1.50,1.48,1.86
dp0_pp0_tp0_dcp0_ep0_rank0_prefill-20k,prefill,20k,0,0,0,0,Cast,"256,128",1280,5.72,6.58,6.70,9.94
dp0_pp0_tp0_dcp0_ep0_rank0_prefill-20k,prefill,20k,0,0,0,0,Cast,"256,8",675,1.26,1.57,1.52,4.80
dp0_pp0_tp0_dcp0_ep0_rank0_prefill-20k,prefill,20k,0,0,0,0,Cast,"32,8",54,1.12,1.32,1.28,1.64
dp0_pp0_tp0_dcp0_ep0_rank0_prefill-20k,prefill,20k,0,0,0,0,Cast,3621,1,2.62,2.62,2.62,2.62
dp0_pp0_tp0_dcp0_ep0_rank0_prefill-20k,prefill,20k,0,0,0,0,Cast,4096,142,1.34,2.30,2.37,3.34
dp0_pp0_tp0_dcp0_ep0_rank0_prefill-20k,prefill,20k,0,0,0,0,Cast,512,18,1.34,1.53,1.50,1.90
dp0_pp0_tp0_dcp0_ep0_rank0_prefill-20k,prefill,20k,0,0,0,0,ClipByValueV2,1;;,8,4.54,4.77,4.69,5.16
dp0_pp0_tp0_dcp0_ep0_rank0_prefill-20k,prefill,20k,0,0,0,0,ConcatD,"256,6144;256,6144",18,9.20,9.69,9.60,10.46
dp0_pp0_tp0_dcp0_ep0_rank0_prefill-20k,prefill,20k,0,0,0,0,ConcatD,"256,64;256,512;256,128",640,4.14,4.85,4.86,5.48
dp0_pp0_tp0_dcp0_ep0_rank0_prefill-20k,prefill,20k,0,0,0,0,Cumsum,8;1,18,48.74,68.04,64.93,98.86
dp0_pp0_tp0_dcp0_ep0_rank0_prefill-20k,prefill,20k,0,0,0,0,DSARandomUniform,N/A,8,15.58,15.77,15.67,16.36
dp0_pp0_tp0_dcp0_ep0_rank0_prefill-20k,prefill,20k,0,0,0,0,DispatchFFNCombine,"256,6144;8,6144,4096;8,2048,6144;256,8;32768;49152;256,8",675,1285.23,2517.43,2199.42,14750.00
dp0_pp0_tp0_dcp0_ep0_rank0_prefill-20k,prefill,20k,0,0,0,0,DynamicQuant,"2048,6144",18,51.02,51.78,51.87,53.22
dp0_pp0_tp0_dcp0_ep0_rank0_prefill-20k,prefill,20k,0,0,0,0,DynamicQuant,"256,2048",693,12.16,20.46,20.24,26.34
dp0_pp0_tp0_dcp0_ep0_rank0_prefill-20k,prefill,20k,0,0,0,0,DynamicQuant,"256,6144",693,21.84,40.54,40.42,152.04
dp0_pp0_tp0_dcp0_ep0_rank0_prefill-20k,prefill,20k,0,0,0,0,DynamicQuant,"4096,6144",27,80.14,88.01,88.78,92.14
dp0_pp0_tp0_dcp0_ep0_rank0_prefill-20k,prefill,20k,0,0,0,0,DynamicQuant,"4096,768",27,33.86,35.25,35.28,37.06
dp0_pp0_tp0_dcp0_ep0_rank0_prefill-20k,prefill,20k,0,0,0,0,Equal,"256,1;",18,1.82,2.02,2.03,2.28
dp0_pp0_tp0_dcp0_ep0_rank0_prefill-20k,prefill,20k,0,0,0,0,Fill,1;,144,1.20,1.54,1.49,3.28
dp0_pp0_tp0_dcp0_ep0_rank0_prefill-20k,prefill,20k,0,0,0,0,Fill,2;,80,8.04,8.87,8.46,16.34
dp0_pp0_tp0_dcp0_ep0_rank0_prefill-20k,prefill,20k,0,0,0,0,FloorDiv,1;,8,85.48,108.18,104.26,133.52
dp0_pp0_tp0_dcp0_ep0_rank0_prefill-20k,prefill,20k,0,0,0,0,FloorMod,1;1,8,2.38,2.56,2.54,2.92
dp0_pp0_tp0_dcp0_ep0_rank0_prefill-20k,prefill,20k,0,0,0,0,GatherElementsV2,"1,1584;1,1",8,3.10,3.31,3.31,3.58
dp0_pp0_tp0_dcp0_ep0_rank0_prefill-20k,prefill,20k,0,0,0,0,GatherElementsV2,"1,1;1,1",8,4.08,4.41,4.44,4.64
dp0_pp0_tp0_dcp0_ep0_rank0_prefill-20k,prefill,20k,0,0,0,0,GatherV2,"9680,6144;4096;1",27,107.28,158.95,158.78,166.48
dp0_pp0_tp0_dcp0_ep0_rank0_prefill-20k,prefill,20k,0,0,0,0,GreaterEqual,"1,154880;",8,8.40,13.32,10.37,24.28
dp0_pp0_tp0_dcp0_ep0_rank0_prefill-20k,prefill,20k,0,0,0,0,GreaterEqual,1365;,1,3.38,3.38,3.38,3.38
dp0_pp0_tp0_dcp0_ep0_rank0_prefill-20k,prefill,20k,0,0,0,0,GreaterEqual,1;,16,2.82,3.34,3.33,3.86
dp0_pp0_tp0_dcp0_ep0_rank0_prefill-20k,prefill,20k,0,0,0,0,GreaterEqual,4096;,27,3.70,4.12,4.12,4.52
dp0_pp0_tp0_dcp0_ep0_rank0_prefill-20k,prefill,20k,0,0,0,0,GroupedMatmul,"1714,2048;8,2048,6144;;8,6144;;;;8;1714",1,160.70,160.70,160.70,160.70
dp0_pp0_tp0_dcp0_ep0_rank0_prefill-20k,prefill,20k,0,0,0,0,GroupedMatmul,"1730,2048;8,2048,6144;;8,6144;;;;8;1730",1,157.96,157.96,157.96,157.96
dp0_pp0_tp0_dcp0_ep0_rank0_prefill-20k,prefill,20k,0,0,0,0,GroupedMatmul,"1764,2048;8,2048,6144;;8,6144;;;;8;1764",1,169.48,169.48,169.48,169.48
dp0_pp0_tp0_dcp0_ep0_rank0_prefill-20k,prefill,20k,0,0,0,0,GroupedMatmul,"1785,2048;8,2048,6144;;8,6144;;;;8;1785",1,157.90,157.90,157.90,157.90
dp0_pp0_tp0_dcp0_ep0_rank0_prefill-20k,prefill,20k,0,0,0,0,GroupedMatmul,"1806,2048;8,2048,6144;;8,6144;;;;8;1806",1,162.46,162.46,162.46,162.46
dp0_pp0_tp0_dcp0_ep0_rank0_prefill-20k,prefill,20k,0,0,0,0,GroupedMatmul,"1858,2048;8,2048,6144;;8,6144;;;;8;1858",1,164.38,164.38,164.38,164.38
dp0_pp0_tp0_dcp0_ep0_rank0_prefill-20k,prefill,20k,0,0,0,0,GroupedMatmul,"1860,2048;8,2048,6144;;8,6144;;;;8;1860",1,170.86,170.86,170.86,170.86
dp0_pp0_tp0_dcp0_ep0_rank0_prefill-20k,prefill,20k,0,0,0,0,GroupedMatmul,"1868,2048;8,2048,6144;;8,6144;;;;8;1868",1,167.12,167.12,167.12,167.12
dp0_pp0_tp0_dcp0_ep0_rank0_prefill-20k,prefill,20k,0,0,0,0,GroupedMatmul,"1905,2048;8,2048,6144;;8,6144;;;;8;1905",1,157.56,157.56,157.56,157.56
dp0_pp0_tp0_dcp0_ep0_rank0_prefill-20k,prefill,20k,0,0,0,0,GroupedMatmul,"2016,2048;8,2048,6144;;8,6144;;;;8;2016",1,162.86,162.86,162.86,162.86
dp0_pp0_tp0_dcp0_ep0_rank0_prefill-20k,prefill,20k,0,0,0,0,GroupedMatmul,"2117,2048;8,2048,6144;;8,6144;;;;8;2117",1,165.10,165.10,165.10,165.10
dp0_pp0_tp0_dcp0_ep0_rank0_prefill-20k,prefill,20k,0,0,0,0,GroupedMatmul,"2135,2048;8,2048,6144;;8,6144;;;;8;2135",1,167.32,167.32,167.32,167.32
dp0_pp0_tp0_dcp0_ep0_rank0_prefill-20k,prefill,20k,0,0,0,0,GroupedMatmul,"2144,2048;8,2048,6144;;8,6144;;;;8;2144",1,175.12,175.12,175.12,175.12
dp0_pp0_tp0_dcp0_ep0_rank0_prefill-20k,prefill,20k,0,0,0,0,GroupedMatmul,"2200,2048;8,2048,6144;;8,6144;;;;8;2200",1,169.86,169.86,169.86,169.86
dp0_pp0_tp0_dcp0_ep0_rank0_prefill-20k,prefill,20k,0,0,0,0,GroupedMatmul,"2214,2048;8,2048,6144;;8,6144;;;;8;2214",1,167.50,167.50,167.50,167.50
dp0_pp0_tp0_dcp0_ep0_rank0_prefill-20k,prefill,20k,0,0,0,0,GroupedMatmul,"2230,2048;8,2048,6144;;8,6144;;;;8;2230",1,153.40,153.40,153.40,153.40
dp0_pp0_tp0_dcp0_ep0_rank0_prefill-20k,prefill,20k,0,0,0,0,GroupedMatmul,"2379,2048;8,2048,6144;;8,6144;;;;8;2379",1,176.96,176.96,176.96,176.96
dp0_pp0_tp0_dcp0_ep0_rank0_prefill-20k,prefill,20k,0,0,0,0,GroupedMatmul,"2461,2048;8,2048,6144;;8,6144;;;;8;2461",1,173.42,173.42,173.42,173.42
dp0_pp0_tp0_dcp0_ep0_rank0_prefill-20k,prefill,20k,0,0,0,0,GroupedMatmulSwigluQuant,"1714,6144;8,128,384,16,32;8,4096;1714;8",1,382.27,382.27,382.27,382.27
dp0_pp0_tp0_dcp0_ep0_rank0_prefill-20k,prefill,20k,0,0,0,0,GroupedMatmulSwigluQuant,"1730,6144;8,128,384,16,32;8,4096;1730;8",1,393.41,393.41,393.41,393.41
dp0_pp0_tp0_dcp0_ep0_rank0_prefill-20k,prefill,20k,0,0,0,0,GroupedMatmulSwigluQuant,"1764,6144;8,128,384,16,32;8,4096;1764;8",1,404.85,404.85,404.85,404.85
dp0_pp0_tp0_dcp0_ep0_rank0_prefill-20k,prefill,20k,0,0,0,0,GroupedMatmulSwigluQuant,"1785,6144;8,128,384,16,32;8,4096;1785;8",1,317.26,317.26,317.26,317.26
dp0_pp0_tp0_dcp0_ep0_rank0_prefill-20k,prefill,20k,0,0,0,0,GroupedMatmulSwigluQuant,"1806,6144;8,128,384,16,32;8,4096;1806;8",1,405.33,405.33,405.33,405.33
dp0_pp0_tp0_dcp0_ep0_rank0_prefill-20k,prefill,20k,0,0,0,0,GroupedMatmulSwigluQuant,"1858,6144;8,128,384,16,32;8,4096;1858;8",1,398.85,398.85,398.85,398.85
dp0_pp0_tp0_dcp0_ep0_rank0_prefill-20k,prefill,20k,0,0,0,0,GroupedMatmulSwigluQuant,"1860,6144;8,128,384,16,32;8,4096;1860;8",1,401.81,401.81,401.81,401.81
dp0_pp0_tp0_dcp0_ep0_rank0_prefill-20k,prefill,20k,0,0,0,0,GroupedMatmulSwigluQuant,"1868,6144;8,128,384,16,32;8,4096;1868;8",1,401.01,401.01,401.01,401.01
dp0_pp0_tp0_dcp0_ep0_rank0_prefill-20k,prefill,20k,0,0,0,0,GroupedMatmulSwigluQuant,"1905,6144;8,128,384,16,32;8,4096;1905;8",1,405.13,405.13,405.13,405.13
dp0_pp0_tp0_dcp0_ep0_rank0_prefill-20k,prefill,20k,0,0,0,0,GroupedMatmulSwigluQuant,"2016,6144;8,128,384,16,32;8,4096;2016;8",1,414.29,414.29,414.29,414.29
dp0_pp0_tp0_dcp0_ep0_rank0_prefill-20k,prefill,20k,0,0,0,0,GroupedMatmulSwigluQuant,"2117,6144;8,128,384,16,32;8,4096;2117;8",1,414.39,414.39,414.39,414.39
dp0_pp0_tp0_dcp0_ep0_rank0_prefill-20k,prefill,20k,0,0,0,0,GroupedMatmulSwigluQuant,"2135,6144;8,128,384,16,32;8,4096;2135;8",1,363.11,363.11,363.11,363.11
dp0_pp0_tp0_dcp0_ep0_rank0_prefill-20k,prefill,20k,0,0,0,0,GroupedMatmulSwigluQuant,"2144,6144;8,128,384,16,32;8,4096;2144;8",1,446.03,446.03,446.03,446.03
dp0_pp0_tp0_dcp0_ep0_rank0_prefill-20k,prefill,20k,0,0,0,0,GroupedMatmulSwigluQuant,"2200,6144;8,128,384,16,32;8,4096;2200;8",1,425.39,425.39,425.39,425.39
dp0_pp0_tp0_dcp0_ep0_rank0_prefill-20k,prefill,20k,0,0,0,0,GroupedMatmulSwigluQuant,"2214,6144;8,128,384,16,32;8,4096;2214;8",1,445.11,445.11,445.11,445.11
dp0_pp0_tp0_dcp0_ep0_rank0_prefill-20k,prefill,20k,0,0,0,0,GroupedMatmulSwigluQuant,"2230,6144;8,128,384,16,32;8,4096;2230;8",1,389.19,389.19,389.19,389.19
dp0_pp0_tp0_dcp0_ep0_rank0_prefill-20k,prefill,20k,0,0,0,0,GroupedMatmulSwigluQuant,"2379,6144;8,128,384,16,32;8,4096;2379;8",1,463.39,463.39,463.39,463.39
dp0_pp0_tp0_dcp0_ep0_rank0_prefill-20k,prefill,20k,0,0,0,0,GroupedMatmulSwigluQuant,"2461,6144;8,128,384,16,32;8,4096;2461;8",1,422.41,422.41,422.41,422.41
dp0_pp0_tp0_dcp0_ep0_rank0_prefill-20k,prefill,20k,0,0,0,0,HistogramV2,"256,8;;",18,18.38,19.03,18.84,20.42
dp0_pp0_tp0_dcp0_ep0_rank0_prefill-20k,prefill,20k,0,0,0,0,Index,"202752,64;1;2;4096",48,40.52,42.59,42.31,51.94
dp0_pp0_tp0_dcp0_ep0_rank0_prefill-20k,prefill,20k,0,0,0,0,Index,"4096,6144;1;2;1",32,7.24,9.21,9.57,10.04
dp0_pp0_tp0_dcp0_ep0_rank0_prefill-20k,prefill,20k,0,0,0,0,Index,"4096,6144;1;2;1365",3,32.86,56.85,68.72,68.96
dp0_pp0_tp0_dcp0_ep0_rank0_prefill-20k,prefill,20k,0,0,0,0,Index,4096;1;1;1,16,9.14,9.53,9.51,9.98
dp0_pp0_tp0_dcp0_ep0_rank0_prefill-20k,prefill,20k,0,0,0,0,Index,4096;1;1;1365,1,14.08,14.08,14.08,14.08
dp0_pp0_tp0_dcp0_ep0_rank0_prefill-20k,prefill,20k,0,0,0,0,IndexFill,"1,1;1;",7,28.86,29.81,30.00,30.52
dp0_pp0_tp0_dcp0_ep0_rank0_prefill-20k,prefill,20k,0,0,0,0,IndexFill,"1,1;;",1,31.34,31.34,31.34,31.34
dp0_pp0_tp0_dcp0_ep0_rank0_prefill-20k,prefill,20k,0,0,0,0,IndexPutV2,4096;1;1;1;1,8,9.50,9.61,9.58,9.80
dp0_pp0_tp0_dcp0_ep0_rank0_prefill-20k,prefill,20k,0,0,0,0,InterleaveRope,"256,64,1,64;256,1,1,64;256,1,1,64",640,21.94,23.59,23.40,27.22
dp0_pp0_tp0_dcp0_ep0_rank0_prefill-20k,prefill,20k,0,0,0,0,KvRmsNormRopeCache,"256,1,1,576;512;256,1,1,64;256,1,1,64;256;1678,128,1,64;1678,128,1,512;;;;;",640,13.48,14.69,14.36,26.00
dp0_pp0_tp0_dcp0_ep0_rank0_prefill-20k,prefill,20k,0,0,0,0,LayerNormV3,"256,128;128;128",640,17.76,21.26,21.20,27.64
dp0_pp0_tp0_dcp0_ep0_rank0_prefill-20k,prefill,20k,0,0,0,0,Less,"1,1;",8,3.18,3.30,3.30,3.42
dp0_pp0_tp0_dcp0_ep0_rank0_prefill-20k,prefill,20k,0,0,0,0,Less,4096;,27,3.94,4.20,4.18,4.64
dp0_pp0_tp0_dcp0_ep0_rank0_prefill-20k,prefill,20k,0,0,0,0,LightningIndexer,"256,32,128;1678,128,1,128;256,32;1;1;1,1584",640,25.10,208.42,168.34,441.51
dp0_pp0_tp0_dcp0_ep0_rank0_prefill-20k,prefill,20k,0,0,0,0,Log,"1,154880",8,6.98,10.54,8.60,16.76
dp0_pp0_tp0_dcp0_ep0_rank0_prefill-20k,prefill,20k,0,0,0,0,LogicalAnd,"1,1;1,1",8,1.78,1.91,1.88,2.08
dp0_pp0_tp0_dcp0_ep0_rank0_prefill-20k,prefill,20k,0,0,0,0,LogicalAnd,4096;4096,27,1.48,1.82,1.82,2.26
dp0_pp0_tp0_dcp0_ep0_rank0_prefill-20k,prefill,20k,0,0,0,0,LogicalNot,4096,27,1.54,1.67,1.64,1.96
dp0_pp0_tp0_dcp0_ep0_rank0_prefill-20k,prefill,20k,0,0,0,0,MaskedFill,"1,154880;1,154880;",8,8.94,16.90,11.25,33.84
dp0_pp0_tp0_dcp0_ep0_rank0_prefill-20k,prefill,20k,0,0,0,0,MaskedFill,1;1;,16,1.58,2.11,2.12,2.74
dp0_pp0_tp0_dcp0_ep0_rank0_prefill-20k,prefill,20k,0,0,0,0,MaskedFill,"4096,6144;4096,1;",27,146.68,169.79,169.38,191.82
dp0_pp0_tp0_dcp0_ep0_rank0_prefill-20k,prefill,20k,0,0,0,0,MatMulV2,"1,6144;9680,6144",24,134.92,177.91,175.78,208.16
dp0_pp0_tp0_dcp0_ep0_rank0_prefill-20k,prefill,20k,0,0,0,0,MatMulV2,"256,12288;6144,12288",18,262.22,273.65,275.06,285.17
dp0_pp0_tp0_dcp0_ep0_rank0_prefill-20k,prefill,20k,0,0,0,0,MatMulV2,"256,6144;128,6144",640,11.62,14.36,14.38,15.56
dp0_pp0_tp0_dcp0_ep0_rank0_prefill-20k,prefill,20k,0,0,0,0,MatMulV2,"256,6144;256,6144",693,15.38,19.82,19.36,29.72
dp0_pp0_tp0_dcp0_ep0_rank0_prefill-20k,prefill,20k,0,0,0,0,MatMulV2,"256,6144;32,6144",640,9.74,12.57,12.76,17.00
dp0_pp0_tp0_dcp0_ep0_rank0_prefill-20k,prefill,20k,0,0,0,0,MatMulV2,"256,6144;6144,6144",18,112.56,124.15,124.35,137.32
dp0_pp0_tp0_dcp0_ep0_rank0_prefill-20k,prefill,20k,0,0,0,0,MatMulV3,"1365,6144;9680,6144",2,629.87,648.51,648.51,667.15
dp0_pp0_tp0_dcp0_ep0_rank0_prefill-20k,prefill,20k,0,0,0,0,MemSet,N/A,18,16.52,16.71,16.68,16.96
dp0_pp0_tp0_dcp0_ep0_rank0_prefill-20k,prefill,20k,0,0,0,0,MoeGatingTopK,"256,256;256",693,20.46,23.26,22.94,28.98
dp0_pp0_tp0_dcp0_ep0_rank0_prefill-20k,prefill,20k,0,0,0,0,MoeTokenPermute,"1714,1;1714",1,29.08,29.08,29.08,29.08
dp0_pp0_tp0_dcp0_ep0_rank0_prefill-20k,prefill,20k,0,0,0,0,MoeTokenPermute,"1714,6144;1714",1,36.46,36.46,36.46,36.46
dp0_pp0_tp0_dcp0_ep0_rank0_prefill-20k,prefill,20k,0,0,0,0,MoeTokenPermute,"1730,1;1730",1,30.02,30.02,30.02,30.02
dp0_pp0_tp0_dcp0_ep0_rank0_prefill-20k,prefill,20k,0,0,0,0,MoeTokenPermute,"1730,6144;1730",1,37.12,37.12,37.12,37.12
dp0_pp0_tp0_dcp0_ep0_rank0_prefill-20k,prefill,20k,0,0,0,0,MoeTokenPermute,"1764,1;1764",1,28.76,28.76,28.76,28.76
dp0_pp0_tp0_dcp0_ep0_rank0_prefill-20k,prefill,20k,0,0,0,0,MoeTokenPermute,"1764,6144;1764",1,36.26,36.26,36.26,36.26
dp0_pp0_tp0_dcp0_ep0_rank0_prefill-20k,prefill,20k,0,0,0,0,MoeTokenPermute,"1785,1;1785",1,28.98,28.98,28.98,28.98
dp0_pp0_tp0_dcp0_ep0_rank0_prefill-20k,prefill,20k,0,0,0,0,MoeTokenPermute,"1785,6144;1785",1,38.36,38.36,38.36,38.36
dp0_pp0_tp0_dcp0_ep0_rank0_prefill-20k,prefill,20k,0,0,0,0,MoeTokenPermute,"1806,1;1806",1,29.20,29.20,29.20,29.20
dp0_pp0_tp0_dcp0_ep0_rank0_prefill-20k,prefill,20k,0,0,0,0,MoeTokenPermute,"1806,6144;1806",1,36.00,36.00,36.00,36.00
dp0_pp0_tp0_dcp0_ep0_rank0_prefill-20k,prefill,20k,0,0,0,0,MoeTokenPermute,"1858,1;1858",1,27.94,27.94,27.94,27.94
dp0_pp0_tp0_dcp0_ep0_rank0_prefill-20k,prefill,20k,0,0,0,0,MoeTokenPermute,"1858,6144;1858",1,35.96,35.96,35.96,35.96
dp0_pp0_tp0_dcp0_ep0_rank0_prefill-20k,prefill,20k,0,0,0,0,MoeTokenPermute,"1860,1;1860",1,28.32,28.32,28.32,28.32
dp0_pp0_tp0_dcp0_ep0_rank0_prefill-20k,prefill,20k,0,0,0,0,MoeTokenPermute,"1860,6144;1860",1,34.06,34.06,34.06,34.06
dp0_pp0_tp0_dcp0_ep0_rank0_prefill-20k,prefill,20k,0,0,0,0,MoeTokenPermute,"1868,1;1868",1,27.88,27.88,27.88,27.88
dp0_pp0_tp0_dcp0_ep0_rank0_prefill-20k,prefill,20k,0,0,0,0,MoeTokenPermute,"1868,6144;1868",1,35.08,35.08,35.08,35.08
dp0_pp0_tp0_dcp0_ep0_rank0_prefill-20k,prefill,20k,0,0,0,0,MoeTokenPermute,"1905,1;1905",1,31.42,31.42,31.42,31.42
dp0_pp0_tp0_dcp0_ep0_rank0_prefill-20k,prefill,20k,0,0,0,0,MoeTokenPermute,"1905,6144;1905",1,37.00,37.00,37.00,37.00
dp0_pp0_tp0_dcp0_ep0_rank0_prefill-20k,prefill,20k,0,0,0,0,MoeTokenPermute,"2016,1;2016",1,28.94,28.94,28.94,28.94
dp0_pp0_tp0_dcp0_ep0_rank0_prefill-20k,prefill,20k,0,0,0,0,MoeTokenPermute,"2016,6144;2016",1,35.46,35.46,35.46,35.46
dp0_pp0_tp0_dcp0_ep0_rank0_prefill-20k,prefill,20k,0,0,0,0,MoeTokenPermute,"2117,1;2117",1,31.32,31.32,31.32,31.32
dp0_pp0_tp0_dcp0_ep0_rank0_prefill-20k,prefill,20k,0,0,0,0,MoeTokenPermute,"2117,6144;2117",1,37.72,37.72,37.72,37.72
dp0_pp0_tp0_dcp0_ep0_rank0_prefill-20k,prefill,20k,0,0,0,0,MoeTokenPermute,"2135,1;2135",1,30.40,30.40,30.40,30.40
dp0_pp0_tp0_dcp0_ep0_rank0_prefill-20k,prefill,20k,0,0,0,0,MoeTokenPermute,"2135,6144;2135",1,40.26,40.26,40.26,40.26
dp0_pp0_tp0_dcp0_ep0_rank0_prefill-20k,prefill,20k,0,0,0,0,MoeTokenPermute,"2144,1;2144",1,31.62,31.62,31.62,31.62
dp0_pp0_tp0_dcp0_ep0_rank0_prefill-20k,prefill,20k,0,0,0,0,MoeTokenPermute,"2144,6144;2144",1,38.80,38.80,38.80,38.80
dp0_pp0_tp0_dcp0_ep0_rank0_prefill-20k,prefill,20k,0,0,0,0,MoeTokenPermute,"2200,1;2200",1,33.36,33.36,33.36,33.36
dp0_pp0_tp0_dcp0_ep0_rank0_prefill-20k,prefill,20k,0,0,0,0,MoeTokenPermute,"2200,6144;2200",1,36.26,36.26,36.26,36.26
dp0_pp0_tp0_dcp0_ep0_rank0_prefill-20k,prefill,20k,0,0,0,0,MoeTokenPermute,"2214,1;2214",1,33.62,33.62,33.62,33.62
dp0_pp0_tp0_dcp0_ep0_rank0_prefill-20k,prefill,20k,0,0,0,0,MoeTokenPermute,"2214,6144;2214",1,40.06,40.06,40.06,40.06
dp0_pp0_tp0_dcp0_ep0_rank0_prefill-20k,prefill,20k,0,0,0,0,MoeTokenPermute,"2230,1;2230",1,32.18,32.18,32.18,32.18
dp0_pp0_tp0_dcp0_ep0_rank0_prefill-20k,prefill,20k,0,0,0,0,MoeTokenPermute,"2230,6144;2230",1,36.92,36.92,36.92,36.92
dp0_pp0_tp0_dcp0_ep0_rank0_prefill-20k,prefill,20k,0,0,0,0,MoeTokenPermute,"2379,1;2379",1,33.40,33.40,33.40,33.40
dp0_pp0_tp0_dcp0_ep0_rank0_prefill-20k,prefill,20k,0,0,0,0,MoeTokenPermute,"2379,6144;2379",1,40.42,40.42,40.42,40.42
dp0_pp0_tp0_dcp0_ep0_rank0_prefill-20k,prefill,20k,0,0,0,0,MoeTokenPermute,"2461,1;2461",1,30.02,30.02,30.02,30.02
dp0_pp0_tp0_dcp0_ep0_rank0_prefill-20k,prefill,20k,0,0,0,0,MoeTokenPermute,"2461,6144;2461",1,36.52,36.52,36.52,36.52
dp0_pp0_tp0_dcp0_ep0_rank0_prefill-20k,prefill,20k,0,0,0,0,MoeTokenPermute,"256,6144;256,8",18,27.58,29.76,29.22,33.62
dp0_pp0_tp0_dcp0_ep0_rank0_prefill-20k,prefill,20k,0,0,0,0,MoeTokenUnpermute,"1714,6144;1714;",1,26.32,26.32,26.32,26.32
dp0_pp0_tp0_dcp0_ep0_rank0_prefill-20k,prefill,20k,0,0,0,0,MoeTokenUnpermute,"1730,6144;1730;",1,23.54,23.54,23.54,23.54
dp0_pp0_tp0_dcp0_ep0_rank0_prefill-20k,prefill,20k,0,0,0,0,MoeTokenUnpermute,"1764,6144;1764;",1,26.22,26.22,26.22,26.22
dp0_pp0_tp0_dcp0_ep0_rank0_prefill-20k,prefill,20k,0,0,0,0,MoeTokenUnpermute,"1785,6144;1785;",1,24.46,24.46,24.46,24.46
dp0_pp0_tp0_dcp0_ep0_rank0_prefill-20k,prefill,20k,0,0,0,0,MoeTokenUnpermute,"1806,6144;1806;",1,26.88,26.88,26.88,26.88
dp0_pp0_tp0_dcp0_ep0_rank0_prefill-20k,prefill,20k,0,0,0,0,MoeTokenUnpermute,"1858,6144;1858;",1,25.62,25.62,25.62,25.62
dp0_pp0_tp0_dcp0_ep0_rank0_prefill-20k,prefill,20k,0,0,0,0,MoeTokenUnpermute,"1860,6144;1860;",1,26.42,26.42,26.42,26.42
dp0_pp0_tp0_dcp0_ep0_rank0_prefill-20k,prefill,20k,0,0,0,0,MoeTokenUnpermute,"1868,6144;1868;",1,35.26,35.26,35.26,35.26
dp0_pp0_tp0_dcp0_ep0_rank0_prefill-20k,prefill,20k,0,0,0,0,MoeTokenUnpermute,"1905,6144;1905;",1,26.98,26.98,26.98,26.98
dp0_pp0_tp0_dcp0_ep0_rank0_prefill-20k,prefill,20k,0,0,0,0,MoeTokenUnpermute,"2016,6144;2016;",1,26.24,26.24,26.24,26.24
dp0_pp0_tp0_dcp0_ep0_rank0_prefill-20k,prefill,20k,0,0,0,0,MoeTokenUnpermute,"2048,6144;2048;256,8",18,23.44,26.68,25.08,35.10
dp0_pp0_tp0_dcp0_ep0_rank0_prefill-20k,prefill,20k,0,0,0,0,MoeTokenUnpermute,"2117,6144;2117;",1,37.58,37.58,37.58,37.58
dp0_pp0_tp0_dcp0_ep0_rank0_prefill-20k,prefill,20k,0,0,0,0,MoeTokenUnpermute,"2135,6144;2135;",1,27.06,27.06,27.06,27.06
dp0_pp0_tp0_dcp0_ep0_rank0_prefill-20k,prefill,20k,0,0,0,0,MoeTokenUnpermute,"2144,6144;2144;",1,27.64,27.64,27.64,27.64
dp0_pp0_tp0_dcp0_ep0_rank0_prefill-20k,prefill,20k,0,0,0,0,MoeTokenUnpermute,"2200,6144;2200;",1,27.86,27.86,27.86,27.86
dp0_pp0_tp0_dcp0_ep0_rank0_prefill-20k,prefill,20k,0,0,0,0,MoeTokenUnpermute,"2214,6144;2214;",1,33.64,33.64,33.64,33.64
dp0_pp0_tp0_dcp0_ep0_rank0_prefill-20k,prefill,20k,0,0,0,0,MoeTokenUnpermute,"2230,6144;2230;",1,26.66,26.66,26.66,26.66
dp0_pp0_tp0_dcp0_ep0_rank0_prefill-20k,prefill,20k,0,0,0,0,MoeTokenUnpermute,"2379,6144;2379;",1,27.76,27.76,27.76,27.76
dp0_pp0_tp0_dcp0_ep0_rank0_prefill-20k,prefill,20k,0,0,0,0,MoeTokenUnpermute,"2461,6144;2461;",1,28.98,28.98,28.98,28.98
dp0_pp0_tp0_dcp0_ep0_rank0_prefill-20k,prefill,20k,0,0,0,0,Mul,"1,154880;",8,7.20,11.99,8.89,22.78
dp0_pp0_tp0_dcp0_ep0_rank0_prefill-20k,prefill,20k,0,0,0,0,Mul,1;,8,1.46,1.79,1.76,2.04
dp0_pp0_tp0_dcp0_ep0_rank0_prefill-20k,prefill,20k,0,0,0,0,Mul,4096;,27,5.84,5.99,5.96,6.38
dp0_pp0_tp0_dcp0_ep0_rank0_prefill-20k,prefill,20k,0,0,0,0,Mul,4096;4096,27,6.06,6.27,6.24,6.78
dp0_pp0_tp0_dcp0_ep0_rank0_prefill-20k,prefill,20k,0,0,0,0,Muls,"256,6144",693,8.82,9.06,8.98,9.60
dp0_pp0_tp0_dcp0_ep0_rank0_prefill-20k,prefill,20k,0,0,0,0,Neg,"1,154880",8,6.72,407.62,57.05,1564.31
dp0_pp0_tp0_dcp0_ep0_rank0_prefill-20k,prefill,20k,0,0,0,0,NotEqual,"1,1;",8,1.74,1.89,1.84,2.12
dp0_pp0_tp0_dcp0_ep0_rank0_prefill-20k,prefill,20k,0,0,0,0,NotEqual,1;,8,2.24,2.57,2.55,3.00
dp0_pp0_tp0_dcp0_ep0_rank0_prefill-20k,prefill,20k,0,0,0,0,OneSideCommAicpuInit,N/A,1,25.46,25.46,25.46,25.46
dp0_pp0_tp0_dcp0_ep0_rank0_prefill-20k,prefill,20k,0,0,0,0,QuantBatchMatmulV3,"256,2048;128,128,16,32;4096;4096",640,25.94,34.06,34.22,41.38
dp0_pp0_tp0_dcp0_ep0_rank0_prefill-20k,prefill,20k,0,0,0,0,QuantBatchMatmulV3,"256,2048;192,128,16,32;6144;256",693,30.94,38.72,37.40,199.66
dp0_pp0_tp0_dcp0_ep0_rank0_prefill-20k,prefill,20k,0,0,0,0,QuantBatchMatmulV3,"256,2048;512,128,16,32;16384;16384",640,54.26,85.78,85.66,114.16
dp0_pp0_tp0_dcp0_ep0_rank0_prefill-20k,prefill,20k,0,0,0,0,QuantBatchMatmulV3,"256,6144;128,384,16,32;4096;256",693,52.84,2473.22,2175.38,14772.10
dp0_pp0_tp0_dcp0_ep0_rank0_prefill-20k,prefill,20k,0,0,0,0,QuantBatchMatmulV3,"256,6144;82,384,16,32;2624;2624",640,32.58,34.69,34.52,38.52
dp0_pp0_tp0_dcp0_ep0_rank0_prefill-20k,prefill,20k,0,0,0,0,QuantBatchMatmulV3,"4096,1024;192,64,16,32;6144;6144",640,136.34,141.68,141.58,149.02
dp0_pp0_tp0_dcp0_ep0_rank0_prefill-20k,prefill,20k,0,0,0,0,QuantBatchMatmulV3,"4096,6144;48,384,16,32;1536;4096",27,143.36,147.60,147.60,151.06
dp0_pp0_tp0_dcp0_ep0_rank0_prefill-20k,prefill,20k,0,0,0,0,QuantBatchMatmulV3,"4096,768;192,48,16,32;6144;4096",27,142.00,149.49,148.52,158.38
dp0_pp0_tp0_dcp0_ep0_rank0_prefill-20k,prefill,20k,0,0,0,0,RealDiv,"1,154880;1,1",8,8.12,8.20,8.20,8.28
dp0_pp0_tp0_dcp0_ep0_rank0_prefill-20k,prefill,20k,0,0,0,0,RealDiv,"1,154880;1,154880",8,7.74,8.29,7.85,11.32
dp0_pp0_tp0_dcp0_ep0_rank0_prefill-20k,prefill,20k,0,0,0,0,ReduceSum,"1,1;1",8,1.48,1.68,1.72,1.98
dp0_pp0_tp0_dcp0_ep0_rank0_prefill-20k,prefill,20k,0,0,0,0,ReduceSum,256;1,18,2.96,3.10,3.05,3.66
dp0_pp0_tp0_dcp0_ep0_rank0_prefill-20k,prefill,20k,0,0,0,0,ReduceSum,"32,8;1",54,4.60,8.05,9.11,11.28
dp0_pp0_tp0_dcp0_ep0_rank0_prefill-20k,prefill,20k,0,0,0,0,RepeatInterleave,256;256,18,15.28,17.12,16.18,21.42
dp0_pp0_tp0_dcp0_ep0_rank0_prefill-20k,prefill,20k,0,0,0,0,ReshapeAndCacheNdKernel,"1,1,512;1,1,64;1678,128,1,512;1678,128,1,64;1",8,2.20,2.47,2.48,2.72
dp0_pp0_tp0_dcp0_ep0_rank0_prefill-20k,prefill,20k,0,0,0,0,ReshapeAndCacheNdKernel,"3621,1,512;3621,1,64;1678,128,1,512;1678,128,1,64;3621",79,26.98,29.14,29.20,32.30
dp0_pp0_tp0_dcp0_ep0_rank0_prefill-20k,prefill,20k,0,0,0,0,ReshapeAndCacheNdKernel,"4096,1,512;4096,1,64;1678,128,1,512;1678,128,1,64;4096",553,28.44,31.02,31.04,34.64
dp0_pp0_tp0_dcp0_ep0_rank0_prefill-20k,prefill,20k,0,0,0,0,RmsNorm,"1,6144;6144",16,4.26,4.45,4.40,4.90
dp0_pp0_tp0_dcp0_ep0_rank0_prefill-20k,prefill,20k,0,0,0,0,RmsNorm,"1365,6144;6144",2,41.08,41.22,41.22,41.36
dp0_pp0_tp0_dcp0_ep0_rank0_prefill-20k,prefill,20k,0,0,0,0,RmsNorm,"256,2048;2048",640,10.78,19.13,19.18,26.34
dp0_pp0_tp0_dcp0_ep0_rank0_prefill-20k,prefill,20k,0,0,0,0,RmsNorm,"256,6144;6144",63,10.18,16.01,11.56,27.34
dp0_pp0_tp0_dcp0_ep0_rank0_prefill-20k,prefill,20k,0,0,0,0,ScatterNdUpdate,"214784,128;4096,1;4096,128",640,100.32,124.32,125.57,140.58
dp0_pp0_tp0_dcp0_ep0_rank0_prefill-20k,prefill,20k,0,0,0,0,SelectV2,1365;;1365,1,3.22,3.22,3.22,3.22
dp0_pp0_tp0_dcp0_ep0_rank0_prefill-20k,prefill,20k,0,0,0,0,SelectV2,1;1;1,8,1.80,2.14,2.18,2.50
dp0_pp0_tp0_dcp0_ep0_rank0_prefill-20k,prefill,20k,0,0,0,0,SelectV2,1;;1,16,1.64,2.08,2.05,2.48
dp0_pp0_tp0_dcp0_ep0_rank0_prefill-20k,prefill,20k,0,0,0,0,SelectV2,"256,1;;256,6144",18,26.26,26.98,26.85,30.12
dp0_pp0_tp0_dcp0_ep0_rank0_prefill-20k,prefill,20k,0,0,0,0,Slice,"202752,128;2;2",48,24.74,37.07,25.91,90.20
dp0_pp0_tp0_dcp0_ep0_rank0_prefill-20k,prefill,20k,0,0,0,0,Slice,"256,2624;2;2",1280,3.24,4.10,4.31,5.54
dp0_pp0_tp0_dcp0_ep0_rank0_prefill-20k,prefill,20k,0,0,0,0,Slice,"256,64,256;3;3",640,10.02,11.01,10.58,18.56
dp0_pp0_tp0_dcp0_ep0_rank0_prefill-20k,prefill,20k,0,0,0,0,Slice,"32,256;2;2",54,2.22,3.18,3.47,3.92
dp0_pp0_tp0_dcp0_ep0_rank0_prefill-20k,prefill,20k,0,0,0,0,Slice,"4096,704;2;2",1904,3.00,5.52,4.50,13.34
dp0_pp0_tp0_dcp0_ep0_rank0_prefill-20k,prefill,20k,0,0,0,0,SoftmaxV2,"1,154880",8,45.02,45.45,45.54,45.84
dp0_pp0_tp0_dcp0_ep0_rank0_prefill-20k,prefill,20k,0,0,0,0,Sort,"1,154880",8,233.02,238.84,239.26,241.76
dp0_pp0_tp0_dcp0_ep0_rank0_prefill-20k,prefill,20k,0,0,0,0,SparseFlashAttention,"256,64,512;1678,128,1,512;1678,128,1,512;256,1,2048;1,1584;1;1;256,64,64;1678,128,1,64",640,90.62,632.26,796.02,888.78
dp0_pp0_tp0_dcp0_ep0_rank0_prefill-20k,prefill,20k,0,0,0,0,Sub,1;,24,1.54,2.05,1.80,3.08
dp0_pp0_tp0_dcp0_ep0_rank0_prefill-20k,prefill,20k,0,0,0,0,Sub,4096;4096,27,3.02,3.54,3.56,4.00
dp0_pp0_tp0_dcp0_ep0_rank0_prefill-20k,prefill,20k,0,0,0,0,SwiGlu,"256,4096",693,13.92,17.24,16.72,31.12
dp0_pp0_tp0_dcp0_ep0_rank0_prefill-20k,prefill,20k,0,0,0,0,SwiGlu,"4096,1536",27,23.14,23.67,23.58,25.64
dp0_pp0_tp0_dcp0_ep0_rank0_prefill-20k,prefill,20k,0,0,0,0,TensorMove,"1365,6144",1,16.52,16.52,16.52,16.52
dp0_pp0_tp0_dcp0_ep0_rank0_prefill-20k,prefill,20k,0,0,0,0,TensorMove,"256,6144",667,8.84,12.56,12.48,17.74
dp0_pp0_tp0_dcp0_ep0_rank0_prefill-20k,prefill,20k,0,0,0,0,TensorMove,"3621,6144",1,64.72,64.72,64.72,64.72
dp0_pp0_tp0_dcp0_ep0_rank0_prefill-20k,prefill,20k,0,0,0,0,TensorMove,"4096,1,1,64",48,4.24,6.07,4.98,13.88
dp0_pp0_tp0_dcp0_ep0_rank0_prefill-20k,prefill,20k,0,0,0,0,TensorMove,"4096,6144",7,70.18,70.72,70.64,71.76
dp0_pp0_tp0_dcp0_ep0_rank0_prefill-20k,prefill,20k,0,0,0,0,Transpose,"16,1365,9680;3",2,643.93,645.90,645.90,647.86
dp0_pp0_tp0_dcp0_ep0_rank0_prefill-20k,prefill,20k,0,0,0,0,Transpose,"256,16,1024;3",640,14.58,16.58,16.20,24.74
dp0_pp0_tp0_dcp0_ep0_rank0_prefill-20k,prefill,20k,0,0,0,0,Transpose,"64,256,512;3",640,16.00,20.90,19.73,33.48
dp0_pp0_tp0_dcp0_ep0_rank0_prefill-20k,prefill,20k,0,0,0,0,ZerosLike,"2,1",8,1.66,1.80,1.76,2.28
dp0_pp0_tp0_dcp0_ep0_rank0_prefill-20k,prefill,20k,0,0,0,0,ZerosLike,"2,1365",1,3.42,3.42,3.42,3.42
dp0_pp0_tp0_dcp0_ep0_rank0_prefill-20k,prefill,20k,0,0,0,0,_triton_rope_siso,"256,1,128;256,64;256,64",640,11.76,12.41,12.12,19.36
dp0_pp0_tp0_dcp0_ep0_rank0_prefill-20k,prefill,20k,0,0,0,0,_triton_rope_siso,"256,32,128;256,64;256,64",640,21.88,24.29,24.10,31.22
dp0_pp0_tp0_dcp0_ep0_rank0_prefill-20k,prefill,20k,0,0,0,0,allgatherAicpuKernel,N/A,56,227.95,292.13,266.40,915.02
dp0_pp0_tp0_dcp0_ep0_rank0_prefill-20k,prefill,20k,0,0,0,0,batch_matmul_transpose,N/A,640,31.26,39.83,38.88,66.46
dp0_pp0_tp0_dcp0_ep0_rank0_prefill-20k,prefill,20k,0,0,0,0,broadcastAicpuKernel,N/A,702,504.55,2206.26,628.38,11001.92
dp0_pp0_tp0_dcp0_ep0_rank0_prefill-20k,prefill,20k,0,0,0,0,hcom_allGather_,N/A,1458,9.68,185.26,82.39,7764.88
dp0_pp0_tp0_dcp0_ep0_rank0_prefill-20k,prefill,20k,0,0,0,0,hcom_alltoall_,N/A,1280,69.52,414.73,183.08,5461.01
dp0_pp0_tp0_dcp0_ep0_rank0_prefill-20k,prefill,20k,0,0,0,0,hcom_alltoallv_,N/A,108,24.02,524.02,221.97,5091.38
dp0_pp0_tp0_dcp0_ep0_rank0_prefill-20k,prefill,20k,0,0,0,0,hcom_broadcast_,N/A,702,482.83,647.66,526.45,3883.52
dp0_pp0_tp0_dcp0_ep0_rank0_prefill-20k,prefill,20k,0,0,0,0,hcom_reduceScatter_,N/A,748,11.52,432.85,396.59,8769.00
dp0_pp0_tp0_dcp0_ep0_rank0_prefill-20k,prefill,20k,0,0,0,0,reduce_scatterAicpuKernel,N/A,712,199.46,237.29,232.68,642.55
dp0_pp0_tp0_dcp0_ep0_rank0_prefill-2500,prefill,2500,0,0,0,0,Add,"256,6144;256,6144",158,6.74,11.03,10.99,15.30
dp0_pp0_tp0_dcp0_ep0_rank0_prefill-2500,prefill,2500,0,0,0,0,Add,"5,154880;",1,13.24,13.24,13.24,13.24
dp0_pp0_tp0_dcp0_ep0_rank0_prefill-2500,prefill,2500,0,0,0,0,Add,5;,3,1.54,1.57,1.54,1.64
dp0_pp0_tp0_dcp0_ep0_rank0_prefill-2500,prefill,2500,0,0,0,0,Add,5;5,1,1.62,1.62,1.62,1.62
dp0_pp0_tp0_dcp0_ep0_rank0_prefill-2500,prefill,2500,0,0,0,0,Add,"6,154880;",1,15.24,15.24,15.24,15.24
dp0_pp0_tp0_dcp0_ep0_rank0_prefill-2500,prefill,2500,0,0,0,0,Add,6;,3,1.42,1.59,1.54,1.80
dp0_pp0_tp0_dcp0_ep0_rank0_prefill-2500,prefill,2500,0,0,0,0,Add,6;6,1,1.74,1.74,1.74,1.74
dp0_pp0_tp0_dcp0_ep0_rank0_prefill-2500,prefill,2500,0,0,0,0,AddRmsNormBias,"256,6144;256,6144;6144;6144",316,21.16,23.01,22.86,28.78
dp0_pp0_tp0_dcp0_ep0_rank0_prefill-2500,prefill,2500,0,0,0,0,ApplyTopKTopPCustom,"5,154880;5,154880;5;",1,3345.93,3345.93,3345.93,3345.93
dp0_pp0_tp0_dcp0_ep0_rank0_prefill-2500,prefill,2500,0,0,0,0,ApplyTopKTopPCustom,"6,154880;6,154880;6;",1,3634.03,3634.03,3634.03,3634.03
dp0_pp0_tp0_dcp0_ep0_rank0_prefill-2500,prefill,2500,0,0,0,0,ArgMaxV2,"5,154880;",3,88.30,89.57,89.14,91.28
dp0_pp0_tp0_dcp0_ep0_rank0_prefill-2500,prefill,2500,0,0,0,0,ArgMaxV2,"6,154880;",3,106.56,107.09,106.86,107.84
dp0_pp0_tp0_dcp0_ep0_rank0_prefill-2500,prefill,2500,0,0,0,0,AsStrided,4194304;3;3;1,160,15.82,17.13,16.74,21.80
dp0_pp0_tp0_dcp0_ep0_rank0_prefill-2500,prefill,2500,0,0,0,0,AscendQuantV2,"256,2048;2048;2048",320,11.62,14.64,14.56,20.34
dp0_pp0_tp0_dcp0_ep0_rank0_prefill-2500,prefill,2500,0,0,0,0,AscendQuantV2,"256,6144;6144;6144",160,15.62,17.40,17.24,22.26
dp0_pp0_tp0_dcp0_ep0_rank0_prefill-2500,prefill,2500,0,0,0,0,AscendQuantV2,"4096,1024;1024;1024",160,27.66,28.41,28.32,33.60
dp0_pp0_tp0_dcp0_ep0_rank0_prefill-2500,prefill,2500,0,0,0,0,BatchMatMulV2,"64,256,192;64,192,512",160,29.82,35.80,35.53,41.24
dp0_pp0_tp0_dcp0_ep0_rank0_prefill-2500,prefill,2500,0,0,0,0,BroadcastTo,1;1,4,1.36,1.52,1.46,1.78
dp0_pp0_tp0_dcp0_ep0_rank0_prefill-2500,prefill,2500,0,0,0,0,BroadcastTo,;1,2,1.38,1.40,1.40,1.42
dp0_pp0_tp0_dcp0_ep0_rank0_prefill-2500,prefill,2500,0,0,0,0,Cast,1,4,1.30,1.34,1.33,1.42
dp0_pp0_tp0_dcp0_ep0_rank0_prefill-2500,prefill,2500,0,0,0,0,Cast,256,164,1.18,1.48,1.48,1.82
dp0_pp0_tp0_dcp0_ep0_rank0_prefill-2500,prefill,2500,0,0,0,0,Cast,"256,128",320,5.92,6.48,6.46,9.36
dp0_pp0_tp0_dcp0_ep0_rank0_prefill-2500,prefill,2500,0,0,0,0,Cast,"256,8",150,1.38,1.56,1.54,1.92
dp0_pp0_tp0_dcp0_ep0_rank0_prefill-2500,prefill,2500,0,0,0,0,Cast,"32,8",12,1.16,1.28,1.26,1.60
dp0_pp0_tp0_dcp0_ep0_rank0_prefill-2500,prefill,2500,0,0,0,0,Cast,4096,32,1.44,2.46,2.44,3.88
dp0_pp0_tp0_dcp0_ep0_rank0_prefill-2500,prefill,2500,0,0,0,0,Cast,5,12,1.20,1.45,1.41,1.80
dp0_pp0_tp0_dcp0_ep0_rank0_prefill-2500,prefill,2500,0,0,0,0,Cast,"5,1",3,1.48,1.53,1.50,1.60
dp0_pp0_tp0_dcp0_ep0_rank0_prefill-2500,prefill,2500,0,0,0,0,Cast,"5,154880",1,9.16,9.16,9.16,9.16
dp0_pp0_tp0_dcp0_ep0_rank0_prefill-2500,prefill,2500,0,0,0,0,Cast,512,4,1.40,1.48,1.48,1.56
dp0_pp0_tp0_dcp0_ep0_rank0_prefill-2500,prefill,2500,0,0,0,0,Cast,6,12,1.14,1.48,1.43,1.88
dp0_pp0_tp0_dcp0_ep0_rank0_prefill-2500,prefill,2500,0,0,0,0,Cast,"6,1",3,1.32,1.52,1.46,1.78
dp0_pp0_tp0_dcp0_ep0_rank0_prefill-2500,prefill,2500,0,0,0,0,Cast,"6,154880",1,9.10,9.10,9.10,9.10
dp0_pp0_tp0_dcp0_ep0_rank0_prefill-2500,prefill,2500,0,0,0,0,ClipByValueV2,5;;,1,5.38,5.38,5.38,5.38
dp0_pp0_tp0_dcp0_ep0_rank0_prefill-2500,prefill,2500,0,0,0,0,ClipByValueV2,6;;,1,5.34,5.34,5.34,5.34
dp0_pp0_tp0_dcp0_ep0_rank0_prefill-2500,prefill,2500,0,0,0,0,ConcatD,"256,6144;256,6144",4,9.22,9.65,9.66,10.06
dp0_pp0_tp0_dcp0_ep0_rank0_prefill-2500,prefill,2500,0,0,0,0,ConcatD,"256,64;256,512;256,128",160,4.12,4.82,4.86,5.30
dp0_pp0_tp0_dcp0_ep0_rank0_prefill-2500,prefill,2500,0,0,0,0,Cumsum,8;1,4,50.20,70.05,71.21,87.58
dp0_pp0_tp0_dcp0_ep0_rank0_prefill-2500,prefill,2500,0,0,0,0,DSARandomUniform,N/A,2,74.12,81.22,81.22,88.32
dp0_pp0_tp0_dcp0_ep0_rank0_prefill-2500,prefill,2500,0,0,0,0,DispatchFFNCombine,"256,6144;8,6144,4096;8,2048,6144;256,8;32768;49152;256,8",150,1347.57,2622.24,2585.61,21671.37
dp0_pp0_tp0_dcp0_ep0_rank0_prefill-2500,prefill,2500,0,0,0,0,DynamicQuant,"2048,6144",4,52.20,53.26,53.47,53.92
dp0_pp0_tp0_dcp0_ep0_rank0_prefill-2500,prefill,2500,0,0,0,0,DynamicQuant,"256,2048",154,13.64,21.53,21.49,26.66
dp0_pp0_tp0_dcp0_ep0_rank0_prefill-2500,prefill,2500,0,0,0,0,DynamicQuant,"256,6144",154,24.56,39.97,40.08,46.96
dp0_pp0_tp0_dcp0_ep0_rank0_prefill-2500,prefill,2500,0,0,0,0,DynamicQuant,"4096,6144",6,88.84,89.85,89.68,91.14
dp0_pp0_tp0_dcp0_ep0_rank0_prefill-2500,prefill,2500,0,0,0,0,DynamicQuant,"4096,768",6,35.28,35.52,35.35,35.94
dp0_pp0_tp0_dcp0_ep0_rank0_prefill-2500,prefill,2500,0,0,0,0,Equal,"256,1;",4,1.94,2.15,2.08,2.50
dp0_pp0_tp0_dcp0_ep0_rank0_prefill-2500,prefill,2500,0,0,0,0,Fill,1;,88,1.14,1.40,1.36,2.14
dp0_pp0_tp0_dcp0_ep0_rank0_prefill-2500,prefill,2500,0,0,0,0,FloorDiv,5;,1,121.62,121.62,121.62,121.62
dp0_pp0_tp0_dcp0_ep0_rank0_prefill-2500,prefill,2500,0,0,0,0,FloorDiv,6;,1,113.46,113.46,113.46,113.46
dp0_pp0_tp0_dcp0_ep0_rank0_prefill-2500,prefill,2500,0,0,0,0,FloorMod,5;5,1,2.52,2.52,2.52,2.52
dp0_pp0_tp0_dcp0_ep0_rank0_prefill-2500,prefill,2500,0,0,0,0,FloorMod,6;6,1,2.58,2.58,2.58,2.58
dp0_pp0_tp0_dcp0_ep0_rank0_prefill-2500,prefill,2500,0,0,0,0,GatherElementsV2,"5,1584;5,1",1,4.00,4.00,4.00,4.00
dp0_pp0_tp0_dcp0_ep0_rank0_prefill-2500,prefill,2500,0,0,0,0,GatherElementsV2,"5,1;5,1",1,4.82,4.82,4.82,4.82
dp0_pp0_tp0_dcp0_ep0_rank0_prefill-2500,prefill,2500,0,0,0,0,GatherElementsV2,"6,1584;6,1",1,4.60,4.60,4.60,4.60
dp0_pp0_tp0_dcp0_ep0_rank0_prefill-2500,prefill,2500,0,0,0,0,GatherElementsV2,"6,1;6,1",1,5.14,5.14,5.14,5.14
dp0_pp0_tp0_dcp0_ep0_rank0_prefill-2500,prefill,2500,0,0,0,0,GatherV2,"9680,6144;4096;1",6,46.34,97.37,106.23,128.94
dp0_pp0_tp0_dcp0_ep0_rank0_prefill-2500,prefill,2500,0,0,0,0,GreaterEqual,4096;,6,3.80,4.42,4.03,6.56
dp0_pp0_tp0_dcp0_ep0_rank0_prefill-2500,prefill,2500,0,0,0,0,GreaterEqual,"5,154880;",1,7.80,7.80,7.80,7.80
dp0_pp0_tp0_dcp0_ep0_rank0_prefill-2500,prefill,2500,0,0,0,0,GreaterEqual,5;,2,2.94,3.14,3.14,3.34
dp0_pp0_tp0_dcp0_ep0_rank0_prefill-2500,prefill,2500,0,0,0,0,GreaterEqual,"6,154880;",1,11.10,11.10,11.10,11.10
dp0_pp0_tp0_dcp0_ep0_rank0_prefill-2500,prefill,2500,0,0,0,0,GreaterEqual,6;,2,3.16,3.24,3.24,3.32
dp0_pp0_tp0_dcp0_ep0_rank0_prefill-2500,prefill,2500,0,0,0,0,GroupedMatmul,"2302,2048;8,2048,6144;;8,6144;;;;8;2302",1,170.72,170.72,170.72,170.72
dp0_pp0_tp0_dcp0_ep0_rank0_prefill-2500,prefill,2500,0,0,0,0,GroupedMatmul,"2312,2048;8,2048,6144;;8,6144;;;;8;2312",1,187.32,187.32,187.32,187.32
dp0_pp0_tp0_dcp0_ep0_rank0_prefill-2500,prefill,2500,0,0,0,0,GroupedMatmul,"2409,2048;8,2048,6144;;8,6144;;;;8;2409",1,182.06,182.06,182.06,182.06
dp0_pp0_tp0_dcp0_ep0_rank0_prefill-2500,prefill,2500,0,0,0,0,GroupedMatmul,"2468,2048;8,2048,6144;;8,6144;;;;8;2468",1,175.74,175.74,175.74,175.74
dp0_pp0_tp0_dcp0_ep0_rank0_prefill-2500,prefill,2500,0,0,0,0,GroupedMatmulSwigluQuant,"2302,6144;8,128,384,16,32;8,4096;2302;8",1,428.17,428.17,428.17,428.17
dp0_pp0_tp0_dcp0_ep0_rank0_prefill-2500,prefill,2500,0,0,0,0,GroupedMatmulSwigluQuant,"2312,6144;8,128,384,16,32;8,4096;2312;8",1,464.61,464.61,464.61,464.61
dp0_pp0_tp0_dcp0_ep0_rank0_prefill-2500,prefill,2500,0,0,0,0,GroupedMatmulSwigluQuant,"2409,6144;8,128,384,16,32;8,4096;2409;8",1,468.43,468.43,468.43,468.43
dp0_pp0_tp0_dcp0_ep0_rank0_prefill-2500,prefill,2500,0,0,0,0,GroupedMatmulSwigluQuant,"2468,6144;8,128,384,16,32;8,4096;2468;8",1,438.93,438.93,438.93,438.93
dp0_pp0_tp0_dcp0_ep0_rank0_prefill-2500,prefill,2500,0,0,0,0,HistogramV2,"256,8;;",4,20.32,21.42,20.83,23.72
dp0_pp0_tp0_dcp0_ep0_rank0_prefill-2500,prefill,2500,0,0,0,0,Index,"202752,64;1;2;4096",12,39.64,41.71,41.38,45.68
dp0_pp0_tp0_dcp0_ep0_rank0_prefill-2500,prefill,2500,0,0,0,0,Index,"4096,6144;1;2;5",4,7.54,9.26,9.73,10.06
dp0_pp0_tp0_dcp0_ep0_rank0_prefill-2500,prefill,2500,0,0,0,0,Index,"4096,6144;1;2;6",4,9.20,10.32,10.52,11.04
dp0_pp0_tp0_dcp0_ep0_rank0_prefill-2500,prefill,2500,0,0,0,0,Index,4096;1;1;5,2,9.34,12.80,12.80,16.26
dp0_pp0_tp0_dcp0_ep0_rank0_prefill-2500,prefill,2500,0,0,0,0,Index,4096;1;1;6,2,9.20,9.31,9.31,9.42
dp0_pp0_tp0_dcp0_ep0_rank0_prefill-2500,prefill,2500,0,0,0,0,IndexFill,"5,1;1;",1,30.96,30.96,30.96,30.96
dp0_pp0_tp0_dcp0_ep0_rank0_prefill-2500,prefill,2500,0,0,0,0,IndexFill,"6,1;1;",1,32.62,32.62,32.62,32.62
dp0_pp0_tp0_dcp0_ep0_rank0_prefill-2500,prefill,2500,0,0,0,0,IndexPutV2,4096;5;1;1;5,1,9.14,9.14,9.14,9.14
dp0_pp0_tp0_dcp0_ep0_rank0_prefill-2500,prefill,2500,0,0,0,0,IndexPutV2,4096;6;1;1;6,1,8.44,8.44,8.44,8.44
dp0_pp0_tp0_dcp0_ep0_rank0_prefill-2500,prefill,2500,0,0,0,0,InterleaveRope,"256,64,1,64;256,1,1,64;256,1,1,64",160,22.98,24.18,24.08,27.48
dp0_pp0_tp0_dcp0_ep0_rank0_prefill-2500,prefill,2500,0,0,0,0,KvRmsNormRopeCache,"256,1,1,576;512;256,1,1,64;256,1,1,64;256;1678,128,1,64;1678,128,1,512;;;;;",160,13.84,15.48,14.96,23.74
dp0_pp0_tp0_dcp0_ep0_rank0_prefill-2500,prefill,2500,0,0,0,0,LayerNormV3,"256,128;128;128",160,18.20,22.97,22.92,26.74
dp0_pp0_tp0_dcp0_ep0_rank0_prefill-2500,prefill,2500,0,0,0,0,Less,4096;,6,4.00,4.43,4.15,5.96
dp0_pp0_tp0_dcp0_ep0_rank0_prefill-2500,prefill,2500,0,0,0,0,Less,"5,1;",1,2.94,2.94,2.94,2.94
dp0_pp0_tp0_dcp0_ep0_rank0_prefill-2500,prefill,2500,0,0,0,0,Less,"6,1;",1,2.82,2.82,2.82,2.82
dp0_pp0_tp0_dcp0_ep0_rank0_prefill-2500,prefill,2500,0,0,0,0,LightningIndexer,"256,32,128;1678,128,1,128;256,32;5;5;5,1584",80,29.82,96.37,97.63,112.82
dp0_pp0_tp0_dcp0_ep0_rank0_prefill-2500,prefill,2500,0,0,0,0,LightningIndexer,"256,32,128;1678,128,1,128;256,32;6;6;6,1584",80,33.66,121.43,122.26,137.08
dp0_pp0_tp0_dcp0_ep0_rank0_prefill-2500,prefill,2500,0,0,0,0,Log,"5,154880",1,8.98,8.98,8.98,8.98
dp0_pp0_tp0_dcp0_ep0_rank0_prefill-2500,prefill,2500,0,0,0,0,Log,"6,154880",1,9.00,9.00,9.00,9.00
dp0_pp0_tp0_dcp0_ep0_rank0_prefill-2500,prefill,2500,0,0,0,0,LogicalAnd,4096;4096,6,1.54,1.97,1.96,2.44
dp0_pp0_tp0_dcp0_ep0_rank0_prefill-2500,prefill,2500,0,0,0,0,LogicalAnd,"5,1;5,1",1,2.04,2.04,2.04,2.04
dp0_pp0_tp0_dcp0_ep0_rank0_prefill-2500,prefill,2500,0,0,0,0,LogicalAnd,"6,1;6,1",1,1.74,1.74,1.74,1.74
dp0_pp0_tp0_dcp0_ep0_rank0_prefill-2500,prefill,2500,0,0,0,0,LogicalNot,4096,6,1.60,1.83,1.73,2.48
dp0_pp0_tp0_dcp0_ep0_rank0_prefill-2500,prefill,2500,0,0,0,0,MaskedFill,"4096,6144;4096,1;",6,146.34,178.15,168.09,244.26
dp0_pp0_tp0_dcp0_ep0_rank0_prefill-2500,prefill,2500,0,0,0,0,MaskedFill,"5,154880;5,154880;",1,17.98,17.98,17.98,17.98
dp0_pp0_tp0_dcp0_ep0_rank0_prefill-2500,prefill,2500,0,0,0,0,MaskedFill,5;5;,2,2.40,2.50,2.50,2.60
dp0_pp0_tp0_dcp0_ep0_rank0_prefill-2500,prefill,2500,0,0,0,0,MaskedFill,"6,154880;6,154880;",1,18.28,18.28,18.28,18.28
dp0_pp0_tp0_dcp0_ep0_rank0_prefill-2500,prefill,2500,0,0,0,0,MaskedFill,6;6;,2,2.16,2.49,2.49,2.82
dp0_pp0_tp0_dcp0_ep0_rank0_prefill-2500,prefill,2500,0,0,0,0,MatMulV2,"256,12288;6144,12288",4,266.00,270.49,268.23,279.50
dp0_pp0_tp0_dcp0_ep0_rank0_prefill-2500,prefill,2500,0,0,0,0,MatMulV2,"256,6144;128,6144",160,11.76,14.59,14.63,15.84
dp0_pp0_tp0_dcp0_ep0_rank0_prefill-2500,prefill,2500,0,0,0,0,MatMulV2,"256,6144;256,6144",154,18.42,19.54,19.48,21.22
dp0_pp0_tp0_dcp0_ep0_rank0_prefill-2500,prefill,2500,0,0,0,0,MatMulV2,"256,6144;32,6144",160,9.56,12.43,12.41,16.58
dp0_pp0_tp0_dcp0_ep0_rank0_prefill-2500,prefill,2500,0,0,0,0,MatMulV2,"256,6144;6144,6144",4,114.10,123.06,122.54,133.08
dp0_pp0_tp0_dcp0_ep0_rank0_prefill-2500,prefill,2500,0,0,0,0,MatMulV2,"5,6144;9680,6144",3,149.78,177.62,173.78,209.30
dp0_pp0_tp0_dcp0_ep0_rank0_prefill-2500,prefill,2500,0,0,0,0,MatMulV2,"6,6144;9680,6144",3,161.34,183.70,180.06,209.71
dp0_pp0_tp0_dcp0_ep0_rank0_prefill-2500,prefill,2500,0,0,0,0,MemSet,N/A,4,15.66,15.72,15.72,15.80
dp0_pp0_tp0_dcp0_ep0_rank0_prefill-2500,prefill,2500,0,0,0,0,MoeGatingTopK,"256,256;256",154,22.22,23.83,23.57,28.42
dp0_pp0_tp0_dcp0_ep0_rank0_prefill-2500,prefill,2500,0,0,0,0,MoeTokenPermute,"2302,1;2302",1,27.06,27.06,27.06,27.06
dp0_pp0_tp0_dcp0_ep0_rank0_prefill-2500,prefill,2500,0,0,0,0,MoeTokenPermute,"2302,6144;2302",1,33.98,33.98,33.98,33.98
dp0_pp0_tp0_dcp0_ep0_rank0_prefill-2500,prefill,2500,0,0,0,0,MoeTokenPermute,"2312,1;2312",1,29.40,29.40,29.40,29.40
dp0_pp0_tp0_dcp0_ep0_rank0_prefill-2500,prefill,2500,0,0,0,0,MoeTokenPermute,"2312,6144;2312",1,34.22,34.22,34.22,34.22
dp0_pp0_tp0_dcp0_ep0_rank0_prefill-2500,prefill,2500,0,0,0,0,MoeTokenPermute,"2409,1;2409",1,29.54,29.54,29.54,29.54
dp0_pp0_tp0_dcp0_ep0_rank0_prefill-2500,prefill,2500,0,0,0,0,MoeTokenPermute,"2409,6144;2409",1,34.78,34.78,34.78,34.78
dp0_pp0_tp0_dcp0_ep0_rank0_prefill-2500,prefill,2500,0,0,0,0,MoeTokenPermute,"2468,1;2468",1,29.06,29.06,29.06,29.06
dp0_pp0_tp0_dcp0_ep0_rank0_prefill-2500,prefill,2500,0,0,0,0,MoeTokenPermute,"2468,6144;2468",1,34.82,34.82,34.82,34.82
dp0_pp0_tp0_dcp0_ep0_rank0_prefill-2500,prefill,2500,0,0,0,0,MoeTokenPermute,"256,6144;256,8",4,31.32,32.20,32.19,33.10
dp0_pp0_tp0_dcp0_ep0_rank0_prefill-2500,prefill,2500,0,0,0,0,MoeTokenUnpermute,"2048,6144;2048;256,8",4,22.88,30.07,31.39,34.60
dp0_pp0_tp0_dcp0_ep0_rank0_prefill-2500,prefill,2500,0,0,0,0,MoeTokenUnpermute,"2302,6144;2302;",1,27.50,27.50,27.50,27.50
dp0_pp0_tp0_dcp0_ep0_rank0_prefill-2500,prefill,2500,0,0,0,0,MoeTokenUnpermute,"2312,6144;2312;",1,35.94,35.94,35.94,35.94
dp0_pp0_tp0_dcp0_ep0_rank0_prefill-2500,prefill,2500,0,0,0,0,MoeTokenUnpermute,"2409,6144;2409;",1,26.84,26.84,26.84,26.84
dp0_pp0_tp0_dcp0_ep0_rank0_prefill-2500,prefill,2500,0,0,0,0,MoeTokenUnpermute,"2468,6144;2468;",1,26.70,26.70,26.70,26.70
dp0_pp0_tp0_dcp0_ep0_rank0_prefill-2500,prefill,2500,0,0,0,0,Mul,4096;,6,5.98,6.94,6.16,11.02
dp0_pp0_tp0_dcp0_ep0_rank0_prefill-2500,prefill,2500,0,0,0,0,Mul,4096;4096,6,5.96,6.88,6.07,10.82
dp0_pp0_tp0_dcp0_ep0_rank0_prefill-2500,prefill,2500,0,0,0,0,Mul,"5,154880;",1,9.90,9.90,9.90,9.90
dp0_pp0_tp0_dcp0_ep0_rank0_prefill-2500,prefill,2500,0,0,0,0,Mul,5;,1,1.64,1.64,1.64,1.64
dp0_pp0_tp0_dcp0_ep0_rank0_prefill-2500,prefill,2500,0,0,0,0,Mul,"6,154880;",1,9.00,9.00,9.00,9.00
dp0_pp0_tp0_dcp0_ep0_rank0_prefill-2500,prefill,2500,0,0,0,0,Mul,6;,1,1.60,1.60,1.60,1.60
dp0_pp0_tp0_dcp0_ep0_rank0_prefill-2500,prefill,2500,0,0,0,0,Muls,"256,6144",154,9.02,9.22,9.16,9.72
dp0_pp0_tp0_dcp0_ep0_rank0_prefill-2500,prefill,2500,0,0,0,0,Neg,"5,154880",1,992.26,992.26,992.26,992.26
dp0_pp0_tp0_dcp0_ep0_rank0_prefill-2500,prefill,2500,0,0,0,0,Neg,"6,154880",1,655.97,655.97,655.97,655.97
dp0_pp0_tp0_dcp0_ep0_rank0_prefill-2500,prefill,2500,0,0,0,0,NotEqual,"5,1;",1,1.70,1.70,1.70,1.70
dp0_pp0_tp0_dcp0_ep0_rank0_prefill-2500,prefill,2500,0,0,0,0,NotEqual,5;,1,2.80,2.80,2.80,2.80
dp0_pp0_tp0_dcp0_ep0_rank0_prefill-2500,prefill,2500,0,0,0,0,NotEqual,"6,1;",1,1.98,1.98,1.98,1.98
dp0_pp0_tp0_dcp0_ep0_rank0_prefill-2500,prefill,2500,0,0,0,0,NotEqual,6;,1,2.98,2.98,2.98,2.98
dp0_pp0_tp0_dcp0_ep0_rank0_prefill-2500,prefill,2500,0,0,0,0,OneSideCommAicpuInit,N/A,5,16.96,22.08,17.82,33.26
dp0_pp0_tp0_dcp0_ep0_rank0_prefill-2500,prefill,2500,0,0,0,0,QuantBatchMatmulV3,"256,2048;128,128,16,32;4096;4096",160,27.50,34.81,34.86,41.78
dp0_pp0_tp0_dcp0_ep0_rank0_prefill-2500,prefill,2500,0,0,0,0,QuantBatchMatmulV3,"256,2048;192,128,16,32;6144;256",154,32.88,38.08,37.59,76.14
dp0_pp0_tp0_dcp0_ep0_rank0_prefill-2500,prefill,2500,0,0,0,0,QuantBatchMatmulV3,"256,2048;512,128,16,32;16384;16384",160,53.94,85.55,84.65,112.32
dp0_pp0_tp0_dcp0_ep0_rank0_prefill-2500,prefill,2500,0,0,0,0,QuantBatchMatmulV3,"256,6144;128,384,16,32;4096;256",154,59.46,2576.50,2582.29,21687.96
dp0_pp0_tp0_dcp0_ep0_rank0_prefill-2500,prefill,2500,0,0,0,0,QuantBatchMatmulV3,"256,6144;82,384,16,32;2624;2624",160,34.08,35.47,35.32,39.98
dp0_pp0_tp0_dcp0_ep0_rank0_prefill-2500,prefill,2500,0,0,0,0,QuantBatchMatmulV3,"4096,1024;192,64,16,32;6144;6144",160,137.76,141.65,141.53,146.26
dp0_pp0_tp0_dcp0_ep0_rank0_prefill-2500,prefill,2500,0,0,0,0,QuantBatchMatmulV3,"4096,6144;48,384,16,32;1536;4096",6,146.86,148.30,148.42,149.20
dp0_pp0_tp0_dcp0_ep0_rank0_prefill-2500,prefill,2500,0,0,0,0,QuantBatchMatmulV3,"4096,768;192,48,16,32;6144;4096",6,141.08,145.20,144.49,152.04
dp0_pp0_tp0_dcp0_ep0_rank0_prefill-2500,prefill,2500,0,0,0,0,RealDiv,"5,154880;5,1",1,16.94,16.94,16.94,16.94
dp0_pp0_tp0_dcp0_ep0_rank0_prefill-2500,prefill,2500,0,0,0,0,RealDiv,"5,154880;5,154880",1,10.88,10.88,10.88,10.88
dp0_pp0_tp0_dcp0_ep0_rank0_prefill-2500,prefill,2500,0,0,0,0,RealDiv,"6,154880;6,1",1,16.40,16.40,16.40,16.40
dp0_pp0_tp0_dcp0_ep0_rank0_prefill-2500,prefill,2500,0,0,0,0,RealDiv,"6,154880;6,154880",1,11.24,11.24,11.24,11.24
dp0_pp0_tp0_dcp0_ep0_rank0_prefill-2500,prefill,2500,0,0,0,0,ReduceSum,256;1,4,2.92,3.22,3.29,3.38
dp0_pp0_tp0_dcp0_ep0_rank0_prefill-2500,prefill,2500,0,0,0,0,ReduceSum,"32,8;1",12,5.24,8.71,10.00,11.54
dp0_pp0_tp0_dcp0_ep0_rank0_prefill-2500,prefill,2500,0,0,0,0,ReduceSum,"5,1;1",1,1.76,1.76,1.76,1.76
dp0_pp0_tp0_dcp0_ep0_rank0_prefill-2500,prefill,2500,0,0,0,0,ReduceSum,"6,1;1",1,1.64,1.64,1.64,1.64
dp0_pp0_tp0_dcp0_ep0_rank0_prefill-2500,prefill,2500,0,0,0,0,RepeatInterleave,256;256,4,19.54,20.43,20.50,21.18
dp0_pp0_tp0_dcp0_ep0_rank0_prefill-2500,prefill,2500,0,0,0,0,ReshapeAndCacheNdKernel,"4096,1,512;4096,1,64;1678,128,1,512;1678,128,1,64;4096",158,30.72,33.06,32.92,36.68
dp0_pp0_tp0_dcp0_ep0_rank0_prefill-2500,prefill,2500,0,0,0,0,ReshapeAndCacheNdKernel,"5,1,512;5,1,64;1678,128,1,512;1678,128,1,64;5",1,3.04,3.04,3.04,3.04
dp0_pp0_tp0_dcp0_ep0_rank0_prefill-2500,prefill,2500,0,0,0,0,ReshapeAndCacheNdKernel,"6,1,512;6,1,64;1678,128,1,512;1678,128,1,64;6",1,3.64,3.64,3.64,3.64
dp0_pp0_tp0_dcp0_ep0_rank0_prefill-2500,prefill,2500,0,0,0,0,RmsNorm,"256,2048;2048",160,10.48,17.88,18.02,23.52
dp0_pp0_tp0_dcp0_ep0_rank0_prefill-2500,prefill,2500,0,0,0,0,RmsNorm,"256,6144;6144",14,10.48,15.17,11.99,21.04
dp0_pp0_tp0_dcp0_ep0_rank0_prefill-2500,prefill,2500,0,0,0,0,RmsNorm,"5,6144;6144",2,5.26,5.29,5.29,5.32
dp0_pp0_tp0_dcp0_ep0_rank0_prefill-2500,prefill,2500,0,0,0,0,RmsNorm,"6,6144;6144",2,5.42,5.70,5.70,5.98
dp0_pp0_tp0_dcp0_ep0_rank0_prefill-2500,prefill,2500,0,0,0,0,ScatterNdUpdate,"214784,128;4096,1;4096,128",160,98.68,122.17,123.58,131.48
dp0_pp0_tp0_dcp0_ep0_rank0_prefill-2500,prefill,2500,0,0,0,0,SelectV2,"256,1;;256,6144",4,28.76,28.93,28.89,29.18
dp0_pp0_tp0_dcp0_ep0_rank0_prefill-2500,prefill,2500,0,0,0,0,SelectV2,5;5;5,1,1.80,1.80,1.80,1.80
dp0_pp0_tp0_dcp0_ep0_rank0_prefill-2500,prefill,2500,0,0,0,0,SelectV2,5;;5,2,3.36,3.38,3.38,3.40
dp0_pp0_tp0_dcp0_ep0_rank0_prefill-2500,prefill,2500,0,0,0,0,SelectV2,6;6;6,1,2.10,2.10,2.10,2.10
dp0_pp0_tp0_dcp0_ep0_rank0_prefill-2500,prefill,2500,0,0,0,0,SelectV2,6;;6,2,3.52,3.72,3.72,3.92
dp0_pp0_tp0_dcp0_ep0_rank0_prefill-2500,prefill,2500,0,0,0,0,Slice,"202752,128;2;2",12,24.62,40.57,25.82,80.94
dp0_pp0_tp0_dcp0_ep0_rank0_prefill-2500,prefill,2500,0,0,0,0,Slice,"256,2624;2;2",320,3.00,3.86,4.04,5.34
dp0_pp0_tp0_dcp0_ep0_rank0_prefill-2500,prefill,2500,0,0,0,0,Slice,"256,64,256;3;3",160,8.94,9.50,9.26,16.00
dp0_pp0_tp0_dcp0_ep0_rank0_prefill-2500,prefill,2500,0,0,0,0,Slice,"32,256;2;2",12,2.22,3.10,3.32,3.58
dp0_pp0_tp0_dcp0_ep0_rank0_prefill-2500,prefill,2500,0,0,0,0,Slice,"4096,704;2;2",480,1.52,5.50,4.64,11.86
dp0_pp0_tp0_dcp0_ep0_rank0_prefill-2500,prefill,2500,0,0,0,0,SoftmaxV2,"5,154880",1,46.18,46.18,46.18,46.18
dp0_pp0_tp0_dcp0_ep0_rank0_prefill-2500,prefill,2500,0,0,0,0,SoftmaxV2,"6,154880",1,46.66,46.66,46.66,46.66
dp0_pp0_tp0_dcp0_ep0_rank0_prefill-2500,prefill,2500,0,0,0,0,Sort,"5,154880",1,219.06,219.06,219.06,219.06
dp0_pp0_tp0_dcp0_ep0_rank0_prefill-2500,prefill,2500,0,0,0,0,Sort,"6,154880",1,216.02,216.02,216.02,216.02
dp0_pp0_tp0_dcp0_ep0_rank0_prefill-2500,prefill,2500,0,0,0,0,SparseFlashAttention,"256,64,512;1678,128,1,512;1678,128,1,512;256,1,2048;5,1584;5;5;256,64,64;1678,128,1,64",80,92.76,815.14,832.30,864.62
dp0_pp0_tp0_dcp0_ep0_rank0_prefill-2500,prefill,2500,0,0,0,0,SparseFlashAttention,"256,64,512;1678,128,1,512;1678,128,1,512;256,1,2048;6,1584;6;6;256,64,64;1678,128,1,64",80,95.60,820.61,837.09,879.26
dp0_pp0_tp0_dcp0_ep0_rank0_prefill-2500,prefill,2500,0,0,0,0,Sub,4096;4096,6,3.38,3.74,3.56,4.90
dp0_pp0_tp0_dcp0_ep0_rank0_prefill-2500,prefill,2500,0,0,0,0,Sub,5;,3,1.76,2.21,1.98,2.90
dp0_pp0_tp0_dcp0_ep0_rank0_prefill-2500,prefill,2500,0,0,0,0,Sub,6;,3,1.38,1.97,1.60,2.92
dp0_pp0_tp0_dcp0_ep0_rank0_prefill-2500,prefill,2500,0,0,0,0,SwiGlu,"256,4096",154,14.26,17.95,17.64,24.56
dp0_pp0_tp0_dcp0_ep0_rank0_prefill-2500,prefill,2500,0,0,0,0,SwiGlu,"4096,1536",6,24.88,25.05,25.06,25.24
dp0_pp0_tp0_dcp0_ep0_rank0_prefill-2500,prefill,2500,0,0,0,0,TensorMove,"256,6144",166,9.16,12.66,12.52,18.42
dp0_pp0_tp0_dcp0_ep0_rank0_prefill-2500,prefill,2500,0,0,0,0,TensorMove,"4096,1,1,64",12,4.28,5.92,4.85,8.68
dp0_pp0_tp0_dcp0_ep0_rank0_prefill-2500,prefill,2500,0,0,0,0,TensorMove,"4096,6144",2,55.16,58.44,58.44,61.72
dp0_pp0_tp0_dcp0_ep0_rank0_prefill-2500,prefill,2500,0,0,0,0,Transpose,"16,5,9680;3",3,13.66,13.99,13.76,14.54
dp0_pp0_tp0_dcp0_ep0_rank0_prefill-2500,prefill,2500,0,0,0,0,Transpose,"16,6,9680;3",3,14.10,14.17,14.14,14.26
dp0_pp0_tp0_dcp0_ep0_rank0_prefill-2500,prefill,2500,0,0,0,0,Transpose,"256,16,1024;3",160,15.00,16.43,16.33,21.94
dp0_pp0_tp0_dcp0_ep0_rank0_prefill-2500,prefill,2500,0,0,0,0,Transpose,"64,256,512;3",160,16.36,23.05,22.88,31.00
dp0_pp0_tp0_dcp0_ep0_rank0_prefill-2500,prefill,2500,0,0,0,0,ZerosLike,"2,5",1,1.92,1.92,1.92,1.92
dp0_pp0_tp0_dcp0_ep0_rank0_prefill-2500,prefill,2500,0,0,0,0,ZerosLike,"2,6",1,1.82,1.82,1.82,1.82
dp0_pp0_tp0_dcp0_ep0_rank0_prefill-2500,prefill,2500,0,0,0,0,_triton_rope_siso,"256,1,128;256,64;256,64",160,10.64,11.13,11.06,15.92
dp0_pp0_tp0_dcp0_ep0_rank0_prefill-2500,prefill,2500,0,0,0,0,_triton_rope_siso,"256,32,128;256,64;256,64",160,21.38,23.49,23.45,27.56
dp0_pp0_tp0_dcp0_ep0_rank0_prefill-2500,prefill,2500,0,0,0,0,allgatherAicpuKernel,N/A,12,244.08,263.96,261.88,310.28
dp0_pp0_tp0_dcp0_ep0_rank0_prefill-2500,prefill,2500,0,0,0,0,batch_getAicpuKernel,N/A,5,27.60,40.52,37.36,61.68
dp0_pp0_tp0_dcp0_ep0_rank0_prefill-2500,prefill,2500,0,0,0,0,batch_matmul_transpose,N/A,160,33.54,40.08,40.18,43.20
dp0_pp0_tp0_dcp0_ep0_rank0_prefill-2500,prefill,2500,0,0,0,0,batch_putAicpuKernel,N/A,32,23.28,53.48,34.19,354.50
dp0_pp0_tp0_dcp0_ep0_rank0_prefill-2500,prefill,2500,0,0,0,0,broadcastAicpuKernel,N/A,156,504.29,133991.66,5119.23,10097649.81
dp0_pp0_tp0_dcp0_ep0_rank0_prefill-2500,prefill,2500,0,0,0,0,hccl_batchGet_,N/A,4,248.04,309.19,310.51,367.71
dp0_pp0_tp0_dcp0_ep0_rank0_prefill-2500,prefill,2500,0,0,0,0,hccl_batchPut_,N/A,32,256.70,315.87,351.69,433.95
dp0_pp0_tp0_dcp0_ep0_rank0_prefill-2500,prefill,2500,0,0,0,0,hcom_allGather_,N/A,362,10.44,109.40,80.76,1311.33
dp0_pp0_tp0_dcp0_ep0_rank0_prefill-2500,prefill,2500,0,0,0,0,hcom_alltoall_,N/A,320,68.46,133.31,85.91,1771.22
dp0_pp0_tp0_dcp0_ep0_rank0_prefill-2500,prefill,2500,0,0,0,0,hcom_alltoallv_,N/A,24,109.86,297.45,204.74,660.47
dp0_pp0_tp0_dcp0_ep0_rank0_prefill-2500,prefill,2500,0,0,0,0,hcom_broadcast_,N/A,156,506.87,555.47,535.00,1692.34
dp0_pp0_tp0_dcp0_ep0_rank0_prefill-2500,prefill,2500,0,0,0,0,hcom_reduceScatter_,N/A,184,11.06,110266.60,392.99,10124040.52
dp0_pp0_tp0_dcp0_ep0_rank0_prefill-2500,prefill,2500,0,0,0,0,reduce_scatterAicpuKernel,N/A,176,197.50,114852.22,227.02,10102467.61
dp1_pp0_tp0_dcp0_ep16_rank0_prefill-10k,prefill,10k,0,1,16,0,Add,"1,154880;",3,6.76,8.14,8.10,9.56
dp1_pp0_tp0_dcp0_ep16_rank0_prefill-10k,prefill,10k,0,1,16,0,Add,"114,6144;114,6144",79,3.90,9.53,9.52,13.26
dp1_pp0_tp0_dcp0_ep16_rank0_prefill-10k,prefill,10k,0,1,16,0,Add,1365;,4,1.64,1.73,1.72,1.84
dp1_pp0_tp0_dcp0_ep16_rank0_prefill-10k,prefill,10k,0,1,16,0,Add,1;,9,1.36,1.49,1.48,1.56
dp1_pp0_tp0_dcp0_ep16_rank0_prefill-10k,prefill,10k,0,1,16,0,Add,1;1,3,1.60,1.71,1.64,1.88
dp1_pp0_tp0_dcp0_ep16_rank0_prefill-10k,prefill,10k,0,1,16,0,Add,"256,6144;256,6144",474,6.76,11.05,10.96,15.82
dp1_pp0_tp0_dcp0_ep16_rank0_prefill-10k,prefill,10k,0,1,16,0,AddRmsNormBias,"114,6144;114,6144;6144;6144",158,14.86,15.65,15.55,20.00
dp1_pp0_tp0_dcp0_ep16_rank0_prefill-10k,prefill,10k,0,1,16,0,AddRmsNormBias,"256,6144;256,6144;6144;6144",948,17.44,22.01,22.38,28.90
dp1_pp0_tp0_dcp0_ep16_rank0_prefill-10k,prefill,10k,0,1,16,0,ApplyTopKTopPCustom,"1,154880;1,154880;1;",3,263.25,644.90,833.86,837.60
dp1_pp0_tp0_dcp0_ep16_rank0_prefill-10k,prefill,10k,0,1,16,0,ArgMaxV2,"1,154880;",9,19.34,19.76,19.66,20.26
dp1_pp0_tp0_dcp0_ep16_rank0_prefill-10k,prefill,10k,0,1,16,0,ArgMaxV2,"1365,154880;",8,721.56,725.30,725.41,728.79
dp1_pp0_tp0_dcp0_ep16_rank0_prefill-10k,prefill,10k,0,1,16,0,AsStrided,1867776;3;3;1,80,10.06,11.12,11.11,11.88
dp1_pp0_tp0_dcp0_ep16_rank0_prefill-10k,prefill,10k,0,1,16,0,AsStrided,4194304;3;3;1,160,14.84,16.25,15.92,21.26
dp1_pp0_tp0_dcp0_ep16_rank0_prefill-10k,prefill,10k,0,1,16,0,AscendQuantV2,"114,2048;2048;2048",160,10.04,12.23,12.42,14.22
dp1_pp0_tp0_dcp0_ep16_rank0_prefill-10k,prefill,10k,0,1,16,0,AscendQuantV2,"114,6144;6144;6144",80,12.22,13.81,13.89,14.32
dp1_pp0_tp0_dcp0_ep16_rank0_prefill-10k,prefill,10k,0,1,16,0,AscendQuantV2,"1824,1024;1024;1024",80,16.90,17.42,17.28,23.20
dp1_pp0_tp0_dcp0_ep16_rank0_prefill-10k,prefill,10k,0,1,16,0,AscendQuantV2,"256,2048;2048;2048",320,12.98,14.58,14.32,19.96
dp1_pp0_tp0_dcp0_ep16_rank0_prefill-10k,prefill,10k,0,1,16,0,AscendQuantV2,"256,6144;6144;6144",160,15.34,17.36,17.12,23.10
dp1_pp0_tp0_dcp0_ep16_rank0_prefill-10k,prefill,10k,0,1,16,0,AscendQuantV2,"4096,1024;1024;1024",160,27.32,28.15,27.96,33.60
dp1_pp0_tp0_dcp0_ep16_rank0_prefill-10k,prefill,10k,0,1,16,0,BatchMatMulV2,"64,114,192;64,192,512",80,20.74,29.12,29.37,34.14
dp1_pp0_tp0_dcp0_ep16_rank0_prefill-10k,prefill,10k,0,1,16,0,BatchMatMulV2,"64,256,192;64,192,512",160,28.92,36.50,36.06,42.38
dp1_pp0_tp0_dcp0_ep16_rank0_prefill-10k,prefill,10k,0,1,16,0,BroadcastTo,1;1,17,1.34,1.62,1.56,1.96
dp1_pp0_tp0_dcp0_ep16_rank0_prefill-10k,prefill,10k,0,1,16,0,BroadcastTo,;1,3,1.20,1.21,1.22,1.22
dp1_pp0_tp0_dcp0_ep16_rank0_prefill-10k,prefill,10k,0,1,16,0,Cast,1,50,1.14,1.48,1.42,2.94
dp1_pp0_tp0_dcp0_ep16_rank0_prefill-10k,prefill,10k,0,1,16,0,Cast,"1,1",9,1.16,1.46,1.40,1.94
dp1_pp0_tp0_dcp0_ep16_rank0_prefill-10k,prefill,10k,0,1,16,0,Cast,"1,154880",3,9.36,9.39,9.38,9.44
dp1_pp0_tp0_dcp0_ep16_rank0_prefill-10k,prefill,10k,0,1,16,0,Cast,114,80,1.56,1.70,1.68,1.92
dp1_pp0_tp0_dcp0_ep16_rank0_prefill-10k,prefill,10k,0,1,16,0,Cast,"114,128",160,3.56,3.78,3.74,4.30
dp1_pp0_tp0_dcp0_ep16_rank0_prefill-10k,prefill,10k,0,1,16,0,Cast,"114,8",75,1.28,1.39,1.36,1.82
dp1_pp0_tp0_dcp0_ep16_rank0_prefill-10k,prefill,10k,0,1,16,0,Cast,1365,16,1.52,1.80,1.78,2.22
dp1_pp0_tp0_dcp0_ep16_rank0_prefill-10k,prefill,10k,0,1,16,0,Cast,1813,1,1.92,1.92,1.92,1.92
dp1_pp0_tp0_dcp0_ep16_rank0_prefill-10k,prefill,10k,0,1,16,0,Cast,1824,15,1.46,1.74,1.78,1.96
dp1_pp0_tp0_dcp0_ep16_rank0_prefill-10k,prefill,10k,0,1,16,0,Cast,256,174,1.20,1.47,1.46,1.74
dp1_pp0_tp0_dcp0_ep16_rank0_prefill-10k,prefill,10k,0,1,16,0,Cast,"256,128",320,5.96,6.59,6.60,8.78
dp1_pp0_tp0_dcp0_ep16_rank0_prefill-10k,prefill,10k,0,1,16,0,Cast,"256,8",450,1.32,1.80,1.58,4.66
dp1_pp0_tp0_dcp0_ep16_rank0_prefill-10k,prefill,10k,0,1,16,0,Cast,"32,8",42,1.14,1.30,1.26,1.72
dp1_pp0_tp0_dcp0_ep16_rank0_prefill-10k,prefill,10k,0,1,16,0,Cast,4096,92,1.36,2.29,2.30,4.06
dp1_pp0_tp0_dcp0_ep16_rank0_prefill-10k,prefill,10k,0,1,16,0,Cast,512,14,1.34,1.77,1.60,2.92
dp1_pp0_tp0_dcp0_ep16_rank0_prefill-10k,prefill,10k,0,1,16,0,ClipByValueV2,1;;,3,4.80,4.95,4.82,5.24
dp1_pp0_tp0_dcp0_ep16_rank0_prefill-10k,prefill,10k,0,1,16,0,ConcatD,"114,6144;114,6144",2,9.46,9.51,9.51,9.56
dp1_pp0_tp0_dcp0_ep16_rank0_prefill-10k,prefill,10k,0,1,16,0,ConcatD,"114,64;114,512;114,128",80,3.46,3.95,3.96,4.44
dp1_pp0_tp0_dcp0_ep16_rank0_prefill-10k,prefill,10k,0,1,16,0,ConcatD,"256,6144;256,6144",12,9.72,10.35,10.11,13.32
dp1_pp0_tp0_dcp0_ep16_rank0_prefill-10k,prefill,10k,0,1,16,0,ConcatD,"256,64;256,512;256,128",160,4.20,4.71,4.70,5.18
dp1_pp0_tp0_dcp0_ep16_rank0_prefill-10k,prefill,10k,0,1,16,0,Cumsum,8;1,14,48.56,69.73,64.33,99.08
dp1_pp0_tp0_dcp0_ep16_rank0_prefill-10k,prefill,10k,0,1,16,0,DSARandomUniform,N/A,3,15.56,15.87,15.74,16.30
dp1_pp0_tp0_dcp0_ep16_rank0_prefill-10k,prefill,10k,0,1,16,0,DispatchFFNCombine,"114,6144;8,6144,4096;8,2048,6144;114,8;32768;49152;114,8",75,1071.16,1345.19,1297.98,2651.65
dp1_pp0_tp0_dcp0_ep16_rank0_prefill-10k,prefill,10k,0,1,16,0,DispatchFFNCombine,"256,6144;8,6144,4096;8,2048,6144;256,8;32768;49152;256,8",450,1338.16,3684.38,4116.07,14600.73
dp1_pp0_tp0_dcp0_ep16_rank0_prefill-10k,prefill,10k,0,1,16,0,DynamicQuant,"114,2048",77,12.70,19.90,19.80,23.36
dp1_pp0_tp0_dcp0_ep16_rank0_prefill-10k,prefill,10k,0,1,16,0,DynamicQuant,"114,6144",77,17.56,19.70,19.54,23.92
dp1_pp0_tp0_dcp0_ep16_rank0_prefill-10k,prefill,10k,0,1,16,0,DynamicQuant,"1824,6144",3,51.72,53.26,52.52,55.54
dp1_pp0_tp0_dcp0_ep16_rank0_prefill-10k,prefill,10k,0,1,16,0,DynamicQuant,"1824,768",3,22.58,22.89,22.86,23.22
dp1_pp0_tp0_dcp0_ep16_rank0_prefill-10k,prefill,10k,0,1,16,0,DynamicQuant,"2048,6144",12,52.32,53.63,53.77,54.70
dp1_pp0_tp0_dcp0_ep16_rank0_prefill-10k,prefill,10k,0,1,16,0,DynamicQuant,"256,2048",462,14.24,22.23,22.32,26.96
dp1_pp0_tp0_dcp0_ep16_rank0_prefill-10k,prefill,10k,0,1,16,0,DynamicQuant,"256,6144",462,21.70,42.78,42.51,59.18
dp1_pp0_tp0_dcp0_ep16_rank0_prefill-10k,prefill,10k,0,1,16,0,DynamicQuant,"4096,6144",18,78.14,88.36,87.34,106.14
dp1_pp0_tp0_dcp0_ep16_rank0_prefill-10k,prefill,10k,0,1,16,0,DynamicQuant,"4096,768",18,34.88,36.48,35.75,40.60
dp1_pp0_tp0_dcp0_ep16_rank0_prefill-10k,prefill,10k,0,1,16,0,DynamicQuant,"912,6144",2,37.14,37.89,37.89,38.64
dp1_pp0_tp0_dcp0_ep16_rank0_prefill-10k,prefill,10k,0,1,16,0,Equal,"114,1;",2,1.82,1.89,1.89,1.96
dp1_pp0_tp0_dcp0_ep16_rank0_prefill-10k,prefill,10k,0,1,16,0,Equal,"256,1;",12,1.70,1.91,1.86,2.24
dp1_pp0_tp0_dcp0_ep16_rank0_prefill-10k,prefill,10k,0,1,16,0,Fill,1;,80,1.20,1.58,1.50,2.84
dp1_pp0_tp0_dcp0_ep16_rank0_prefill-10k,prefill,10k,0,1,16,0,Fill,2;,320,9.98,10.85,10.46,23.34
dp1_pp0_tp0_dcp0_ep16_rank0_prefill-10k,prefill,10k,0,1,16,0,FloorDiv,1;,3,93.58,113.48,117.60,129.26
dp1_pp0_tp0_dcp0_ep16_rank0_prefill-10k,prefill,10k,0,1,16,0,FloorMod,1;1,3,2.24,2.44,2.48,2.60
dp1_pp0_tp0_dcp0_ep16_rank0_prefill-10k,prefill,10k,0,1,16,0,GatherElementsV2,"1,1584;1,1",3,3.50,4.03,4.22,4.36
dp1_pp0_tp0_dcp0_ep16_rank0_prefill-10k,prefill,10k,0,1,16,0,GatherElementsV2,"1,1;1,1",3,4.14,4.39,4.28,4.74
dp1_pp0_tp0_dcp0_ep16_rank0_prefill-10k,prefill,10k,0,1,16,0,GatherV2,"9680,6144;1824;1",3,87.44,87.61,87.46,87.92
dp1_pp0_tp0_dcp0_ep16_rank0_prefill-10k,prefill,10k,0,1,16,0,GatherV2,"9680,6144;4096;1",18,118.84,168.23,181.52,185.72
dp1_pp0_tp0_dcp0_ep16_rank0_prefill-10k,prefill,10k,0,1,16,0,GreaterEqual,"1,154880;",3,7.38,8.16,7.74,9.36
dp1_pp0_tp0_dcp0_ep16_rank0_prefill-10k,prefill,10k,0,1,16,0,GreaterEqual,1365;,4,3.48,3.69,3.70,3.90
dp1_pp0_tp0_dcp0_ep16_rank0_prefill-10k,prefill,10k,0,1,16,0,GreaterEqual,1824;,3,3.68,3.83,3.88,3.94
dp1_pp0_tp0_dcp0_ep16_rank0_prefill-10k,prefill,10k,0,1,16,0,GreaterEqual,1;,6,2.92,3.21,3.20,3.56
dp1_pp0_tp0_dcp0_ep16_rank0_prefill-10k,prefill,10k,0,1,16,0,GreaterEqual,4096;,18,3.92,4.56,4.50,6.24
dp1_pp0_tp0_dcp0_ep16_rank0_prefill-10k,prefill,10k,0,1,16,0,GroupedMatmul,"1866,2048;8,2048,6144;;8,6144;;;;8;1866",1,163.72,163.72,163.72,163.72
dp1_pp0_tp0_dcp0_ep16_rank0_prefill-10k,prefill,10k,0,1,16,0,GroupedMatmul,"1888,2048;8,2048,6144;;8,6144;;;;8;1888",1,166.81,166.81,166.81,166.81
dp1_pp0_tp0_dcp0_ep16_rank0_prefill-10k,prefill,10k,0,1,16,0,GroupedMatmul,"2006,2048;8,2048,6144;;8,6144;;;;8;2006",1,165.66,165.66,165.66,165.66
dp1_pp0_tp0_dcp0_ep16_rank0_prefill-10k,prefill,10k,0,1,16,0,GroupedMatmul,"2020,2048;8,2048,6144;;8,6144;;;;8;2020",1,173.22,173.22,173.22,173.22
dp1_pp0_tp0_dcp0_ep16_rank0_prefill-10k,prefill,10k,0,1,16,0,GroupedMatmul,"2074,2048;8,2048,6144;;8,6144;;;;8;2074",1,157.14,157.14,157.14,157.14
dp1_pp0_tp0_dcp0_ep16_rank0_prefill-10k,prefill,10k,0,1,16,0,GroupedMatmul,"2084,2048;8,2048,6144;;8,6144;;;;8;2084",1,161.44,161.44,161.44,161.44
dp1_pp0_tp0_dcp0_ep16_rank0_prefill-10k,prefill,10k,0,1,16,0,GroupedMatmul,"2124,2048;8,2048,6144;;8,6144;;;;8;2124",1,184.72,184.72,184.72,184.72
dp1_pp0_tp0_dcp0_ep16_rank0_prefill-10k,prefill,10k,0,1,16,0,GroupedMatmul,"2215,2048;8,2048,6144;;8,6144;;;;8;2215",1,164.44,164.44,164.44,164.44
dp1_pp0_tp0_dcp0_ep16_rank0_prefill-10k,prefill,10k,0,1,16,0,GroupedMatmul,"2272,2048;8,2048,6144;;8,6144;;;;8;2272",1,173.88,173.88,173.88,173.88
dp1_pp0_tp0_dcp0_ep16_rank0_prefill-10k,prefill,10k,0,1,16,0,GroupedMatmul,"2412,2048;8,2048,6144;;8,6144;;;;8;2412",1,183.54,183.54,183.54,183.54
dp1_pp0_tp0_dcp0_ep16_rank0_prefill-10k,prefill,10k,0,1,16,0,GroupedMatmul,"3192,2048;8,2048,6144;;8,6144;;;;8;3192",1,196.74,196.74,196.74,196.74
dp1_pp0_tp0_dcp0_ep16_rank0_prefill-10k,prefill,10k,0,1,16,0,GroupedMatmul,"3247,2048;8,2048,6144;;8,6144;;;;8;3247",1,209.62,209.62,209.62,209.62
dp1_pp0_tp0_dcp0_ep16_rank0_prefill-10k,prefill,10k,0,1,16,0,GroupedMatmul,"704,2048;8,2048,6144;;8,6144;;;;8;704",1,98.88,98.88,98.88,98.88
dp1_pp0_tp0_dcp0_ep16_rank0_prefill-10k,prefill,10k,0,1,16,0,GroupedMatmul,"757,2048;8,2048,6144;;8,6144;;;;8;757",1,97.74,97.74,97.74,97.74
dp1_pp0_tp0_dcp0_ep16_rank0_prefill-10k,prefill,10k,0,1,16,0,GroupedMatmulSwigluQuant,"1866,6144;8,128,384,16,32;8,4096;1866;8",1,347.89,347.89,347.89,347.89
dp1_pp0_tp0_dcp0_ep16_rank0_prefill-10k,prefill,10k,0,1,16,0,GroupedMatmulSwigluQuant,"1888,6144;8,128,384,16,32;8,4096;1888;8",1,416.89,416.89,416.89,416.89
dp1_pp0_tp0_dcp0_ep16_rank0_prefill-10k,prefill,10k,0,1,16,0,GroupedMatmulSwigluQuant,"2006,6144;8,128,384,16,32;8,4096;2006;8",1,363.69,363.69,363.69,363.69
dp1_pp0_tp0_dcp0_ep16_rank0_prefill-10k,prefill,10k,0,1,16,0,GroupedMatmulSwigluQuant,"2020,6144;8,128,384,16,32;8,4096;2020;8",1,364.79,364.79,364.79,364.79
dp1_pp0_tp0_dcp0_ep16_rank0_prefill-10k,prefill,10k,0,1,16,0,GroupedMatmulSwigluQuant,"2074,6144;8,128,384,16,32;8,4096;2074;8",1,339.87,339.87,339.87,339.87
dp1_pp0_tp0_dcp0_ep16_rank0_prefill-10k,prefill,10k,0,1,16,0,GroupedMatmulSwigluQuant,"2084,6144;8,128,384,16,32;8,4096;2084;8",1,413.71,413.71,413.71,413.71
dp1_pp0_tp0_dcp0_ep16_rank0_prefill-10k,prefill,10k,0,1,16,0,GroupedMatmulSwigluQuant,"2124,6144;8,128,384,16,32;8,4096;2124;8",1,379.29,379.29,379.29,379.29
dp1_pp0_tp0_dcp0_ep16_rank0_prefill-10k,prefill,10k,0,1,16,0,GroupedMatmulSwigluQuant,"2215,6144;8,128,384,16,32;8,4096;2215;8",1,459.33,459.33,459.33,459.33
dp1_pp0_tp0_dcp0_ep16_rank0_prefill-10k,prefill,10k,0,1,16,0,GroupedMatmulSwigluQuant,"2272,6144;8,128,384,16,32;8,4096;2272;8",1,387.47,387.47,387.47,387.47
dp1_pp0_tp0_dcp0_ep16_rank0_prefill-10k,prefill,10k,0,1,16,0,GroupedMatmulSwigluQuant,"2412,6144;8,128,384,16,32;8,4096;2412;8",1,452.29,452.29,452.29,452.29
dp1_pp0_tp0_dcp0_ep16_rank0_prefill-10k,prefill,10k,0,1,16,0,GroupedMatmulSwigluQuant,"3192,6144;8,128,384,16,32;8,4096;3192;8",1,535.23,535.23,535.23,535.23
dp1_pp0_tp0_dcp0_ep16_rank0_prefill-10k,prefill,10k,0,1,16,0,GroupedMatmulSwigluQuant,"3247,6144;8,128,384,16,32;8,4096;3247;8",1,531.51,531.51,531.51,531.51
dp1_pp0_tp0_dcp0_ep16_rank0_prefill-10k,prefill,10k,0,1,16,0,GroupedMatmulSwigluQuant,"704,6144;8,128,384,16,32;8,4096;704;8",1,225.24,225.24,225.24,225.24
dp1_pp0_tp0_dcp0_ep16_rank0_prefill-10k,prefill,10k,0,1,16,0,GroupedMatmulSwigluQuant,"757,6144;8,128,384,16,32;8,4096;757;8",1,232.48,232.48,232.48,232.48
dp1_pp0_tp0_dcp0_ep16_rank0_prefill-10k,prefill,10k,0,1,16,0,HistogramV2,"114,8;;",2,20.64,20.66,20.66,20.68
dp1_pp0_tp0_dcp0_ep16_rank0_prefill-10k,prefill,10k,0,1,16,0,HistogramV2,"256,8;;",12,20.26,21.57,20.76,25.82
dp1_pp0_tp0_dcp0_ep16_rank0_prefill-10k,prefill,10k,0,1,16,0,Index,"1824,6144;1;2;1",4,8.34,9.70,10.10,10.24
dp1_pp0_tp0_dcp0_ep16_rank0_prefill-10k,prefill,10k,0,1,16,0,Index,"202752,64;1;2;1824",6,39.46,40.94,41.12,41.96
dp1_pp0_tp0_dcp0_ep16_rank0_prefill-10k,prefill,10k,0,1,16,0,Index,"202752,64;1;2;4096",12,40.12,41.44,41.73,42.44
dp1_pp0_tp0_dcp0_ep16_rank0_prefill-10k,prefill,10k,0,1,16,0,Index,"4096,6144;1;2;1",8,8.44,9.55,9.79,9.96
dp1_pp0_tp0_dcp0_ep16_rank0_prefill-10k,prefill,10k,0,1,16,0,Index,"4096,6144;1;2;1365",12,37.18,56.38,64.53,68.20
dp1_pp0_tp0_dcp0_ep16_rank0_prefill-10k,prefill,10k,0,1,16,0,Index,4096;1;1;1,6,8.30,8.78,8.67,9.66
dp1_pp0_tp0_dcp0_ep16_rank0_prefill-10k,prefill,10k,0,1,16,0,Index,4096;1;1;1365,4,12.92,13.45,13.26,14.36
dp1_pp0_tp0_dcp0_ep16_rank0_prefill-10k,prefill,10k,0,1,16,0,IndexFill,"1,1;1;",2,32.48,32.49,32.49,32.50
dp1_pp0_tp0_dcp0_ep16_rank0_prefill-10k,prefill,10k,0,1,16,0,IndexFill,"1,1;;",1,31.60,31.60,31.60,31.60
dp1_pp0_tp0_dcp0_ep16_rank0_prefill-10k,prefill,10k,0,1,16,0,IndexPutV2,4096;1;1;1;1,3,8.54,8.81,8.80,9.08
dp1_pp0_tp0_dcp0_ep16_rank0_prefill-10k,prefill,10k,0,1,16,0,InterleaveRope,"114,64,1,64;114,1,1,64;114,1,1,64",80,16.90,18.74,18.75,22.54
dp1_pp0_tp0_dcp0_ep16_rank0_prefill-10k,prefill,10k,0,1,16,0,InterleaveRope,"256,64,1,64;256,1,1,64;256,1,1,64",160,22.76,24.03,23.94,26.96
dp1_pp0_tp0_dcp0_ep16_rank0_prefill-10k,prefill,10k,0,1,16,0,KvRmsNormRopeCache,"114,1,1,576;512;114,1,1,64;114,1,1,64;114;1680,128,1,64;1680,128,1,512;;;;;",80,12.02,13.41,12.73,21.70
dp1_pp0_tp0_dcp0_ep16_rank0_prefill-10k,prefill,10k,0,1,16,0,KvRmsNormRopeCache,"256,1,1,576;512;256,1,1,64;256,1,1,64;256;1680,128,1,64;1680,128,1,512;;;;;",160,13.92,15.33,14.78,25.20
dp1_pp0_tp0_dcp0_ep16_rank0_prefill-10k,prefill,10k,0,1,16,0,LayerNormV3,"114,128;128;128",80,15.54,19.68,19.56,25.22
dp1_pp0_tp0_dcp0_ep16_rank0_prefill-10k,prefill,10k,0,1,16,0,LayerNormV3,"256,128;128;128",160,17.28,22.37,22.26,28.18
dp1_pp0_tp0_dcp0_ep16_rank0_prefill-10k,prefill,10k,0,1,16,0,Less,"1,1;",3,3.16,3.27,3.32,3.34
dp1_pp0_tp0_dcp0_ep16_rank0_prefill-10k,prefill,10k,0,1,16,0,Less,1824;,3,3.28,3.36,3.30,3.50
dp1_pp0_tp0_dcp0_ep16_rank0_prefill-10k,prefill,10k,0,1,16,0,Less,4096;,18,4.06,4.43,4.38,5.62
dp1_pp0_tp0_dcp0_ep16_rank0_prefill-10k,prefill,10k,0,1,16,0,LightningIndexer,"114,32,128;1680,128,1,128;114,32;1;1;1,1584",80,35.20,130.71,132.59,147.56
dp1_pp0_tp0_dcp0_ep16_rank0_prefill-10k,prefill,10k,0,1,16,0,LightningIndexer,"256,32,128;1680,128,1,128;256,32;1;1;1,1584",160,26.78,106.95,64.30,181.54
dp1_pp0_tp0_dcp0_ep16_rank0_prefill-10k,prefill,10k,0,1,16,0,Log,"1,154880",3,7.08,11.75,7.46,20.72
dp1_pp0_tp0_dcp0_ep16_rank0_prefill-10k,prefill,10k,0,1,16,0,LogicalAnd,"1,1;1,1",3,1.56,1.77,1.68,2.08
dp1_pp0_tp0_dcp0_ep16_rank0_prefill-10k,prefill,10k,0,1,16,0,LogicalAnd,1824;1824,3,1.56,1.79,1.80,2.02
dp1_pp0_tp0_dcp0_ep16_rank0_prefill-10k,prefill,10k,0,1,16,0,LogicalAnd,4096;4096,18,1.74,1.98,1.93,2.94
dp1_pp0_tp0_dcp0_ep16_rank0_prefill-10k,prefill,10k,0,1,16,0,LogicalNot,1824,3,1.56,1.57,1.56,1.58
dp1_pp0_tp0_dcp0_ep16_rank0_prefill-10k,prefill,10k,0,1,16,0,LogicalNot,4096,18,1.50,1.64,1.64,1.94
dp1_pp0_tp0_dcp0_ep16_rank0_prefill-10k,prefill,10k,0,1,16,0,MaskedFill,"1,154880;1,154880;",3,13.90,14.31,14.00,15.02
dp1_pp0_tp0_dcp0_ep16_rank0_prefill-10k,prefill,10k,0,1,16,0,MaskedFill,"1824,6144;1824,1;",3,83.18,84.62,83.40,87.28
dp1_pp0_tp0_dcp0_ep16_rank0_prefill-10k,prefill,10k,0,1,16,0,MaskedFill,1;1;,6,1.68,2.02,2.06,2.24
dp1_pp0_tp0_dcp0_ep16_rank0_prefill-10k,prefill,10k,0,1,16,0,MaskedFill,"4096,6144;4096,1;",18,140.80,166.56,167.11,193.06
dp1_pp0_tp0_dcp0_ep16_rank0_prefill-10k,prefill,10k,0,1,16,0,MatMulV2,"1,6144;9680,6144",9,144.92,173.12,172.84,195.54
dp1_pp0_tp0_dcp0_ep16_rank0_prefill-10k,prefill,10k,0,1,16,0,MatMulV2,"114,12288;6144,12288",2,174.13,180.90,180.90,187.66
dp1_pp0_tp0_dcp0_ep16_rank0_prefill-10k,prefill,10k,0,1,16,0,MatMulV2,"114,6144;128,6144",80,20.94,26.17,26.22,27.82
dp1_pp0_tp0_dcp0_ep16_rank0_prefill-10k,prefill,10k,0,1,16,0,MatMulV2,"114,6144;256,6144",77,16.60,17.30,17.28,17.94
dp1_pp0_tp0_dcp0_ep16_rank0_prefill-10k,prefill,10k,0,1,16,0,MatMulV2,"114,6144;32,6144",80,13.36,13.90,13.88,14.80
dp1_pp0_tp0_dcp0_ep16_rank0_prefill-10k,prefill,10k,0,1,16,0,MatMulV2,"114,6144;6144,6144",2,94.10,99.01,99.01,103.92
dp1_pp0_tp0_dcp0_ep16_rank0_prefill-10k,prefill,10k,0,1,16,0,MatMulV2,"256,12288;6144,12288",12,261.51,271.47,273.02,278.67
dp1_pp0_tp0_dcp0_ep16_rank0_prefill-10k,prefill,10k,0,1,16,0,MatMulV2,"256,6144;128,6144",160,11.84,14.90,14.94,15.78
dp1_pp0_tp0_dcp0_ep16_rank0_prefill-10k,prefill,10k,0,1,16,0,MatMulV2,"256,6144;256,6144",462,15.06,23.45,23.55,32.12
dp1_pp0_tp0_dcp0_ep16_rank0_prefill-10k,prefill,10k,0,1,16,0,MatMulV2,"256,6144;32,6144",160,9.92,12.68,12.84,17.78
dp1_pp0_tp0_dcp0_ep16_rank0_prefill-10k,prefill,10k,0,1,16,0,MatMulV2,"256,6144;6144,6144",12,113.74,125.00,122.02,140.90
dp1_pp0_tp0_dcp0_ep16_rank0_prefill-10k,prefill,10k,0,1,16,0,MatMulV3,"1365,6144;9680,6144",8,623.11,650.94,660.14,682.76
dp1_pp0_tp0_dcp0_ep16_rank0_prefill-10k,prefill,10k,0,1,16,0,MemSet,N/A,14,14.32,14.44,14.42,14.74
dp1_pp0_tp0_dcp0_ep16_rank0_prefill-10k,prefill,10k,0,1,16,0,MoeGatingTopK,"114,256;256",77,17.28,18.85,18.80,21.06
dp1_pp0_tp0_dcp0_ep16_rank0_prefill-10k,prefill,10k,0,1,16,0,MoeGatingTopK,"256,256;256",462,19.66,24.93,24.72,29.30
dp1_pp0_tp0_dcp0_ep16_rank0_prefill-10k,prefill,10k,0,1,16,0,MoeTokenPermute,"114,6144;114,8",2,29.48,29.68,29.68,29.88
dp1_pp0_tp0_dcp0_ep16_rank0_prefill-10k,prefill,10k,0,1,16,0,MoeTokenPermute,"1866,1;1866",1,26.00,26.00,26.00,26.00
dp1_pp0_tp0_dcp0_ep16_rank0_prefill-10k,prefill,10k,0,1,16,0,MoeTokenPermute,"1866,6144;1866",1,34.20,34.20,34.20,34.20
dp1_pp0_tp0_dcp0_ep16_rank0_prefill-10k,prefill,10k,0,1,16,0,MoeTokenPermute,"1888,1;1888",1,29.14,29.14,29.14,29.14
dp1_pp0_tp0_dcp0_ep16_rank0_prefill-10k,prefill,10k,0,1,16,0,MoeTokenPermute,"1888,6144;1888",1,34.12,34.12,34.12,34.12
dp1_pp0_tp0_dcp0_ep16_rank0_prefill-10k,prefill,10k,0,1,16,0,MoeTokenPermute,"2006,1;2006",1,27.36,27.36,27.36,27.36
dp1_pp0_tp0_dcp0_ep16_rank0_prefill-10k,prefill,10k,0,1,16,0,MoeTokenPermute,"2006,6144;2006",1,34.62,34.62,34.62,34.62
dp1_pp0_tp0_dcp0_ep16_rank0_prefill-10k,prefill,10k,0,1,16,0,MoeTokenPermute,"2020,1;2020",1,27.88,27.88,27.88,27.88
dp1_pp0_tp0_dcp0_ep16_rank0_prefill-10k,prefill,10k,0,1,16,0,MoeTokenPermute,"2020,6144;2020",1,34.56,34.56,34.56,34.56
dp1_pp0_tp0_dcp0_ep16_rank0_prefill-10k,prefill,10k,0,1,16,0,MoeTokenPermute,"2074,1;2074",1,27.90,27.90,27.90,27.90
dp1_pp0_tp0_dcp0_ep16_rank0_prefill-10k,prefill,10k,0,1,16,0,MoeTokenPermute,"2074,6144;2074",1,32.54,32.54,32.54,32.54
dp1_pp0_tp0_dcp0_ep16_rank0_prefill-10k,prefill,10k,0,1,16,0,MoeTokenPermute,"2084,1;2084",1,27.90,27.90,27.90,27.90
dp1_pp0_tp0_dcp0_ep16_rank0_prefill-10k,prefill,10k,0,1,16,0,MoeTokenPermute,"2084,6144;2084",1,36.74,36.74,36.74,36.74
dp1_pp0_tp0_dcp0_ep16_rank0_prefill-10k,prefill,10k,0,1,16,0,MoeTokenPermute,"2124,1;2124",1,29.10,29.10,29.10,29.10
dp1_pp0_tp0_dcp0_ep16_rank0_prefill-10k,prefill,10k,0,1,16,0,MoeTokenPermute,"2124,6144;2124",1,36.08,36.08,36.08,36.08
dp1_pp0_tp0_dcp0_ep16_rank0_prefill-10k,prefill,10k,0,1,16,0,MoeTokenPermute,"2215,1;2215",1,28.80,28.80,28.80,28.80
dp1_pp0_tp0_dcp0_ep16_rank0_prefill-10k,prefill,10k,0,1,16,0,MoeTokenPermute,"2215,6144;2215",1,33.64,33.64,33.64,33.64
dp1_pp0_tp0_dcp0_ep16_rank0_prefill-10k,prefill,10k,0,1,16,0,MoeTokenPermute,"2272,1;2272",1,29.06,29.06,29.06,29.06
dp1_pp0_tp0_dcp0_ep16_rank0_prefill-10k,prefill,10k,0,1,16,0,MoeTokenPermute,"2272,6144;2272",1,36.32,36.32,36.32,36.32
dp1_pp0_tp0_dcp0_ep16_rank0_prefill-10k,prefill,10k,0,1,16,0,MoeTokenPermute,"2412,1;2412",1,29.90,29.90,29.90,29.90
dp1_pp0_tp0_dcp0_ep16_rank0_prefill-10k,prefill,10k,0,1,16,0,MoeTokenPermute,"2412,6144;2412",1,33.72,33.72,33.72,33.72
dp1_pp0_tp0_dcp0_ep16_rank0_prefill-10k,prefill,10k,0,1,16,0,MoeTokenPermute,"256,6144;256,8",12,31.20,32.75,32.58,34.16
dp1_pp0_tp0_dcp0_ep16_rank0_prefill-10k,prefill,10k,0,1,16,0,MoeTokenPermute,"3192,1;3192",1,32.18,32.18,32.18,32.18
dp1_pp0_tp0_dcp0_ep16_rank0_prefill-10k,prefill,10k,0,1,16,0,MoeTokenPermute,"3192,6144;3192",1,39.28,39.28,39.28,39.28
dp1_pp0_tp0_dcp0_ep16_rank0_prefill-10k,prefill,10k,0,1,16,0,MoeTokenPermute,"3247,1;3247",1,34.84,34.84,34.84,34.84
dp1_pp0_tp0_dcp0_ep16_rank0_prefill-10k,prefill,10k,0,1,16,0,MoeTokenPermute,"3247,6144;3247",1,41.22,41.22,41.22,41.22
dp1_pp0_tp0_dcp0_ep16_rank0_prefill-10k,prefill,10k,0,1,16,0,MoeTokenPermute,"704,1;704",1,23.94,23.94,23.94,23.94
dp1_pp0_tp0_dcp0_ep16_rank0_prefill-10k,prefill,10k,0,1,16,0,MoeTokenPermute,"704,6144;704",1,26.56,26.56,26.56,26.56
dp1_pp0_tp0_dcp0_ep16_rank0_prefill-10k,prefill,10k,0,1,16,0,MoeTokenPermute,"757,1;757",1,24.14,24.14,24.14,24.14
dp1_pp0_tp0_dcp0_ep16_rank0_prefill-10k,prefill,10k,0,1,16,0,MoeTokenPermute,"757,6144;757",1,26.12,26.12,26.12,26.12
dp1_pp0_tp0_dcp0_ep16_rank0_prefill-10k,prefill,10k,0,1,16,0,MoeTokenUnpermute,"1866,6144;1866;",1,24.42,24.42,24.42,24.42
dp1_pp0_tp0_dcp0_ep16_rank0_prefill-10k,prefill,10k,0,1,16,0,MoeTokenUnpermute,"1888,6144;1888;",1,23.84,23.84,23.84,23.84
dp1_pp0_tp0_dcp0_ep16_rank0_prefill-10k,prefill,10k,0,1,16,0,MoeTokenUnpermute,"2006,6144;2006;",1,25.48,25.48,25.48,25.48
dp1_pp0_tp0_dcp0_ep16_rank0_prefill-10k,prefill,10k,0,1,16,0,MoeTokenUnpermute,"2020,6144;2020;",1,23.32,23.32,23.32,23.32
dp1_pp0_tp0_dcp0_ep16_rank0_prefill-10k,prefill,10k,0,1,16,0,MoeTokenUnpermute,"2048,6144;2048;256,8",12,22.90,26.80,23.48,35.38
dp1_pp0_tp0_dcp0_ep16_rank0_prefill-10k,prefill,10k,0,1,16,0,MoeTokenUnpermute,"2074,6144;2074;",1,23.78,23.78,23.78,23.78
dp1_pp0_tp0_dcp0_ep16_rank0_prefill-10k,prefill,10k,0,1,16,0,MoeTokenUnpermute,"2084,6144;2084;",1,31.62,31.62,31.62,31.62
dp1_pp0_tp0_dcp0_ep16_rank0_prefill-10k,prefill,10k,0,1,16,0,MoeTokenUnpermute,"2124,6144;2124;",1,35.62,35.62,35.62,35.62
dp1_pp0_tp0_dcp0_ep16_rank0_prefill-10k,prefill,10k,0,1,16,0,MoeTokenUnpermute,"2215,6144;2215;",1,26.12,26.12,26.12,26.12
dp1_pp0_tp0_dcp0_ep16_rank0_prefill-10k,prefill,10k,0,1,16,0,MoeTokenUnpermute,"2272,6144;2272;",1,25.38,25.38,25.38,25.38
dp1_pp0_tp0_dcp0_ep16_rank0_prefill-10k,prefill,10k,0,1,16,0,MoeTokenUnpermute,"2412,6144;2412;",1,26.48,26.48,26.48,26.48
dp1_pp0_tp0_dcp0_ep16_rank0_prefill-10k,prefill,10k,0,1,16,0,MoeTokenUnpermute,"3192,6144;3192;",1,30.58,30.58,30.58,30.58
dp1_pp0_tp0_dcp0_ep16_rank0_prefill-10k,prefill,10k,0,1,16,0,MoeTokenUnpermute,"3247,6144;3247;",1,31.26,31.26,31.26,31.26
dp1_pp0_tp0_dcp0_ep16_rank0_prefill-10k,prefill,10k,0,1,16,0,MoeTokenUnpermute,"704,6144;704;",1,18.84,18.84,18.84,18.84
dp1_pp0_tp0_dcp0_ep16_rank0_prefill-10k,prefill,10k,0,1,16,0,MoeTokenUnpermute,"757,6144;757;",1,20.48,20.48,20.48,20.48
dp1_pp0_tp0_dcp0_ep16_rank0_prefill-10k,prefill,10k,0,1,16,0,MoeTokenUnpermute,"912,6144;912;114,8",2,19.58,19.59,19.59,19.60
dp1_pp0_tp0_dcp0_ep16_rank0_prefill-10k,prefill,10k,0,1,16,0,Mul,"1,154880;",3,7.12,101.71,8.00,290.01
dp1_pp0_tp0_dcp0_ep16_rank0_prefill-10k,prefill,10k,0,1,16,0,Mul,1824;,3,5.36,5.43,5.38,5.56
dp1_pp0_tp0_dcp0_ep16_rank0_prefill-10k,prefill,10k,0,1,16,0,Mul,1824;1824,3,5.32,5.50,5.58,5.60
dp1_pp0_tp0_dcp0_ep16_rank0_prefill-10k,prefill,10k,0,1,16,0,Mul,1;,3,1.52,1.54,1.54,1.56
dp1_pp0_tp0_dcp0_ep16_rank0_prefill-10k,prefill,10k,0,1,16,0,Mul,4096;,18,5.98,6.15,6.13,6.64
dp1_pp0_tp0_dcp0_ep16_rank0_prefill-10k,prefill,10k,0,1,16,0,Mul,4096;4096,18,5.96,6.08,6.07,6.30
dp1_pp0_tp0_dcp0_ep16_rank0_prefill-10k,prefill,10k,0,1,16,0,Muls,"114,6144",77,8.76,9.12,9.12,9.92
dp1_pp0_tp0_dcp0_ep16_rank0_prefill-10k,prefill,10k,0,1,16,0,Muls,"256,6144",462,9.92,10.10,10.06,10.74
dp1_pp0_tp0_dcp0_ep16_rank0_prefill-10k,prefill,10k,0,1,16,0,Neg,"1,154880",3,16.44,68.63,37.94,151.52
dp1_pp0_tp0_dcp0_ep16_rank0_prefill-10k,prefill,10k,0,1,16,0,NotEqual,"1,1;",3,1.76,1.82,1.82,1.88
dp1_pp0_tp0_dcp0_ep16_rank0_prefill-10k,prefill,10k,0,1,16,0,NotEqual,1;,3,2.64,2.80,2.86,2.90
dp1_pp0_tp0_dcp0_ep16_rank0_prefill-10k,prefill,10k,0,1,16,0,QuantBatchMatmulV3,"114,2048;128,128,16,32;4096;4096",80,20.08,21.34,21.20,26.92
dp1_pp0_tp0_dcp0_ep16_rank0_prefill-10k,prefill,10k,0,1,16,0,QuantBatchMatmulV3,"114,2048;192,128,16,32;6144;114",77,24.14,26.14,25.98,29.90
dp1_pp0_tp0_dcp0_ep16_rank0_prefill-10k,prefill,10k,0,1,16,0,QuantBatchMatmulV3,"114,2048;512,128,16,32;16384;16384",80,43.32,48.88,48.85,54.12
dp1_pp0_tp0_dcp0_ep16_rank0_prefill-10k,prefill,10k,0,1,16,0,QuantBatchMatmulV3,"114,6144;128,384,16,32;4096;114",77,55.76,1329.19,1310.75,2669.11
dp1_pp0_tp0_dcp0_ep16_rank0_prefill-10k,prefill,10k,0,1,16,0,QuantBatchMatmulV3,"114,6144;82,384,16,32;2624;2624",80,28.14,29.62,29.47,31.98
dp1_pp0_tp0_dcp0_ep16_rank0_prefill-10k,prefill,10k,0,1,16,0,QuantBatchMatmulV3,"1824,1024;192,64,16,32;6144;6144",80,72.74,75.62,75.39,80.16
dp1_pp0_tp0_dcp0_ep16_rank0_prefill-10k,prefill,10k,0,1,16,0,QuantBatchMatmulV3,"1824,6144;48,384,16,32;1536;1824",3,84.64,86.58,86.76,88.34
dp1_pp0_tp0_dcp0_ep16_rank0_prefill-10k,prefill,10k,0,1,16,0,QuantBatchMatmulV3,"1824,768;192,48,16,32;6144;1824",3,84.94,88.86,86.68,94.94
dp1_pp0_tp0_dcp0_ep16_rank0_prefill-10k,prefill,10k,0,1,16,0,QuantBatchMatmulV3,"256,2048;128,128,16,32;4096;4096",160,26.78,34.69,34.77,41.36
dp1_pp0_tp0_dcp0_ep16_rank0_prefill-10k,prefill,10k,0,1,16,0,QuantBatchMatmulV3,"256,2048;192,128,16,32;6144;256",462,31.14,38.57,36.76,209.94
dp1_pp0_tp0_dcp0_ep16_rank0_prefill-10k,prefill,10k,0,1,16,0,QuantBatchMatmulV3,"256,2048;512,128,16,32;16384;16384",160,52.88,85.21,84.92,104.16
dp1_pp0_tp0_dcp0_ep16_rank0_prefill-10k,prefill,10k,0,1,16,0,QuantBatchMatmulV3,"256,6144;128,384,16,32;4096;256",462,52.16,3607.46,4104.24,14615.29
dp1_pp0_tp0_dcp0_ep16_rank0_prefill-10k,prefill,10k,0,1,16,0,QuantBatchMatmulV3,"256,6144;82,384,16,32;2624;2624",160,33.26,35.02,34.98,37.48
dp1_pp0_tp0_dcp0_ep16_rank0_prefill-10k,prefill,10k,0,1,16,0,QuantBatchMatmulV3,"4096,1024;192,64,16,32;6144;6144",160,136.22,140.99,140.82,146.46
dp1_pp0_tp0_dcp0_ep16_rank0_prefill-10k,prefill,10k,0,1,16,0,QuantBatchMatmulV3,"4096,6144;48,384,16,32;1536;4096",18,142.46,151.15,146.29,181.06
dp1_pp0_tp0_dcp0_ep16_rank0_prefill-10k,prefill,10k,0,1,16,0,QuantBatchMatmulV3,"4096,768;192,48,16,32;6144;4096",18,139.98,148.09,147.67,166.14
dp1_pp0_tp0_dcp0_ep16_rank0_prefill-10k,prefill,10k,0,1,16,0,RealDiv,"1,154880;1,1",3,7.38,7.73,7.44,8.36
dp1_pp0_tp0_dcp0_ep16_rank0_prefill-10k,prefill,10k,0,1,16,0,RealDiv,"1,154880;1,154880",3,9.02,9.19,9.06,9.48
dp1_pp0_tp0_dcp0_ep16_rank0_prefill-10k,prefill,10k,0,1,16,0,ReduceSum,"1,1;1",3,1.68,1.73,1.68,1.82
dp1_pp0_tp0_dcp0_ep16_rank0_prefill-10k,prefill,10k,0,1,16,0,ReduceSum,256;1,14,2.94,3.05,3.04,3.20
dp1_pp0_tp0_dcp0_ep16_rank0_prefill-10k,prefill,10k,0,1,16,0,ReduceSum,"32,8;1",42,4.62,8.64,10.21,11.56
dp1_pp0_tp0_dcp0_ep16_rank0_prefill-10k,prefill,10k,0,1,16,0,RepeatInterleave,256;256,14,15.98,19.24,20.71,22.56
dp1_pp0_tp0_dcp0_ep16_rank0_prefill-10k,prefill,10k,0,1,16,0,ReshapeAndCacheNdKernel,"1,1,512;1,1,64;1680,128,1,512;1680,128,1,64;1",3,2.22,2.29,2.32,2.34
dp1_pp0_tp0_dcp0_ep16_rank0_prefill-10k,prefill,10k,0,1,16,0,ReshapeAndCacheNdKernel,"1813,1,512;1813,1,64;1680,128,1,512;1680,128,1,64;1813",79,20.24,21.31,21.22,24.68
dp1_pp0_tp0_dcp0_ep16_rank0_prefill-10k,prefill,10k,0,1,16,0,ReshapeAndCacheNdKernel,"4096,1,512;4096,1,64;1680,128,1,512;1680,128,1,64;4096",158,29.06,32.02,32.00,35.10
dp1_pp0_tp0_dcp0_ep16_rank0_prefill-10k,prefill,10k,0,1,16,0,RmsNorm,"1,6144;6144",6,3.44,4.17,4.41,4.48
dp1_pp0_tp0_dcp0_ep16_rank0_prefill-10k,prefill,10k,0,1,16,0,RmsNorm,"114,2048;2048",80,8.34,14.37,14.46,18.96
dp1_pp0_tp0_dcp0_ep16_rank0_prefill-10k,prefill,10k,0,1,16,0,RmsNorm,"114,6144;6144",7,8.44,12.00,9.56,16.10
dp1_pp0_tp0_dcp0_ep16_rank0_prefill-10k,prefill,10k,0,1,16,0,RmsNorm,"1365,6144;6144",8,39.02,40.27,39.68,45.44
dp1_pp0_tp0_dcp0_ep16_rank0_prefill-10k,prefill,10k,0,1,16,0,RmsNorm,"256,2048;2048",160,10.08,18.17,18.32,24.14
dp1_pp0_tp0_dcp0_ep16_rank0_prefill-10k,prefill,10k,0,1,16,0,RmsNorm,"256,6144;6144",42,10.20,15.35,11.97,21.36
dp1_pp0_tp0_dcp0_ep16_rank0_prefill-10k,prefill,10k,0,1,16,0,ScatterNdUpdate,"215040,128;1824,1;1824,128",80,53.12,57.00,57.30,63.52
dp1_pp0_tp0_dcp0_ep16_rank0_prefill-10k,prefill,10k,0,1,16,0,ScatterNdUpdate,"215040,128;4096,1;4096,128",160,99.60,116.28,116.78,126.26
dp1_pp0_tp0_dcp0_ep16_rank0_prefill-10k,prefill,10k,0,1,16,0,SelectV2,"114,1;;114,6144",2,21.54,21.57,21.57,21.60
dp1_pp0_tp0_dcp0_ep16_rank0_prefill-10k,prefill,10k,0,1,16,0,SelectV2,1365;;1365,4,3.10,3.17,3.14,3.30
dp1_pp0_tp0_dcp0_ep16_rank0_prefill-10k,prefill,10k,0,1,16,0,SelectV2,1;1;1,3,1.92,2.12,1.98,2.46
dp1_pp0_tp0_dcp0_ep16_rank0_prefill-10k,prefill,10k,0,1,16,0,SelectV2,1;;1,6,1.78,2.01,2.02,2.18
dp1_pp0_tp0_dcp0_ep16_rank0_prefill-10k,prefill,10k,0,1,16,0,SelectV2,"256,1;;256,6144",12,28.58,29.54,29.23,32.36
dp1_pp0_tp0_dcp0_ep16_rank0_prefill-10k,prefill,10k,0,1,16,0,Slice,"114,2624;2;2",160,2.76,3.16,3.10,3.82
dp1_pp0_tp0_dcp0_ep16_rank0_prefill-10k,prefill,10k,0,1,16,0,Slice,"114,64,256;3;3",80,4.30,4.80,4.82,5.48
dp1_pp0_tp0_dcp0_ep16_rank0_prefill-10k,prefill,10k,0,1,16,0,Slice,"1824,704;2;2",238,2.98,4.03,3.58,6.58
dp1_pp0_tp0_dcp0_ep16_rank0_prefill-10k,prefill,10k,0,1,16,0,Slice,"202752,128;2;2",18,24.56,37.83,26.17,82.96
dp1_pp0_tp0_dcp0_ep16_rank0_prefill-10k,prefill,10k,0,1,16,0,Slice,"256,2624;2;2",320,2.78,3.64,3.89,4.74
dp1_pp0_tp0_dcp0_ep16_rank0_prefill-10k,prefill,10k,0,1,16,0,Slice,"256,64,256;3;3",160,8.10,8.62,8.46,14.52
dp1_pp0_tp0_dcp0_ep16_rank0_prefill-10k,prefill,10k,0,1,16,0,Slice,"32,256;2;2",42,2.20,3.00,3.13,3.82
dp1_pp0_tp0_dcp0_ep16_rank0_prefill-10k,prefill,10k,0,1,16,0,Slice,"4096,704;2;2",476,3.06,5.59,4.77,9.60
dp1_pp0_tp0_dcp0_ep16_rank0_prefill-10k,prefill,10k,0,1,16,0,SoftmaxV2,"1,154880",3,45.40,45.53,45.50,45.70
dp1_pp0_tp0_dcp0_ep16_rank0_prefill-10k,prefill,10k,0,1,16,0,Sort,"1,154880",3,232.49,233.02,233.22,233.34
dp1_pp0_tp0_dcp0_ep16_rank0_prefill-10k,prefill,10k,0,1,16,0,SparseFlashAttention,"114,64,512;1680,128,1,512;1680,128,1,512;114,1,2048;1,1584;1;1;114,64,64;1680,128,1,64",80,92.38,381.17,386.33,414.93
dp1_pp0_tp0_dcp0_ep16_rank0_prefill-10k,prefill,10k,0,1,16,0,SparseFlashAttention,"256,64,512;1680,128,1,512;1680,128,1,512;256,1,2048;1,1584;1;1;256,64,64;1680,128,1,64",160,92.36,481.96,175.62,894.52
dp1_pp0_tp0_dcp0_ep16_rank0_prefill-10k,prefill,10k,0,1,16,0,Sub,1824;1824,3,2.46,2.69,2.76,2.84
dp1_pp0_tp0_dcp0_ep16_rank0_prefill-10k,prefill,10k,0,1,16,0,Sub,1;,9,1.36,2.08,1.78,3.26
dp1_pp0_tp0_dcp0_ep16_rank0_prefill-10k,prefill,10k,0,1,16,0,Sub,4096;4096,18,3.34,3.54,3.54,3.84
dp1_pp0_tp0_dcp0_ep16_rank0_prefill-10k,prefill,10k,0,1,16,0,SwiGlu,"114,4096",77,14.86,16.34,16.18,20.30
dp1_pp0_tp0_dcp0_ep16_rank0_prefill-10k,prefill,10k,0,1,16,0,SwiGlu,"1824,1536",3,19.90,21.51,20.98,23.64
dp1_pp0_tp0_dcp0_ep16_rank0_prefill-10k,prefill,10k,0,1,16,0,SwiGlu,"256,4096",462,13.60,17.81,17.52,38.18
dp1_pp0_tp0_dcp0_ep16_rank0_prefill-10k,prefill,10k,0,1,16,0,SwiGlu,"4096,1536",18,24.64,25.55,24.82,30.00
dp1_pp0_tp0_dcp0_ep16_rank0_prefill-10k,prefill,10k,0,1,16,0,TensorMove,"114,6144",83,9.78,10.18,10.08,17.26
dp1_pp0_tp0_dcp0_ep16_rank0_prefill-10k,prefill,10k,0,1,16,0,TensorMove,"1365,6144",4,16.94,17.37,17.37,17.78
dp1_pp0_tp0_dcp0_ep16_rank0_prefill-10k,prefill,10k,0,1,16,0,TensorMove,"1813,6144",1,39.82,39.82,39.82,39.82
dp1_pp0_tp0_dcp0_ep16_rank0_prefill-10k,prefill,10k,0,1,16,0,TensorMove,"256,6144",178,9.94,12.46,12.36,19.00
dp1_pp0_tp0_dcp0_ep16_rank0_prefill-10k,prefill,10k,0,1,16,0,TensorMove,"4096,1,1,64",12,4.28,6.45,5.24,9.78
dp1_pp0_tp0_dcp0_ep16_rank0_prefill-10k,prefill,10k,0,1,16,0,TensorMove,"4096,6144",2,69.16,69.88,69.88,70.60
dp1_pp0_tp0_dcp0_ep16_rank0_prefill-10k,prefill,10k,0,1,16,0,Transpose,"114,16,1024;3",80,11.20,14.40,14.35,16.78
dp1_pp0_tp0_dcp0_ep16_rank0_prefill-10k,prefill,10k,0,1,16,0,Transpose,"16,1365,9680;3",8,635.14,638.78,638.94,642.25
dp1_pp0_tp0_dcp0_ep16_rank0_prefill-10k,prefill,10k,0,1,16,0,Transpose,"256,16,1024;3",160,14.22,16.13,15.89,19.84
dp1_pp0_tp0_dcp0_ep16_rank0_prefill-10k,prefill,10k,0,1,16,0,Transpose,"64,114,512;3",80,12.00,13.46,13.33,17.38
dp1_pp0_tp0_dcp0_ep16_rank0_prefill-10k,prefill,10k,0,1,16,0,Transpose,"64,256,512;3",160,15.28,21.45,21.28,36.92
dp1_pp0_tp0_dcp0_ep16_rank0_prefill-10k,prefill,10k,0,1,16,0,ZerosLike,"2,1",3,1.78,2.00,1.94,2.26
dp1_pp0_tp0_dcp0_ep16_rank0_prefill-10k,prefill,10k,0,1,16,0,ZerosLike,"2,1365",4,3.28,3.49,3.49,3.70
dp1_pp0_tp0_dcp0_ep16_rank0_prefill-10k,prefill,10k,0,1,16,0,_triton_rope_siso,"114,1,128;114,64;114,64",80,9.34,10.21,9.85,14.86
dp1_pp0_tp0_dcp0_ep16_rank0_prefill-10k,prefill,10k,0,1,16,0,_triton_rope_siso,"114,32,128;114,64;114,64",80,13.86,14.29,14.08,18.52
dp1_pp0_tp0_dcp0_ep16_rank0_prefill-10k,prefill,10k,0,1,16,0,_triton_rope_siso,"256,1,128;256,64;256,64",160,9.76,10.45,10.30,14.50
dp1_pp0_tp0_dcp0_ep16_rank0_prefill-10k,prefill,10k,0,1,16,0,_triton_rope_siso,"256,32,128;256,64;256,64",160,20.10,22.39,22.13,27.22
dp1_pp0_tp0_dcp0_ep16_rank0_prefill-10k,prefill,10k,0,1,16,0,allgatherAicpuKernel,N/A,50,233.82,337.98,286.26,670.63
dp1_pp0_tp0_dcp0_ep16_rank0_prefill-10k,prefill,10k,0,1,16,0,batch_matmul_transpose,N/A,240,25.36,42.08,39.62,63.82
dp1_pp0_tp0_dcp0_ep16_rank0_prefill-10k,prefill,10k,0,1,16,0,broadcastAicpuKernel,N/A,546,505.17,2713.26,4088.07,11470.35
dp1_pp0_tp0_dcp0_ep16_rank0_prefill-10k,prefill,10k,0,1,16,0,hcom_allGather_,N/A,604,9.92,411.77,86.01,8764.38
dp1_pp0_tp0_dcp0_ep16_rank0_prefill-10k,prefill,10k,0,1,16,0,hcom_alltoall_,N/A,480,102.46,671.02,835.07,6762.61
dp1_pp0_tp0_dcp0_ep16_rank0_prefill-10k,prefill,10k,0,1,16,0,hcom_alltoallv_,N/A,84,51.72,507.91,294.06,3557.27
dp1_pp0_tp0_dcp0_ep16_rank0_prefill-10k,prefill,10k,0,1,16,0,hcom_broadcast_,N/A,546,490.87,879.49,856.54,4647.97
dp1_pp0_tp0_dcp0_ep16_rank0_prefill-10k,prefill,10k,0,1,16,0,hcom_reduceScatter_,N/A,324,10.90,394.89,393.60,4516.87
dp1_pp0_tp0_dcp0_ep16_rank0_prefill-10k,prefill,10k,0,1,16,0,reduce_scatterAicpuKernel,N/A,296,198.40,243.21,232.06,2412.27
dp1_pp0_tp0_dcp0_ep16_rank0_prefill-20k,prefill,20k,0,1,16,0,Add,"1,154880;",5,6.88,9.30,8.00,13.96
dp1_pp0_tp0_dcp0_ep16_rank0_prefill-20k,prefill,20k,0,1,16,0,Add,1365;,4,1.52,1.59,1.58,1.68
dp1_pp0_tp0_dcp0_ep16_rank0_prefill-20k,prefill,20k,0,1,16,0,Add,1;,15,1.38,1.49,1.48,1.66
dp1_pp0_tp0_dcp0_ep16_rank0_prefill-20k,prefill,20k,0,1,16,0,Add,1;1,5,1.42,1.64,1.62,1.96
dp1_pp0_tp0_dcp0_ep16_rank0_prefill-20k,prefill,20k,0,1,16,0,Add,"256,6144;256,6144",711,6.84,11.20,11.16,17.06
dp1_pp0_tp0_dcp0_ep16_rank0_prefill-20k,prefill,20k,0,1,16,0,AddRmsNormBias,"256,6144;256,6144;6144;6144",1422,17.44,21.84,21.88,29.70
dp1_pp0_tp0_dcp0_ep16_rank0_prefill-20k,prefill,20k,0,1,16,0,ApplyTopKTopPCustom,"1,154880;1,154880;1;",5,263.06,611.19,835.66,852.27
dp1_pp0_tp0_dcp0_ep16_rank0_prefill-20k,prefill,20k,0,1,16,0,ArgMaxV2,"1,154880;",15,18.96,19.71,19.84,20.28
dp1_pp0_tp0_dcp0_ep16_rank0_prefill-20k,prefill,20k,0,1,16,0,ArgMaxV2,"1365,154880;",8,723.28,726.10,726.47,728.35
dp1_pp0_tp0_dcp0_ep16_rank0_prefill-20k,prefill,20k,0,1,16,0,AsStrided,4194304;3;3;1,400,14.68,16.20,15.92,21.58
dp1_pp0_tp0_dcp0_ep16_rank0_prefill-20k,prefill,20k,0,1,16,0,AscendQuantV2,"256,2048;2048;2048",800,11.44,14.47,14.43,20.30
dp1_pp0_tp0_dcp0_ep16_rank0_prefill-20k,prefill,20k,0,1,16,0,AscendQuantV2,"256,6144;6144;6144",400,15.28,17.22,17.28,22.60
dp1_pp0_tp0_dcp0_ep16_rank0_prefill-20k,prefill,20k,0,1,16,0,AscendQuantV2,"4096,1024;1024;1024",400,27.42,28.54,28.30,34.84
dp1_pp0_tp0_dcp0_ep16_rank0_prefill-20k,prefill,20k,0,1,16,0,BatchMatMulV2,"64,256,192;64,192,512",400,28.58,36.18,35.94,45.56
dp1_pp0_tp0_dcp0_ep16_rank0_prefill-20k,prefill,20k,0,1,16,0,BroadcastTo,1;1,23,1.48,1.64,1.60,2.08
dp1_pp0_tp0_dcp0_ep16_rank0_prefill-20k,prefill,20k,0,1,16,0,BroadcastTo,;1,5,1.22,1.30,1.32,1.38
dp1_pp0_tp0_dcp0_ep16_rank0_prefill-20k,prefill,20k,0,1,16,0,Cast,1,78,1.10,1.47,1.43,2.86
dp1_pp0_tp0_dcp0_ep16_rank0_prefill-20k,prefill,20k,0,1,16,0,Cast,"1,1",15,1.12,1.43,1.36,1.76
dp1_pp0_tp0_dcp0_ep16_rank0_prefill-20k,prefill,20k,0,1,16,0,Cast,"1,154880",5,7.34,7.47,7.52,7.54
dp1_pp0_tp0_dcp0_ep16_rank0_prefill-20k,prefill,20k,0,1,16,0,Cast,1365,16,1.60,1.82,1.76,2.14
dp1_pp0_tp0_dcp0_ep16_rank0_prefill-20k,prefill,20k,0,1,16,0,Cast,256,418,1.16,1.47,1.46,1.88
dp1_pp0_tp0_dcp0_ep16_rank0_prefill-20k,prefill,20k,0,1,16,0,Cast,"256,128",800,5.14,5.80,5.82,8.90
dp1_pp0_tp0_dcp0_ep16_rank0_prefill-20k,prefill,20k,0,1,16,0,Cast,"256,8",675,1.24,1.66,1.50,5.04
dp1_pp0_tp0_dcp0_ep16_rank0_prefill-20k,prefill,20k,0,1,16,0,Cast,"32,8",54,1.14,1.28,1.26,1.56
dp1_pp0_tp0_dcp0_ep16_rank0_prefill-20k,prefill,20k,0,1,16,0,Cast,3621,1,2.28,2.28,2.28,2.28
dp1_pp0_tp0_dcp0_ep16_rank0_prefill-20k,prefill,20k,0,1,16,0,Cast,4096,139,1.36,2.25,2.28,4.08
dp1_pp0_tp0_dcp0_ep16_rank0_prefill-20k,prefill,20k,0,1,16,0,Cast,512,18,1.34,1.69,1.66,2.86
dp1_pp0_tp0_dcp0_ep16_rank0_prefill-20k,prefill,20k,0,1,16,0,ClipByValueV2,1;;,5,4.60,4.91,4.76,5.30
dp1_pp0_tp0_dcp0_ep16_rank0_prefill-20k,prefill,20k,0,1,16,0,ConcatD,"256,6144;256,6144",18,9.74,10.10,10.13,10.34
dp1_pp0_tp0_dcp0_ep16_rank0_prefill-20k,prefill,20k,0,1,16,0,ConcatD,"256,64;256,512;256,128",400,4.30,4.88,4.88,5.38
dp1_pp0_tp0_dcp0_ep16_rank0_prefill-20k,prefill,20k,0,1,16,0,Cumsum,8;1,18,48.80,67.45,65.51,103.10
dp1_pp0_tp0_dcp0_ep16_rank0_prefill-20k,prefill,20k,0,1,16,0,DSARandomUniform,N/A,5,15.58,15.96,15.78,16.84
dp1_pp0_tp0_dcp0_ep16_rank0_prefill-20k,prefill,20k,0,1,16,0,DispatchFFNCombine,"256,6144;8,6144,4096;8,2048,6144;256,8;32768;49152;256,8",675,1151.12,3376.97,3149.14,22540.99
dp1_pp0_tp0_dcp0_ep16_rank0_prefill-20k,prefill,20k,0,1,16,0,DynamicQuant,"2048,6144",18,51.14,51.91,51.84,52.76
dp1_pp0_tp0_dcp0_ep16_rank0_prefill-20k,prefill,20k,0,1,16,0,DynamicQuant,"256,2048",693,12.52,20.46,20.28,26.60
dp1_pp0_tp0_dcp0_ep16_rank0_prefill-20k,prefill,20k,0,1,16,0,DynamicQuant,"256,6144",693,20.32,42.43,42.28,136.82
dp1_pp0_tp0_dcp0_ep16_rank0_prefill-20k,prefill,20k,0,1,16,0,DynamicQuant,"4096,6144",27,78.72,87.60,86.36,110.20
dp1_pp0_tp0_dcp0_ep16_rank0_prefill-20k,prefill,20k,0,1,16,0,DynamicQuant,"4096,768",27,33.62,35.68,35.52,40.88
dp1_pp0_tp0_dcp0_ep16_rank0_prefill-20k,prefill,20k,0,1,16,0,Equal,"256,1;",18,1.68,1.93,1.92,2.26
dp1_pp0_tp0_dcp0_ep16_rank0_prefill-20k,prefill,20k,0,1,16,0,Fill,1;,114,1.12,1.57,1.52,3.24
dp1_pp0_tp0_dcp0_ep16_rank0_prefill-20k,prefill,20k,0,1,16,0,Fill,2;,320,9.98,10.90,10.46,22.26
dp1_pp0_tp0_dcp0_ep16_rank0_prefill-20k,prefill,20k,0,1,16,0,FloorDiv,1;,5,95.60,109.17,96.70,136.54
dp1_pp0_tp0_dcp0_ep16_rank0_prefill-20k,prefill,20k,0,1,16,0,FloorMod,1;1,5,2.46,2.64,2.52,3.12
dp1_pp0_tp0_dcp0_ep16_rank0_prefill-20k,prefill,20k,0,1,16,0,GatherElementsV2,"1,1584;1,1",5,3.72,3.94,3.84,4.40
dp1_pp0_tp0_dcp0_ep16_rank0_prefill-20k,prefill,20k,0,1,16,0,GatherElementsV2,"1,1;1,1",5,4.10,4.22,4.26,4.32
dp1_pp0_tp0_dcp0_ep16_rank0_prefill-20k,prefill,20k,0,1,16,0,GatherV2,"9680,6144;4096;1",27,112.62,149.11,161.26,168.06
dp1_pp0_tp0_dcp0_ep16_rank0_prefill-20k,prefill,20k,0,1,16,0,GreaterEqual,"1,154880;",5,7.14,8.53,7.84,11.20
dp1_pp0_tp0_dcp0_ep16_rank0_prefill-20k,prefill,20k,0,1,16,0,GreaterEqual,1365;,4,3.40,3.63,3.65,3.82
dp1_pp0_tp0_dcp0_ep16_rank0_prefill-20k,prefill,20k,0,1,16,0,GreaterEqual,1;,10,2.88,3.13,3.13,3.32
dp1_pp0_tp0_dcp0_ep16_rank0_prefill-20k,prefill,20k,0,1,16,0,GreaterEqual,4096;,27,3.82,4.55,4.50,6.06
dp1_pp0_tp0_dcp0_ep16_rank0_prefill-20k,prefill,20k,0,1,16,0,GroupedMatmul,"1977,2048;8,2048,6144;;8,6144;;;;8;1977",1,170.82,170.82,170.82,170.82
dp1_pp0_tp0_dcp0_ep16_rank0_prefill-20k,prefill,20k,0,1,16,0,GroupedMatmul,"2022,2048;8,2048,6144;;8,6144;;;;8;2022",1,163.12,163.12,163.12,163.12
dp1_pp0_tp0_dcp0_ep16_rank0_prefill-20k,prefill,20k,0,1,16,0,GroupedMatmul,"2091,2048;8,2048,6144;;8,6144;;;;8;2091",1,162.44,162.44,162.44,162.44
dp1_pp0_tp0_dcp0_ep16_rank0_prefill-20k,prefill,20k,0,1,16,0,GroupedMatmul,"2095,2048;8,2048,6144;;8,6144;;;;8;2095",1,162.40,162.40,162.40,162.40
dp1_pp0_tp0_dcp0_ep16_rank0_prefill-20k,prefill,20k,0,1,16,0,GroupedMatmul,"2125,2048;8,2048,6144;;8,6144;;;;8;2125",1,167.58,167.58,167.58,167.58
dp1_pp0_tp0_dcp0_ep16_rank0_prefill-20k,prefill,20k,0,1,16,0,GroupedMatmul,"2135,2048;8,2048,6144;;8,6144;;;;8;2135",1,167.86,167.86,167.86,167.86
dp1_pp0_tp0_dcp0_ep16_rank0_prefill-20k,prefill,20k,0,1,16,0,GroupedMatmul,"2145,2048;8,2048,6144;;8,6144;;;;8;2145",1,167.08,167.08,167.08,167.08
dp1_pp0_tp0_dcp0_ep16_rank0_prefill-20k,prefill,20k,0,1,16,0,GroupedMatmul,"2161,2048;8,2048,6144;;8,6144;;;;8;2161",1,164.66,164.66,164.66,164.66
dp1_pp0_tp0_dcp0_ep16_rank0_prefill-20k,prefill,20k,0,1,16,0,GroupedMatmul,"2182,2048;8,2048,6144;;8,6144;;;;8;2182",1,163.66,163.66,163.66,163.66
dp1_pp0_tp0_dcp0_ep16_rank0_prefill-20k,prefill,20k,0,1,16,0,GroupedMatmul,"2201,2048;8,2048,6144;;8,6144;;;;8;2201",2,150.92,155.82,155.82,160.72
dp1_pp0_tp0_dcp0_ep16_rank0_prefill-20k,prefill,20k,0,1,16,0,GroupedMatmul,"2565,2048;8,2048,6144;;8,6144;;;;8;2565",1,170.96,170.96,170.96,170.96
dp1_pp0_tp0_dcp0_ep16_rank0_prefill-20k,prefill,20k,0,1,16,0,GroupedMatmul,"3524,2048;8,2048,6144;;8,6144;;;;8;3524",1,217.26,217.26,217.26,217.26
dp1_pp0_tp0_dcp0_ep16_rank0_prefill-20k,prefill,20k,0,1,16,0,GroupedMatmul,"3552,2048;8,2048,6144;;8,6144;;;;8;3552",1,211.94,211.94,211.94,211.94
dp1_pp0_tp0_dcp0_ep16_rank0_prefill-20k,prefill,20k,0,1,16,0,GroupedMatmul,"3553,2048;8,2048,6144;;8,6144;;;;8;3553",1,206.36,206.36,206.36,206.36
dp1_pp0_tp0_dcp0_ep16_rank0_prefill-20k,prefill,20k,0,1,16,0,GroupedMatmul,"3586,2048;8,2048,6144;;8,6144;;;;8;3586",1,208.88,208.88,208.88,208.88
dp1_pp0_tp0_dcp0_ep16_rank0_prefill-20k,prefill,20k,0,1,16,0,GroupedMatmul,"3607,2048;8,2048,6144;;8,6144;;;;8;3607",1,209.23,209.23,209.23,209.23
dp1_pp0_tp0_dcp0_ep16_rank0_prefill-20k,prefill,20k,0,1,16,0,GroupedMatmul,"3640,2048;8,2048,6144;;8,6144;;;;8;3640",1,212.94,212.94,212.94,212.94
dp1_pp0_tp0_dcp0_ep16_rank0_prefill-20k,prefill,20k,0,1,16,0,GroupedMatmulSwigluQuant,"1977,6144;8,128,384,16,32;8,4096;1977;8",1,442.39,442.39,442.39,442.39
dp1_pp0_tp0_dcp0_ep16_rank0_prefill-20k,prefill,20k,0,1,16,0,GroupedMatmulSwigluQuant,"2022,6144;8,128,384,16,32;8,4096;2022;8",1,397.45,397.45,397.45,397.45
dp1_pp0_tp0_dcp0_ep16_rank0_prefill-20k,prefill,20k,0,1,16,0,GroupedMatmulSwigluQuant,"2091,6144;8,128,384,16,32;8,4096;2091;8",1,397.89,397.89,397.89,397.89
dp1_pp0_tp0_dcp0_ep16_rank0_prefill-20k,prefill,20k,0,1,16,0,GroupedMatmulSwigluQuant,"2095,6144;8,128,384,16,32;8,4096;2095;8",1,397.39,397.39,397.39,397.39
dp1_pp0_tp0_dcp0_ep16_rank0_prefill-20k,prefill,20k,0,1,16,0,GroupedMatmulSwigluQuant,"2125,6144;8,128,384,16,32;8,4096;2125;8",1,421.85,421.85,421.85,421.85
dp1_pp0_tp0_dcp0_ep16_rank0_prefill-20k,prefill,20k,0,1,16,0,GroupedMatmulSwigluQuant,"2135,6144;8,128,384,16,32;8,4096;2135;8",1,423.41,423.41,423.41,423.41
dp1_pp0_tp0_dcp0_ep16_rank0_prefill-20k,prefill,20k,0,1,16,0,GroupedMatmulSwigluQuant,"2145,6144;8,128,384,16,32;8,4096;2145;8",1,436.63,436.63,436.63,436.63
dp1_pp0_tp0_dcp0_ep16_rank0_prefill-20k,prefill,20k,0,1,16,0,GroupedMatmulSwigluQuant,"2161,6144;8,128,384,16,32;8,4096;2161;8",1,427.25,427.25,427.25,427.25
dp1_pp0_tp0_dcp0_ep16_rank0_prefill-20k,prefill,20k,0,1,16,0,GroupedMatmulSwigluQuant,"2182,6144;8,128,384,16,32;8,4096;2182;8",1,385.65,385.65,385.65,385.65
dp1_pp0_tp0_dcp0_ep16_rank0_prefill-20k,prefill,20k,0,1,16,0,GroupedMatmulSwigluQuant,"2201,6144;8,128,384,16,32;8,4096;2201;8",2,397.39,405.73,405.73,414.07
dp1_pp0_tp0_dcp0_ep16_rank0_prefill-20k,prefill,20k,0,1,16,0,GroupedMatmulSwigluQuant,"2565,6144;8,128,384,16,32;8,4096;2565;8",1,516.55,516.55,516.55,516.55
dp1_pp0_tp0_dcp0_ep16_rank0_prefill-20k,prefill,20k,0,1,16,0,GroupedMatmulSwigluQuant,"3524,6144;8,128,384,16,32;8,4096;3524;8",1,536.21,536.21,536.21,536.21
dp1_pp0_tp0_dcp0_ep16_rank0_prefill-20k,prefill,20k,0,1,16,0,GroupedMatmulSwigluQuant,"3552,6144;8,128,384,16,32;8,4096;3552;8",1,525.97,525.97,525.97,525.97
dp1_pp0_tp0_dcp0_ep16_rank0_prefill-20k,prefill,20k,0,1,16,0,GroupedMatmulSwigluQuant,"3553,6144;8,128,384,16,32;8,4096;3553;8",1,522.95,522.95,522.95,522.95
dp1_pp0_tp0_dcp0_ep16_rank0_prefill-20k,prefill,20k,0,1,16,0,GroupedMatmulSwigluQuant,"3586,6144;8,128,384,16,32;8,4096;3586;8",1,573.95,573.95,573.95,573.95
dp1_pp0_tp0_dcp0_ep16_rank0_prefill-20k,prefill,20k,0,1,16,0,GroupedMatmulSwigluQuant,"3607,6144;8,128,384,16,32;8,4096;3607;8",1,552.19,552.19,552.19,552.19
dp1_pp0_tp0_dcp0_ep16_rank0_prefill-20k,prefill,20k,0,1,16,0,GroupedMatmulSwigluQuant,"3640,6144;8,128,384,16,32;8,4096;3640;8",1,549.73,549.73,549.73,549.73
dp1_pp0_tp0_dcp0_ep16_rank0_prefill-20k,prefill,20k,0,1,16,0,HistogramV2,"256,8;;",18,19.32,19.94,19.86,20.66
dp1_pp0_tp0_dcp0_ep16_rank0_prefill-20k,prefill,20k,0,1,16,0,Index,"202752,64;1;2;4096",30,39.46,41.63,41.48,44.58
dp1_pp0_tp0_dcp0_ep16_rank0_prefill-20k,prefill,20k,0,1,16,0,Index,"4096,6144;1;2;1",20,8.82,10.02,9.92,14.56
dp1_pp0_tp0_dcp0_ep16_rank0_prefill-20k,prefill,20k,0,1,16,0,Index,"4096,6144;1;2;1365",12,38.76,58.08,64.85,69.94
dp1_pp0_tp0_dcp0_ep16_rank0_prefill-20k,prefill,20k,0,1,16,0,Index,4096;1;1;1,10,8.32,8.77,8.62,9.64
dp1_pp0_tp0_dcp0_ep16_rank0_prefill-20k,prefill,20k,0,1,16,0,Index,4096;1;1;1365,4,12.86,13.16,13.18,13.40
dp1_pp0_tp0_dcp0_ep16_rank0_prefill-20k,prefill,20k,0,1,16,0,IndexFill,"1,1;1;",4,31.00,31.91,31.95,32.72
dp1_pp0_tp0_dcp0_ep16_rank0_prefill-20k,prefill,20k,0,1,16,0,IndexFill,"1,1;;",1,32.00,32.00,32.00,32.00
dp1_pp0_tp0_dcp0_ep16_rank0_prefill-20k,prefill,20k,0,1,16,0,IndexPutV2,4096;1;1;1;1,5,8.64,8.80,8.72,9.16
dp1_pp0_tp0_dcp0_ep16_rank0_prefill-20k,prefill,20k,0,1,16,0,InterleaveRope,"256,64,1,64;256,1,1,64;256,1,1,64",400,21.84,23.24,23.18,26.92
dp1_pp0_tp0_dcp0_ep16_rank0_prefill-20k,prefill,20k,0,1,16,0,KvRmsNormRopeCache,"256,1,1,576;512;256,1,1,64;256,1,1,64;256;1681,128,1,64;1681,128,1,512;;;;;",400,13.60,15.32,14.85,27.82
dp1_pp0_tp0_dcp0_ep16_rank0_prefill-20k,prefill,20k,0,1,16,0,LayerNormV3,"256,128;128;128",400,17.44,22.13,22.08,28.20
dp1_pp0_tp0_dcp0_ep16_rank0_prefill-20k,prefill,20k,0,1,16,0,Less,"1,1;",5,3.22,3.37,3.26,3.72
dp1_pp0_tp0_dcp0_ep16_rank0_prefill-20k,prefill,20k,0,1,16,0,Less,4096;,27,4.00,4.34,4.28,5.62
dp1_pp0_tp0_dcp0_ep16_rank0_prefill-20k,prefill,20k,0,1,16,0,LightningIndexer,"256,32,128;1681,128,1,128;256,32;1;1;1,1584",400,26.26,246.01,257.23,445.93
dp1_pp0_tp0_dcp0_ep16_rank0_prefill-20k,prefill,20k,0,1,16,0,Log,"1,154880",5,5.36,6.78,6.84,8.18
dp1_pp0_tp0_dcp0_ep16_rank0_prefill-20k,prefill,20k,0,1,16,0,LogicalAnd,"1,1;1,1",5,1.54,1.74,1.62,2.22
dp1_pp0_tp0_dcp0_ep16_rank0_prefill-20k,prefill,20k,0,1,16,0,LogicalAnd,4096;4096,27,1.52,1.88,1.84,3.10
dp1_pp0_tp0_dcp0_ep16_rank0_prefill-20k,prefill,20k,0,1,16,0,LogicalNot,4096,27,1.48,1.61,1.58,1.96
dp1_pp0_tp0_dcp0_ep16_rank0_prefill-20k,prefill,20k,0,1,16,0,MaskedFill,"1,154880;1,154880;",5,8.98,14.44,14.54,19.98
dp1_pp0_tp0_dcp0_ep16_rank0_prefill-20k,prefill,20k,0,1,16,0,MaskedFill,1;1;,10,1.88,2.09,2.09,2.40
dp1_pp0_tp0_dcp0_ep16_rank0_prefill-20k,prefill,20k,0,1,16,0,MaskedFill,"4096,6144;4096,1;",27,141.90,166.94,168.20,192.56
dp1_pp0_tp0_dcp0_ep16_rank0_prefill-20k,prefill,20k,0,1,16,0,MatMulV2,"1,6144;9680,6144",15,157.74,179.21,178.70,202.38
dp1_pp0_tp0_dcp0_ep16_rank0_prefill-20k,prefill,20k,0,1,16,0,MatMulV2,"256,12288;6144,12288",18,259.20,273.27,274.86,285.31
dp1_pp0_tp0_dcp0_ep16_rank0_prefill-20k,prefill,20k,0,1,16,0,MatMulV2,"256,6144;128,6144",400,11.72,14.74,14.80,15.72
dp1_pp0_tp0_dcp0_ep16_rank0_prefill-20k,prefill,20k,0,1,16,0,MatMulV2,"256,6144;256,6144",693,15.82,22.05,20.20,31.02
dp1_pp0_tp0_dcp0_ep16_rank0_prefill-20k,prefill,20k,0,1,16,0,MatMulV2,"256,6144;32,6144",400,9.82,12.62,12.58,20.56
dp1_pp0_tp0_dcp0_ep16_rank0_prefill-20k,prefill,20k,0,1,16,0,MatMulV2,"256,6144;6144,6144",18,112.80,122.66,122.13,134.86
dp1_pp0_tp0_dcp0_ep16_rank0_prefill-20k,prefill,20k,0,1,16,0,MatMulV3,"1365,6144;9680,6144",8,630.58,664.19,667.12,677.50
dp1_pp0_tp0_dcp0_ep16_rank0_prefill-20k,prefill,20k,0,1,16,0,MemSet,N/A,18,13.86,13.98,13.92,14.28
dp1_pp0_tp0_dcp0_ep16_rank0_prefill-20k,prefill,20k,0,1,16,0,MoeGatingTopK,"256,256;256",693,20.32,23.82,23.38,29.96
dp1_pp0_tp0_dcp0_ep16_rank0_prefill-20k,prefill,20k,0,1,16,0,MoeTokenPermute,"1977,1;1977",1,28.86,28.86,28.86,28.86
dp1_pp0_tp0_dcp0_ep16_rank0_prefill-20k,prefill,20k,0,1,16,0,MoeTokenPermute,"1977,6144;1977",1,33.54,33.54,33.54,33.54
dp1_pp0_tp0_dcp0_ep16_rank0_prefill-20k,prefill,20k,0,1,16,0,MoeTokenPermute,"2022,1;2022",1,32.66,32.66,32.66,32.66
dp1_pp0_tp0_dcp0_ep16_rank0_prefill-20k,prefill,20k,0,1,16,0,MoeTokenPermute,"2022,6144;2022",1,34.36,34.36,34.36,34.36
dp1_pp0_tp0_dcp0_ep16_rank0_prefill-20k,prefill,20k,0,1,16,0,MoeTokenPermute,"2091,1;2091",1,27.24,27.24,27.24,27.24
dp1_pp0_tp0_dcp0_ep16_rank0_prefill-20k,prefill,20k,0,1,16,0,MoeTokenPermute,"2091,6144;2091",1,34.92,34.92,34.92,34.92
dp1_pp0_tp0_dcp0_ep16_rank0_prefill-20k,prefill,20k,0,1,16,0,MoeTokenPermute,"2095,1;2095",1,28.06,28.06,28.06,28.06
dp1_pp0_tp0_dcp0_ep16_rank0_prefill-20k,prefill,20k,0,1,16,0,MoeTokenPermute,"2095,6144;2095",1,36.50,36.50,36.50,36.50
dp1_pp0_tp0_dcp0_ep16_rank0_prefill-20k,prefill,20k,0,1,16,0,MoeTokenPermute,"2125,1;2125",1,28.86,28.86,28.86,28.86
dp1_pp0_tp0_dcp0_ep16_rank0_prefill-20k,prefill,20k,0,1,16,0,MoeTokenPermute,"2125,6144;2125",1,33.38,33.38,33.38,33.38
dp1_pp0_tp0_dcp0_ep16_rank0_prefill-20k,prefill,20k,0,1,16,0,MoeTokenPermute,"2135,1;2135",1,28.32,28.32,28.32,28.32
dp1_pp0_tp0_dcp0_ep16_rank0_prefill-20k,prefill,20k,0,1,16,0,MoeTokenPermute,"2135,6144;2135",1,33.38,33.38,33.38,33.38
dp1_pp0_tp0_dcp0_ep16_rank0_prefill-20k,prefill,20k,0,1,16,0,MoeTokenPermute,"2145,1;2145",1,30.44,30.44,30.44,30.44
dp1_pp0_tp0_dcp0_ep16_rank0_prefill-20k,prefill,20k,0,1,16,0,MoeTokenPermute,"2145,6144;2145",1,32.18,32.18,32.18,32.18
dp1_pp0_tp0_dcp0_ep16_rank0_prefill-20k,prefill,20k,0,1,16,0,MoeTokenPermute,"2161,1;2161",1,27.78,27.78,27.78,27.78
dp1_pp0_tp0_dcp0_ep16_rank0_prefill-20k,prefill,20k,0,1,16,0,MoeTokenPermute,"2161,6144;2161",1,36.26,36.26,36.26,36.26
dp1_pp0_tp0_dcp0_ep16_rank0_prefill-20k,prefill,20k,0,1,16,0,MoeTokenPermute,"2182,1;2182",1,29.20,29.20,29.20,29.20
dp1_pp0_tp0_dcp0_ep16_rank0_prefill-20k,prefill,20k,0,1,16,0,MoeTokenPermute,"2182,6144;2182",1,32.70,32.70,32.70,32.70
dp1_pp0_tp0_dcp0_ep16_rank0_prefill-20k,prefill,20k,0,1,16,0,MoeTokenPermute,"2201,1;2201",2,29.28,31.11,31.11,32.94
dp1_pp0_tp0_dcp0_ep16_rank0_prefill-20k,prefill,20k,0,1,16,0,MoeTokenPermute,"2201,6144;2201",2,31.18,33.72,33.72,36.26
dp1_pp0_tp0_dcp0_ep16_rank0_prefill-20k,prefill,20k,0,1,16,0,MoeTokenPermute,"256,6144;256,8",18,31.00,33.58,33.01,37.60
dp1_pp0_tp0_dcp0_ep16_rank0_prefill-20k,prefill,20k,0,1,16,0,MoeTokenPermute,"2565,1;2565",1,33.04,33.04,33.04,33.04
dp1_pp0_tp0_dcp0_ep16_rank0_prefill-20k,prefill,20k,0,1,16,0,MoeTokenPermute,"2565,6144;2565",1,33.94,33.94,33.94,33.94
dp1_pp0_tp0_dcp0_ep16_rank0_prefill-20k,prefill,20k,0,1,16,0,MoeTokenPermute,"3524,1;3524",1,33.92,33.92,33.92,33.92
dp1_pp0_tp0_dcp0_ep16_rank0_prefill-20k,prefill,20k,0,1,16,0,MoeTokenPermute,"3524,6144;3524",1,40.92,40.92,40.92,40.92
dp1_pp0_tp0_dcp0_ep16_rank0_prefill-20k,prefill,20k,0,1,16,0,MoeTokenPermute,"3552,1;3552",1,37.70,37.70,37.70,37.70
dp1_pp0_tp0_dcp0_ep16_rank0_prefill-20k,prefill,20k,0,1,16,0,MoeTokenPermute,"3552,6144;3552",1,43.24,43.24,43.24,43.24
dp1_pp0_tp0_dcp0_ep16_rank0_prefill-20k,prefill,20k,0,1,16,0,MoeTokenPermute,"3553,1;3553",1,39.72,39.72,39.72,39.72
dp1_pp0_tp0_dcp0_ep16_rank0_prefill-20k,prefill,20k,0,1,16,0,MoeTokenPermute,"3553,6144;3553",1,41.98,41.98,41.98,41.98
dp1_pp0_tp0_dcp0_ep16_rank0_prefill-20k,prefill,20k,0,1,16,0,MoeTokenPermute,"3586,1;3586",1,37.48,37.48,37.48,37.48
dp1_pp0_tp0_dcp0_ep16_rank0_prefill-20k,prefill,20k,0,1,16,0,MoeTokenPermute,"3586,6144;3586",1,43.34,43.34,43.34,43.34
dp1_pp0_tp0_dcp0_ep16_rank0_prefill-20k,prefill,20k,0,1,16,0,MoeTokenPermute,"3607,1;3607",1,38.16,38.16,38.16,38.16
dp1_pp0_tp0_dcp0_ep16_rank0_prefill-20k,prefill,20k,0,1,16,0,MoeTokenPermute,"3607,6144;3607",1,38.94,38.94,38.94,38.94
dp1_pp0_tp0_dcp0_ep16_rank0_prefill-20k,prefill,20k,0,1,16,0,MoeTokenPermute,"3640,1;3640",1,32.66,32.66,32.66,32.66
dp1_pp0_tp0_dcp0_ep16_rank0_prefill-20k,prefill,20k,0,1,16,0,MoeTokenPermute,"3640,6144;3640",1,38.70,38.70,38.70,38.70
dp1_pp0_tp0_dcp0_ep16_rank0_prefill-20k,prefill,20k,0,1,16,0,MoeTokenUnpermute,"1977,6144;1977;",1,24.26,24.26,24.26,24.26
dp1_pp0_tp0_dcp0_ep16_rank0_prefill-20k,prefill,20k,0,1,16,0,MoeTokenUnpermute,"2022,6144;2022;",1,33.86,33.86,33.86,33.86
dp1_pp0_tp0_dcp0_ep16_rank0_prefill-20k,prefill,20k,0,1,16,0,MoeTokenUnpermute,"2048,6144;2048;256,8",18,22.72,25.50,23.56,33.60
dp1_pp0_tp0_dcp0_ep16_rank0_prefill-20k,prefill,20k,0,1,16,0,MoeTokenUnpermute,"2091,6144;2091;",1,25.12,25.12,25.12,25.12
dp1_pp0_tp0_dcp0_ep16_rank0_prefill-20k,prefill,20k,0,1,16,0,MoeTokenUnpermute,"2095,6144;2095;",1,25.78,25.78,25.78,25.78
dp1_pp0_tp0_dcp0_ep16_rank0_prefill-20k,prefill,20k,0,1,16,0,MoeTokenUnpermute,"2125,6144;2125;",1,25.78,25.78,25.78,25.78
dp1_pp0_tp0_dcp0_ep16_rank0_prefill-20k,prefill,20k,0,1,16,0,MoeTokenUnpermute,"2135,6144;2135;",1,31.78,31.78,31.78,31.78
dp1_pp0_tp0_dcp0_ep16_rank0_prefill-20k,prefill,20k,0,1,16,0,MoeTokenUnpermute,"2145,6144;2145;",1,26.30,26.30,26.30,26.30
dp1_pp0_tp0_dcp0_ep16_rank0_prefill-20k,prefill,20k,0,1,16,0,MoeTokenUnpermute,"2161,6144;2161;",1,24.64,24.64,24.64,24.64
dp1_pp0_tp0_dcp0_ep16_rank0_prefill-20k,prefill,20k,0,1,16,0,MoeTokenUnpermute,"2182,6144;2182;",1,25.28,25.28,25.28,25.28
dp1_pp0_tp0_dcp0_ep16_rank0_prefill-20k,prefill,20k,0,1,16,0,MoeTokenUnpermute,"2201,6144;2201;",2,26.46,26.74,26.74,27.02
dp1_pp0_tp0_dcp0_ep16_rank0_prefill-20k,prefill,20k,0,1,16,0,MoeTokenUnpermute,"2565,6144;2565;",1,27.34,27.34,27.34,27.34
dp1_pp0_tp0_dcp0_ep16_rank0_prefill-20k,prefill,20k,0,1,16,0,MoeTokenUnpermute,"3524,6144;3524;",1,51.76,51.76,51.76,51.76
dp1_pp0_tp0_dcp0_ep16_rank0_prefill-20k,prefill,20k,0,1,16,0,MoeTokenUnpermute,"3552,6144;3552;",1,32.04,32.04,32.04,32.04
dp1_pp0_tp0_dcp0_ep16_rank0_prefill-20k,prefill,20k,0,1,16,0,MoeTokenUnpermute,"3553,6144;3553;",1,31.68,31.68,31.68,31.68
dp1_pp0_tp0_dcp0_ep16_rank0_prefill-20k,prefill,20k,0,1,16,0,MoeTokenUnpermute,"3586,6144;3586;",1,33.80,33.80,33.80,33.80
dp1_pp0_tp0_dcp0_ep16_rank0_prefill-20k,prefill,20k,0,1,16,0,MoeTokenUnpermute,"3607,6144;3607;",1,32.36,32.36,32.36,32.36
dp1_pp0_tp0_dcp0_ep16_rank0_prefill-20k,prefill,20k,0,1,16,0,MoeTokenUnpermute,"3640,6144;3640;",1,33.76,33.76,33.76,33.76
dp1_pp0_tp0_dcp0_ep16_rank0_prefill-20k,prefill,20k,0,1,16,0,Mul,"1,154880;",5,7.82,8.81,8.56,9.78
dp1_pp0_tp0_dcp0_ep16_rank0_prefill-20k,prefill,20k,0,1,16,0,Mul,1;,5,1.52,1.62,1.60,1.78
dp1_pp0_tp0_dcp0_ep16_rank0_prefill-20k,prefill,20k,0,1,16,0,Mul,4096;,27,5.78,5.99,5.98,6.48
dp1_pp0_tp0_dcp0_ep16_rank0_prefill-20k,prefill,20k,0,1,16,0,Mul,4096;4096,27,6.12,6.27,6.24,6.74
dp1_pp0_tp0_dcp0_ep16_rank0_prefill-20k,prefill,20k,0,1,16,0,Muls,"256,6144",693,7.92,8.34,8.38,21.18
dp1_pp0_tp0_dcp0_ep16_rank0_prefill-20k,prefill,20k,0,1,16,0,Neg,"1,154880",5,6.26,560.10,9.26,2756.38
dp1_pp0_tp0_dcp0_ep16_rank0_prefill-20k,prefill,20k,0,1,16,0,NotEqual,"1,1;",5,1.62,1.84,1.88,2.06
dp1_pp0_tp0_dcp0_ep16_rank0_prefill-20k,prefill,20k,0,1,16,0,NotEqual,1;,5,2.28,2.76,2.96,3.10
dp1_pp0_tp0_dcp0_ep16_rank0_prefill-20k,prefill,20k,0,1,16,0,QuantBatchMatmulV3,"256,2048;128,128,16,32;4096;4096",400,25.62,34.23,34.66,43.94
dp1_pp0_tp0_dcp0_ep16_rank0_prefill-20k,prefill,20k,0,1,16,0,QuantBatchMatmulV3,"256,2048;192,128,16,32;6144;256",693,31.46,39.47,38.16,258.28
dp1_pp0_tp0_dcp0_ep16_rank0_prefill-20k,prefill,20k,0,1,16,0,QuantBatchMatmulV3,"256,2048;512,128,16,32;16384;16384",400,55.26,86.57,86.38,108.34
dp1_pp0_tp0_dcp0_ep16_rank0_prefill-20k,prefill,20k,0,1,16,0,QuantBatchMatmulV3,"256,6144;128,384,16,32;4096;256",693,51.62,3307.37,3061.80,22557.27
dp1_pp0_tp0_dcp0_ep16_rank0_prefill-20k,prefill,20k,0,1,16,0,QuantBatchMatmulV3,"256,6144;82,384,16,32;2624;2624",400,32.76,35.18,35.06,38.20
dp1_pp0_tp0_dcp0_ep16_rank0_prefill-20k,prefill,20k,0,1,16,0,QuantBatchMatmulV3,"4096,1024;192,64,16,32;6144;6144",400,136.48,140.77,140.48,180.44
dp1_pp0_tp0_dcp0_ep16_rank0_prefill-20k,prefill,20k,0,1,16,0,QuantBatchMatmulV3,"4096,6144;48,384,16,32;1536;4096",27,142.82,152.32,146.98,179.84
dp1_pp0_tp0_dcp0_ep16_rank0_prefill-20k,prefill,20k,0,1,16,0,QuantBatchMatmulV3,"4096,768;192,48,16,32;6144;4096",27,142.38,148.64,147.30,165.24
dp1_pp0_tp0_dcp0_ep16_rank0_prefill-20k,prefill,20k,0,1,16,0,RealDiv,"1,154880;1,1",5,8.78,8.84,8.84,8.90
dp1_pp0_tp0_dcp0_ep16_rank0_prefill-20k,prefill,20k,0,1,16,0,RealDiv,"1,154880;1,154880",5,8.46,8.66,8.70,8.90
dp1_pp0_tp0_dcp0_ep16_rank0_prefill-20k,prefill,20k,0,1,16,0,ReduceSum,"1,1;1",5,1.64,1.80,1.70,2.06
dp1_pp0_tp0_dcp0_ep16_rank0_prefill-20k,prefill,20k,0,1,16,0,ReduceSum,256;1,18,2.96,3.04,3.02,3.32
dp1_pp0_tp0_dcp0_ep16_rank0_prefill-20k,prefill,20k,0,1,16,0,ReduceSum,"32,8;1",54,4.64,8.62,10.03,12.02
dp1_pp0_tp0_dcp0_ep16_rank0_prefill-20k,prefill,20k,0,1,16,0,RepeatInterleave,256;256,18,14.02,15.13,14.99,20.18
dp1_pp0_tp0_dcp0_ep16_rank0_prefill-20k,prefill,20k,0,1,16,0,ReshapeAndCacheNdKernel,"1,1,512;1,1,64;1681,128,1,512;1681,128,1,64;1",5,1.96,2.36,2.44,2.58
dp1_pp0_tp0_dcp0_ep16_rank0_prefill-20k,prefill,20k,0,1,16,0,ReshapeAndCacheNdKernel,"3621,1,512;3621,1,64;1681,128,1,512;1681,128,1,64;3621",79,27.42,29.63,29.64,33.60
dp1_pp0_tp0_dcp0_ep16_rank0_prefill-20k,prefill,20k,0,1,16,0,ReshapeAndCacheNdKernel,"4096,1,512;4096,1,64;1681,128,1,512;1681,128,1,64;4096",316,29.12,31.52,31.56,35.36
dp1_pp0_tp0_dcp0_ep16_rank0_prefill-20k,prefill,20k,0,1,16,0,RmsNorm,"1,6144;6144",10,4.22,4.42,4.42,4.74
dp1_pp0_tp0_dcp0_ep16_rank0_prefill-20k,prefill,20k,0,1,16,0,RmsNorm,"1365,6144;6144",8,39.84,40.78,40.90,41.60
dp1_pp0_tp0_dcp0_ep16_rank0_prefill-20k,prefill,20k,0,1,16,0,RmsNorm,"256,2048;2048",400,10.60,19.18,19.24,26.22
dp1_pp0_tp0_dcp0_ep16_rank0_prefill-20k,prefill,20k,0,1,16,0,RmsNorm,"256,6144;6144",63,10.26,15.58,11.74,22.90
dp1_pp0_tp0_dcp0_ep16_rank0_prefill-20k,prefill,20k,0,1,16,0,ScatterNdUpdate,"215168,128;4096,1;4096,128",400,99.14,119.38,120.29,136.22
dp1_pp0_tp0_dcp0_ep16_rank0_prefill-20k,prefill,20k,0,1,16,0,SelectV2,1365;;1365,4,2.96,3.04,3.04,3.12
dp1_pp0_tp0_dcp0_ep16_rank0_prefill-20k,prefill,20k,0,1,16,0,SelectV2,1;1;1,5,2.08,2.23,2.26,2.30
dp1_pp0_tp0_dcp0_ep16_rank0_prefill-20k,prefill,20k,0,1,16,0,SelectV2,1;;1,10,1.76,2.07,2.11,2.30
dp1_pp0_tp0_dcp0_ep16_rank0_prefill-20k,prefill,20k,0,1,16,0,SelectV2,"256,1;;256,6144",18,28.38,29.05,28.82,32.60
dp1_pp0_tp0_dcp0_ep16_rank0_prefill-20k,prefill,20k,0,1,16,0,Slice,"202752,128;2;2",30,24.56,37.75,25.90,87.52
dp1_pp0_tp0_dcp0_ep16_rank0_prefill-20k,prefill,20k,0,1,16,0,Slice,"256,2624;2;2",800,2.76,3.61,3.80,5.00
dp1_pp0_tp0_dcp0_ep16_rank0_prefill-20k,prefill,20k,0,1,16,0,Slice,"256,64,256;3;3",400,8.12,8.66,8.46,14.62
dp1_pp0_tp0_dcp0_ep16_rank0_prefill-20k,prefill,20k,0,1,16,0,Slice,"32,256;2;2",54,2.32,3.11,3.30,4.22
dp1_pp0_tp0_dcp0_ep16_rank0_prefill-20k,prefill,20k,0,1,16,0,Slice,"4096,704;2;2",1190,2.96,5.60,4.78,9.88
dp1_pp0_tp0_dcp0_ep16_rank0_prefill-20k,prefill,20k,0,1,16,0,SoftmaxV2,"1,154880",5,45.16,45.40,45.42,45.56
dp1_pp0_tp0_dcp0_ep16_rank0_prefill-20k,prefill,20k,0,1,16,0,Sort,"1,154880",5,231.40,233.32,232.52,236.94
dp1_pp0_tp0_dcp0_ep16_rank0_prefill-20k,prefill,20k,0,1,16,0,SparseFlashAttention,"256,64,512;1681,128,1,512;1681,128,1,512;256,1,2048;1,1584;1;1;256,64,64;1681,128,1,64",400,92.40,662.77,800.03,898.96
dp1_pp0_tp0_dcp0_ep16_rank0_prefill-20k,prefill,20k,0,1,16,0,Sub,1;,15,1.44,1.98,1.76,2.78
dp1_pp0_tp0_dcp0_ep16_rank0_prefill-20k,prefill,20k,0,1,16,0,Sub,4096;4096,27,3.02,3.47,3.48,3.88
dp1_pp0_tp0_dcp0_ep16_rank0_prefill-20k,prefill,20k,0,1,16,0,SwiGlu,"256,4096",693,14.78,17.04,16.62,41.58
dp1_pp0_tp0_dcp0_ep16_rank0_prefill-20k,prefill,20k,0,1,16,0,SwiGlu,"4096,1536",27,22.06,24.75,23.90,29.30
dp1_pp0_tp0_dcp0_ep16_rank0_prefill-20k,prefill,20k,0,1,16,0,TensorMove,"1365,6144",4,14.76,15.37,15.45,15.82
dp1_pp0_tp0_dcp0_ep16_rank0_prefill-20k,prefill,20k,0,1,16,0,TensorMove,"256,6144",427,7.94,10.93,10.92,16.10
dp1_pp0_tp0_dcp0_ep16_rank0_prefill-20k,prefill,20k,0,1,16,0,TensorMove,"3621,6144",1,57.74,57.74,57.74,57.74
dp1_pp0_tp0_dcp0_ep16_rank0_prefill-20k,prefill,20k,0,1,16,0,TensorMove,"4096,1,1,64",30,4.32,5.86,5.11,10.42
dp1_pp0_tp0_dcp0_ep16_rank0_prefill-20k,prefill,20k,0,1,16,0,TensorMove,"4096,6144",4,67.46,67.85,67.65,68.64
dp1_pp0_tp0_dcp0_ep16_rank0_prefill-20k,prefill,20k,0,1,16,0,Transpose,"16,1365,9680;3",8,635.81,638.63,638.18,642.07
dp1_pp0_tp0_dcp0_ep16_rank0_prefill-20k,prefill,20k,0,1,16,0,Transpose,"256,16,1024;3",400,14.18,16.18,15.94,20.26
dp1_pp0_tp0_dcp0_ep16_rank0_prefill-20k,prefill,20k,0,1,16,0,Transpose,"64,256,512;3",400,15.48,19.19,17.97,30.42
dp1_pp0_tp0_dcp0_ep16_rank0_prefill-20k,prefill,20k,0,1,16,0,ZerosLike,"2,1",5,1.68,1.88,1.84,2.06
dp1_pp0_tp0_dcp0_ep16_rank0_prefill-20k,prefill,20k,0,1,16,0,ZerosLike,"2,1365",4,3.32,3.47,3.42,3.74
dp1_pp0_tp0_dcp0_ep16_rank0_prefill-20k,prefill,20k,0,1,16,0,_triton_rope_siso,"256,1,128;256,64;256,64",400,9.74,10.40,10.26,14.90
dp1_pp0_tp0_dcp0_ep16_rank0_prefill-20k,prefill,20k,0,1,16,0,_triton_rope_siso,"256,32,128;256,64;256,64",400,19.82,22.26,22.14,33.14
dp1_pp0_tp0_dcp0_ep16_rank0_prefill-20k,prefill,20k,0,1,16,0,allgatherAicpuKernel,N/A,62,228.16,321.18,270.51,637.25
dp1_pp0_tp0_dcp0_ep16_rank0_prefill-20k,prefill,20k,0,1,16,0,batch_matmul_transpose,N/A,400,30.70,39.34,38.00,65.24
dp1_pp0_tp0_dcp0_ep16_rank0_prefill-20k,prefill,20k,0,1,16,0,broadcastAicpuKernel,N/A,702,495.55,3579.89,4503.52,14208.70
dp1_pp0_tp0_dcp0_ep16_rank0_prefill-20k,prefill,20k,0,1,16,0,hcom_allGather_,N/A,964,9.74,248.42,85.93,9233.48
dp1_pp0_tp0_dcp0_ep16_rank0_prefill-20k,prefill,20k,0,1,16,0,hcom_alltoall_,N/A,802,9.02,395.98,178.34,2403.23
dp1_pp0_tp0_dcp0_ep16_rank0_prefill-20k,prefill,20k,0,1,16,0,hcom_alltoallv_,N/A,108,44.08,539.59,332.81,4917.86
dp1_pp0_tp0_dcp0_ep16_rank0_prefill-20k,prefill,20k,0,1,16,0,hcom_broadcast_,N/A,702,489.67,828.59,754.14,12109.52
dp1_pp0_tp0_dcp0_ep16_rank0_prefill-20k,prefill,20k,0,1,16,0,hcom_reduceScatter_,N/A,508,10.88,441.55,397.15,10341.43
dp1_pp0_tp0_dcp0_ep16_rank0_prefill-20k,prefill,20k,0,1,16,0,reduce_scatterAicpuKernel,N/A,472,197.88,228.68,225.41,374.19
dp1_pp0_tp0_dcp0_ep16_rank0_prefill-2500,prefill,2500,0,1,16,0,Add,"256,6144;256,6144",237,6.72,11.80,11.70,17.72
dp1_pp0_tp0_dcp0_ep16_rank0_prefill-2500,prefill,2500,0,1,16,0,Add,"4,154880;",1,15.84,15.84,15.84,15.84
dp1_pp0_tp0_dcp0_ep16_rank0_prefill-2500,prefill,2500,0,1,16,0,Add,4;,3,1.52,1.59,1.62,1.64
dp1_pp0_tp0_dcp0_ep16_rank0_prefill-2500,prefill,2500,0,1,16,0,Add,4;4,1,1.48,1.48,1.48,1.48
dp1_pp0_tp0_dcp0_ep16_rank0_prefill-2500,prefill,2500,0,1,16,0,Add,"5,154880;",2,13.48,15.35,15.35,17.22
dp1_pp0_tp0_dcp0_ep16_rank0_prefill-2500,prefill,2500,0,1,16,0,Add,5;,6,1.48,1.62,1.55,1.90
dp1_pp0_tp0_dcp0_ep16_rank0_prefill-2500,prefill,2500,0,1,16,0,Add,5;5,2,1.64,1.73,1.73,1.82
dp1_pp0_tp0_dcp0_ep16_rank0_prefill-2500,prefill,2500,0,1,16,0,AddRmsNormBias,"256,6144;256,6144;6144;6144",474,20.44,22.60,22.48,27.38
dp1_pp0_tp0_dcp0_ep16_rank0_prefill-2500,prefill,2500,0,1,16,0,ApplyTopKTopPCustom,"4,154880;4,154880;4;",1,2487.85,2487.85,2487.85,2487.85
dp1_pp0_tp0_dcp0_ep16_rank0_prefill-2500,prefill,2500,0,1,16,0,ApplyTopKTopPCustom,"5,154880;5,154880;5;",2,3344.13,3348.13,3348.13,3352.13
dp1_pp0_tp0_dcp0_ep16_rank0_prefill-2500,prefill,2500,0,1,16,0,ArgMaxV2,"4,154880;",3,71.24,72.17,72.54,72.72
dp1_pp0_tp0_dcp0_ep16_rank0_prefill-2500,prefill,2500,0,1,16,0,ArgMaxV2,"5,154880;",6,88.66,89.39,89.53,90.02
dp1_pp0_tp0_dcp0_ep16_rank0_prefill-2500,prefill,2500,0,1,16,0,AsStrided,4194304;3;3;1,240,15.60,16.92,16.32,23.02
dp1_pp0_tp0_dcp0_ep16_rank0_prefill-2500,prefill,2500,0,1,16,0,AscendQuantV2,"256,2048;2048;2048",480,13.36,15.48,15.09,22.84
dp1_pp0_tp0_dcp0_ep16_rank0_prefill-2500,prefill,2500,0,1,16,0,AscendQuantV2,"256,6144;6144;6144",240,16.84,18.95,18.62,26.70
dp1_pp0_tp0_dcp0_ep16_rank0_prefill-2500,prefill,2500,0,1,16,0,AscendQuantV2,"4096,1024;1024;1024",240,30.06,30.71,30.52,37.10
dp1_pp0_tp0_dcp0_ep16_rank0_prefill-2500,prefill,2500,0,1,16,0,BatchMatMulV2,"64,256,192;64,192,512",240,29.50,36.88,36.70,42.96
dp1_pp0_tp0_dcp0_ep16_rank0_prefill-2500,prefill,2500,0,1,16,0,BroadcastTo,1;1,6,1.30,1.42,1.44,1.50
dp1_pp0_tp0_dcp0_ep16_rank0_prefill-2500,prefill,2500,0,1,16,0,BroadcastTo,;1,3,1.34,1.41,1.44,1.46
dp1_pp0_tp0_dcp0_ep16_rank0_prefill-2500,prefill,2500,0,1,16,0,Cast,1,6,1.26,1.41,1.37,1.70
dp1_pp0_tp0_dcp0_ep16_rank0_prefill-2500,prefill,2500,0,1,16,0,Cast,256,246,1.18,1.46,1.45,1.72
dp1_pp0_tp0_dcp0_ep16_rank0_prefill-2500,prefill,2500,0,1,16,0,Cast,"256,128",480,5.06,5.83,6.02,8.52
dp1_pp0_tp0_dcp0_ep16_rank0_prefill-2500,prefill,2500,0,1,16,0,Cast,"256,8",225,1.36,1.49,1.48,1.80
dp1_pp0_tp0_dcp0_ep16_rank0_prefill-2500,prefill,2500,0,1,16,0,Cast,"32,8",18,1.16,1.28,1.23,1.62
dp1_pp0_tp0_dcp0_ep16_rank0_prefill-2500,prefill,2500,0,1,16,0,Cast,4,12,1.16,1.52,1.52,1.84
dp1_pp0_tp0_dcp0_ep16_rank0_prefill-2500,prefill,2500,0,1,16,0,Cast,"4,1",3,1.16,1.43,1.52,1.62
dp1_pp0_tp0_dcp0_ep16_rank0_prefill-2500,prefill,2500,0,1,16,0,Cast,"4,154880",1,7.70,7.70,7.70,7.70
dp1_pp0_tp0_dcp0_ep16_rank0_prefill-2500,prefill,2500,0,1,16,0,Cast,4096,48,1.40,2.20,2.21,2.76
dp1_pp0_tp0_dcp0_ep16_rank0_prefill-2500,prefill,2500,0,1,16,0,Cast,5,24,1.18,1.45,1.43,1.84
dp1_pp0_tp0_dcp0_ep16_rank0_prefill-2500,prefill,2500,0,1,16,0,Cast,"5,1",6,1.20,1.40,1.33,1.70
dp1_pp0_tp0_dcp0_ep16_rank0_prefill-2500,prefill,2500,0,1,16,0,Cast,"5,154880",2,7.88,8.46,8.46,9.04
dp1_pp0_tp0_dcp0_ep16_rank0_prefill-2500,prefill,2500,0,1,16,0,Cast,512,6,1.32,1.44,1.43,1.58
dp1_pp0_tp0_dcp0_ep16_rank0_prefill-2500,prefill,2500,0,1,16,0,ClipByValueV2,4;;,1,5.40,5.40,5.40,5.40
dp1_pp0_tp0_dcp0_ep16_rank0_prefill-2500,prefill,2500,0,1,16,0,ClipByValueV2,5;;,2,5.10,5.24,5.24,5.38
dp1_pp0_tp0_dcp0_ep16_rank0_prefill-2500,prefill,2500,0,1,16,0,ConcatD,"256,6144;256,6144",6,8.96,9.21,9.21,9.42
dp1_pp0_tp0_dcp0_ep16_rank0_prefill-2500,prefill,2500,0,1,16,0,ConcatD,"256,64;256,512;256,128",240,4.28,4.79,4.78,5.24
dp1_pp0_tp0_dcp0_ep16_rank0_prefill-2500,prefill,2500,0,1,16,0,Cumsum,8;1,6,46.68,73.31,80.62,90.74
dp1_pp0_tp0_dcp0_ep16_rank0_prefill-2500,prefill,2500,0,1,16,0,DSARandomUniform,N/A,3,59.30,69.19,74.04,74.22
dp1_pp0_tp0_dcp0_ep16_rank0_prefill-2500,prefill,2500,0,1,16,0,DispatchFFNCombine,"256,6144;8,6144,4096;8,2048,6144;256,8;32768;49152;256,8",225,1334.21,2432.95,2237.90,21680.25
dp1_pp0_tp0_dcp0_ep16_rank0_prefill-2500,prefill,2500,0,1,16,0,DynamicQuant,"2048,6144",6,51.64,52.02,51.99,52.42
dp1_pp0_tp0_dcp0_ep16_rank0_prefill-2500,prefill,2500,0,1,16,0,DynamicQuant,"256,2048",231,14.48,20.70,20.42,26.30
dp1_pp0_tp0_dcp0_ep16_rank0_prefill-2500,prefill,2500,0,1,16,0,DynamicQuant,"256,6144",231,22.04,41.71,41.82,50.44
dp1_pp0_tp0_dcp0_ep16_rank0_prefill-2500,prefill,2500,0,1,16,0,DynamicQuant,"4096,6144",9,85.26,87.89,87.60,93.48
dp1_pp0_tp0_dcp0_ep16_rank0_prefill-2500,prefill,2500,0,1,16,0,DynamicQuant,"4096,768",9,33.72,35.14,34.74,39.14
dp1_pp0_tp0_dcp0_ep16_rank0_prefill-2500,prefill,2500,0,1,16,0,Equal,"256,1;",6,1.78,1.98,1.96,2.26
dp1_pp0_tp0_dcp0_ep16_rank0_prefill-2500,prefill,2500,0,1,16,0,Fill,1;,117,1.12,1.41,1.36,2.22
dp1_pp0_tp0_dcp0_ep16_rank0_prefill-2500,prefill,2500,0,1,16,0,FloorDiv,4;,1,108.28,108.28,108.28,108.28
dp1_pp0_tp0_dcp0_ep16_rank0_prefill-2500,prefill,2500,0,1,16,0,FloorDiv,5;,2,127.64,132.27,132.27,136.90
dp1_pp0_tp0_dcp0_ep16_rank0_prefill-2500,prefill,2500,0,1,16,0,FloorMod,4;4,1,3.10,3.10,3.10,3.10
dp1_pp0_tp0_dcp0_ep16_rank0_prefill-2500,prefill,2500,0,1,16,0,FloorMod,5;5,2,2.38,2.39,2.39,2.40
dp1_pp0_tp0_dcp0_ep16_rank0_prefill-2500,prefill,2500,0,1,16,0,GatherElementsV2,"4,1584;4,1",1,3.98,3.98,3.98,3.98
dp1_pp0_tp0_dcp0_ep16_rank0_prefill-2500,prefill,2500,0,1,16,0,GatherElementsV2,"4,1;4,1",1,4.94,4.94,4.94,4.94
dp1_pp0_tp0_dcp0_ep16_rank0_prefill-2500,prefill,2500,0,1,16,0,GatherElementsV2,"5,1584;5,1",2,4.16,4.22,4.22,4.28
dp1_pp0_tp0_dcp0_ep16_rank0_prefill-2500,prefill,2500,0,1,16,0,GatherElementsV2,"5,1;5,1",2,5.02,5.17,5.17,5.32
dp1_pp0_tp0_dcp0_ep16_rank0_prefill-2500,prefill,2500,0,1,16,0,GatherV2,"9680,6144;4096;1",9,161.52,165.20,166.32,168.08
dp1_pp0_tp0_dcp0_ep16_rank0_prefill-2500,prefill,2500,0,1,16,0,GreaterEqual,"4,154880;",1,10.56,10.56,10.56,10.56
dp1_pp0_tp0_dcp0_ep16_rank0_prefill-2500,prefill,2500,0,1,16,0,GreaterEqual,4096;,9,3.66,4.00,3.78,4.88
dp1_pp0_tp0_dcp0_ep16_rank0_prefill-2500,prefill,2500,0,1,16,0,GreaterEqual,4;,2,3.44,3.44,3.44,3.44
dp1_pp0_tp0_dcp0_ep16_rank0_prefill-2500,prefill,2500,0,1,16,0,GreaterEqual,"5,154880;",2,11.02,12.21,12.21,13.40
dp1_pp0_tp0_dcp0_ep16_rank0_prefill-2500,prefill,2500,0,1,16,0,GreaterEqual,5;,4,2.94,3.11,3.08,3.32
dp1_pp0_tp0_dcp0_ep16_rank0_prefill-2500,prefill,2500,0,1,16,0,GroupedMatmul,"2069,2048;8,2048,6144;;8,6144;;;;8;2069",1,155.02,155.02,155.02,155.02
dp1_pp0_tp0_dcp0_ep16_rank0_prefill-2500,prefill,2500,0,1,16,0,GroupedMatmul,"2123,2048;8,2048,6144;;8,6144;;;;8;2123",1,166.58,166.58,166.58,166.58
dp1_pp0_tp0_dcp0_ep16_rank0_prefill-2500,prefill,2500,0,1,16,0,GroupedMatmul,"2142,2048;8,2048,6144;;8,6144;;;;8;2142",1,160.94,160.94,160.94,160.94
dp1_pp0_tp0_dcp0_ep16_rank0_prefill-2500,prefill,2500,0,1,16,0,GroupedMatmul,"2153,2048;8,2048,6144;;8,6144;;;;8;2153",1,166.86,166.86,166.86,166.86
dp1_pp0_tp0_dcp0_ep16_rank0_prefill-2500,prefill,2500,0,1,16,0,GroupedMatmul,"3255,2048;8,2048,6144;;8,6144;;;;8;3255",1,213.36,213.36,213.36,213.36
dp1_pp0_tp0_dcp0_ep16_rank0_prefill-2500,prefill,2500,0,1,16,0,GroupedMatmul,"3440,2048;8,2048,6144;;8,6144;;;;8;3440",1,226.38,226.38,226.38,226.38
dp1_pp0_tp0_dcp0_ep16_rank0_prefill-2500,prefill,2500,0,1,16,0,GroupedMatmulSwigluQuant,"2069,6144;8,128,384,16,32;8,4096;2069;8",1,374.75,374.75,374.75,374.75
dp1_pp0_tp0_dcp0_ep16_rank0_prefill-2500,prefill,2500,0,1,16,0,GroupedMatmulSwigluQuant,"2123,6144;8,128,384,16,32;8,4096;2123;8",1,408.61,408.61,408.61,408.61
dp1_pp0_tp0_dcp0_ep16_rank0_prefill-2500,prefill,2500,0,1,16,0,GroupedMatmulSwigluQuant,"2142,6144;8,128,384,16,32;8,4096;2142;8",1,456.53,456.53,456.53,456.53
dp1_pp0_tp0_dcp0_ep16_rank0_prefill-2500,prefill,2500,0,1,16,0,GroupedMatmulSwigluQuant,"2153,6144;8,128,384,16,32;8,4096;2153;8",1,428.35,428.35,428.35,428.35
dp1_pp0_tp0_dcp0_ep16_rank0_prefill-2500,prefill,2500,0,1,16,0,GroupedMatmulSwigluQuant,"3255,6144;8,128,384,16,32;8,4096;3255;8",1,565.89,565.89,565.89,565.89
dp1_pp0_tp0_dcp0_ep16_rank0_prefill-2500,prefill,2500,0,1,16,0,GroupedMatmulSwigluQuant,"3440,6144;8,128,384,16,32;8,4096;3440;8",1,661.02,661.02,661.02,661.02
dp1_pp0_tp0_dcp0_ep16_rank0_prefill-2500,prefill,2500,0,1,16,0,HistogramV2,"256,8;;",6,19.16,19.84,19.70,21.24
dp1_pp0_tp0_dcp0_ep16_rank0_prefill-2500,prefill,2500,0,1,16,0,Index,"202752,64;1;2;4096",18,39.70,41.39,41.22,43.70
dp1_pp0_tp0_dcp0_ep16_rank0_prefill-2500,prefill,2500,0,1,16,0,Index,"4096,6144;1;2;4",4,8.82,9.32,9.37,9.72
dp1_pp0_tp0_dcp0_ep16_rank0_prefill-2500,prefill,2500,0,1,16,0,Index,"4096,6144;1;2;5",8,8.10,9.58,9.84,10.20
dp1_pp0_tp0_dcp0_ep16_rank0_prefill-2500,prefill,2500,0,1,16,0,Index,4096;1;1;4,2,8.30,11.40,11.40,14.50
dp1_pp0_tp0_dcp0_ep16_rank0_prefill-2500,prefill,2500,0,1,16,0,Index,4096;1;1;5,4,8.24,8.63,8.76,8.78
dp1_pp0_tp0_dcp0_ep16_rank0_prefill-2500,prefill,2500,0,1,16,0,IndexFill,"4,1;1;",1,28.08,28.08,28.08,28.08
dp1_pp0_tp0_dcp0_ep16_rank0_prefill-2500,prefill,2500,0,1,16,0,IndexFill,"5,1;1;",2,28.38,29.34,29.34,30.30
dp1_pp0_tp0_dcp0_ep16_rank0_prefill-2500,prefill,2500,0,1,16,0,IndexPutV2,4096;4;1;1;4,1,9.34,9.34,9.34,9.34
dp1_pp0_tp0_dcp0_ep16_rank0_prefill-2500,prefill,2500,0,1,16,0,IndexPutV2,4096;5;1;1;5,2,9.02,9.38,9.38,9.74
dp1_pp0_tp0_dcp0_ep16_rank0_prefill-2500,prefill,2500,0,1,16,0,InterleaveRope,"256,64,1,64;256,1,1,64;256,1,1,64",240,21.78,23.25,23.14,27.92
dp1_pp0_tp0_dcp0_ep16_rank0_prefill-2500,prefill,2500,0,1,16,0,KvRmsNormRopeCache,"256,1,1,576;512;256,1,1,64;256,1,1,64;256;1681,128,1,64;1681,128,1,512;;;;;",240,13.36,14.26,14.10,17.62
dp1_pp0_tp0_dcp0_ep16_rank0_prefill-2500,prefill,2500,0,1,16,0,LayerNormV3,"256,128;128;128",240,16.68,20.54,20.18,25.46
dp1_pp0_tp0_dcp0_ep16_rank0_prefill-2500,prefill,2500,0,1,16,0,Less,"4,1;",1,3.32,3.32,3.32,3.32
dp1_pp0_tp0_dcp0_ep16_rank0_prefill-2500,prefill,2500,0,1,16,0,Less,4096;,9,3.98,4.34,4.30,4.82
dp1_pp0_tp0_dcp0_ep16_rank0_prefill-2500,prefill,2500,0,1,16,0,Less,"5,1;",2,2.92,3.12,3.12,3.32
dp1_pp0_tp0_dcp0_ep16_rank0_prefill-2500,prefill,2500,0,1,16,0,LightningIndexer,"256,32,128;1681,128,1,128;256,32;4;4;4,1584",80,26.04,94.49,96.09,106.50
dp1_pp0_tp0_dcp0_ep16_rank0_prefill-2500,prefill,2500,0,1,16,0,LightningIndexer,"256,32,128;1681,128,1,128;256,32;5;5;5,1584",160,27.52,104.04,103.05,136.04
dp1_pp0_tp0_dcp0_ep16_rank0_prefill-2500,prefill,2500,0,1,16,0,Log,"4,154880",1,8.60,8.60,8.60,8.60
dp1_pp0_tp0_dcp0_ep16_rank0_prefill-2500,prefill,2500,0,1,16,0,Log,"5,154880",2,8.88,9.39,9.39,9.90
dp1_pp0_tp0_dcp0_ep16_rank0_prefill-2500,prefill,2500,0,1,16,0,LogicalAnd,"4,1;4,1",1,1.66,1.66,1.66,1.66
dp1_pp0_tp0_dcp0_ep16_rank0_prefill-2500,prefill,2500,0,1,16,0,LogicalAnd,4096;4096,9,1.52,1.75,1.82,1.92
dp1_pp0_tp0_dcp0_ep16_rank0_prefill-2500,prefill,2500,0,1,16,0,LogicalAnd,"5,1;5,1",2,1.70,1.87,1.87,2.04
dp1_pp0_tp0_dcp0_ep16_rank0_prefill-2500,prefill,2500,0,1,16,0,LogicalNot,4096,9,1.56,1.72,1.74,1.90
dp1_pp0_tp0_dcp0_ep16_rank0_prefill-2500,prefill,2500,0,1,16,0,MaskedFill,"4,154880;4,154880;",1,17.20,17.20,17.20,17.20
dp1_pp0_tp0_dcp0_ep16_rank0_prefill-2500,prefill,2500,0,1,16,0,MaskedFill,"4096,6144;4096,1;",9,142.20,172.14,168.01,207.44
dp1_pp0_tp0_dcp0_ep16_rank0_prefill-2500,prefill,2500,0,1,16,0,MaskedFill,4;4;,2,3.14,3.32,3.32,3.50
dp1_pp0_tp0_dcp0_ep16_rank0_prefill-2500,prefill,2500,0,1,16,0,MaskedFill,"5,154880;5,154880;",2,20.20,21.45,21.45,22.70
dp1_pp0_tp0_dcp0_ep16_rank0_prefill-2500,prefill,2500,0,1,16,0,MaskedFill,5;5;,4,2.28,2.54,2.49,2.88
dp1_pp0_tp0_dcp0_ep16_rank0_prefill-2500,prefill,2500,0,1,16,0,MatMulV2,"256,12288;6144,12288",6,261.83,271.34,271.36,281.47
dp1_pp0_tp0_dcp0_ep16_rank0_prefill-2500,prefill,2500,0,1,16,0,MatMulV2,"256,6144;128,6144",240,11.72,14.45,14.50,15.34
dp1_pp0_tp0_dcp0_ep16_rank0_prefill-2500,prefill,2500,0,1,16,0,MatMulV2,"256,6144;256,6144",231,18.36,19.25,19.20,20.48
dp1_pp0_tp0_dcp0_ep16_rank0_prefill-2500,prefill,2500,0,1,16,0,MatMulV2,"256,6144;32,6144",240,9.98,12.52,12.51,16.12
dp1_pp0_tp0_dcp0_ep16_rank0_prefill-2500,prefill,2500,0,1,16,0,MatMulV2,"256,6144;6144,6144",6,112.08,121.35,121.32,130.38
dp1_pp0_tp0_dcp0_ep16_rank0_prefill-2500,prefill,2500,0,1,16,0,MatMulV2,"4,6144;9680,6144",3,166.64,181.59,175.40,202.72
dp1_pp0_tp0_dcp0_ep16_rank0_prefill-2500,prefill,2500,0,1,16,0,MatMulV2,"5,6144;9680,6144",6,155.38,183.41,185.41,213.68
dp1_pp0_tp0_dcp0_ep16_rank0_prefill-2500,prefill,2500,0,1,16,0,MemSet,N/A,6,14.62,15.89,14.70,21.94
dp1_pp0_tp0_dcp0_ep16_rank0_prefill-2500,prefill,2500,0,1,16,0,MoeGatingTopK,"256,256;256",231,20.74,22.94,22.78,27.78
dp1_pp0_tp0_dcp0_ep16_rank0_prefill-2500,prefill,2500,0,1,16,0,MoeTokenPermute,"2069,1;2069",1,36.88,36.88,36.88,36.88
dp1_pp0_tp0_dcp0_ep16_rank0_prefill-2500,prefill,2500,0,1,16,0,MoeTokenPermute,"2069,6144;2069",1,34.24,34.24,34.24,34.24
dp1_pp0_tp0_dcp0_ep16_rank0_prefill-2500,prefill,2500,0,1,16,0,MoeTokenPermute,"2123,1;2123",1,32.44,32.44,32.44,32.44
dp1_pp0_tp0_dcp0_ep16_rank0_prefill-2500,prefill,2500,0,1,16,0,MoeTokenPermute,"2123,6144;2123",1,33.94,33.94,33.94,33.94
dp1_pp0_tp0_dcp0_ep16_rank0_prefill-2500,prefill,2500,0,1,16,0,MoeTokenPermute,"2142,1;2142",1,30.34,30.34,30.34,30.34
dp1_pp0_tp0_dcp0_ep16_rank0_prefill-2500,prefill,2500,0,1,16,0,MoeTokenPermute,"2142,6144;2142",1,34.48,34.48,34.48,34.48
dp1_pp0_tp0_dcp0_ep16_rank0_prefill-2500,prefill,2500,0,1,16,0,MoeTokenPermute,"2153,1;2153",1,32.46,32.46,32.46,32.46
dp1_pp0_tp0_dcp0_ep16_rank0_prefill-2500,prefill,2500,0,1,16,0,MoeTokenPermute,"2153,6144;2153",1,34.24,34.24,34.24,34.24
dp1_pp0_tp0_dcp0_ep16_rank0_prefill-2500,prefill,2500,0,1,16,0,MoeTokenPermute,"256,6144;256,8",6,32.70,33.61,33.37,35.44
dp1_pp0_tp0_dcp0_ep16_rank0_prefill-2500,prefill,2500,0,1,16,0,MoeTokenPermute,"3255,1;3255",1,40.42,40.42,40.42,40.42
dp1_pp0_tp0_dcp0_ep16_rank0_prefill-2500,prefill,2500,0,1,16,0,MoeTokenPermute,"3255,6144;3255",1,41.92,41.92,41.92,41.92
dp1_pp0_tp0_dcp0_ep16_rank0_prefill-2500,prefill,2500,0,1,16,0,MoeTokenPermute,"3440,1;3440",1,40.46,40.46,40.46,40.46
dp1_pp0_tp0_dcp0_ep16_rank0_prefill-2500,prefill,2500,0,1,16,0,MoeTokenPermute,"3440,6144;3440",1,42.94,42.94,42.94,42.94
dp1_pp0_tp0_dcp0_ep16_rank0_prefill-2500,prefill,2500,0,1,16,0,MoeTokenUnpermute,"2048,6144;2048;256,8",6,22.88,26.13,23.32,32.72
dp1_pp0_tp0_dcp0_ep16_rank0_prefill-2500,prefill,2500,0,1,16,0,MoeTokenUnpermute,"2069,6144;2069;",1,27.36,27.36,27.36,27.36
dp1_pp0_tp0_dcp0_ep16_rank0_prefill-2500,prefill,2500,0,1,16,0,MoeTokenUnpermute,"2123,6144;2123;",1,27.22,27.22,27.22,27.22
dp1_pp0_tp0_dcp0_ep16_rank0_prefill-2500,prefill,2500,0,1,16,0,MoeTokenUnpermute,"2142,6144;2142;",1,30.64,30.64,30.64,30.64
dp1_pp0_tp0_dcp0_ep16_rank0_prefill-2500,prefill,2500,0,1,16,0,MoeTokenUnpermute,"2153,6144;2153;",1,30.40,30.40,30.40,30.40
dp1_pp0_tp0_dcp0_ep16_rank0_prefill-2500,prefill,2500,0,1,16,0,MoeTokenUnpermute,"3255,6144;3255;",1,34.92,34.92,34.92,34.92
dp1_pp0_tp0_dcp0_ep16_rank0_prefill-2500,prefill,2500,0,1,16,0,MoeTokenUnpermute,"3440,6144;3440;",1,34.50,34.50,34.50,34.50
dp1_pp0_tp0_dcp0_ep16_rank0_prefill-2500,prefill,2500,0,1,16,0,Mul,"4,154880;",1,9.36,9.36,9.36,9.36
dp1_pp0_tp0_dcp0_ep16_rank0_prefill-2500,prefill,2500,0,1,16,0,Mul,4096;,9,5.86,5.94,5.90,6.16
dp1_pp0_tp0_dcp0_ep16_rank0_prefill-2500,prefill,2500,0,1,16,0,Mul,4096;4096,9,6.14,6.28,6.28,6.40
dp1_pp0_tp0_dcp0_ep16_rank0_prefill-2500,prefill,2500,0,1,16,0,Mul,4;,1,2.06,2.06,2.06,2.06
dp1_pp0_tp0_dcp0_ep16_rank0_prefill-2500,prefill,2500,0,1,16,0,Mul,"5,154880;",2,8.44,9.89,9.89,11.34
dp1_pp0_tp0_dcp0_ep16_rank0_prefill-2500,prefill,2500,0,1,16,0,Mul,5;,2,1.58,1.67,1.67,1.76
dp1_pp0_tp0_dcp0_ep16_rank0_prefill-2500,prefill,2500,0,1,16,0,Muls,"256,6144",231,7.78,8.18,8.22,8.74
dp1_pp0_tp0_dcp0_ep16_rank0_prefill-2500,prefill,2500,0,1,16,0,Neg,"4,154880",1,1077.06,1077.06,1077.06,1077.06
dp1_pp0_tp0_dcp0_ep16_rank0_prefill-2500,prefill,2500,0,1,16,0,Neg,"5,154880",2,13.38,468.08,468.08,922.78
dp1_pp0_tp0_dcp0_ep16_rank0_prefill-2500,prefill,2500,0,1,16,0,NotEqual,"4,1;",1,1.84,1.84,1.84,1.84
dp1_pp0_tp0_dcp0_ep16_rank0_prefill-2500,prefill,2500,0,1,16,0,NotEqual,4;,1,2.70,2.70,2.70,2.70
dp1_pp0_tp0_dcp0_ep16_rank0_prefill-2500,prefill,2500,0,1,16,0,NotEqual,"5,1;",2,1.88,1.93,1.93,1.98
dp1_pp0_tp0_dcp0_ep16_rank0_prefill-2500,prefill,2500,0,1,16,0,NotEqual,5;,2,2.62,2.94,2.94,3.26
dp1_pp0_tp0_dcp0_ep16_rank0_prefill-2500,prefill,2500,0,1,16,0,OneSideCommAicpuInit,N/A,1,27.72,27.72,27.72,27.72
dp1_pp0_tp0_dcp0_ep16_rank0_prefill-2500,prefill,2500,0,1,16,0,QuantBatchMatmulV3,"256,2048;128,128,16,32;4096;4096",240,26.84,34.88,34.93,43.06
dp1_pp0_tp0_dcp0_ep16_rank0_prefill-2500,prefill,2500,0,1,16,0,QuantBatchMatmulV3,"256,2048;192,128,16,32;6144;256",231,33.00,40.29,37.96,251.41
dp1_pp0_tp0_dcp0_ep16_rank0_prefill-2500,prefill,2500,0,1,16,0,QuantBatchMatmulV3,"256,2048;512,128,16,32;16384;16384",240,54.54,86.48,86.80,105.04
dp1_pp0_tp0_dcp0_ep16_rank0_prefill-2500,prefill,2500,0,1,16,0,QuantBatchMatmulV3,"256,6144;128,384,16,32;4096;256",231,53.00,2388.74,2247.22,21692.11
dp1_pp0_tp0_dcp0_ep16_rank0_prefill-2500,prefill,2500,0,1,16,0,QuantBatchMatmulV3,"256,6144;82,384,16,32;2624;2624",240,33.42,34.72,34.54,37.76
dp1_pp0_tp0_dcp0_ep16_rank0_prefill-2500,prefill,2500,0,1,16,0,QuantBatchMatmulV3,"4096,1024;192,64,16,32;6144;6144",240,137.50,141.49,141.49,146.08
dp1_pp0_tp0_dcp0_ep16_rank0_prefill-2500,prefill,2500,0,1,16,0,QuantBatchMatmulV3,"4096,6144;48,384,16,32;1536;4096",9,146.62,148.07,147.52,151.58
dp1_pp0_tp0_dcp0_ep16_rank0_prefill-2500,prefill,2500,0,1,16,0,QuantBatchMatmulV3,"4096,768;192,48,16,32;6144;4096",9,137.68,145.78,148.06,154.34
dp1_pp0_tp0_dcp0_ep16_rank0_prefill-2500,prefill,2500,0,1,16,0,RealDiv,"4,154880;4,1",1,14.98,14.98,14.98,14.98
dp1_pp0_tp0_dcp0_ep16_rank0_prefill-2500,prefill,2500,0,1,16,0,RealDiv,"4,154880;4,154880",1,10.36,10.36,10.36,10.36
dp1_pp0_tp0_dcp0_ep16_rank0_prefill-2500,prefill,2500,0,1,16,0,RealDiv,"5,154880;5,1",2,14.48,14.95,14.95,15.42
dp1_pp0_tp0_dcp0_ep16_rank0_prefill-2500,prefill,2500,0,1,16,0,RealDiv,"5,154880;5,154880",2,10.88,11.03,11.03,11.18
dp1_pp0_tp0_dcp0_ep16_rank0_prefill-2500,prefill,2500,0,1,16,0,ReduceSum,256;1,6,2.94,3.07,3.05,3.22
dp1_pp0_tp0_dcp0_ep16_rank0_prefill-2500,prefill,2500,0,1,16,0,ReduceSum,"32,8;1",18,5.10,7.79,8.81,9.54
dp1_pp0_tp0_dcp0_ep16_rank0_prefill-2500,prefill,2500,0,1,16,0,ReduceSum,"4,1;1",1,1.62,1.62,1.62,1.62
dp1_pp0_tp0_dcp0_ep16_rank0_prefill-2500,prefill,2500,0,1,16,0,ReduceSum,"5,1;1",2,1.80,1.90,1.90,2.00
dp1_pp0_tp0_dcp0_ep16_rank0_prefill-2500,prefill,2500,0,1,16,0,RepeatInterleave,256;256,6,19.66,19.95,19.99,20.26
dp1_pp0_tp0_dcp0_ep16_rank0_prefill-2500,prefill,2500,0,1,16,0,ReshapeAndCacheNdKernel,"4,1,512;4,1,64;1681,128,1,512;1681,128,1,64;4",1,2.90,2.90,2.90,2.90
dp1_pp0_tp0_dcp0_ep16_rank0_prefill-2500,prefill,2500,0,1,16,0,ReshapeAndCacheNdKernel,"4096,1,512;4096,1,64;1681,128,1,512;1681,128,1,64;4096",237,27.88,30.78,30.86,34.38
dp1_pp0_tp0_dcp0_ep16_rank0_prefill-2500,prefill,2500,0,1,16,0,ReshapeAndCacheNdKernel,"5,1,512;5,1,64;1681,128,1,512;1681,128,1,64;5",2,2.96,2.97,2.97,2.98
dp1_pp0_tp0_dcp0_ep16_rank0_prefill-2500,prefill,2500,0,1,16,0,RmsNorm,"256,2048;2048",240,10.86,18.77,18.84,25.78
dp1_pp0_tp0_dcp0_ep16_rank0_prefill-2500,prefill,2500,0,1,16,0,RmsNorm,"256,6144;6144",21,10.32,15.58,11.88,21.96
dp1_pp0_tp0_dcp0_ep16_rank0_prefill-2500,prefill,2500,0,1,16,0,RmsNorm,"4,6144;6144",2,5.04,5.09,5.09,5.14
dp1_pp0_tp0_dcp0_ep16_rank0_prefill-2500,prefill,2500,0,1,16,0,RmsNorm,"5,6144;6144",4,4.92,5.03,4.98,5.22
dp1_pp0_tp0_dcp0_ep16_rank0_prefill-2500,prefill,2500,0,1,16,0,ScatterNdUpdate,"215168,128;4096,1;4096,128",240,98.40,121.18,122.01,131.44
dp1_pp0_tp0_dcp0_ep16_rank0_prefill-2500,prefill,2500,0,1,16,0,SelectV2,"256,1;;256,6144",6,25.28,26.50,26.66,26.98
dp1_pp0_tp0_dcp0_ep16_rank0_prefill-2500,prefill,2500,0,1,16,0,SelectV2,4;4;4,1,2.26,2.26,2.26,2.26
dp1_pp0_tp0_dcp0_ep16_rank0_prefill-2500,prefill,2500,0,1,16,0,SelectV2,4;;4,2,3.50,3.84,3.84,4.18
dp1_pp0_tp0_dcp0_ep16_rank0_prefill-2500,prefill,2500,0,1,16,0,SelectV2,5;5;5,2,2.06,2.34,2.34,2.62
dp1_pp0_tp0_dcp0_ep16_rank0_prefill-2500,prefill,2500,0,1,16,0,SelectV2,5;;5,4,2.90,3.22,3.02,3.94
dp1_pp0_tp0_dcp0_ep16_rank0_prefill-2500,prefill,2500,0,1,16,0,Slice,"202752,128;2;2",18,24.86,40.21,25.73,76.02
dp1_pp0_tp0_dcp0_ep16_rank0_prefill-2500,prefill,2500,0,1,16,0,Slice,"256,2624;2;2",480,2.88,3.77,4.02,4.88
dp1_pp0_tp0_dcp0_ep16_rank0_prefill-2500,prefill,2500,0,1,16,0,Slice,"256,64,256;3;3",240,8.72,9.19,9.03,15.64
dp1_pp0_tp0_dcp0_ep16_rank0_prefill-2500,prefill,2500,0,1,16,0,Slice,"32,256;2;2",18,2.26,2.96,3.07,3.54
dp1_pp0_tp0_dcp0_ep16_rank0_prefill-2500,prefill,2500,0,1,16,0,Slice,"4096,704;2;2",720,1.44,5.48,4.66,9.48
dp1_pp0_tp0_dcp0_ep16_rank0_prefill-2500,prefill,2500,0,1,16,0,SoftmaxV2,"4,154880",1,47.36,47.36,47.36,47.36
dp1_pp0_tp0_dcp0_ep16_rank0_prefill-2500,prefill,2500,0,1,16,0,SoftmaxV2,"5,154880",2,46.50,46.76,46.76,47.02
dp1_pp0_tp0_dcp0_ep16_rank0_prefill-2500,prefill,2500,0,1,16,0,Sort,"4,154880",1,197.24,197.24,197.24,197.24
dp1_pp0_tp0_dcp0_ep16_rank0_prefill-2500,prefill,2500,0,1,16,0,Sort,"5,154880",2,210.64,213.33,213.33,216.02
dp1_pp0_tp0_dcp0_ep16_rank0_prefill-2500,prefill,2500,0,1,16,0,SparseFlashAttention,"256,64,512;1681,128,1,512;1681,128,1,512;256,1,2048;4,1584;4;4;256,64,64;1681,128,1,64",80,95.54,736.84,754.12,771.20
dp1_pp0_tp0_dcp0_ep16_rank0_prefill-2500,prefill,2500,0,1,16,0,SparseFlashAttention,"256,64,512;1681,128,1,512;1681,128,1,512;256,1,2048;5,1584;5;5;256,64,64;1681,128,1,64",160,95.22,813.59,831.71,871.62
dp1_pp0_tp0_dcp0_ep16_rank0_prefill-2500,prefill,2500,0,1,16,0,Sub,4096;4096,9,3.48,3.61,3.64,3.72
dp1_pp0_tp0_dcp0_ep16_rank0_prefill-2500,prefill,2500,0,1,16,0,Sub,4;,3,1.56,2.08,1.68,3.00
dp1_pp0_tp0_dcp0_ep16_rank0_prefill-2500,prefill,2500,0,1,16,0,Sub,5;,6,1.40,2.09,1.79,3.08
dp1_pp0_tp0_dcp0_ep16_rank0_prefill-2500,prefill,2500,0,1,16,0,SwiGlu,"256,4096",231,15.86,17.40,16.78,23.12
dp1_pp0_tp0_dcp0_ep16_rank0_prefill-2500,prefill,2500,0,1,16,0,SwiGlu,"4096,1536",9,23.58,24.10,23.76,26.00
dp1_pp0_tp0_dcp0_ep16_rank0_prefill-2500,prefill,2500,0,1,16,0,TensorMove,"256,6144",249,7.94,10.49,10.42,11.88
dp1_pp0_tp0_dcp0_ep16_rank0_prefill-2500,prefill,2500,0,1,16,0,TensorMove,"4096,1,1,64",18,4.22,5.73,5.07,9.70
dp1_pp0_tp0_dcp0_ep16_rank0_prefill-2500,prefill,2500,0,1,16,0,TensorMove,"4096,6144",3,50.86,53.29,51.36,57.66
dp1_pp0_tp0_dcp0_ep16_rank0_prefill-2500,prefill,2500,0,1,16,0,Transpose,"16,4,9680;3",3,16.80,18.22,17.40,20.46
dp1_pp0_tp0_dcp0_ep16_rank0_prefill-2500,prefill,2500,0,1,16,0,Transpose,"16,5,9680;3",6,15.92,16.66,16.80,17.00
dp1_pp0_tp0_dcp0_ep16_rank0_prefill-2500,prefill,2500,0,1,16,0,Transpose,"256,16,1024;3",240,15.64,17.16,16.59,23.08
dp1_pp0_tp0_dcp0_ep16_rank0_prefill-2500,prefill,2500,0,1,16,0,Transpose,"64,256,512;3",240,16.74,23.89,23.70,34.38
dp1_pp0_tp0_dcp0_ep16_rank0_prefill-2500,prefill,2500,0,1,16,0,ZerosLike,"2,4",1,1.92,1.92,1.92,1.92
dp1_pp0_tp0_dcp0_ep16_rank0_prefill-2500,prefill,2500,0,1,16,0,ZerosLike,"2,5",2,1.98,1.99,1.99,2.00
dp1_pp0_tp0_dcp0_ep16_rank0_prefill-2500,prefill,2500,0,1,16,0,_triton_rope_siso,"256,1,128;256,64;256,64",240,10.34,10.97,10.81,15.64
dp1_pp0_tp0_dcp0_ep16_rank0_prefill-2500,prefill,2500,0,1,16,0,_triton_rope_siso,"256,32,128;256,64;256,64",240,21.42,23.74,23.55,29.70
dp1_pp0_tp0_dcp0_ep16_rank0_prefill-2500,prefill,2500,0,1,16,0,allgatherAicpuKernel,N/A,18,231.18,272.19,258.21,488.09
dp1_pp0_tp0_dcp0_ep16_rank0_prefill-2500,prefill,2500,0,1,16,0,batch_getAicpuKernel,N/A,4,34.14,48.52,46.57,66.78
dp1_pp0_tp0_dcp0_ep16_rank0_prefill-2500,prefill,2500,0,1,16,0,batch_matmul_transpose,N/A,240,31.82,38.62,38.70,45.08
dp1_pp0_tp0_dcp0_ep16_rank0_prefill-2500,prefill,2500,0,1,16,0,broadcastAicpuKernel,N/A,234,520.55,139243.06,4757.26,20113626.31
dp1_pp0_tp0_dcp0_ep16_rank0_prefill-2500,prefill,2500,0,1,16,0,hccl_batchGet_,N/A,4,256.02,313.18,309.48,377.75
dp1_pp0_tp0_dcp0_ep16_rank0_prefill-2500,prefill,2500,0,1,16,0,hcom_allGather_,N/A,542,9.94,127.64,83.91,4329.19
dp1_pp0_tp0_dcp0_ep16_rank0_prefill-2500,prefill,2500,0,1,16,0,hcom_alltoall_,N/A,480,68.96,138.71,102.66,1171.92
dp1_pp0_tp0_dcp0_ep16_rank0_prefill-2500,prefill,2500,0,1,16,0,hcom_alltoallv_,N/A,36,120.06,324.72,265.40,648.95
dp1_pp0_tp0_dcp0_ep16_rank0_prefill-2500,prefill,2500,0,1,16,0,hcom_broadcast_,N/A,234,502.75,129292.17,535.42,20114241.92
dp1_pp0_tp0_dcp0_ep16_rank0_prefill-2500,prefill,2500,0,1,16,0,hcom_reduceScatter_,N/A,276,11.08,5750.53,390.60,1258829.97
dp1_pp0_tp0_dcp0_ep16_rank0_prefill-2500,prefill,2500,0,1,16,0,reduce_scatterAicpuKernel,N/A,264,193.10,119667.03,222.18,20111780.83
dp2_pp0_tp0_dcp0_ep8_rank0_decode-20k,decode,20k,0,2,8,0,Add,"2,154880;",88,7.18,9.11,8.14,49.32
dp2_pp0_tp0_dcp0_ep8_rank0_decode-20k,decode,20k,0,2,8,0,Add,2;,132,1.38,1.54,1.52,1.88
dp2_pp0_tp0_dcp0_ep8_rank0_decode-20k,decode,20k,0,2,8,0,Add,2;2,44,1.34,1.48,1.46,1.88
dp2_pp0_tp0_dcp0_ep8_rank0_decode-20k,decode,20k,0,2,8,0,Add,4;,44,1.40,1.63,1.60,2.06
dp2_pp0_tp0_dcp0_ep8_rank0_decode-20k,decode,20k,0,2,8,0,Add,"6,6144;6,6144",88,6.22,6.55,6.46,9.16
dp2_pp0_tp0_dcp0_ep8_rank0_decode-20k,decode,20k,0,2,8,0,AddRmsNormBias,"6,6144;6,6144;6144;6144",6820,3.98,4.29,4.26,11.46
dp2_pp0_tp0_dcp0_ep8_rank0_decode-20k,decode,20k,0,2,8,0,AddRmsNormDynamicQuant,"6,6144;6,6144;6144;6144",88,5.98,6.42,6.27,13.60
dp2_pp0_tp0_dcp0_ep8_rank0_decode-20k,decode,20k,0,2,8,0,AddRmsNormDynamicQuantAiCore,"6,6144;6,6144;6144;6144",44,6.76,7.25,7.20,7.74
dp2_pp0_tp0_dcp0_ep8_rank0_decode-20k,decode,20k,0,2,8,0,ApplyTopKTopPCustom,"2,154880;2,154880;2;",44,264.16,272.73,268.52,287.47
dp2_pp0_tp0_dcp0_ep8_rank0_decode-20k,decode,20k,0,2,8,0,ApplyTopKTopPCustom,"4,154880;4,154880;4;",44,279.63,286.24,285.58,296.57
dp2_pp0_tp0_dcp0_ep8_rank0_decode-20k,decode,20k,0,2,8,0,ArgMaxV2,"2,154880;",132,36.68,37.28,37.24,38.34
dp2_pp0_tp0_dcp0_ep8_rank0_decode-20k,decode,20k,0,2,8,0,AscendQuantV2,"6,2048;2048;2048",3476,10.56,11.46,10.96,19.72
dp2_pp0_tp0_dcp0_ep8_rank0_decode-20k,decode,20k,0,2,8,0,AscendQuantV2,"6,4096;4096;4096",3476,9.54,11.55,11.00,20.02
dp2_pp0_tp0_dcp0_ep8_rank0_decode-20k,decode,20k,0,2,8,0,AscendQuantV2Aicore,"6,2048;2048;2048",44,17.84,19.10,19.16,19.50
dp2_pp0_tp0_dcp0_ep8_rank0_decode-20k,decode,20k,0,2,8,0,AscendQuantV2Aicore,"6,4096;4096;4096",44,10.60,11.00,10.97,11.54
dp2_pp0_tp0_dcp0_ep8_rank0_decode-20k,decode,20k,0,2,8,0,BroadcastTo,1;1,176,1.28,1.45,1.44,1.96
dp2_pp0_tp0_dcp0_ep8_rank0_decode-20k,decode,20k,0,2,8,0,BroadcastTo,;1,44,1.44,1.53,1.52,1.82
dp2_pp0_tp0_dcp0_ep8_rank0_decode-20k,decode,20k,0,2,8,0,Cast,1,176,1.14,1.40,1.40,1.98
dp2_pp0_tp0_dcp0_ep8_rank0_decode-20k,decode,20k,0,2,8,0,Cast,2,616,1.08,1.38,1.34,2.06
dp2_pp0_tp0_dcp0_ep8_rank0_decode-20k,decode,20k,0,2,8,0,Cast,"2,1",44,1.30,1.49,1.43,1.92
dp2_pp0_tp0_dcp0_ep8_rank0_decode-20k,decode,20k,0,2,8,0,Cast,"2,154880",88,4.24,6.62,6.63,9.30
dp2_pp0_tp0_dcp0_ep8_rank0_decode-20k,decode,20k,0,2,8,0,Cast,"2,2",44,1.30,1.48,1.45,1.82
dp2_pp0_tp0_dcp0_ep8_rank0_decode-20k,decode,20k,0,2,8,0,Cast,"2,3",88,1.12,1.32,1.28,1.84
dp2_pp0_tp0_dcp0_ep8_rank0_decode-20k,decode,20k,0,2,8,0,Cast,"2,8",3344,1.04,1.85,1.52,7.30
dp2_pp0_tp0_dcp0_ep8_rank0_decode-20k,decode,20k,0,2,8,0,Cast,4,88,91.78,120.83,114.36,342.57
dp2_pp0_tp0_dcp0_ep8_rank0_decode-20k,decode,20k,0,2,8,0,Cast,"4,154880",44,9.08,9.81,9.82,10.34
dp2_pp0_tp0_dcp0_ep8_rank0_decode-20k,decode,20k,0,2,8,0,Cast,6,572,1.08,1.36,1.32,2.10
dp2_pp0_tp0_dcp0_ep8_rank0_decode-20k,decode,20k,0,2,8,0,Cast,"6,128",6952,1.10,1.31,1.28,5.20
dp2_pp0_tp0_dcp0_ep8_rank0_decode-20k,decode,20k,0,2,8,0,CastAiCore,"2,8",44,1.12,1.79,1.59,4.56
dp2_pp0_tp0_dcp0_ep8_rank0_decode-20k,decode,20k,0,2,8,0,CastAiCore,6,220,1.08,1.48,1.46,2.46
dp2_pp0_tp0_dcp0_ep8_rank0_decode-20k,decode,20k,0,2,8,0,CastAiCore,"6,128",88,1.22,1.40,1.38,1.96
dp2_pp0_tp0_dcp0_ep8_rank0_decode-20k,decode,20k,0,2,8,0,ClipByValueV2,2;;,44,4.94,5.48,5.49,6.22
dp2_pp0_tp0_dcp0_ep8_rank0_decode-20k,decode,20k,0,2,8,0,ConcatD,"6,6144;6,6144",88,2.96,3.19,3.18,3.46
dp2_pp0_tp0_dcp0_ep8_rank0_decode-20k,decode,20k,0,2,8,0,DSARandomUniform,N/A,132,1.10,21.13,30.18,40.56
dp2_pp0_tp0_dcp0_ep8_rank0_decode-20k,decode,20k,0,2,8,0,DispatchFFNCombine,"2,6144;8,6144,4096;8,2048,6144;2,8;32768;49152;2,8",3300,268.23,327.58,322.55,5663.87
dp2_pp0_tp0_dcp0_ep8_rank0_decode-20k,decode,20k,0,2,8,0,DynamicQuant,"6,3072",132,4.42,5.29,4.76,17.14
dp2_pp0_tp0_dcp0_ep8_rank0_decode-20k,decode,20k,0,2,8,0,DynamicQuant,"6,512",3388,4.36,5.16,4.76,23.06
dp2_pp0_tp0_dcp0_ep8_rank0_decode-20k,decode,20k,0,2,8,0,DynamicQuant,"6,6144",3388,5.76,17.69,13.94,3636.93
dp2_pp0_tp0_dcp0_ep8_rank0_decode-20k,decode,20k,0,2,8,0,Equal,2;,44,1.84,2.08,2.07,2.52
dp2_pp0_tp0_dcp0_ep8_rank0_decode-20k,decode,20k,0,2,8,0,Equal,"6,1;",88,1.72,1.93,1.92,2.24
dp2_pp0_tp0_dcp0_ep8_rank0_decode-20k,decode,20k,0,2,8,0,Fill,1;,572,1.18,1.58,1.56,3.58
dp2_pp0_tp0_dcp0_ep8_rank0_decode-20k,decode,20k,0,2,8,0,Fill,2;,44,1.44,1.55,1.56,1.78
dp2_pp0_tp0_dcp0_ep8_rank0_decode-20k,decode,20k,0,2,8,0,FloorDiv,2;,44,30.08,40.69,39.54,76.58
dp2_pp0_tp0_dcp0_ep8_rank0_decode-20k,decode,20k,0,2,8,0,FloorMod,2;2,44,2.18,2.52,2.50,2.94
dp2_pp0_tp0_dcp0_ep8_rank0_decode-20k,decode,20k,0,2,8,0,GatherElementsV2,"2,1584;2,1",44,3.32,3.65,3.62,3.98
dp2_pp0_tp0_dcp0_ep8_rank0_decode-20k,decode,20k,0,2,8,0,GatherElementsV2,"2,3;2,1",44,4.20,4.59,4.58,5.00
dp2_pp0_tp0_dcp0_ep8_rank0_decode-20k,decode,20k,0,2,8,0,GatherV2,"38720,6144;6;1",88,3.12,3.39,3.38,3.74
dp2_pp0_tp0_dcp0_ep8_rank0_decode-20k,decode,20k,0,2,8,0,GatherV2AiCore,"38720,6144;6;1",44,3.18,3.61,3.59,4.10
dp2_pp0_tp0_dcp0_ep8_rank0_decode-20k,decode,20k,0,2,8,0,Greater,2;,44,2.94,3.14,3.12,3.50
dp2_pp0_tp0_dcp0_ep8_rank0_decode-20k,decode,20k,0,2,8,0,GreaterEqual,"2,154880;",88,8.02,10.85,9.59,41.74
dp2_pp0_tp0_dcp0_ep8_rank0_decode-20k,decode,20k,0,2,8,0,GreaterEqual,2;,88,2.80,3.05,3.05,3.38
dp2_pp0_tp0_dcp0_ep8_rank0_decode-20k,decode,20k,0,2,8,0,GreaterEqual,6;,132,2.34,2.76,2.54,4.12
dp2_pp0_tp0_dcp0_ep8_rank0_decode-20k,decode,20k,0,2,8,0,GroupedMatmul,"6656,2048;8,2048,6144;;8,6144;;;;8;6656",88,30.48,59.02,60.14,81.58
dp2_pp0_tp0_dcp0_ep8_rank0_decode-20k,decode,20k,0,2,8,0,GroupedMatmulSwigluQuant,"6656,6144;8,128,384,16,32;8,4096;6656;8",88,72.10,129.82,133.80,188.08
dp2_pp0_tp0_dcp0_ep8_rank0_decode-20k,decode,20k,0,2,8,0,Index,"202752,64;1;2;6",264,6.80,8.72,8.50,16.60
dp2_pp0_tp0_dcp0_ep8_rank0_decode-20k,decode,20k,0,2,8,0,Index,272;1;1;2,88,8.70,9.12,9.16,9.84
dp2_pp0_tp0_dcp0_ep8_rank0_decode-20k,decode,20k,0,2,8,0,Index,2;1;1;2,44,8.74,9.65,9.30,16.22
dp2_pp0_tp0_dcp0_ep8_rank0_decode-20k,decode,20k,0,2,8,0,Index,340;1;1;6,132,6.90,9.31,9.44,16.64
dp2_pp0_tp0_dcp0_ep8_rank0_decode-20k,decode,20k,0,2,8,0,Index,4;1;1;4,44,7.02,8.13,8.07,9.26
dp2_pp0_tp0_dcp0_ep8_rank0_decode-20k,decode,20k,0,2,8,0,Index,"6,154880;1;2;2",44,14.40,15.07,14.72,21.90
dp2_pp0_tp0_dcp0_ep8_rank0_decode-20k,decode,20k,0,2,8,0,Index,"6,154880;1;2;4",44,22.12,22.56,22.42,28.58
dp2_pp0_tp0_dcp0_ep8_rank0_decode-20k,decode,20k,0,2,8,0,Index,"6,6144;1;2;2",132,7.10,8.98,9.01,16.40
dp2_pp0_tp0_dcp0_ep8_rank0_decode-20k,decode,20k,0,2,8,0,Index,"6,6144;1;2;6",88,10.00,10.82,10.66,17.98
dp2_pp0_tp0_dcp0_ep8_rank0_decode-20k,decode,20k,0,2,8,0,Index,6;1;1;4,44,9.16,9.64,9.45,16.60
dp2_pp0_tp0_dcp0_ep8_rank0_decode-20k,decode,20k,0,2,8,0,IndexFill,"2,3;;",44,20.10,22.48,22.52,24.94
dp2_pp0_tp0_dcp0_ep8_rank0_decode-20k,decode,20k,0,2,8,0,IndexPutV2,272;2;1;1;2,44,9.40,9.62,9.60,10.12
dp2_pp0_tp0_dcp0_ep8_rank0_decode-20k,decode,20k,0,2,8,0,LayerNormV3,"6,128;128;128",3476,5.22,6.44,6.42,13.14
dp2_pp0_tp0_dcp0_ep8_rank0_decode-20k,decode,20k,0,2,8,0,LayerNormV3WithImplMode,"6,128;128;128",44,6.46,7.15,7.18,7.72
dp2_pp0_tp0_dcp0_ep8_rank0_decode-20k,decode,20k,0,2,8,0,Less,"2,3;",44,2.60,2.90,2.88,3.26
dp2_pp0_tp0_dcp0_ep8_rank0_decode-20k,decode,20k,0,2,8,0,Less,6;,88,2.28,2.59,2.64,2.98
dp2_pp0_tp0_dcp0_ep8_rank0_decode-20k,decode,20k,0,2,8,0,LessAiCore,6;,44,2.46,3.00,3.03,3.58
dp2_pp0_tp0_dcp0_ep8_rank0_decode-20k,decode,20k,0,2,8,0,LightningIndexer,"6,32,128;1765,128,1,128;6,32;2;2;2,1584",3520,41.80,60.23,60.36,70.00
dp2_pp0_tp0_dcp0_ep8_rank0_decode-20k,decode,20k,0,2,8,0,LinearIndex,2;1,44,1.94,2.08,2.04,3.26
dp2_pp0_tp0_dcp0_ep8_rank0_decode-20k,decode,20k,0,2,8,0,LinearIndex,4;1,44,1.64,1.82,1.78,2.88
dp2_pp0_tp0_dcp0_ep8_rank0_decode-20k,decode,20k,0,2,8,0,Log,"2,154880",88,5.50,9.42,7.62,52.62
dp2_pp0_tp0_dcp0_ep8_rank0_decode-20k,decode,20k,0,2,8,0,LogicalAnd,"2,3;2,3",44,1.54,1.70,1.67,2.04
dp2_pp0_tp0_dcp0_ep8_rank0_decode-20k,decode,20k,0,2,8,0,LogicalAnd,6;6,88,1.26,1.53,1.54,1.88
dp2_pp0_tp0_dcp0_ep8_rank0_decode-20k,decode,20k,0,2,8,0,LogicalAndAiCore,6;6,44,1.46,1.76,1.74,2.10
dp2_pp0_tp0_dcp0_ep8_rank0_decode-20k,decode,20k,0,2,8,0,LogicalNot,6,88,1.42,1.53,1.52,1.74
dp2_pp0_tp0_dcp0_ep8_rank0_decode-20k,decode,20k,0,2,8,0,LogicalNotAiCore,6,44,1.44,1.73,1.74,2.10
dp2_pp0_tp0_dcp0_ep8_rank0_decode-20k,decode,20k,0,2,8,0,MaskedFill,"2,154880;2,154880;",88,10.06,15.95,14.75,53.30
dp2_pp0_tp0_dcp0_ep8_rank0_decode-20k,decode,20k,0,2,8,0,MaskedFill,2;2;,88,1.98,2.20,2.15,2.68
dp2_pp0_tp0_dcp0_ep8_rank0_decode-20k,decode,20k,0,2,8,0,MaskedFill,"6,6144;6,1;",88,14.38,16.42,16.21,25.06
dp2_pp0_tp0_dcp0_ep8_rank0_decode-20k,decode,20k,0,2,8,0,MaskedFillAiCore,"6,6144;6,1;",44,14.18,14.53,14.53,15.26
dp2_pp0_tp0_dcp0_ep8_rank0_decode-20k,decode,20k,0,2,8,0,MatMulCommon,"6,6144;128,6144",44,15.16,15.61,15.57,16.26
dp2_pp0_tp0_dcp0_ep8_rank0_decode-20k,decode,20k,0,2,8,0,MatMulCommon,"6,6144;256,6144",44,8.96,9.36,9.29,10.42
dp2_pp0_tp0_dcp0_ep8_rank0_decode-20k,decode,20k,0,2,8,0,MatMulCommon,"6,6144;32,6144",44,12.86,13.13,13.12,13.52
dp2_pp0_tp0_dcp0_ep8_rank0_decode-20k,decode,20k,0,2,8,0,MatMulV2,"2,6144;38720,6144",88,397.07,411.83,411.69,427.63
dp2_pp0_tp0_dcp0_ep8_rank0_decode-20k,decode,20k,0,2,8,0,MatMulV2,"6,12288;6144,12288",88,127.24,173.32,173.74,219.29
dp2_pp0_tp0_dcp0_ep8_rank0_decode-20k,decode,20k,0,2,8,0,MatMulV2,"6,6144;128,6144",3476,13.74,14.60,14.46,28.32
dp2_pp0_tp0_dcp0_ep8_rank0_decode-20k,decode,20k,0,2,8,0,MatMulV2,"6,6144;256,6144",3344,8.44,10.03,10.18,11.72
dp2_pp0_tp0_dcp0_ep8_rank0_decode-20k,decode,20k,0,2,8,0,MatMulV2,"6,6144;32,6144",3476,11.70,12.89,12.86,27.18
dp2_pp0_tp0_dcp0_ep8_rank0_decode-20k,decode,20k,0,2,8,0,MatMulV2,"6,6144;38720,6144",44,409.95,413.75,413.36,419.03
dp2_pp0_tp0_dcp0_ep8_rank0_decode-20k,decode,20k,0,2,8,0,MatMulV2,"6,6144;6144,6144",88,62.14,74.22,73.95,87.72
dp2_pp0_tp0_dcp0_ep8_rank0_decode-20k,decode,20k,0,2,8,0,MemSet,N/A,6688,5.38,9.50,10.19,18.52
dp2_pp0_tp0_dcp0_ep8_rank0_decode-20k,decode,20k,0,2,8,0,MoeDistributeCombineV2,"6656,6144;2,8;851968;256;2,8;1;;;;;6656;;;;;;;",88,34.26,89.35,84.44,180.34
dp2_pp0_tp0_dcp0_ep8_rank0_decode-20k,decode,20k,0,2,8,0,MoeDistributeDispatchV2,"2,6144;2,8;;;;;",88,101.44,623.51,164.28,5345.89
dp2_pp0_tp0_dcp0_ep8_rank0_decode-20k,decode,20k,0,2,8,0,MoeGatingTopK,"2,256;256",3388,3.86,4.64,4.50,11.52
dp2_pp0_tp0_dcp0_ep8_rank0_decode-20k,decode,20k,0,2,8,0,Mul,"2,154880;",88,7.70,8.72,7.88,14.66
dp2_pp0_tp0_dcp0_ep8_rank0_decode-20k,decode,20k,0,2,8,0,Mul,2;,44,1.40,1.58,1.54,1.82
dp2_pp0_tp0_dcp0_ep8_rank0_decode-20k,decode,20k,0,2,8,0,Mul,6;,88,1.68,1.88,1.86,2.38
dp2_pp0_tp0_dcp0_ep8_rank0_decode-20k,decode,20k,0,2,8,0,Mul,6;6,88,1.86,2.12,2.08,2.54
dp2_pp0_tp0_dcp0_ep8_rank0_decode-20k,decode,20k,0,2,8,0,MulAiCore,6;,44,1.64,2.08,2.12,2.38
dp2_pp0_tp0_dcp0_ep8_rank0_decode-20k,decode,20k,0,2,8,0,MulAiCore,6;6,44,1.96,2.32,2.32,2.78
dp2_pp0_tp0_dcp0_ep8_rank0_decode-20k,decode,20k,0,2,8,0,Neg,"2,154880",88,7.44,12.55,8.85,58.86
dp2_pp0_tp0_dcp0_ep8_rank0_decode-20k,decode,20k,0,2,8,0,NotEqual,"2,3;",44,1.74,1.88,1.86,2.14
dp2_pp0_tp0_dcp0_ep8_rank0_decode-20k,decode,20k,0,2,8,0,NotEqual,2;,44,2.42,2.85,2.86,3.34
dp2_pp0_tp0_dcp0_ep8_rank0_decode-20k,decode,20k,0,2,8,0,PadV3,"6,256;4;",3344,13.50,17.94,18.02,21.50
dp2_pp0_tp0_dcp0_ep8_rank0_decode-20k,decode,20k,0,2,8,0,PadV3,"6,6144;4;",3344,15.78,17.99,17.58,29.80
dp2_pp0_tp0_dcp0_ep8_rank0_decode-20k,decode,20k,0,2,8,0,PadV3AiCore,"6,256;4;",44,18.86,21.01,21.26,22.48
dp2_pp0_tp0_dcp0_ep8_rank0_decode-20k,decode,20k,0,2,8,0,PadV3AiCore,"6,6144;4;",44,20.90,21.67,21.71,22.66
dp2_pp0_tp0_dcp0_ep8_rank0_decode-20k,decode,20k,0,2,8,0,PadV3AiCore,N/A,88,7.00,9.73,10.13,13.00
dp2_pp0_tp0_dcp0_ep8_rank0_decode-20k,decode,20k,0,2,8,0,QuantBatchMatmulV3,"6,2048;128,128,16,32;4096;4096",3520,18.14,19.85,19.74,27.24
dp2_pp0_tp0_dcp0_ep8_rank0_decode-20k,decode,20k,0,2,8,0,QuantBatchMatmulV3,"6,3072;192,192,16,32;6144;6",132,24.30,25.95,26.09,27.56
dp2_pp0_tp0_dcp0_ep8_rank0_decode-20k,decode,20k,0,2,8,0,QuantBatchMatmulV3,"6,4096;192,256,16,32;6144;6144",3520,29.32,31.81,31.36,40.42
dp2_pp0_tp0_dcp0_ep8_rank0_decode-20k,decode,20k,0,2,8,0,QuantBatchMatmulV3,"6,512;192,32,16,32;6144;6",3388,16.72,30.12,19.88,364.25
dp2_pp0_tp0_dcp0_ep8_rank0_decode-20k,decode,20k,0,2,8,0,QuantBatchMatmulV3,"6,6144;192,384,16,32;6144;6",132,38.94,41.38,41.43,46.40
dp2_pp0_tp0_dcp0_ep8_rank0_decode-20k,decode,20k,0,2,8,0,QuantBatchMatmulV3,"6,6144;32,384,16,32;1024;6",3388,20.62,39.78,26.80,5356.17
dp2_pp0_tp0_dcp0_ep8_rank0_decode-20k,decode,20k,0,2,8,0,RealDiv,"2,154880;2,1",44,13.48,13.97,13.97,14.40
dp2_pp0_tp0_dcp0_ep8_rank0_decode-20k,decode,20k,0,2,8,0,RealDiv,"2,154880;2,154880",44,8.18,8.72,8.72,9.82
dp2_pp0_tp0_dcp0_ep8_rank0_decode-20k,decode,20k,0,2,8,0,RealDiv,"4,154880;4,1",44,13.56,14.35,14.29,17.10
dp2_pp0_tp0_dcp0_ep8_rank0_decode-20k,decode,20k,0,2,8,0,ReduceSum,"2,3;1",44,3.80,4.09,4.06,4.56
dp2_pp0_tp0_dcp0_ep8_rank0_decode-20k,decode,20k,0,2,8,0,RmsNorm,"2,6144;6144",88,3.52,3.67,3.64,4.08
dp2_pp0_tp0_dcp0_ep8_rank0_decode-20k,decode,20k,0,2,8,0,RmsNorm,"6,6144;6144",308,4.28,5.31,5.52,6.18
dp2_pp0_tp0_dcp0_ep8_rank0_decode-20k,decode,20k,0,2,8,0,ScatterElementsV2,340;2;2,44,2.48,2.86,2.77,4.86
dp2_pp0_tp0_dcp0_ep8_rank0_decode-20k,decode,20k,0,2,8,0,ScatterElementsV2,340;4;4,44,1.96,2.24,2.22,2.80
dp2_pp0_tp0_dcp0_ep8_rank0_decode-20k,decode,20k,0,2,8,0,ScatterNdUpdate,"225920,128;6,1;6,128",704,13.08,13.80,13.82,17.52
dp2_pp0_tp0_dcp0_ep8_rank0_decode-20k,decode,20k,0,2,8,0,ScatterNdUpdateAiCore,"225920,128;6,1;6,128",2816,8.92,13.85,13.82,19.48
dp2_pp0_tp0_dcp0_ep8_rank0_decode-20k,decode,20k,0,2,8,0,SelectV2,2;2;2,44,1.94,2.12,2.12,2.46
dp2_pp0_tp0_dcp0_ep8_rank0_decode-20k,decode,20k,0,2,8,0,SelectV2,2;;2,88,2.62,2.95,2.89,3.62
dp2_pp0_tp0_dcp0_ep8_rank0_decode-20k,decode,20k,0,2,8,0,SelectV2,"6,1;;6,6144",88,16.68,17.25,17.26,18.42
dp2_pp0_tp0_dcp0_ep8_rank0_decode-20k,decode,20k,0,2,8,0,Slice,"202752,128;2;2",264,24.40,33.01,25.90,49.38
dp2_pp0_tp0_dcp0_ep8_rank0_decode-20k,decode,20k,0,2,8,0,SoftmaxV2,"2,154880",44,45.18,46.38,46.12,47.98
dp2_pp0_tp0_dcp0_ep8_rank0_decode-20k,decode,20k,0,2,8,0,SoftmaxV2,"4,154880",44,45.84,46.88,46.92,47.98
dp2_pp0_tp0_dcp0_ep8_rank0_decode-20k,decode,20k,0,2,8,0,Sort,"2,154880",44,230.94,232.35,232.30,234.70
dp2_pp0_tp0_dcp0_ep8_rank0_decode-20k,decode,20k,0,2,8,0,Sort,"4,154880",44,186.16,187.71,187.66,189.54
dp2_pp0_tp0_dcp0_ep8_rank0_decode-20k,decode,20k,0,2,8,0,SparseFlashAttention,"6,16,512;1765,128,1,512;1765,128,1,512;6,1,2048;2,1584;2;2;6,16,64;1765,128,1,64",3520,86.42,90.59,90.02,109.50
dp2_pp0_tp0_dcp0_ep8_rank0_decode-20k,decode,20k,0,2,8,0,Sub,2;,44,2.74,2.90,2.88,3.30
dp2_pp0_tp0_dcp0_ep8_rank0_decode-20k,decode,20k,0,2,8,0,Sub,6;6,88,2.20,2.73,2.80,3.42
dp2_pp0_tp0_dcp0_ep8_rank0_decode-20k,decode,20k,0,2,8,0,SubAiCore,6;6,44,2.54,2.98,2.98,3.36
dp2_pp0_tp0_dcp0_ep8_rank0_decode-20k,decode,20k,0,2,8,0,SwiGlu,"6,1024",3388,3.28,14.23,14.36,17.76
dp2_pp0_tp0_dcp0_ep8_rank0_decode-20k,decode,20k,0,2,8,0,SwiGlu,"6,6144",132,3.80,4.63,4.24,11.74
dp2_pp0_tp0_dcp0_ep8_rank0_decode-20k,decode,20k,0,2,8,0,TensorMove,"4,154880",44,9.90,10.54,10.31,14.22
dp2_pp0_tp0_dcp0_ep8_rank0_decode-20k,decode,20k,0,2,8,0,Transpose,"2,2;2",44,14.58,15.24,15.13,16.82
dp2_pp0_tp0_dcp0_ep8_rank0_decode-20k,decode,20k,0,2,8,0,Transpose,"4,2,38720;3",88,12.32,13.39,13.43,14.68
dp2_pp0_tp0_dcp0_ep8_rank0_decode-20k,decode,20k,0,2,8,0,Transpose,"4,6,38720;3",44,12.70,13.71,13.58,15.20
dp2_pp0_tp0_dcp0_ep8_rank0_decode-20k,decode,20k,0,2,8,0,ZerosLike,"2,2",44,1.78,1.93,1.92,2.20
dp2_pp0_tp0_dcp0_ep8_rank0_decode-20k,decode,20k,0,2,8,0,_triton_rope_siso,"6,1,128;6,64;6,64",88,2.34,2.49,2.46,2.96
dp2_pp0_tp0_dcp0_ep8_rank0_decode-20k,decode,20k,0,2,8,0,_triton_rope_siso,"6,32,128;6,64;6,64",88,4.16,4.35,4.32,4.86
dp2_pp0_tp0_dcp0_ep8_rank0_decode-20k,decode,20k,0,2,8,0,_triton_rope_siso_0,N/A,3432,2.06,2.35,2.30,9.24
dp2_pp0_tp0_dcp0_ep8_rank0_decode-20k,decode,20k,0,2,8,0,_triton_rope_siso_1,N/A,3432,3.90,4.17,4.14,9.72
dp2_pp0_tp0_dcp0_ep8_rank0_decode-20k,decode,20k,0,2,8,0,batch_matmul_transpose,N/A,88,9.12,9.69,9.71,10.54
dp2_pp0_tp0_dcp0_ep8_rank0_decode-20k,decode,20k,0,2,8,0,batch_matmul_transpose_0,N/A,3432,8.80,10.30,10.46,19.60
dp2_pp0_tp0_dcp0_ep8_rank0_decode-20k,decode,20k,0,2,8,0,expand_kernel,2;2,88,1.44,1.75,1.70,2.40
dp2_pp0_tp0_dcp0_ep8_rank0_decode-20k,decode,20k,0,2,8,0,hcom_allGather_,N/A,7040,6.60,10.64,9.66,55.46
dp2_pp0_tp0_dcp0_ep8_rank0_decode-20k,decode,20k,0,2,8,0,hcom_allReduce_,N/A,14432,4.06,14.80,10.52,2635.19
dp2_pp0_tp0_dcp0_ep8_rank0_decode-20k,decode,20k,0,2,8,0,mla_preprocess,N/A,88,63.04,68.19,66.38,81.84
dp2_pp0_tp0_dcp0_ep8_rank0_decode-20k,decode,20k,0,2,8,0,mla_preprocess_0_mix_aic,N/A,3432,62.02,67.94,66.74,81.04
dp2_pp0_tp0_dcp0_ep8_rank0_decode-20k,decode,20k,0,2,8,0,muls_add_kernel,"6,6144;6,6144",88,3.76,4.05,4.04,4.32
dp2_pp0_tp0_dcp0_ep8_rank0_decode-20k,decode,20k,0,2,8,0,muls_add_kernel_1,N/A,3300,3.28,3.68,3.56,4.94
dp2_pp0_tp0_dcp0_ep8_rank0_decode-20k,decode,20k,0,2,8,0,prepare_inputs_padded_kernel,2;2;3,44,3.20,3.38,3.38,3.62
dp2_pp0_tp0_dcp0_ep8_rank0_decode-20k,decode,20k,0,2,8,0,rejection_random_sample_kernel,"2;4;4,154880;2,1",44,2.20,2.48,2.45,2.90
dp2_pp0_tp0_dcp0_ep8_rank0_decode-20k,decode,20k,0,2,8,0,sample_recovered_tokens_kernel,"2;4;4,154880",44,54.00,54.56,54.57,55.08
dp2_pp0_tp0_dcp0_ep8_rank0_decode-2500,decode,2500,0,2,8,0,Add,"1,154880;",100,6.60,8.40,7.03,62.18
dp2_pp0_tp0_dcp0_ep8_rank0_decode-2500,decode,2500,0,2,8,0,Add,1;,150,1.36,1.52,1.50,1.86
dp2_pp0_tp0_dcp0_ep8_rank0_decode-2500,decode,2500,0,2,8,0,Add,1;1,50,1.22,1.41,1.36,1.78
dp2_pp0_tp0_dcp0_ep8_rank0_decode-2500,decode,2500,0,2,8,0,Add,2;,50,1.40,1.60,1.60,1.84
dp2_pp0_tp0_dcp0_ep8_rank0_decode-2500,decode,2500,0,2,8,0,Add,"3,6144;3,6144",100,3.78,4.13,4.12,4.90
dp2_pp0_tp0_dcp0_ep8_rank0_decode-2500,decode,2500,0,2,8,0,AddRmsNormBias,"3,6144;3,6144;6144;6144",7751,3.52,3.87,3.86,4.72
dp2_pp0_tp0_dcp0_ep8_rank0_decode-2500,decode,2500,0,2,8,0,AddRmsNormDynamicQuant,"3,6144;3,6144;6144;6144",100,5.24,5.48,5.48,6.06
dp2_pp0_tp0_dcp0_ep8_rank0_decode-2500,decode,2500,0,2,8,0,AddRmsNormDynamicQuantAiCore,"3,6144;3,6144;6144;6144",50,6.02,6.53,6.48,7.08
dp2_pp0_tp0_dcp0_ep8_rank0_decode-2500,decode,2500,0,2,8,0,ApplyTopKTopPCustom,"1,154880;1,154880;1;",50,258.04,261.81,261.50,268.06
dp2_pp0_tp0_dcp0_ep8_rank0_decode-2500,decode,2500,0,2,8,0,ApplyTopKTopPCustom,"2,154880;2,154880;2;",50,261.67,272.58,271.42,291.33
dp2_pp0_tp0_dcp0_ep8_rank0_decode-2500,decode,2500,0,2,8,0,ArgMaxV2,"1,154880;",150,19.06,19.75,19.85,20.26
dp2_pp0_tp0_dcp0_ep8_rank0_decode-2500,decode,2500,0,2,8,0,AscendQuantV2,"3,2048;2048;2048",3950,8.62,10.38,9.98,20.28
dp2_pp0_tp0_dcp0_ep8_rank0_decode-2500,decode,2500,0,2,8,0,AscendQuantV2,"3,4096;4096;4096",3950,10.76,12.63,12.74,18.72
dp2_pp0_tp0_dcp0_ep8_rank0_decode-2500,decode,2500,0,2,8,0,AscendQuantV2Aicore,"3,2048;2048;2048",50,11.46,11.77,11.74,12.16
dp2_pp0_tp0_dcp0_ep8_rank0_decode-2500,decode,2500,0,2,8,0,AscendQuantV2Aicore,"3,4096;4096;4096",50,12.52,13.07,13.07,13.56
dp2_pp0_tp0_dcp0_ep8_rank0_decode-2500,decode,2500,0,2,8,0,BroadcastTo,1;1,150,1.28,1.47,1.46,1.70
dp2_pp0_tp0_dcp0_ep8_rank0_decode-2500,decode,2500,0,2,8,0,BroadcastTo,;1,50,1.14,1.44,1.44,1.86
dp2_pp0_tp0_dcp0_ep8_rank0_decode-2500,decode,2500,0,2,8,0,Cast,1,700,1.08,1.39,1.36,1.94
dp2_pp0_tp0_dcp0_ep8_rank0_decode-2500,decode,2500,0,2,8,0,Cast,"1,1",50,1.26,1.44,1.42,1.86
dp2_pp0_tp0_dcp0_ep8_rank0_decode-2500,decode,2500,0,2,8,0,Cast,"1,154880",100,2.64,6.07,6.13,10.88
dp2_pp0_tp0_dcp0_ep8_rank0_decode-2500,decode,2500,0,2,8,0,Cast,"1,2",50,1.48,1.64,1.61,1.84
dp2_pp0_tp0_dcp0_ep8_rank0_decode-2500,decode,2500,0,2,8,0,Cast,"1,3",100,1.08,1.33,1.32,1.84
dp2_pp0_tp0_dcp0_ep8_rank0_decode-2500,decode,2500,0,2,8,0,Cast,"1,8",3801,1.04,1.23,1.22,2.08
dp2_pp0_tp0_dcp0_ep8_rank0_decode-2500,decode,2500,0,2,8,0,Cast,2,100,81.40,107.10,103.35,156.86
dp2_pp0_tp0_dcp0_ep8_rank0_decode-2500,decode,2500,0,2,8,0,Cast,"2,154880",50,8.46,8.83,8.81,10.04
dp2_pp0_tp0_dcp0_ep8_rank0_decode-2500,decode,2500,0,2,8,0,Cast,3,650,1.04,1.39,1.38,2.04
dp2_pp0_tp0_dcp0_ep8_rank0_decode-2500,decode,2500,0,2,8,0,Cast,"3,128",7900,1.10,1.31,1.28,5.94
dp2_pp0_tp0_dcp0_ep8_rank0_decode-2500,decode,2500,0,2,8,0,CastAiCore,"1,8",50,1.10,1.22,1.22,1.34
dp2_pp0_tp0_dcp0_ep8_rank0_decode-2500,decode,2500,0,2,8,0,CastAiCore,3,250,1.08,1.41,1.38,1.80
dp2_pp0_tp0_dcp0_ep8_rank0_decode-2500,decode,2500,0,2,8,0,CastAiCore,"3,128",100,1.24,1.42,1.37,1.94
dp2_pp0_tp0_dcp0_ep8_rank0_decode-2500,decode,2500,0,2,8,0,ClipByValueV2,1;;,50,4.66,5.18,5.18,5.56
dp2_pp0_tp0_dcp0_ep8_rank0_decode-2500,decode,2500,0,2,8,0,ConcatD,"3,6144;3,6144",100,2.70,2.94,2.94,3.26
dp2_pp0_tp0_dcp0_ep8_rank0_decode-2500,decode,2500,0,2,8,0,DSARandomUniform,N/A,150,1.10,11.55,15.66,24.14
dp2_pp0_tp0_dcp0_ep8_rank0_decode-2500,decode,2500,0,2,8,0,DispatchFFNCombine,"1,6144;8,6144,4096;8,2048,6144;1,8;32768;49152;1,8",3750,203.84,304.01,267.66,104514.27
dp2_pp0_tp0_dcp0_ep8_rank0_decode-2500,decode,2500,0,2,8,0,DynamicQuant,"3,3072",150,3.72,4.61,4.08,8.36
dp2_pp0_tp0_dcp0_ep8_rank0_decode-2500,decode,2500,0,2,8,0,DynamicQuant,"3,512",3851,3.50,9.90,9.40,300.18
dp2_pp0_tp0_dcp0_ep8_rank0_decode-2500,decode,2500,0,2,8,0,DynamicQuant,"3,6144",3851,5.20,16.36,16.10,162.60
dp2_pp0_tp0_dcp0_ep8_rank0_decode-2500,decode,2500,0,2,8,0,Equal,1;,50,1.72,1.95,1.94,2.32
dp2_pp0_tp0_dcp0_ep8_rank0_decode-2500,decode,2500,0,2,8,0,Equal,"3,1;",100,1.68,1.90,1.88,2.46
dp2_pp0_tp0_dcp0_ep8_rank0_decode-2500,decode,2500,0,2,8,0,Fill,1;,650,1.18,1.58,1.58,2.38
dp2_pp0_tp0_dcp0_ep8_rank0_decode-2500,decode,2500,0,2,8,0,Fill,2;,50,1.44,1.55,1.54,1.70
dp2_pp0_tp0_dcp0_ep8_rank0_decode-2500,decode,2500,0,2,8,0,FloorDiv,1;,50,34.26,46.22,42.57,74.82
dp2_pp0_tp0_dcp0_ep8_rank0_decode-2500,decode,2500,0,2,8,0,FloorMod,1;1,50,2.18,2.47,2.43,2.98
dp2_pp0_tp0_dcp0_ep8_rank0_decode-2500,decode,2500,0,2,8,0,GatherElementsV2,"1,1584;1,1",50,3.30,3.47,3.46,3.70
dp2_pp0_tp0_dcp0_ep8_rank0_decode-2500,decode,2500,0,2,8,0,GatherElementsV2,"1,3;1,1",50,3.82,4.23,4.19,4.84
dp2_pp0_tp0_dcp0_ep8_rank0_decode-2500,decode,2500,0,2,8,0,GatherV2,"38720,6144;3;1",100,2.56,2.93,2.90,3.52
dp2_pp0_tp0_dcp0_ep8_rank0_decode-2500,decode,2500,0,2,8,0,GatherV2AiCore,"38720,6144;3;1",50,2.70,2.98,2.96,3.38
dp2_pp0_tp0_dcp0_ep8_rank0_decode-2500,decode,2500,0,2,8,0,Greater,1;,50,2.92,3.46,3.48,3.84
dp2_pp0_tp0_dcp0_ep8_rank0_decode-2500,decode,2500,0,2,8,0,GreaterEqual,"1,154880;",100,8.20,10.26,9.30,20.18
dp2_pp0_tp0_dcp0_ep8_rank0_decode-2500,decode,2500,0,2,8,0,GreaterEqual,1;,100,2.74,2.95,2.94,3.42
dp2_pp0_tp0_dcp0_ep8_rank0_decode-2500,decode,2500,0,2,8,0,GreaterEqual,3;,150,2.68,3.17,3.14,3.76
dp2_pp0_tp0_dcp0_ep8_rank0_decode-2500,decode,2500,0,2,8,0,GroupedMatmul,"6656,2048;8,2048,6144;;8,6144;;;;8;6656",100,19.00,38.65,38.43,73.46
dp2_pp0_tp0_dcp0_ep8_rank0_decode-2500,decode,2500,0,2,8,0,GroupedMatmulSwigluQuant,"6656,6144;8,128,384,16,32;8,4096;6656;8",100,42.92,87.66,85.37,163.86
dp2_pp0_tp0_dcp0_ep8_rank0_decode-2500,decode,2500,0,2,8,0,Index,1;1;1;1,50,9.54,9.99,9.81,17.78
dp2_pp0_tp0_dcp0_ep8_rank0_decode-2500,decode,2500,0,2,8,0,Index,"202752,64;1;2;3",300,6.78,8.61,8.52,17.04
dp2_pp0_tp0_dcp0_ep8_rank0_decode-2500,decode,2500,0,2,8,0,Index,272;1;1;1,100,8.74,9.78,9.64,16.76
dp2_pp0_tp0_dcp0_ep8_rank0_decode-2500,decode,2500,0,2,8,0,Index,2;1;1;2,50,6.82,7.97,8.02,9.72
dp2_pp0_tp0_dcp0_ep8_rank0_decode-2500,decode,2500,0,2,8,0,Index,"3,154880;1;2;1",50,11.48,12.02,11.74,19.04
dp2_pp0_tp0_dcp0_ep8_rank0_decode-2500,decode,2500,0,2,8,0,Index,"3,154880;1;2;2",50,15.64,15.78,15.78,16.00
dp2_pp0_tp0_dcp0_ep8_rank0_decode-2500,decode,2500,0,2,8,0,Index,"3,6144;1;2;1",150,7.04,9.37,9.62,16.76
dp2_pp0_tp0_dcp0_ep8_rank0_decode-2500,decode,2500,0,2,8,0,Index,"3,6144;1;2;3",100,9.26,10.06,9.78,17.08
dp2_pp0_tp0_dcp0_ep8_rank0_decode-2500,decode,2500,0,2,8,0,Index,340;1;1;3,150,6.72,9.05,9.06,16.40
dp2_pp0_tp0_dcp0_ep8_rank0_decode-2500,decode,2500,0,2,8,0,Index,3;1;1;2,50,9.60,9.89,9.86,10.54
dp2_pp0_tp0_dcp0_ep8_rank0_decode-2500,decode,2500,0,2,8,0,IndexFill,"1,3;;",50,21.04,23.08,23.08,25.04
dp2_pp0_tp0_dcp0_ep8_rank0_decode-2500,decode,2500,0,2,8,0,IndexPutV2,272;1;1;1;1,50,8.84,9.35,9.07,14.82
dp2_pp0_tp0_dcp0_ep8_rank0_decode-2500,decode,2500,0,2,8,0,LayerNormV3,"3,128;128;128",3950,4.24,5.20,4.92,9.20
dp2_pp0_tp0_dcp0_ep8_rank0_decode-2500,decode,2500,0,2,8,0,LayerNormV3WithImplMode,"3,128;128;128",50,6.06,6.66,6.70,7.30
dp2_pp0_tp0_dcp0_ep8_rank0_decode-2500,decode,2500,0,2,8,0,Less,"1,3;",50,2.58,2.76,2.74,3.06
dp2_pp0_tp0_dcp0_ep8_rank0_decode-2500,decode,2500,0,2,8,0,Less,3;,100,2.24,2.60,2.56,3.18
dp2_pp0_tp0_dcp0_ep8_rank0_decode-2500,decode,2500,0,2,8,0,LessAiCore,3;,50,2.50,2.99,3.02,3.52
dp2_pp0_tp0_dcp0_ep8_rank0_decode-2500,decode,2500,0,2,8,0,LightningIndexer,"3,32,128;1765,128,1,128;3,32;1;1;1,1584",4000,25.60,32.49,32.38,41.66
dp2_pp0_tp0_dcp0_ep8_rank0_decode-2500,decode,2500,0,2,8,0,LinearIndex,1;1,50,1.92,2.06,2.02,2.44
dp2_pp0_tp0_dcp0_ep8_rank0_decode-2500,decode,2500,0,2,8,0,LinearIndex,2;1,50,1.66,1.78,1.78,2.04
dp2_pp0_tp0_dcp0_ep8_rank0_decode-2500,decode,2500,0,2,8,0,Log,"1,154880",100,5.42,8.16,8.00,19.62
dp2_pp0_tp0_dcp0_ep8_rank0_decode-2500,decode,2500,0,2,8,0,LogicalAnd,"1,3;1,3",50,1.42,1.63,1.60,2.12
dp2_pp0_tp0_dcp0_ep8_rank0_decode-2500,decode,2500,0,2,8,0,LogicalAnd,3;3,100,1.20,1.53,1.50,2.16
dp2_pp0_tp0_dcp0_ep8_rank0_decode-2500,decode,2500,0,2,8,0,LogicalAndAiCore,3;3,50,1.46,1.74,1.74,2.14
dp2_pp0_tp0_dcp0_ep8_rank0_decode-2500,decode,2500,0,2,8,0,LogicalNot,3,100,1.34,1.55,1.52,1.94
dp2_pp0_tp0_dcp0_ep8_rank0_decode-2500,decode,2500,0,2,8,0,LogicalNotAiCore,3,50,1.36,1.64,1.61,1.96
dp2_pp0_tp0_dcp0_ep8_rank0_decode-2500,decode,2500,0,2,8,0,MaskedFill,"1,154880;1,154880;",100,8.54,11.98,11.39,28.22
dp2_pp0_tp0_dcp0_ep8_rank0_decode-2500,decode,2500,0,2,8,0,MaskedFill,1;1;,100,1.52,1.74,1.74,2.02
dp2_pp0_tp0_dcp0_ep8_rank0_decode-2500,decode,2500,0,2,8,0,MaskedFill,"3,6144;3,1;",100,14.00,16.17,15.74,24.38
dp2_pp0_tp0_dcp0_ep8_rank0_decode-2500,decode,2500,0,2,8,0,MaskedFillAiCore,"3,6144;3,1;",50,15.38,16.19,16.23,16.88
dp2_pp0_tp0_dcp0_ep8_rank0_decode-2500,decode,2500,0,2,8,0,MatMulCommon,"3,6144;128,6144",50,15.30,15.72,15.73,16.24
dp2_pp0_tp0_dcp0_ep8_rank0_decode-2500,decode,2500,0,2,8,0,MatMulCommon,"3,6144;256,6144",50,9.82,10.46,10.46,11.24
dp2_pp0_tp0_dcp0_ep8_rank0_decode-2500,decode,2500,0,2,8,0,MatMulCommon,"3,6144;32,6144",50,12.76,12.98,12.97,13.46
dp2_pp0_tp0_dcp0_ep8_rank0_decode-2500,decode,2500,0,2,8,0,MatMulV2,"1,6144;38720,6144",100,389.01,396.80,397.16,403.91
dp2_pp0_tp0_dcp0_ep8_rank0_decode-2500,decode,2500,0,2,8,0,MatMulV2,"3,12288;6144,12288",100,124.70,161.23,161.34,198.26
dp2_pp0_tp0_dcp0_ep8_rank0_decode-2500,decode,2500,0,2,8,0,MatMulV2,"3,6144;128,6144",3950,13.42,14.56,14.42,28.86
dp2_pp0_tp0_dcp0_ep8_rank0_decode-2500,decode,2500,0,2,8,0,MatMulV2,"3,6144;256,6144",3801,8.16,10.29,10.56,11.92
dp2_pp0_tp0_dcp0_ep8_rank0_decode-2500,decode,2500,0,2,8,0,MatMulV2,"3,6144;32,6144",3950,11.54,12.78,12.72,25.62
dp2_pp0_tp0_dcp0_ep8_rank0_decode-2500,decode,2500,0,2,8,0,MatMulV2,"3,6144;38720,6144",50,391.53,397.31,397.32,402.31
dp2_pp0_tp0_dcp0_ep8_rank0_decode-2500,decode,2500,0,2,8,0,MatMulV2,"3,6144;6144,6144",100,62.20,69.50,69.87,77.34
dp2_pp0_tp0_dcp0_ep8_rank0_decode-2500,decode,2500,0,2,8,0,MemSet,N/A,7602,5.34,10.75,12.49,22.42
dp2_pp0_tp0_dcp0_ep8_rank0_decode-2500,decode,2500,0,2,8,0,MoeDistributeCombineV2,"6656,6144;1,8;851968;256;1,8;1;;;;;6656;;;;;;;",100,30.02,112.01,111.57,186.84
dp2_pp0_tp0_dcp0_ep8_rank0_decode-2500,decode,2500,0,2,8,0,MoeDistributeDispatchV2,"1,6144;1,8;;;;;",100,48.36,84.78,70.96,437.41
dp2_pp0_tp0_dcp0_ep8_rank0_decode-2500,decode,2500,0,2,8,0,MoeGatingTopK,"1,256;256",3851,3.56,4.13,3.94,5.88
dp2_pp0_tp0_dcp0_ep8_rank0_decode-2500,decode,2500,0,2,8,0,Mul,"1,154880;",100,6.32,8.34,7.90,31.42
dp2_pp0_tp0_dcp0_ep8_rank0_decode-2500,decode,2500,0,2,8,0,Mul,1;,50,1.48,1.65,1.64,1.96
dp2_pp0_tp0_dcp0_ep8_rank0_decode-2500,decode,2500,0,2,8,0,Mul,3;,100,1.68,1.93,1.90,2.38
dp2_pp0_tp0_dcp0_ep8_rank0_decode-2500,decode,2500,0,2,8,0,Mul,3;3,100,1.88,2.16,2.14,2.56
dp2_pp0_tp0_dcp0_ep8_rank0_decode-2500,decode,2500,0,2,8,0,MulAiCore,3;,50,1.66,1.97,2.02,2.34
dp2_pp0_tp0_dcp0_ep8_rank0_decode-2500,decode,2500,0,2,8,0,MulAiCore,3;3,50,2.00,2.27,2.28,2.54
dp2_pp0_tp0_dcp0_ep8_rank0_decode-2500,decode,2500,0,2,8,0,Neg,"1,154880",100,6.56,10.68,9.12,35.54
dp2_pp0_tp0_dcp0_ep8_rank0_decode-2500,decode,2500,0,2,8,0,NotEqual,"1,3;",50,1.70,1.89,1.86,2.24
dp2_pp0_tp0_dcp0_ep8_rank0_decode-2500,decode,2500,0,2,8,0,NotEqual,1;,50,2.26,2.69,2.67,3.20
dp2_pp0_tp0_dcp0_ep8_rank0_decode-2500,decode,2500,0,2,8,0,PadV3,"3,256;4;",3801,2.30,2.62,2.60,4.34
dp2_pp0_tp0_dcp0_ep8_rank0_decode-2500,decode,2500,0,2,8,0,PadV3,"3,6144;4;",3801,15.56,18.10,17.84,34.70
dp2_pp0_tp0_dcp0_ep8_rank0_decode-2500,decode,2500,0,2,8,0,PadV3AiCore,"3,256;4;",50,2.66,2.85,2.84,3.10
dp2_pp0_tp0_dcp0_ep8_rank0_decode-2500,decode,2500,0,2,8,0,PadV3AiCore,"3,6144;4;",50,20.12,20.74,20.69,21.50
dp2_pp0_tp0_dcp0_ep8_rank0_decode-2500,decode,2500,0,2,8,0,PadV3AiCore,N/A,100,6.30,10.69,10.70,15.20
dp2_pp0_tp0_dcp0_ep8_rank0_decode-2500,decode,2500,0,2,8,0,QuantBatchMatmulV3,"3,2048;128,128,16,32;4096;4096",4000,18.66,20.27,20.24,26.46
dp2_pp0_tp0_dcp0_ep8_rank0_decode-2500,decode,2500,0,2,8,0,QuantBatchMatmulV3,"3,3072;192,192,16,32;6144;3",150,23.82,26.06,26.10,31.46
dp2_pp0_tp0_dcp0_ep8_rank0_decode-2500,decode,2500,0,2,8,0,QuantBatchMatmulV3,"3,4096;192,256,16,32;6144;6144",4000,28.62,32.04,31.92,38.28
dp2_pp0_tp0_dcp0_ep8_rank0_decode-2500,decode,2500,0,2,8,0,QuantBatchMatmulV3,"3,512;192,32,16,32;6144;3",3850,14.14,287.24,268.73,104521.57
dp2_pp0_tp0_dcp0_ep8_rank0_decode-2500,decode,2500,0,2,8,0,QuantBatchMatmulV3,"3,6144;192,384,16,32;6144;3",150,38.58,39.81,39.80,41.72
dp2_pp0_tp0_dcp0_ep8_rank0_decode-2500,decode,2500,0,2,8,0,QuantBatchMatmulV3,"3,6144;32,384,16,32;1024;3",3851,17.72,29.88,28.02,447.27
dp2_pp0_tp0_dcp0_ep8_rank0_decode-2500,decode,2500,0,2,8,0,RealDiv,"1,154880;1,1",50,8.02,8.18,8.17,8.48
dp2_pp0_tp0_dcp0_ep8_rank0_decode-2500,decode,2500,0,2,8,0,RealDiv,"1,154880;1,154880",50,9.56,9.96,9.81,16.54
dp2_pp0_tp0_dcp0_ep8_rank0_decode-2500,decode,2500,0,2,8,0,RealDiv,"2,154880;2,1",50,11.94,12.33,12.29,12.92
dp2_pp0_tp0_dcp0_ep8_rank0_decode-2500,decode,2500,0,2,8,0,ReduceSum,"1,3;1",50,3.42,3.77,3.81,4.34
dp2_pp0_tp0_dcp0_ep8_rank0_decode-2500,decode,2500,0,2,8,0,RmsNorm,"1,6144;6144",100,3.20,3.36,3.36,3.68
dp2_pp0_tp0_dcp0_ep8_rank0_decode-2500,decode,2500,0,2,8,0,RmsNorm,"3,6144;6144",350,3.62,4.70,4.92,5.82
dp2_pp0_tp0_dcp0_ep8_rank0_decode-2500,decode,2500,0,2,8,0,ScatterElementsV2,340;1;1,50,2.52,2.94,2.94,3.52
dp2_pp0_tp0_dcp0_ep8_rank0_decode-2500,decode,2500,0,2,8,0,ScatterElementsV2,340;2;2,50,2.06,2.24,2.23,2.44
dp2_pp0_tp0_dcp0_ep8_rank0_decode-2500,decode,2500,0,2,8,0,ScatterNdUpdate,"225920,128;3,1;3,128",801,11.84,12.58,12.48,16.72
dp2_pp0_tp0_dcp0_ep8_rank0_decode-2500,decode,2500,0,2,8,0,ScatterNdUpdateAiCore,"225920,128;3,1;3,128",3199,5.52,12.63,12.50,16.84
dp2_pp0_tp0_dcp0_ep8_rank0_decode-2500,decode,2500,0,2,8,0,SelectV2,1;1;1,50,1.80,2.03,2.02,2.34
dp2_pp0_tp0_dcp0_ep8_rank0_decode-2500,decode,2500,0,2,8,0,SelectV2,1;;1,100,1.54,1.82,1.81,2.24
dp2_pp0_tp0_dcp0_ep8_rank0_decode-2500,decode,2500,0,2,8,0,SelectV2,"3,1;;3,6144",100,15.84,16.61,16.35,20.98
dp2_pp0_tp0_dcp0_ep8_rank0_decode-2500,decode,2500,0,2,8,0,Slice,"202752,128;2;2",300,24.30,32.29,25.92,51.32
dp2_pp0_tp0_dcp0_ep8_rank0_decode-2500,decode,2500,0,2,8,0,SoftmaxV2,"1,154880",50,44.76,45.13,45.12,45.62
dp2_pp0_tp0_dcp0_ep8_rank0_decode-2500,decode,2500,0,2,8,0,SoftmaxV2,"2,154880",50,45.18,46.21,46.00,47.38
dp2_pp0_tp0_dcp0_ep8_rank0_decode-2500,decode,2500,0,2,8,0,Sort,"1,154880",50,229.68,231.91,231.78,234.82
dp2_pp0_tp0_dcp0_ep8_rank0_decode-2500,decode,2500,0,2,8,0,Sort,"2,154880",50,233.34,235.98,235.98,238.30
dp2_pp0_tp0_dcp0_ep8_rank0_decode-2500,decode,2500,0,2,8,0,SparseFlashAttention,"3,16,512;1765,128,1,512;1765,128,1,512;3,1,2048;1,1584;1;1;3,16,64;1765,128,1,64",3999,83.76,89.70,88.90,118.30
dp2_pp0_tp0_dcp0_ep8_rank0_decode-2500,decode,2500,0,2,8,0,Sub,1;,50,2.28,2.45,2.42,2.68
dp2_pp0_tp0_dcp0_ep8_rank0_decode-2500,decode,2500,0,2,8,0,Sub,3;3,100,1.88,2.31,2.33,2.94
dp2_pp0_tp0_dcp0_ep8_rank0_decode-2500,decode,2500,0,2,8,0,SubAiCore,3;3,50,2.44,2.88,2.86,3.26
dp2_pp0_tp0_dcp0_ep8_rank0_decode-2500,decode,2500,0,2,8,0,SwiGlu,"3,1024",3851,3.06,3.56,3.40,15.46
dp2_pp0_tp0_dcp0_ep8_rank0_decode-2500,decode,2500,0,2,8,0,SwiGlu,"3,6144",150,3.72,4.18,3.90,9.00
dp2_pp0_tp0_dcp0_ep8_rank0_decode-2500,decode,2500,0,2,8,0,TensorMove,"2,154880",50,8.72,9.06,9.01,12.32
dp2_pp0_tp0_dcp0_ep8_rank0_decode-2500,decode,2500,0,2,8,0,Transpose,"4,3,38720;3",50,10.08,10.95,11.01,11.62
dp2_pp0_tp0_dcp0_ep8_rank0_decode-2500,decode,2500,0,2,8,0,ZerosLike,"2,1",50,1.78,1.94,1.93,2.34
dp2_pp0_tp0_dcp0_ep8_rank0_decode-2500,decode,2500,0,2,8,0,_triton_rope_siso,"3,1,128;3,64;3,64",100,2.02,2.16,2.14,2.58
dp2_pp0_tp0_dcp0_ep8_rank0_decode-2500,decode,2500,0,2,8,0,_triton_rope_siso,"3,32,128;3,64;3,64",100,3.70,3.93,3.86,4.38
dp2_pp0_tp0_dcp0_ep8_rank0_decode-2500,decode,2500,0,2,8,0,_triton_rope_siso_0,N/A,3900,1.72,1.94,1.90,6.04
dp2_pp0_tp0_dcp0_ep8_rank0_decode-2500,decode,2500,0,2,8,0,_triton_rope_siso_1,N/A,3900,3.50,3.75,3.70,13.58
dp2_pp0_tp0_dcp0_ep8_rank0_decode-2500,decode,2500,0,2,8,0,batch_matmul_transpose,N/A,100,9.28,10.06,10.04,11.14
dp2_pp0_tp0_dcp0_ep8_rank0_decode-2500,decode,2500,0,2,8,0,batch_matmul_transpose_0,N/A,3899,9.20,11.05,11.26,16.34
dp2_pp0_tp0_dcp0_ep8_rank0_decode-2500,decode,2500,0,2,8,0,expand_kernel,1;1,100,1.30,1.53,1.49,1.86
dp2_pp0_tp0_dcp0_ep8_rank0_decode-2500,decode,2500,0,2,8,0,hcom_allGather_,N/A,8000,5.90,11.31,10.72,76.88
dp2_pp0_tp0_dcp0_ep8_rank0_decode-2500,decode,2500,0,2,8,0,hcom_allReduce_,N/A,16402,4.22,11.66,8.28,138.16
dp2_pp0_tp0_dcp0_ep8_rank0_decode-2500,decode,2500,0,2,8,0,mla_preprocess,N/A,100,61.56,63.87,63.44,70.04
dp2_pp0_tp0_dcp0_ep8_rank0_decode-2500,decode,2500,0,2,8,0,mla_preprocess_0_mix_aic,N/A,3900,60.52,66.05,64.80,78.06
dp2_pp0_tp0_dcp0_ep8_rank0_decode-2500,decode,2500,0,2,8,0,muls_add_kernel,"3,6144;3,6144",100,2.80,3.00,3.01,3.30
dp2_pp0_tp0_dcp0_ep8_rank0_decode-2500,decode,2500,0,2,8,0,muls_add_kernel_1,N/A,3750,2.46,2.75,2.72,3.52
dp2_pp0_tp0_dcp0_ep8_rank0_decode-2500,decode,2500,0,2,8,0,prepare_inputs_padded_kernel,1;1;2,50,3.22,3.36,3.34,3.58
dp2_pp0_tp0_dcp0_ep8_rank0_decode-2500,decode,2500,0,2,8,0,rejection_random_sample_kernel,"1;2;2,154880;1,1",50,1.96,2.25,2.25,2.54
dp2_pp0_tp0_dcp0_ep8_rank0_decode-2500,decode,2500,0,2,8,0,sample_recovered_tokens_kernel,"1;2;2,154880",50,53.92,54.57,54.60,55.14
dp2_pp0_tp2_dcp0_ep10_rank2_decode-10k,decode,10k,2,2,10,2,Add,"1,154880;",18,7.90,10.09,8.63,25.08
dp2_pp0_tp2_dcp0_ep10_rank2_decode-10k,decode,10k,2,2,10,2,Add,10;,2,1.54,1.66,1.66,1.78
dp2_pp0_tp2_dcp0_ep10_rank2_decode-10k,decode,10k,2,2,10,2,Add,"12,6144;12,6144",2,8.06,9.34,9.34,10.62
dp2_pp0_tp2_dcp0_ep10_rank2_decode-10k,decode,10k,2,2,10,2,Add,12;,2,1.48,1.57,1.57,1.66
dp2_pp0_tp2_dcp0_ep10_rank2_decode-10k,decode,10k,2,2,10,2,Add,14;,2,1.46,1.54,1.54,1.62
dp2_pp0_tp2_dcp0_ep10_rank2_decode-10k,decode,10k,2,2,10,2,Add,"15,6144;15,6144",4,7.78,7.94,7.95,8.08
dp2_pp0_tp2_dcp0_ep10_rank2_decode-10k,decode,10k,2,2,10,2,Add,16;,19,1.42,1.62,1.60,1.76
dp2_pp0_tp2_dcp0_ep10_rank2_decode-10k,decode,10k,2,2,10,2,Add,"18,6144;18,6144",4,7.82,8.69,7.91,11.10
dp2_pp0_tp2_dcp0_ep10_rank2_decode-10k,decode,10k,2,2,10,2,Add,1;,27,1.36,1.50,1.46,1.82
dp2_pp0_tp2_dcp0_ep10_rank2_decode-10k,decode,10k,2,2,10,2,Add,1;1,9,1.22,1.47,1.46,1.70
dp2_pp0_tp2_dcp0_ep10_rank2_decode-10k,decode,10k,2,2,10,2,Add,"2,154880;",4,8.14,9.74,9.66,11.50
dp2_pp0_tp2_dcp0_ep10_rank2_decode-10k,decode,10k,2,2,10,2,Add,"21,6144;21,6144",4,7.94,7.99,8.00,8.02
dp2_pp0_tp2_dcp0_ep10_rank2_decode-10k,decode,10k,2,2,10,2,Add,"24,6144;24,6144",38,7.76,8.10,7.93,11.36
dp2_pp0_tp2_dcp0_ep10_rank2_decode-10k,decode,10k,2,2,10,2,Add,2;,15,1.38,1.57,1.56,1.76
dp2_pp0_tp2_dcp0_ep10_rank2_decode-10k,decode,10k,2,2,10,2,Add,2;2,2,1.48,1.65,1.65,1.82
dp2_pp0_tp2_dcp0_ep10_rank2_decode-10k,decode,10k,2,2,10,2,Add,"3,154880;",6,7.72,22.01,8.35,62.70
dp2_pp0_tp2_dcp0_ep10_rank2_decode-10k,decode,10k,2,2,10,2,Add,"3,6144;3,6144",18,3.96,4.18,4.16,4.38
dp2_pp0_tp2_dcp0_ep10_rank2_decode-10k,decode,10k,2,2,10,2,Add,3;,9,1.48,1.55,1.54,1.66
dp2_pp0_tp2_dcp0_ep10_rank2_decode-10k,decode,10k,2,2,10,2,Add,3;3,3,1.58,1.83,1.92,1.98
dp2_pp0_tp2_dcp0_ep10_rank2_decode-10k,decode,10k,2,2,10,2,Add,"4,154880;",2,9.04,9.24,9.24,9.44
dp2_pp0_tp2_dcp0_ep10_rank2_decode-10k,decode,10k,2,2,10,2,Add,4;,5,1.36,1.51,1.48,1.72
dp2_pp0_tp2_dcp0_ep10_rank2_decode-10k,decode,10k,2,2,10,2,Add,4;4,1,1.62,1.62,1.62,1.62
dp2_pp0_tp2_dcp0_ep10_rank2_decode-10k,decode,10k,2,2,10,2,Add,"5,154880;",4,8.94,11.83,9.48,19.42
dp2_pp0_tp2_dcp0_ep10_rank2_decode-10k,decode,10k,2,2,10,2,Add,5;,6,1.44,1.49,1.50,1.52
dp2_pp0_tp2_dcp0_ep10_rank2_decode-10k,decode,10k,2,2,10,2,Add,5;5,2,1.36,1.51,1.51,1.66
dp2_pp0_tp2_dcp0_ep10_rank2_decode-10k,decode,10k,2,2,10,2,Add,"6,154880;",4,9.18,9.39,9.31,9.76
dp2_pp0_tp2_dcp0_ep10_rank2_decode-10k,decode,10k,2,2,10,2,Add,"6,6144;6,6144",4,6.40,6.49,6.46,6.62
dp2_pp0_tp2_dcp0_ep10_rank2_decode-10k,decode,10k,2,2,10,2,Add,6;,9,1.42,1.53,1.50,1.76
dp2_pp0_tp2_dcp0_ep10_rank2_decode-10k,decode,10k,2,2,10,2,Add,6;6,2,1.34,1.62,1.62,1.90
dp2_pp0_tp2_dcp0_ep10_rank2_decode-10k,decode,10k,2,2,10,2,Add,"7,154880;",4,9.24,9.58,9.59,9.90
dp2_pp0_tp2_dcp0_ep10_rank2_decode-10k,decode,10k,2,2,10,2,Add,7;,6,1.34,1.48,1.48,1.60
dp2_pp0_tp2_dcp0_ep10_rank2_decode-10k,decode,10k,2,2,10,2,Add,7;7,2,1.36,1.68,1.68,2.00
dp2_pp0_tp2_dcp0_ep10_rank2_decode-10k,decode,10k,2,2,10,2,Add,"8,154880;",38,8.64,12.31,9.72,64.90
dp2_pp0_tp2_dcp0_ep10_rank2_decode-10k,decode,10k,2,2,10,2,Add,8;,58,1.30,1.53,1.52,1.84
dp2_pp0_tp2_dcp0_ep10_rank2_decode-10k,decode,10k,2,2,10,2,Add,8;8,19,1.38,1.57,1.54,1.96
dp2_pp0_tp2_dcp0_ep10_rank2_decode-10k,decode,10k,2,2,10,2,Add,"9,6144;9,6144",6,7.80,7.91,7.89,8.02
dp2_pp0_tp2_dcp0_ep10_rank2_decode-10k,decode,10k,2,2,10,2,AddRmsNormBias,"12,6144;12,6144;6144;6144",155,4.88,5.20,5.16,7.80
dp2_pp0_tp2_dcp0_ep10_rank2_decode-10k,decode,10k,2,2,10,2,AddRmsNormBias,"15,6144;15,6144;6144;6144",310,5.36,5.71,5.68,6.92
dp2_pp0_tp2_dcp0_ep10_rank2_decode-10k,decode,10k,2,2,10,2,AddRmsNormBias,"18,6144;18,6144;6144;6144",4,6.36,6.51,6.46,6.76
dp2_pp0_tp2_dcp0_ep10_rank2_decode-10k,decode,10k,2,2,10,2,AddRmsNormBias,"21,6144;21,6144;6144;6144",616,6.18,6.71,6.62,17.30
dp2_pp0_tp2_dcp0_ep10_rank2_decode-10k,decode,10k,2,2,10,2,AddRmsNormBias,"24,6144;24,6144;6144;6144",38,7.10,7.46,7.39,8.54
dp2_pp0_tp2_dcp0_ep10_rank2_decode-10k,decode,10k,2,2,10,2,AddRmsNormBias,"27,6144;27,6144;6144;6144",2907,7.08,8.00,7.94,16.18
dp2_pp0_tp2_dcp0_ep10_rank2_decode-10k,decode,10k,2,2,10,2,AddRmsNormBias,"3,6144;3,6144;6144;6144",1395,3.54,3.86,3.84,4.64
dp2_pp0_tp2_dcp0_ep10_rank2_decode-10k,decode,10k,2,2,10,2,AddRmsNormBias,"6,6144;6,6144;6144;6144",310,3.94,4.21,4.20,4.98
dp2_pp0_tp2_dcp0_ep10_rank2_decode-10k,decode,10k,2,2,10,2,AddRmsNormBias,"9,6144;9,6144;6144;6144",465,4.36,4.71,4.68,5.30
dp2_pp0_tp2_dcp0_ep10_rank2_decode-10k,decode,10k,2,2,10,2,AddRmsNormDynamicQuant,"12,6144;12,6144;6144;6144",2,7.80,7.84,7.84,7.88
dp2_pp0_tp2_dcp0_ep10_rank2_decode-10k,decode,10k,2,2,10,2,AddRmsNormDynamicQuant,"15,6144;15,6144;6144;6144",4,8.24,8.50,8.47,8.80
dp2_pp0_tp2_dcp0_ep10_rank2_decode-10k,decode,10k,2,2,10,2,AddRmsNormDynamicQuant,"21,6144;21,6144;6144;6144",8,10.28,10.71,10.70,11.14
dp2_pp0_tp2_dcp0_ep10_rank2_decode-10k,decode,10k,2,2,10,2,AddRmsNormDynamicQuant,"27,6144;27,6144;6144;6144",38,12.04,12.90,12.79,15.46
dp2_pp0_tp2_dcp0_ep10_rank2_decode-10k,decode,10k,2,2,10,2,AddRmsNormDynamicQuant,"3,6144;3,6144;6144;6144",18,5.06,5.47,5.32,7.82
dp2_pp0_tp2_dcp0_ep10_rank2_decode-10k,decode,10k,2,2,10,2,AddRmsNormDynamicQuant,"6,6144;6,6144;6144;6144",4,5.82,5.90,5.91,5.94
dp2_pp0_tp2_dcp0_ep10_rank2_decode-10k,decode,10k,2,2,10,2,AddRmsNormDynamicQuant,"9,6144;9,6144;6144;6144",6,6.76,6.88,6.85,7.10
dp2_pp0_tp2_dcp0_ep10_rank2_decode-10k,decode,10k,2,2,10,2,AddRmsNormDynamicQuantAiCore,"12,6144;12,6144;6144;6144",1,8.00,8.00,8.00,8.00
dp2_pp0_tp2_dcp0_ep10_rank2_decode-10k,decode,10k,2,2,10,2,AddRmsNormDynamicQuantAiCore,"15,6144;15,6144;6144;6144",2,8.32,8.66,8.66,9.00
dp2_pp0_tp2_dcp0_ep10_rank2_decode-10k,decode,10k,2,2,10,2,AddRmsNormDynamicQuantAiCore,"21,6144;21,6144;6144;6144",4,10.14,10.46,10.43,10.82
dp2_pp0_tp2_dcp0_ep10_rank2_decode-10k,decode,10k,2,2,10,2,AddRmsNormDynamicQuantAiCore,"27,6144;27,6144;6144;6144",19,11.56,12.14,12.14,12.52
dp2_pp0_tp2_dcp0_ep10_rank2_decode-10k,decode,10k,2,2,10,2,AddRmsNormDynamicQuantAiCore,"3,6144;3,6144;6144;6144",9,6.22,6.63,6.70,6.86
dp2_pp0_tp2_dcp0_ep10_rank2_decode-10k,decode,10k,2,2,10,2,AddRmsNormDynamicQuantAiCore,"6,6144;6,6144;6144;6144",2,6.72,6.96,6.96,7.20
dp2_pp0_tp2_dcp0_ep10_rank2_decode-10k,decode,10k,2,2,10,2,AddRmsNormDynamicQuantAiCore,"9,6144;9,6144;6144;6144",3,7.32,7.42,7.34,7.60
dp2_pp0_tp2_dcp0_ep10_rank2_decode-10k,decode,10k,2,2,10,2,ApplyTopKTopPCustom,"1,154880;1,154880;1;",9,259.23,263.07,263.25,266.41
dp2_pp0_tp2_dcp0_ep10_rank2_decode-10k,decode,10k,2,2,10,2,ApplyTopKTopPCustom,"10,154880;10,154880;10;",2,292.11,332.12,332.12,372.14
dp2_pp0_tp2_dcp0_ep10_rank2_decode-10k,decode,10k,2,2,10,2,ApplyTopKTopPCustom,"12,154880;12,154880;12;",2,297.83,298.80,298.80,299.77
dp2_pp0_tp2_dcp0_ep10_rank2_decode-10k,decode,10k,2,2,10,2,ApplyTopKTopPCustom,"14,154880;14,154880;14;",2,297.13,1475.46,1475.46,2653.79
dp2_pp0_tp2_dcp0_ep10_rank2_decode-10k,decode,10k,2,2,10,2,ApplyTopKTopPCustom,"16,154880;16,154880;16;",19,290.33,301.59,303.11,309.13
dp2_pp0_tp2_dcp0_ep10_rank2_decode-10k,decode,10k,2,2,10,2,ApplyTopKTopPCustom,"2,154880;2,154880;2;",11,262.51,271.69,272.87,278.11
dp2_pp0_tp2_dcp0_ep10_rank2_decode-10k,decode,10k,2,2,10,2,ApplyTopKTopPCustom,"3,154880;3,154880;3;",3,276.27,290.85,281.71,314.57
dp2_pp0_tp2_dcp0_ep10_rank2_decode-10k,decode,10k,2,2,10,2,ApplyTopKTopPCustom,"4,154880;4,154880;4;",3,282.01,345.08,296.91,456.32
dp2_pp0_tp2_dcp0_ep10_rank2_decode-10k,decode,10k,2,2,10,2,ApplyTopKTopPCustom,"5,154880;5,154880;5;",2,288.59,288.75,288.75,288.91
dp2_pp0_tp2_dcp0_ep10_rank2_decode-10k,decode,10k,2,2,10,2,ApplyTopKTopPCustom,"6,154880;6,154880;6;",5,288.25,330.61,290.47,396.16
dp2_pp0_tp2_dcp0_ep10_rank2_decode-10k,decode,10k,2,2,10,2,ApplyTopKTopPCustom,"7,154880;7,154880;7;",2,281.07,288.91,288.91,296.75
dp2_pp0_tp2_dcp0_ep10_rank2_decode-10k,decode,10k,2,2,10,2,ApplyTopKTopPCustom,"8,154880;8,154880;8;",20,278.45,293.17,285.16,438.46
dp2_pp0_tp2_dcp0_ep10_rank2_decode-10k,decode,10k,2,2,10,2,ArgMaxV2,"1,154880;",27,19.30,19.75,19.78,20.16
dp2_pp0_tp2_dcp0_ep10_rank2_decode-10k,decode,10k,2,2,10,2,ArgMaxV2,"2,154880;",6,36.76,37.29,37.37,37.56
dp2_pp0_tp2_dcp0_ep10_rank2_decode-10k,decode,10k,2,2,10,2,ArgMaxV2,"3,154880;",9,54.46,55.06,55.06,55.74
dp2_pp0_tp2_dcp0_ep10_rank2_decode-10k,decode,10k,2,2,10,2,ArgMaxV2,"4,154880;",3,71.64,71.97,72.00,72.26
dp2_pp0_tp2_dcp0_ep10_rank2_decode-10k,decode,10k,2,2,10,2,ArgMaxV2,"5,154880;",6,88.66,89.38,89.29,90.20
dp2_pp0_tp2_dcp0_ep10_rank2_decode-10k,decode,10k,2,2,10,2,ArgMaxV2,"6,154880;",6,106.64,107.33,106.87,108.74
dp2_pp0_tp2_dcp0_ep10_rank2_decode-10k,decode,10k,2,2,10,2,ArgMaxV2,"7,154880;",6,123.10,124.56,124.37,126.29
dp2_pp0_tp2_dcp0_ep10_rank2_decode-10k,decode,10k,2,2,10,2,ArgMaxV2,"8,154880;",57,140.63,142.28,142.39,144.05
dp2_pp0_tp2_dcp0_ep10_rank2_decode-10k,decode,10k,2,2,10,2,AscendQuantV2,"12,2048;2048;2048",79,10.30,11.22,10.62,18.36
dp2_pp0_tp2_dcp0_ep10_rank2_decode-10k,decode,10k,2,2,10,2,AscendQuantV2,"12,4096;4096;4096",79,10.40,11.18,10.78,18.66
dp2_pp0_tp2_dcp0_ep10_rank2_decode-10k,decode,10k,2,2,10,2,AscendQuantV2,"15,2048;2048;2048",158,9.80,10.78,10.31,18.22
dp2_pp0_tp2_dcp0_ep10_rank2_decode-10k,decode,10k,2,2,10,2,AscendQuantV2,"15,4096;4096;4096",158,9.78,10.51,10.34,17.80
dp2_pp0_tp2_dcp0_ep10_rank2_decode-10k,decode,10k,2,2,10,2,AscendQuantV2,"18,2048;2048;2048",4,10.62,10.96,10.87,11.48
dp2_pp0_tp2_dcp0_ep10_rank2_decode-10k,decode,10k,2,2,10,2,AscendQuantV2,"18,4096;4096;4096",4,9.58,9.91,9.95,10.14
dp2_pp0_tp2_dcp0_ep10_rank2_decode-10k,decode,10k,2,2,10,2,AscendQuantV2,"21,2048;2048;2048",312,8.28,10.62,10.18,18.04
dp2_pp0_tp2_dcp0_ep10_rank2_decode-10k,decode,10k,2,2,10,2,AscendQuantV2,"21,4096;4096;4096",312,9.56,10.54,10.22,18.36
dp2_pp0_tp2_dcp0_ep10_rank2_decode-10k,decode,10k,2,2,10,2,AscendQuantV2,"24,2048;2048;2048",38,11.52,12.22,11.86,18.32
dp2_pp0_tp2_dcp0_ep10_rank2_decode-10k,decode,10k,2,2,10,2,AscendQuantV2,"24,4096;4096;4096",38,10.16,11.26,10.67,18.02
dp2_pp0_tp2_dcp0_ep10_rank2_decode-10k,decode,10k,2,2,10,2,AscendQuantV2,"27,2048;2048;2048",1463,8.94,10.27,9.86,18.28
dp2_pp0_tp2_dcp0_ep10_rank2_decode-10k,decode,10k,2,2,10,2,AscendQuantV2,"27,4096;4096;4096",1463,9.06,10.77,10.12,18.46
dp2_pp0_tp2_dcp0_ep10_rank2_decode-10k,decode,10k,2,2,10,2,AscendQuantV2,"3,2048;2048;2048",711,8.84,10.25,9.86,18.40
dp2_pp0_tp2_dcp0_ep10_rank2_decode-10k,decode,10k,2,2,10,2,AscendQuantV2,"3,4096;4096;4096",711,10.10,10.91,10.60,18.64
dp2_pp0_tp2_dcp0_ep10_rank2_decode-10k,decode,10k,2,2,10,2,AscendQuantV2,"6,2048;2048;2048",158,10.22,10.94,10.60,18.94
dp2_pp0_tp2_dcp0_ep10_rank2_decode-10k,decode,10k,2,2,10,2,AscendQuantV2,"6,4096;4096;4096",158,10.32,10.85,10.58,18.46
dp2_pp0_tp2_dcp0_ep10_rank2_decode-10k,decode,10k,2,2,10,2,AscendQuantV2,"9,2048;2048;2048",237,9.32,10.24,9.86,17.62
dp2_pp0_tp2_dcp0_ep10_rank2_decode-10k,decode,10k,2,2,10,2,AscendQuantV2,"9,4096;4096;4096",237,9.22,10.13,9.90,17.76
dp2_pp0_tp2_dcp0_ep10_rank2_decode-10k,decode,10k,2,2,10,2,AscendQuantV2Aicore,"12,2048;2048;2048",1,18.04,18.04,18.04,18.04
dp2_pp0_tp2_dcp0_ep10_rank2_decode-10k,decode,10k,2,2,10,2,AscendQuantV2Aicore,"12,4096;4096;4096",1,10.70,10.70,10.70,10.70
dp2_pp0_tp2_dcp0_ep10_rank2_decode-10k,decode,10k,2,2,10,2,AscendQuantV2Aicore,"15,2048;2048;2048",2,17.46,17.58,17.58,17.70
dp2_pp0_tp2_dcp0_ep10_rank2_decode-10k,decode,10k,2,2,10,2,AscendQuantV2Aicore,"15,4096;4096;4096",2,9.86,9.98,9.98,10.10
dp2_pp0_tp2_dcp0_ep10_rank2_decode-10k,decode,10k,2,2,10,2,AscendQuantV2Aicore,"21,2048;2048;2048",4,10.92,11.03,11.02,11.14
dp2_pp0_tp2_dcp0_ep10_rank2_decode-10k,decode,10k,2,2,10,2,AscendQuantV2Aicore,"21,4096;4096;4096",4,9.86,10.04,10.09,10.14
dp2_pp0_tp2_dcp0_ep10_rank2_decode-10k,decode,10k,2,2,10,2,AscendQuantV2Aicore,"27,2048;2048;2048",19,17.64,17.87,17.86,18.30
dp2_pp0_tp2_dcp0_ep10_rank2_decode-10k,decode,10k,2,2,10,2,AscendQuantV2Aicore,"27,4096;4096;4096",19,9.30,9.81,9.86,10.28
dp2_pp0_tp2_dcp0_ep10_rank2_decode-10k,decode,10k,2,2,10,2,AscendQuantV2Aicore,"3,2048;2048;2048",9,10.68,10.84,10.82,11.00
dp2_pp0_tp2_dcp0_ep10_rank2_decode-10k,decode,10k,2,2,10,2,AscendQuantV2Aicore,"3,4096;4096;4096",9,10.44,10.65,10.60,10.96
dp2_pp0_tp2_dcp0_ep10_rank2_decode-10k,decode,10k,2,2,10,2,AscendQuantV2Aicore,"6,2048;2048;2048",2,11.74,11.88,11.88,12.02
dp2_pp0_tp2_dcp0_ep10_rank2_decode-10k,decode,10k,2,2,10,2,AscendQuantV2Aicore,"6,4096;4096;4096",2,10.40,10.50,10.50,10.60
dp2_pp0_tp2_dcp0_ep10_rank2_decode-10k,decode,10k,2,2,10,2,AscendQuantV2Aicore,"9,2048;2048;2048",3,10.70,10.83,10.74,11.06
dp2_pp0_tp2_dcp0_ep10_rank2_decode-10k,decode,10k,2,2,10,2,AscendQuantV2Aicore,"9,4096;4096;4096",3,9.82,10.06,9.86,10.50
dp2_pp0_tp2_dcp0_ep10_rank2_decode-10k,decode,10k,2,2,10,2,BroadcastTo,1;1,126,1.24,1.43,1.44,1.68
dp2_pp0_tp2_dcp0_ep10_rank2_decode-10k,decode,10k,2,2,10,2,BroadcastTo,;1,40,1.34,1.69,1.72,2.14
dp2_pp0_tp2_dcp0_ep10_rank2_decode-10k,decode,10k,2,2,10,2,Cast,1,225,1.08,1.36,1.34,1.98
dp2_pp0_tp2_dcp0_ep10_rank2_decode-10k,decode,10k,2,2,10,2,Cast,"1,1",9,1.36,1.42,1.42,1.50
dp2_pp0_tp2_dcp0_ep10_rank2_decode-10k,decode,10k,2,2,10,2,Cast,"1,154880",18,2.66,5.55,5.65,8.22
dp2_pp0_tp2_dcp0_ep10_rank2_decode-10k,decode,10k,2,2,10,2,Cast,"1,2",10,1.52,1.61,1.59,1.86
dp2_pp0_tp2_dcp0_ep10_rank2_decode-10k,decode,10k,2,2,10,2,Cast,"1,3",18,1.10,1.37,1.33,1.68
dp2_pp0_tp2_dcp0_ep10_rank2_decode-10k,decode,10k,2,2,10,2,Cast,"1,8",684,1.06,1.23,1.22,2.22
dp2_pp0_tp2_dcp0_ep10_rank2_decode-10k,decode,10k,2,2,10,2,Cast,10,4,119.00,150.94,144.65,195.45
dp2_pp0_tp2_dcp0_ep10_rank2_decode-10k,decode,10k,2,2,10,2,Cast,"10,154880",2,8.68,8.73,8.73,8.78
dp2_pp0_tp2_dcp0_ep10_rank2_decode-10k,decode,10k,2,2,10,2,Cast,12,17,1.10,36.88,1.46,193.79
dp2_pp0_tp2_dcp0_ep10_rank2_decode-10k,decode,10k,2,2,10,2,Cast,"12,128",158,1.22,1.44,1.38,5.20
dp2_pp0_tp2_dcp0_ep10_rank2_decode-10k,decode,10k,2,2,10,2,Cast,"12,154880",2,9.06,9.13,9.13,9.20
dp2_pp0_tp2_dcp0_ep10_rank2_decode-10k,decode,10k,2,2,10,2,Cast,14,4,131.95,146.00,146.22,159.61
dp2_pp0_tp2_dcp0_ep10_rank2_decode-10k,decode,10k,2,2,10,2,Cast,"14,154880",2,9.26,9.26,9.26,9.26
dp2_pp0_tp2_dcp0_ep10_rank2_decode-10k,decode,10k,2,2,10,2,Cast,15,26,1.10,1.40,1.40,1.78
dp2_pp0_tp2_dcp0_ep10_rank2_decode-10k,decode,10k,2,2,10,2,Cast,"15,128",316,1.22,1.45,1.40,7.04
dp2_pp0_tp2_dcp0_ep10_rank2_decode-10k,decode,10k,2,2,10,2,Cast,16,38,108.48,120.66,118.41,151.59
dp2_pp0_tp2_dcp0_ep10_rank2_decode-10k,decode,10k,2,2,10,2,Cast,"16,154880",19,9.34,9.76,9.60,11.36
dp2_pp0_tp2_dcp0_ep10_rank2_decode-10k,decode,10k,2,2,10,2,Cast,18,26,1.20,1.41,1.40,1.78
dp2_pp0_tp2_dcp0_ep10_rank2_decode-10k,decode,10k,2,2,10,2,Cast,"18,128",8,1.58,1.65,1.63,1.78
dp2_pp0_tp2_dcp0_ep10_rank2_decode-10k,decode,10k,2,2,10,2,Cast,2,48,1.14,54.29,1.44,238.09
dp2_pp0_tp2_dcp0_ep10_rank2_decode-10k,decode,10k,2,2,10,2,Cast,"2,1",2,1.34,1.39,1.39,1.44
dp2_pp0_tp2_dcp0_ep10_rank2_decode-10k,decode,10k,2,2,10,2,Cast,"2,154880",13,4.48,7.68,8.10,9.52
dp2_pp0_tp2_dcp0_ep10_rank2_decode-10k,decode,10k,2,2,10,2,Cast,"2,2",2,1.40,1.42,1.42,1.44
dp2_pp0_tp2_dcp0_ep10_rank2_decode-10k,decode,10k,2,2,10,2,Cast,"2,3",4,1.20,1.30,1.30,1.38
dp2_pp0_tp2_dcp0_ep10_rank2_decode-10k,decode,10k,2,2,10,2,Cast,"2,8",152,1.08,2.22,1.77,6.44
dp2_pp0_tp2_dcp0_ep10_rank2_decode-10k,decode,10k,2,2,10,2,Cast,21,26,1.14,1.43,1.37,1.76
dp2_pp0_tp2_dcp0_ep10_rank2_decode-10k,decode,10k,2,2,10,2,Cast,"21,128",624,1.32,1.57,1.56,2.24
dp2_pp0_tp2_dcp0_ep10_rank2_decode-10k,decode,10k,2,2,10,2,Cast,24,247,1.18,1.42,1.40,2.00
dp2_pp0_tp2_dcp0_ep10_rank2_decode-10k,decode,10k,2,2,10,2,Cast,"24,128",76,1.52,1.68,1.66,1.92
dp2_pp0_tp2_dcp0_ep10_rank2_decode-10k,decode,10k,2,2,10,2,Cast,"27,128",2926,1.40,1.73,1.70,11.12
dp2_pp0_tp2_dcp0_ep10_rank2_decode-10k,decode,10k,2,2,10,2,Cast,3,163,1.04,1.35,1.32,1.94
dp2_pp0_tp2_dcp0_ep10_rank2_decode-10k,decode,10k,2,2,10,2,Cast,"3,1",3,1.42,1.43,1.42,1.44
dp2_pp0_tp2_dcp0_ep10_rank2_decode-10k,decode,10k,2,2,10,2,Cast,"3,128",1422,1.10,1.29,1.28,2.84
dp2_pp0_tp2_dcp0_ep10_rank2_decode-10k,decode,10k,2,2,10,2,Cast,"3,154880",6,4.62,6.86,6.89,9.00
dp2_pp0_tp2_dcp0_ep10_rank2_decode-10k,decode,10k,2,2,10,2,Cast,"3,2",3,1.54,1.59,1.60,1.62
dp2_pp0_tp2_dcp0_ep10_rank2_decode-10k,decode,10k,2,2,10,2,Cast,"3,3",6,1.16,1.42,1.31,1.74
dp2_pp0_tp2_dcp0_ep10_rank2_decode-10k,decode,10k,2,2,10,2,Cast,"3,8",307,1.10,2.27,1.52,6.36
dp2_pp0_tp2_dcp0_ep10_rank2_decode-10k,decode,10k,2,2,10,2,Cast,4,35,1.16,17.48,1.32,167.87
dp2_pp0_tp2_dcp0_ep10_rank2_decode-10k,decode,10k,2,2,10,2,Cast,"4,1",1,1.40,1.40,1.40,1.40
dp2_pp0_tp2_dcp0_ep10_rank2_decode-10k,decode,10k,2,2,10,2,Cast,"4,154880",4,4.66,8.45,9.53,10.06
dp2_pp0_tp2_dcp0_ep10_rank2_decode-10k,decode,10k,2,2,10,2,Cast,"4,2",1,1.56,1.56,1.56,1.56
dp2_pp0_tp2_dcp0_ep10_rank2_decode-10k,decode,10k,2,2,10,2,Cast,"4,3",2,1.08,1.23,1.23,1.38
dp2_pp0_tp2_dcp0_ep10_rank2_decode-10k,decode,10k,2,2,10,2,Cast,"4,8",152,1.06,1.25,1.22,1.74
dp2_pp0_tp2_dcp0_ep10_rank2_decode-10k,decode,10k,2,2,10,2,Cast,5,24,1.10,1.36,1.31,1.96
dp2_pp0_tp2_dcp0_ep10_rank2_decode-10k,decode,10k,2,2,10,2,Cast,"5,1",2,1.38,1.50,1.50,1.62
dp2_pp0_tp2_dcp0_ep10_rank2_decode-10k,decode,10k,2,2,10,2,Cast,"5,154880",4,4.86,7.82,7.83,10.76
dp2_pp0_tp2_dcp0_ep10_rank2_decode-10k,decode,10k,2,2,10,2,Cast,"5,2",2,1.50,1.54,1.54,1.58
dp2_pp0_tp2_dcp0_ep10_rank2_decode-10k,decode,10k,2,2,10,2,Cast,"5,3",4,1.24,1.35,1.29,1.60
dp2_pp0_tp2_dcp0_ep10_rank2_decode-10k,decode,10k,2,2,10,2,Cast,"5,8",4,1.28,1.42,1.40,1.58
dp2_pp0_tp2_dcp0_ep10_rank2_decode-10k,decode,10k,2,2,10,2,Cast,6,58,1.12,14.73,1.36,170.27
dp2_pp0_tp2_dcp0_ep10_rank2_decode-10k,decode,10k,2,2,10,2,Cast,"6,1",2,1.42,1.58,1.58,1.74
dp2_pp0_tp2_dcp0_ep10_rank2_decode-10k,decode,10k,2,2,10,2,Cast,"6,128",316,1.14,1.30,1.28,1.80
dp2_pp0_tp2_dcp0_ep10_rank2_decode-10k,decode,10k,2,2,10,2,Cast,"6,154880",7,4.44,7.27,8.30,8.42
dp2_pp0_tp2_dcp0_ep10_rank2_decode-10k,decode,10k,2,2,10,2,Cast,"6,2",2,1.36,1.62,1.62,1.88
dp2_pp0_tp2_dcp0_ep10_rank2_decode-10k,decode,10k,2,2,10,2,Cast,"6,3",4,1.22,1.36,1.36,1.48
dp2_pp0_tp2_dcp0_ep10_rank2_decode-10k,decode,10k,2,2,10,2,Cast,"6,8",338,1.10,1.35,1.32,2.36
dp2_pp0_tp2_dcp0_ep10_rank2_decode-10k,decode,10k,2,2,10,2,Cast,7,24,1.06,1.32,1.27,1.92
dp2_pp0_tp2_dcp0_ep10_rank2_decode-10k,decode,10k,2,2,10,2,Cast,"7,1",2,1.36,1.39,1.39,1.42
dp2_pp0_tp2_dcp0_ep10_rank2_decode-10k,decode,10k,2,2,10,2,Cast,"7,154880",4,5.16,6.94,6.95,8.70
dp2_pp0_tp2_dcp0_ep10_rank2_decode-10k,decode,10k,2,2,10,2,Cast,"7,2",2,1.48,1.50,1.50,1.52
dp2_pp0_tp2_dcp0_ep10_rank2_decode-10k,decode,10k,2,2,10,2,Cast,"7,3",4,1.20,1.32,1.30,1.48
dp2_pp0_tp2_dcp0_ep10_rank2_decode-10k,decode,10k,2,2,10,2,Cast,"7,8",1406,1.08,1.33,1.28,3.46
dp2_pp0_tp2_dcp0_ep10_rank2_decode-10k,decode,10k,2,2,10,2,Cast,8,230,1.04,2.68,1.28,164.25
dp2_pp0_tp2_dcp0_ep10_rank2_decode-10k,decode,10k,2,2,10,2,Cast,"8,1",19,1.16,1.37,1.38,1.64
dp2_pp0_tp2_dcp0_ep10_rank2_decode-10k,decode,10k,2,2,10,2,Cast,"8,154880",39,5.12,7.08,8.34,9.00
dp2_pp0_tp2_dcp0_ep10_rank2_decode-10k,decode,10k,2,2,10,2,Cast,"8,2",18,1.32,1.48,1.42,1.76
dp2_pp0_tp2_dcp0_ep10_rank2_decode-10k,decode,10k,2,2,10,2,Cast,"8,3",38,1.12,1.34,1.32,1.68
dp2_pp0_tp2_dcp0_ep10_rank2_decode-10k,decode,10k,2,2,10,2,Cast,9,39,1.10,1.36,1.38,1.74
dp2_pp0_tp2_dcp0_ep10_rank2_decode-10k,decode,10k,2,2,10,2,Cast,"9,128",474,1.14,1.34,1.32,1.78
dp2_pp0_tp2_dcp0_ep10_rank2_decode-10k,decode,10k,2,2,10,2,CastAiCore,"1,8",9,1.16,1.22,1.22,1.28
dp2_pp0_tp2_dcp0_ep10_rank2_decode-10k,decode,10k,2,2,10,2,CastAiCore,12,5,1.40,1.52,1.52,1.66
dp2_pp0_tp2_dcp0_ep10_rank2_decode-10k,decode,10k,2,2,10,2,CastAiCore,"12,128",2,1.52,1.55,1.55,1.58
dp2_pp0_tp2_dcp0_ep10_rank2_decode-10k,decode,10k,2,2,10,2,CastAiCore,15,10,1.12,1.31,1.29,1.56
dp2_pp0_tp2_dcp0_ep10_rank2_decode-10k,decode,10k,2,2,10,2,CastAiCore,"15,128",4,1.42,1.45,1.45,1.48
dp2_pp0_tp2_dcp0_ep10_rank2_decode-10k,decode,10k,2,2,10,2,CastAiCore,"2,8",2,1.30,2.11,2.11,2.92
dp2_pp0_tp2_dcp0_ep10_rank2_decode-10k,decode,10k,2,2,10,2,CastAiCore,21,20,1.28,1.66,1.64,2.16
dp2_pp0_tp2_dcp0_ep10_rank2_decode-10k,decode,10k,2,2,10,2,CastAiCore,"21,128",8,1.56,1.61,1.61,1.70
dp2_pp0_tp2_dcp0_ep10_rank2_decode-10k,decode,10k,2,2,10,2,CastAiCore,27,95,1.20,1.47,1.46,2.02
dp2_pp0_tp2_dcp0_ep10_rank2_decode-10k,decode,10k,2,2,10,2,CastAiCore,"27,128",38,1.68,1.81,1.80,2.08
dp2_pp0_tp2_dcp0_ep10_rank2_decode-10k,decode,10k,2,2,10,2,CastAiCore,3,45,1.14,1.39,1.38,1.70
dp2_pp0_tp2_dcp0_ep10_rank2_decode-10k,decode,10k,2,2,10,2,CastAiCore,"3,128",18,1.26,1.37,1.36,1.68
dp2_pp0_tp2_dcp0_ep10_rank2_decode-10k,decode,10k,2,2,10,2,CastAiCore,"3,8",1,1.20,1.20,1.20,1.20
dp2_pp0_tp2_dcp0_ep10_rank2_decode-10k,decode,10k,2,2,10,2,CastAiCore,"4,8",2,1.22,1.27,1.27,1.32
dp2_pp0_tp2_dcp0_ep10_rank2_decode-10k,decode,10k,2,2,10,2,CastAiCore,6,10,1.34,1.47,1.44,1.66
dp2_pp0_tp2_dcp0_ep10_rank2_decode-10k,decode,10k,2,2,10,2,CastAiCore,"6,128",4,1.26,1.31,1.29,1.42
dp2_pp0_tp2_dcp0_ep10_rank2_decode-10k,decode,10k,2,2,10,2,CastAiCore,"6,8",4,1.22,1.26,1.27,1.28
dp2_pp0_tp2_dcp0_ep10_rank2_decode-10k,decode,10k,2,2,10,2,CastAiCore,"7,8",19,1.14,1.36,1.32,1.78
dp2_pp0_tp2_dcp0_ep10_rank2_decode-10k,decode,10k,2,2,10,2,CastAiCore,9,15,1.16,1.57,1.54,1.92
dp2_pp0_tp2_dcp0_ep10_rank2_decode-10k,decode,10k,2,2,10,2,CastAiCore,"9,128",6,1.28,1.44,1.36,1.84
dp2_pp0_tp2_dcp0_ep10_rank2_decode-10k,decode,10k,2,2,10,2,ClipByValueV2,1;;,9,4.86,5.16,5.20,5.34
dp2_pp0_tp2_dcp0_ep10_rank2_decode-10k,decode,10k,2,2,10,2,ClipByValueV2,2;;,2,5.24,5.29,5.29,5.34
dp2_pp0_tp2_dcp0_ep10_rank2_decode-10k,decode,10k,2,2,10,2,ClipByValueV2,3;;,3,5.12,5.25,5.20,5.44
dp2_pp0_tp2_dcp0_ep10_rank2_decode-10k,decode,10k,2,2,10,2,ClipByValueV2,4;;,1,4.98,4.98,4.98,4.98
dp2_pp0_tp2_dcp0_ep10_rank2_decode-10k,decode,10k,2,2,10,2,ClipByValueV2,5;;,2,5.20,5.42,5.42,5.64
dp2_pp0_tp2_dcp0_ep10_rank2_decode-10k,decode,10k,2,2,10,2,ClipByValueV2,6;;,2,5.26,5.30,5.30,5.34
dp2_pp0_tp2_dcp0_ep10_rank2_decode-10k,decode,10k,2,2,10,2,ClipByValueV2,7;;,2,5.18,5.24,5.24,5.30
dp2_pp0_tp2_dcp0_ep10_rank2_decode-10k,decode,10k,2,2,10,2,ClipByValueV2,8;;,19,4.84,5.36,5.36,5.82
dp2_pp0_tp2_dcp0_ep10_rank2_decode-10k,decode,10k,2,2,10,2,ConcatD,"12,6144;12,6144",2,4.32,4.39,4.39,4.46
dp2_pp0_tp2_dcp0_ep10_rank2_decode-10k,decode,10k,2,2,10,2,ConcatD,"15,6144;15,6144",4,4.78,4.91,4.91,5.02
dp2_pp0_tp2_dcp0_ep10_rank2_decode-10k,decode,10k,2,2,10,2,ConcatD,"18,6144;18,6144",4,5.24,5.39,5.30,5.70
dp2_pp0_tp2_dcp0_ep10_rank2_decode-10k,decode,10k,2,2,10,2,ConcatD,"21,6144;21,6144",4,5.58,5.82,5.78,6.12
dp2_pp0_tp2_dcp0_ep10_rank2_decode-10k,decode,10k,2,2,10,2,ConcatD,"24,6144;24,6144",38,6.08,6.54,6.44,8.78
dp2_pp0_tp2_dcp0_ep10_rank2_decode-10k,decode,10k,2,2,10,2,ConcatD,"3,6144;3,6144",18,2.62,2.88,2.88,3.14
dp2_pp0_tp2_dcp0_ep10_rank2_decode-10k,decode,10k,2,2,10,2,ConcatD,"6,6144;6,6144",4,3.18,3.50,3.55,3.74
dp2_pp0_tp2_dcp0_ep10_rank2_decode-10k,decode,10k,2,2,10,2,ConcatD,"9,6144;9,6144",6,3.70,3.76,3.76,3.80
dp2_pp0_tp2_dcp0_ep10_rank2_decode-10k,decode,10k,2,2,10,2,DSARandomUniform,N/A,120,1.10,53.96,33.20,126.37
dp2_pp0_tp2_dcp0_ep10_rank2_decode-10k,decode,10k,2,2,10,2,DispatchFFNCombine,"1,6144;8,6144,4096;8,2048,6144;1,8;32768;49152;1,8",675,263.85,71093.59,315.31,47757621.69
dp2_pp0_tp2_dcp0_ep10_rank2_decode-10k,decode,10k,2,2,10,2,DispatchFFNCombine,"2,6144;8,6144,4096;8,2048,6144;2,8;32768;49152;2,8",150,267.37,311.66,304.13,1101.86
dp2_pp0_tp2_dcp0_ep10_rank2_decode-10k,decode,10k,2,2,10,2,DispatchFFNCombine,"3,6144;8,6144,4096;8,2048,6144;3,8;32768;49152;3,8",300,254.01,319.72,317.10,578.08
dp2_pp0_tp2_dcp0_ep10_rank2_decode-10k,decode,10k,2,2,10,2,DispatchFFNCombine,"4,6144;8,6144,4096;8,2048,6144;4,8;32768;49152;4,8",150,259.39,296.40,296.77,375.74
dp2_pp0_tp2_dcp0_ep10_rank2_decode-10k,decode,10k,2,2,10,2,DispatchFFNCombine,"6,6144;8,6144,4096;8,2048,6144;6,8;32768;49152;6,8",300,262.83,299.00,300.39,328.21
dp2_pp0_tp2_dcp0_ep10_rank2_decode-10k,decode,10k,2,2,10,2,DispatchFFNCombine,"7,6144;8,6144,4096;8,2048,6144;7,8;32768;49152;7,8",1425,254.27,293.44,294.51,418.28
dp2_pp0_tp2_dcp0_ep10_rank2_decode-10k,decode,10k,2,2,10,2,DynamicQuant,"12,3072",3,5.82,6.42,6.64,6.80
dp2_pp0_tp2_dcp0_ep10_rank2_decode-10k,decode,10k,2,2,10,2,DynamicQuant,"12,512",77,5.96,7.09,6.74,22.68
dp2_pp0_tp2_dcp0_ep10_rank2_decode-10k,decode,10k,2,2,10,2,DynamicQuant,"12,6144",77,5.80,7.15,6.92,14.18
dp2_pp0_tp2_dcp0_ep10_rank2_decode-10k,decode,10k,2,2,10,2,DynamicQuant,"15,3072",6,7.14,7.55,7.60,7.88
dp2_pp0_tp2_dcp0_ep10_rank2_decode-10k,decode,10k,2,2,10,2,DynamicQuant,"15,512",154,7.02,8.10,7.74,19.58
dp2_pp0_tp2_dcp0_ep10_rank2_decode-10k,decode,10k,2,2,10,2,DynamicQuant,"15,6144",154,7.50,17.10,17.17,23.70
dp2_pp0_tp2_dcp0_ep10_rank2_decode-10k,decode,10k,2,2,10,2,DynamicQuant,"18,512",4,17.06,18.90,19.25,20.02
dp2_pp0_tp2_dcp0_ep10_rank2_decode-10k,decode,10k,2,2,10,2,DynamicQuant,"18,6144",4,8.48,736.63,43.40,2851.25
dp2_pp0_tp2_dcp0_ep10_rank2_decode-10k,decode,10k,2,2,10,2,DynamicQuant,"21,3072",12,8.84,9.42,9.29,10.44
dp2_pp0_tp2_dcp0_ep10_rank2_decode-10k,decode,10k,2,2,10,2,DynamicQuant,"21,512",304,9.34,13.74,13.72,21.88
dp2_pp0_tp2_dcp0_ep10_rank2_decode-10k,decode,10k,2,2,10,2,DynamicQuant,"21,6144",304,9.20,17.62,17.66,23.28
dp2_pp0_tp2_dcp0_ep10_rank2_decode-10k,decode,10k,2,2,10,2,DynamicQuant,"24,512",38,16.58,21.76,22.03,26.54
dp2_pp0_tp2_dcp0_ep10_rank2_decode-10k,decode,10k,2,2,10,2,DynamicQuant,"24,6144",38,9.74,315.43,10.41,2906.56
dp2_pp0_tp2_dcp0_ep10_rank2_decode-10k,decode,10k,2,2,10,2,DynamicQuant,"27,3072",57,8.96,11.50,11.16,15.74
dp2_pp0_tp2_dcp0_ep10_rank2_decode-10k,decode,10k,2,2,10,2,DynamicQuant,"27,512",1425,11.30,17.36,17.12,28.38
dp2_pp0_tp2_dcp0_ep10_rank2_decode-10k,decode,10k,2,2,10,2,DynamicQuant,"27,6144",1425,15.20,18.30,18.22,25.16
dp2_pp0_tp2_dcp0_ep10_rank2_decode-10k,decode,10k,2,2,10,2,DynamicQuant,"3,3072",27,3.54,4.27,3.76,5.56
dp2_pp0_tp2_dcp0_ep10_rank2_decode-10k,decode,10k,2,2,10,2,DynamicQuant,"3,512",693,3.38,11.76,10.60,337.11
dp2_pp0_tp2_dcp0_ep10_rank2_decode-10k,decode,10k,2,2,10,2,DynamicQuant,"3,6144",693,5.06,15.90,15.48,233.79
dp2_pp0_tp2_dcp0_ep10_rank2_decode-10k,decode,10k,2,2,10,2,DynamicQuant,"6,3072",6,4.24,4.91,4.50,5.96
dp2_pp0_tp2_dcp0_ep10_rank2_decode-10k,decode,10k,2,2,10,2,DynamicQuant,"6,512",154,4.28,4.77,4.52,15.04
dp2_pp0_tp2_dcp0_ep10_rank2_decode-10k,decode,10k,2,2,10,2,DynamicQuant,"6,6144",154,5.98,37.36,16.12,3242.69
dp2_pp0_tp2_dcp0_ep10_rank2_decode-10k,decode,10k,2,2,10,2,DynamicQuant,"9,3072",9,5.52,6.29,5.74,9.00
dp2_pp0_tp2_dcp0_ep10_rank2_decode-10k,decode,10k,2,2,10,2,DynamicQuant,"9,512",231,5.16,5.85,5.56,17.36
dp2_pp0_tp2_dcp0_ep10_rank2_decode-10k,decode,10k,2,2,10,2,DynamicQuant,"9,6144",231,6.50,16.26,16.48,22.62
dp2_pp0_tp2_dcp0_ep10_rank2_decode-10k,decode,10k,2,2,10,2,Equal,"12,1;",2,1.68,1.80,1.80,1.92
dp2_pp0_tp2_dcp0_ep10_rank2_decode-10k,decode,10k,2,2,10,2,Equal,"15,1;",4,1.78,1.84,1.85,1.90
dp2_pp0_tp2_dcp0_ep10_rank2_decode-10k,decode,10k,2,2,10,2,Equal,"18,1;",4,1.84,1.91,1.86,2.08
dp2_pp0_tp2_dcp0_ep10_rank2_decode-10k,decode,10k,2,2,10,2,Equal,1;,9,1.80,1.96,1.98,2.14
dp2_pp0_tp2_dcp0_ep10_rank2_decode-10k,decode,10k,2,2,10,2,Equal,"21,1;",4,1.96,2.08,2.05,2.28
dp2_pp0_tp2_dcp0_ep10_rank2_decode-10k,decode,10k,2,2,10,2,Equal,"24,1;",38,1.72,1.94,1.89,2.30
dp2_pp0_tp2_dcp0_ep10_rank2_decode-10k,decode,10k,2,2,10,2,Equal,2;,2,1.82,1.91,1.91,2.00
dp2_pp0_tp2_dcp0_ep10_rank2_decode-10k,decode,10k,2,2,10,2,Equal,"3,1;",18,1.74,1.93,1.89,2.44
dp2_pp0_tp2_dcp0_ep10_rank2_decode-10k,decode,10k,2,2,10,2,Equal,3;,3,1.98,2.05,2.00,2.16
dp2_pp0_tp2_dcp0_ep10_rank2_decode-10k,decode,10k,2,2,10,2,Equal,4;,1,2.02,2.02,2.02,2.02
dp2_pp0_tp2_dcp0_ep10_rank2_decode-10k,decode,10k,2,2,10,2,Equal,5;,2,2.14,2.15,2.15,2.16
dp2_pp0_tp2_dcp0_ep10_rank2_decode-10k,decode,10k,2,2,10,2,Equal,"6,1;",4,1.82,2.00,1.96,2.26
dp2_pp0_tp2_dcp0_ep10_rank2_decode-10k,decode,10k,2,2,10,2,Equal,6;,2,2.08,2.13,2.13,2.18
dp2_pp0_tp2_dcp0_ep10_rank2_decode-10k,decode,10k,2,2,10,2,Equal,7;,2,2.00,2.08,2.08,2.16
dp2_pp0_tp2_dcp0_ep10_rank2_decode-10k,decode,10k,2,2,10,2,Equal,8;,19,2.08,2.27,2.28,2.58
dp2_pp0_tp2_dcp0_ep10_rank2_decode-10k,decode,10k,2,2,10,2,Equal,"9,1;",6,1.82,2.00,2.03,2.10
dp2_pp0_tp2_dcp0_ep10_rank2_decode-10k,decode,10k,2,2,10,2,Fill,1;,541,1.18,1.58,1.56,2.16
dp2_pp0_tp2_dcp0_ep10_rank2_decode-10k,decode,10k,2,2,10,2,Fill,2;,61,1.42,1.56,1.54,1.98
dp2_pp0_tp2_dcp0_ep10_rank2_decode-10k,decode,10k,2,2,10,2,FloorDiv,1;,9,33.30,61.19,50.82,118.35
dp2_pp0_tp2_dcp0_ep10_rank2_decode-10k,decode,10k,2,2,10,2,FloorDiv,2;,2,47.48,55.90,55.90,64.32
dp2_pp0_tp2_dcp0_ep10_rank2_decode-10k,decode,10k,2,2,10,2,FloorDiv,3;,3,55.80,80.97,83.30,103.80
dp2_pp0_tp2_dcp0_ep10_rank2_decode-10k,decode,10k,2,2,10,2,FloorDiv,4;,1,62.08,62.08,62.08,62.08
dp2_pp0_tp2_dcp0_ep10_rank2_decode-10k,decode,10k,2,2,10,2,FloorDiv,5;,2,50.96,79.12,79.12,107.28
dp2_pp0_tp2_dcp0_ep10_rank2_decode-10k,decode,10k,2,2,10,2,FloorDiv,6;,2,61.18,75.40,75.40,89.62
dp2_pp0_tp2_dcp0_ep10_rank2_decode-10k,decode,10k,2,2,10,2,FloorDiv,7;,2,52.48,68.29,68.29,84.10
dp2_pp0_tp2_dcp0_ep10_rank2_decode-10k,decode,10k,2,2,10,2,FloorDiv,8;,19,30.32,36.64,34.96,48.76
dp2_pp0_tp2_dcp0_ep10_rank2_decode-10k,decode,10k,2,2,10,2,FloorMod,1;1,9,2.24,2.47,2.38,3.06
dp2_pp0_tp2_dcp0_ep10_rank2_decode-10k,decode,10k,2,2,10,2,FloorMod,2;2,2,2.30,2.43,2.43,2.56
dp2_pp0_tp2_dcp0_ep10_rank2_decode-10k,decode,10k,2,2,10,2,FloorMod,3;3,3,2.32,2.39,2.38,2.46
dp2_pp0_tp2_dcp0_ep10_rank2_decode-10k,decode,10k,2,2,10,2,FloorMod,4;4,1,2.74,2.74,2.74,2.74
dp2_pp0_tp2_dcp0_ep10_rank2_decode-10k,decode,10k,2,2,10,2,FloorMod,5;5,2,2.36,2.40,2.40,2.44
dp2_pp0_tp2_dcp0_ep10_rank2_decode-10k,decode,10k,2,2,10,2,FloorMod,6;6,2,2.44,2.57,2.57,2.70
dp2_pp0_tp2_dcp0_ep10_rank2_decode-10k,decode,10k,2,2,10,2,FloorMod,7;7,2,2.32,2.50,2.50,2.68
dp2_pp0_tp2_dcp0_ep10_rank2_decode-10k,decode,10k,2,2,10,2,FloorMod,8;8,19,2.24,2.45,2.44,2.70
dp2_pp0_tp2_dcp0_ep10_rank2_decode-10k,decode,10k,2,2,10,2,GatherElements,"7,1584;6,1",2,12.18,12.22,12.22,12.26
dp2_pp0_tp2_dcp0_ep10_rank2_decode-10k,decode,10k,2,2,10,2,GatherElements,"9,1584;8,1",19,9.72,10.54,10.46,11.70
dp2_pp0_tp2_dcp0_ep10_rank2_decode-10k,decode,10k,2,2,10,2,GatherElementsV2,"1,1584;1,1",9,3.32,3.42,3.42,3.50
dp2_pp0_tp2_dcp0_ep10_rank2_decode-10k,decode,10k,2,2,10,2,GatherElementsV2,"1,3;1,1",9,4.00,4.24,4.22,4.70
dp2_pp0_tp2_dcp0_ep10_rank2_decode-10k,decode,10k,2,2,10,2,GatherElementsV2,"2,1584;2,1",2,3.42,3.53,3.53,3.64
dp2_pp0_tp2_dcp0_ep10_rank2_decode-10k,decode,10k,2,2,10,2,GatherElementsV2,"2,3;2,1",2,4.22,4.48,4.48,4.74
dp2_pp0_tp2_dcp0_ep10_rank2_decode-10k,decode,10k,2,2,10,2,GatherElementsV2,"3,1584;3,1",3,3.80,3.85,3.86,3.88
dp2_pp0_tp2_dcp0_ep10_rank2_decode-10k,decode,10k,2,2,10,2,GatherElementsV2,"3,3;3,1",3,4.60,4.64,4.62,4.70
dp2_pp0_tp2_dcp0_ep10_rank2_decode-10k,decode,10k,2,2,10,2,GatherElementsV2,"4,1584;4,1",1,4.00,4.00,4.00,4.00
dp2_pp0_tp2_dcp0_ep10_rank2_decode-10k,decode,10k,2,2,10,2,GatherElementsV2,"4,3;4,1",1,4.86,4.86,4.86,4.86
dp2_pp0_tp2_dcp0_ep10_rank2_decode-10k,decode,10k,2,2,10,2,GatherElementsV2,"5,1584;5,1",2,3.88,3.93,3.93,3.98
dp2_pp0_tp2_dcp0_ep10_rank2_decode-10k,decode,10k,2,2,10,2,GatherElementsV2,"5,3;5,1",2,4.94,5.01,5.01,5.08
dp2_pp0_tp2_dcp0_ep10_rank2_decode-10k,decode,10k,2,2,10,2,GatherElementsV2,"6,3;6,1",2,5.48,5.51,5.51,5.54
dp2_pp0_tp2_dcp0_ep10_rank2_decode-10k,decode,10k,2,2,10,2,GatherElementsV2,"7,1584;7,1",2,4.48,4.49,4.49,4.50
dp2_pp0_tp2_dcp0_ep10_rank2_decode-10k,decode,10k,2,2,10,2,GatherElementsV2,"7,3;7,1",2,5.26,5.38,5.38,5.50
dp2_pp0_tp2_dcp0_ep10_rank2_decode-10k,decode,10k,2,2,10,2,GatherElementsV2,"8,3;8,1",19,5.42,5.61,5.58,6.20
dp2_pp0_tp2_dcp0_ep10_rank2_decode-10k,decode,10k,2,2,10,2,GatherV2,"38720,6144;12;1",2,3.96,3.96,3.96,3.96
dp2_pp0_tp2_dcp0_ep10_rank2_decode-10k,decode,10k,2,2,10,2,GatherV2,"38720,6144;15;1",4,4.42,4.58,4.58,4.76
dp2_pp0_tp2_dcp0_ep10_rank2_decode-10k,decode,10k,2,2,10,2,GatherV2,"38720,6144;18;1",4,4.92,5.07,5.01,5.34
dp2_pp0_tp2_dcp0_ep10_rank2_decode-10k,decode,10k,2,2,10,2,GatherV2,"38720,6144;21;1",4,5.22,5.54,5.61,5.72
dp2_pp0_tp2_dcp0_ep10_rank2_decode-10k,decode,10k,2,2,10,2,GatherV2,"38720,6144;24;1",38,5.64,5.93,5.91,6.26
dp2_pp0_tp2_dcp0_ep10_rank2_decode-10k,decode,10k,2,2,10,2,GatherV2,"38720,6144;3;1",18,2.54,2.85,2.79,3.30
dp2_pp0_tp2_dcp0_ep10_rank2_decode-10k,decode,10k,2,2,10,2,GatherV2,"38720,6144;6;1",4,2.84,3.13,3.02,3.66
dp2_pp0_tp2_dcp0_ep10_rank2_decode-10k,decode,10k,2,2,10,2,GatherV2,"38720,6144;9;1",6,3.34,3.56,3.60,3.70
dp2_pp0_tp2_dcp0_ep10_rank2_decode-10k,decode,10k,2,2,10,2,GatherV2AiCore,"38720,6144;12;1",1,4.42,4.42,4.42,4.42
dp2_pp0_tp2_dcp0_ep10_rank2_decode-10k,decode,10k,2,2,10,2,GatherV2AiCore,"38720,6144;15;1",2,4.64,4.99,4.99,5.34
dp2_pp0_tp2_dcp0_ep10_rank2_decode-10k,decode,10k,2,2,10,2,GatherV2AiCore,"38720,6144;21;1",4,6.18,6.38,6.39,6.56
dp2_pp0_tp2_dcp0_ep10_rank2_decode-10k,decode,10k,2,2,10,2,GatherV2AiCore,"38720,6144;27;1",19,6.42,6.68,6.66,7.50
dp2_pp0_tp2_dcp0_ep10_rank2_decode-10k,decode,10k,2,2,10,2,GatherV2AiCore,"38720,6144;3;1",9,2.58,2.85,2.88,3.06
dp2_pp0_tp2_dcp0_ep10_rank2_decode-10k,decode,10k,2,2,10,2,GatherV2AiCore,"38720,6144;6;1",2,3.16,3.17,3.17,3.18
dp2_pp0_tp2_dcp0_ep10_rank2_decode-10k,decode,10k,2,2,10,2,GatherV2AiCore,"38720,6144;9;1",3,3.68,3.85,3.88,3.98
dp2_pp0_tp2_dcp0_ep10_rank2_decode-10k,decode,10k,2,2,10,2,Greater,1;,9,3.10,3.43,3.46,3.74
dp2_pp0_tp2_dcp0_ep10_rank2_decode-10k,decode,10k,2,2,10,2,Greater,2;,2,3.06,3.08,3.08,3.10
dp2_pp0_tp2_dcp0_ep10_rank2_decode-10k,decode,10k,2,2,10,2,Greater,3;,3,3.02,3.27,3.08,3.70
dp2_pp0_tp2_dcp0_ep10_rank2_decode-10k,decode,10k,2,2,10,2,Greater,4;,1,2.96,2.96,2.96,2.96
dp2_pp0_tp2_dcp0_ep10_rank2_decode-10k,decode,10k,2,2,10,2,Greater,5;,2,3.16,3.18,3.18,3.20
dp2_pp0_tp2_dcp0_ep10_rank2_decode-10k,decode,10k,2,2,10,2,Greater,6;,2,3.04,3.08,3.08,3.12
dp2_pp0_tp2_dcp0_ep10_rank2_decode-10k,decode,10k,2,2,10,2,Greater,7;,2,3.10,3.11,3.11,3.12
dp2_pp0_tp2_dcp0_ep10_rank2_decode-10k,decode,10k,2,2,10,2,Greater,8;,19,2.88,3.07,3.04,3.36
dp2_pp0_tp2_dcp0_ep10_rank2_decode-10k,decode,10k,2,2,10,2,GreaterEqual,"1,154880;",18,6.98,8.77,8.46,14.46
dp2_pp0_tp2_dcp0_ep10_rank2_decode-10k,decode,10k,2,2,10,2,GreaterEqual,12;,3,2.38,2.83,2.70,3.42
dp2_pp0_tp2_dcp0_ep10_rank2_decode-10k,decode,10k,2,2,10,2,GreaterEqual,15;,6,2.36,2.64,2.59,2.94
dp2_pp0_tp2_dcp0_ep10_rank2_decode-10k,decode,10k,2,2,10,2,GreaterEqual,18;,4,2.46,2.60,2.60,2.74
dp2_pp0_tp2_dcp0_ep10_rank2_decode-10k,decode,10k,2,2,10,2,GreaterEqual,1;,18,2.74,2.97,2.95,3.18
dp2_pp0_tp2_dcp0_ep10_rank2_decode-10k,decode,10k,2,2,10,2,GreaterEqual,"2,154880;",4,7.60,9.50,8.77,12.86
dp2_pp0_tp2_dcp0_ep10_rank2_decode-10k,decode,10k,2,2,10,2,GreaterEqual,21;,8,2.40,3.06,3.00,3.88
dp2_pp0_tp2_dcp0_ep10_rank2_decode-10k,decode,10k,2,2,10,2,GreaterEqual,24;,38,2.26,2.49,2.48,2.76
dp2_pp0_tp2_dcp0_ep10_rank2_decode-10k,decode,10k,2,2,10,2,GreaterEqual,27;,19,2.84,3.17,3.12,3.66
dp2_pp0_tp2_dcp0_ep10_rank2_decode-10k,decode,10k,2,2,10,2,GreaterEqual,2;,4,2.76,2.96,2.95,3.16
dp2_pp0_tp2_dcp0_ep10_rank2_decode-10k,decode,10k,2,2,10,2,GreaterEqual,"3,154880;",6,8.92,9.76,9.33,11.58
dp2_pp0_tp2_dcp0_ep10_rank2_decode-10k,decode,10k,2,2,10,2,GreaterEqual,3;,33,2.66,3.16,3.12,3.62
dp2_pp0_tp2_dcp0_ep10_rank2_decode-10k,decode,10k,2,2,10,2,GreaterEqual,"4,154880;",2,10.54,29.58,29.58,48.62
dp2_pp0_tp2_dcp0_ep10_rank2_decode-10k,decode,10k,2,2,10,2,GreaterEqual,4;,2,3.04,3.05,3.05,3.06
dp2_pp0_tp2_dcp0_ep10_rank2_decode-10k,decode,10k,2,2,10,2,GreaterEqual,"5,154880;",4,8.98,10.44,10.89,10.98
dp2_pp0_tp2_dcp0_ep10_rank2_decode-10k,decode,10k,2,2,10,2,GreaterEqual,5;,4,2.84,2.90,2.89,2.98
dp2_pp0_tp2_dcp0_ep10_rank2_decode-10k,decode,10k,2,2,10,2,GreaterEqual,"6,154880;",4,11.36,11.66,11.65,11.96
dp2_pp0_tp2_dcp0_ep10_rank2_decode-10k,decode,10k,2,2,10,2,GreaterEqual,6;,10,2.34,2.94,2.93,3.32
dp2_pp0_tp2_dcp0_ep10_rank2_decode-10k,decode,10k,2,2,10,2,GreaterEqual,"7,154880;",4,11.48,11.66,11.64,11.90
dp2_pp0_tp2_dcp0_ep10_rank2_decode-10k,decode,10k,2,2,10,2,GreaterEqual,7;,4,2.82,2.94,2.92,3.12
dp2_pp0_tp2_dcp0_ep10_rank2_decode-10k,decode,10k,2,2,10,2,GreaterEqual,"8,154880;",38,8.86,12.18,11.38,23.30
dp2_pp0_tp2_dcp0_ep10_rank2_decode-10k,decode,10k,2,2,10,2,GreaterEqual,8;,38,2.72,3.03,3.00,3.44
dp2_pp0_tp2_dcp0_ep10_rank2_decode-10k,decode,10k,2,2,10,2,GreaterEqual,9;,9,2.36,2.94,2.78,4.00
dp2_pp0_tp2_dcp0_ep10_rank2_decode-10k,decode,10k,2,2,10,2,GroupedMatmul,"6656,2048;8,2048,6144;;8,6144;;;;8;6656",80,34.20,67.98,70.50,85.60
dp2_pp0_tp2_dcp0_ep10_rank2_decode-10k,decode,10k,2,2,10,2,GroupedMatmulSwigluQuant,"6656,6144;8,128,384,16,32;8,4096;6656;8",80,83.28,146.23,148.09,183.91
dp2_pp0_tp2_dcp0_ep10_rank2_decode-10k,decode,10k,2,2,10,2,Index,10;1;1;10,2,6.14,6.73,6.73,7.32
dp2_pp0_tp2_dcp0_ep10_rank2_decode-10k,decode,10k,2,2,10,2,Index,"12,154880;1;2;4",1,23.20,23.20,23.20,23.20
dp2_pp0_tp2_dcp0_ep10_rank2_decode-10k,decode,10k,2,2,10,2,Index,"12,154880;1;2;8",1,38.22,38.22,38.22,38.22
dp2_pp0_tp2_dcp0_ep10_rank2_decode-10k,decode,10k,2,2,10,2,Index,"12,6144;1;2;12",2,12.22,13.23,13.23,14.24
dp2_pp0_tp2_dcp0_ep10_rank2_decode-10k,decode,10k,2,2,10,2,Index,"12,6144;1;2;4",3,7.86,8.73,9.12,9.20
dp2_pp0_tp2_dcp0_ep10_rank2_decode-10k,decode,10k,2,2,10,2,Index,12;1;1;12,2,5.52,7.36,7.36,9.20
dp2_pp0_tp2_dcp0_ep10_rank2_decode-10k,decode,10k,2,2,10,2,Index,12;1;1;8,1,10.38,10.38,10.38,10.38
dp2_pp0_tp2_dcp0_ep10_rank2_decode-10k,decode,10k,2,2,10,2,Index,14;1;1;14,2,6.12,7.80,7.80,9.48
dp2_pp0_tp2_dcp0_ep10_rank2_decode-10k,decode,10k,2,2,10,2,Index,"15,154880;1;2;10",2,46.02,46.16,46.16,46.30
dp2_pp0_tp2_dcp0_ep10_rank2_decode-10k,decode,10k,2,2,10,2,Index,"15,154880;1;2;5",2,26.72,26.91,26.91,27.10
dp2_pp0_tp2_dcp0_ep10_rank2_decode-10k,decode,10k,2,2,10,2,Index,"15,6144;1;2;15",4,13.02,16.23,14.90,22.08
dp2_pp0_tp2_dcp0_ep10_rank2_decode-10k,decode,10k,2,2,10,2,Index,"15,6144;1;2;5",6,8.30,10.11,9.26,15.82
dp2_pp0_tp2_dcp0_ep10_rank2_decode-10k,decode,10k,2,2,10,2,Index,15;1;1;10,2,9.88,10.11,10.11,10.34
dp2_pp0_tp2_dcp0_ep10_rank2_decode-10k,decode,10k,2,2,10,2,Index,16;1;1;16,18,7.60,8.58,8.17,11.00
dp2_pp0_tp2_dcp0_ep10_rank2_decode-10k,decode,10k,2,2,10,2,Index,"18,154880;1;2;12",2,53.42,53.71,53.71,54.00
dp2_pp0_tp2_dcp0_ep10_rank2_decode-10k,decode,10k,2,2,10,2,Index,"18,154880;1;2;6",2,30.80,30.84,30.84,30.88
dp2_pp0_tp2_dcp0_ep10_rank2_decode-10k,decode,10k,2,2,10,2,Index,"18,6144;1;2;6",6,8.50,9.67,9.47,11.40
dp2_pp0_tp2_dcp0_ep10_rank2_decode-10k,decode,10k,2,2,10,2,Index,18;1;1;12,2,10.12,10.19,10.19,10.26
dp2_pp0_tp2_dcp0_ep10_rank2_decode-10k,decode,10k,2,2,10,2,Index,1;1;1;1,10,8.58,8.97,8.84,9.70
dp2_pp0_tp2_dcp0_ep10_rank2_decode-10k,decode,10k,2,2,10,2,Index,"202752,64;1;2;12",6,5.98,8.57,8.82,11.28
dp2_pp0_tp2_dcp0_ep10_rank2_decode-10k,decode,10k,2,2,10,2,Index,"202752,64;1;2;15",12,6.82,8.42,8.04,10.14
dp2_pp0_tp2_dcp0_ep10_rank2_decode-10k,decode,10k,2,2,10,2,Index,"202752,64;1;2;18",8,6.48,9.28,8.64,12.74
dp2_pp0_tp2_dcp0_ep10_rank2_decode-10k,decode,10k,2,2,10,2,Index,"202752,64;1;2;21",16,6.96,9.85,10.00,13.00
dp2_pp0_tp2_dcp0_ep10_rank2_decode-10k,decode,10k,2,2,10,2,Index,"202752,64;1;2;24",76,7.54,10.09,9.90,15.02
dp2_pp0_tp2_dcp0_ep10_rank2_decode-10k,decode,10k,2,2,10,2,Index,"202752,64;1;2;27",38,8.22,11.38,10.71,17.64
dp2_pp0_tp2_dcp0_ep10_rank2_decode-10k,decode,10k,2,2,10,2,Index,"202752,64;1;2;3",54,6.78,8.77,8.52,17.50
dp2_pp0_tp2_dcp0_ep10_rank2_decode-10k,decode,10k,2,2,10,2,Index,"202752,64;1;2;6",12,7.00,8.69,8.58,10.04
dp2_pp0_tp2_dcp0_ep10_rank2_decode-10k,decode,10k,2,2,10,2,Index,"202752,64;1;2;9",18,6.66,9.59,8.64,17.88
dp2_pp0_tp2_dcp0_ep10_rank2_decode-10k,decode,10k,2,2,10,2,Index,"21,154880;1;2;14",2,59.94,60.33,60.33,60.72
dp2_pp0_tp2_dcp0_ep10_rank2_decode-10k,decode,10k,2,2,10,2,Index,"21,154880;1;2;7",2,34.02,34.26,34.26,34.50
dp2_pp0_tp2_dcp0_ep10_rank2_decode-10k,decode,10k,2,2,10,2,Index,"21,6144;1;2;18",4,14.04,15.38,15.40,16.66
dp2_pp0_tp2_dcp0_ep10_rank2_decode-10k,decode,10k,2,2,10,2,Index,"21,6144;1;2;21",4,14.80,16.85,16.79,19.00
dp2_pp0_tp2_dcp0_ep10_rank2_decode-10k,decode,10k,2,2,10,2,Index,"21,6144;1;2;7",6,9.72,10.17,9.98,11.44
dp2_pp0_tp2_dcp0_ep10_rank2_decode-10k,decode,10k,2,2,10,2,Index,21;1;1;14,2,10.28,10.28,10.28,10.28
dp2_pp0_tp2_dcp0_ep10_rank2_decode-10k,decode,10k,2,2,10,2,Index,"24,154880;1;2;16",19,67.80,69.07,68.96,73.66
dp2_pp0_tp2_dcp0_ep10_rank2_decode-10k,decode,10k,2,2,10,2,Index,"24,154880;1;2;8",19,37.58,38.32,38.46,38.94
dp2_pp0_tp2_dcp0_ep10_rank2_decode-10k,decode,10k,2,2,10,2,Index,"24,6144;1;2;8",57,9.42,10.64,10.32,16.98
dp2_pp0_tp2_dcp0_ep10_rank2_decode-10k,decode,10k,2,2,10,2,Index,24;1;1;16,19,9.78,10.08,10.06,10.40
dp2_pp0_tp2_dcp0_ep10_rank2_decode-10k,decode,10k,2,2,10,2,Index,"27,6144;1;2;24",38,15.80,18.55,18.38,26.64
dp2_pp0_tp2_dcp0_ep10_rank2_decode-10k,decode,10k,2,2,10,2,Index,272;1;1;1,18,9.24,9.66,9.60,10.22
dp2_pp0_tp2_dcp0_ep10_rank2_decode-10k,decode,10k,2,2,10,2,Index,272;1;1;2,4,9.44,9.64,9.65,9.80
dp2_pp0_tp2_dcp0_ep10_rank2_decode-10k,decode,10k,2,2,10,2,Index,272;1;1;3,6,9.28,9.56,9.49,9.94
dp2_pp0_tp2_dcp0_ep10_rank2_decode-10k,decode,10k,2,2,10,2,Index,272;1;1;4,2,9.28,9.73,9.73,10.18
dp2_pp0_tp2_dcp0_ep10_rank2_decode-10k,decode,10k,2,2,10,2,Index,272;1;1;5,4,9.44,9.76,9.60,10.38
dp2_pp0_tp2_dcp0_ep10_rank2_decode-10k,decode,10k,2,2,10,2,Index,272;1;1;6,4,9.44,9.94,9.97,10.36
dp2_pp0_tp2_dcp0_ep10_rank2_decode-10k,decode,10k,2,2,10,2,Index,272;1;1;7,4,9.42,9.82,9.79,10.26
dp2_pp0_tp2_dcp0_ep10_rank2_decode-10k,decode,10k,2,2,10,2,Index,272;1;1;8,38,9.34,9.87,9.91,10.54
dp2_pp0_tp2_dcp0_ep10_rank2_decode-10k,decode,10k,2,2,10,2,Index,2;1;1;2,12,6.92,8.01,8.04,9.22
dp2_pp0_tp2_dcp0_ep10_rank2_decode-10k,decode,10k,2,2,10,2,Index,"3,154880;1;2;1",9,11.24,12.14,11.36,18.44
dp2_pp0_tp2_dcp0_ep10_rank2_decode-10k,decode,10k,2,2,10,2,Index,"3,154880;1;2;2",9,15.18,16.07,15.28,22.26
dp2_pp0_tp2_dcp0_ep10_rank2_decode-10k,decode,10k,2,2,10,2,Index,"3,6144;1;2;1",27,7.32,9.10,9.10,15.24
dp2_pp0_tp2_dcp0_ep10_rank2_decode-10k,decode,10k,2,2,10,2,Index,"3,6144;1;2;3",18,9.54,10.26,9.89,17.64
dp2_pp0_tp2_dcp0_ep10_rank2_decode-10k,decode,10k,2,2,10,2,Index,340;1;1;12,3,5.48,8.16,9.14,9.86
dp2_pp0_tp2_dcp0_ep10_rank2_decode-10k,decode,10k,2,2,10,2,Index,340;1;1;15,6,6.58,8.73,9.15,9.82
dp2_pp0_tp2_dcp0_ep10_rank2_decode-10k,decode,10k,2,2,10,2,Index,340;1;1;18,6,7.24,8.99,9.11,10.30
dp2_pp0_tp2_dcp0_ep10_rank2_decode-10k,decode,10k,2,2,10,2,Index,340;1;1;21,6,5.44,8.49,9.19,9.92
dp2_pp0_tp2_dcp0_ep10_rank2_decode-10k,decode,10k,2,2,10,2,Index,340;1;1;24,57,6.40,9.12,9.38,16.92
dp2_pp0_tp2_dcp0_ep10_rank2_decode-10k,decode,10k,2,2,10,2,Index,340;1;1;3,27,6.96,9.25,9.36,15.86
dp2_pp0_tp2_dcp0_ep10_rank2_decode-10k,decode,10k,2,2,10,2,Index,340;1;1;6,6,6.58,8.87,9.24,10.16
dp2_pp0_tp2_dcp0_ep10_rank2_decode-10k,decode,10k,2,2,10,2,Index,340;1;1;9,9,6.26,8.94,9.12,10.18
dp2_pp0_tp2_dcp0_ep10_rank2_decode-10k,decode,10k,2,2,10,2,Index,3;1;1;2,9,10.06,10.29,10.30,10.52
dp2_pp0_tp2_dcp0_ep10_rank2_decode-10k,decode,10k,2,2,10,2,Index,3;1;1;3,3,8.88,9.01,9.02,9.14
dp2_pp0_tp2_dcp0_ep10_rank2_decode-10k,decode,10k,2,2,10,2,Index,4;1;1;4,3,7.36,8.35,8.44,9.24
dp2_pp0_tp2_dcp0_ep10_rank2_decode-10k,decode,10k,2,2,10,2,Index,5;1;1;5,2,8.56,8.77,8.77,8.98
dp2_pp0_tp2_dcp0_ep10_rank2_decode-10k,decode,10k,2,2,10,2,Index,"6,154880;1;2;2",2,15.00,15.21,15.21,15.42
dp2_pp0_tp2_dcp0_ep10_rank2_decode-10k,decode,10k,2,2,10,2,Index,"6,154880;1;2;4",2,22.78,22.79,22.79,22.80
dp2_pp0_tp2_dcp0_ep10_rank2_decode-10k,decode,10k,2,2,10,2,Index,"6,6144;1;2;2",6,8.56,9.04,9.10,9.30
dp2_pp0_tp2_dcp0_ep10_rank2_decode-10k,decode,10k,2,2,10,2,Index,"6,6144;1;2;6",4,10.20,10.54,10.52,10.92
dp2_pp0_tp2_dcp0_ep10_rank2_decode-10k,decode,10k,2,2,10,2,Index,6;1;1;4,2,10.12,10.27,10.27,10.42
dp2_pp0_tp2_dcp0_ep10_rank2_decode-10k,decode,10k,2,2,10,2,Index,6;1;1;6,5,5.62,8.22,8.70,9.36
dp2_pp0_tp2_dcp0_ep10_rank2_decode-10k,decode,10k,2,2,10,2,Index,7;1;1;7,2,8.74,8.90,8.90,9.06
dp2_pp0_tp2_dcp0_ep10_rank2_decode-10k,decode,10k,2,2,10,2,Index,8;1;1;8,19,5.88,9.52,9.24,15.98
dp2_pp0_tp2_dcp0_ep10_rank2_decode-10k,decode,10k,2,2,10,2,Index,"9,154880;1;2;3",3,18.74,18.83,18.82,18.92
dp2_pp0_tp2_dcp0_ep10_rank2_decode-10k,decode,10k,2,2,10,2,Index,"9,154880;1;2;6",3,30.68,30.75,30.76,30.82
dp2_pp0_tp2_dcp0_ep10_rank2_decode-10k,decode,10k,2,2,10,2,Index,"9,6144;1;2;3",9,8.18,8.98,9.14,9.68
dp2_pp0_tp2_dcp0_ep10_rank2_decode-10k,decode,10k,2,2,10,2,Index,"9,6144;1;2;9",6,11.10,11.89,11.93,12.64
dp2_pp0_tp2_dcp0_ep10_rank2_decode-10k,decode,10k,2,2,10,2,Index,9;1;1;6,3,9.94,10.18,10.22,10.38
dp2_pp0_tp2_dcp0_ep10_rank2_decode-10k,decode,10k,2,2,10,2,IndexFill,"1,3;;",9,22.06,23.90,23.62,25.54
dp2_pp0_tp2_dcp0_ep10_rank2_decode-10k,decode,10k,2,2,10,2,IndexFill,"2,3;;",2,24.42,24.95,24.95,25.48
dp2_pp0_tp2_dcp0_ep10_rank2_decode-10k,decode,10k,2,2,10,2,IndexFill,"3,3;;",3,24.90,26.02,25.14,28.02
dp2_pp0_tp2_dcp0_ep10_rank2_decode-10k,decode,10k,2,2,10,2,IndexFill,"4,3;;",1,28.88,28.88,28.88,28.88
dp2_pp0_tp2_dcp0_ep10_rank2_decode-10k,decode,10k,2,2,10,2,IndexFill,"5,3;;",2,24.60,25.07,25.07,25.54
dp2_pp0_tp2_dcp0_ep10_rank2_decode-10k,decode,10k,2,2,10,2,IndexFill,"6,3;;",2,24.72,25.57,25.57,26.42
dp2_pp0_tp2_dcp0_ep10_rank2_decode-10k,decode,10k,2,2,10,2,IndexFill,"7,3;;",2,25.44,26.27,26.27,27.10
dp2_pp0_tp2_dcp0_ep10_rank2_decode-10k,decode,10k,2,2,10,2,IndexFill,"8,3;;",19,23.02,26.89,27.58,30.56
dp2_pp0_tp2_dcp0_ep10_rank2_decode-10k,decode,10k,2,2,10,2,IndexPutV2,272;1;1;1;1,9,9.38,9.56,9.54,9.92
dp2_pp0_tp2_dcp0_ep10_rank2_decode-10k,decode,10k,2,2,10,2,IndexPutV2,272;2;1;1;2,2,9.58,9.59,9.59,9.60
dp2_pp0_tp2_dcp0_ep10_rank2_decode-10k,decode,10k,2,2,10,2,IndexPutV2,272;3;1;1;3,3,9.54,9.65,9.66,9.74
dp2_pp0_tp2_dcp0_ep10_rank2_decode-10k,decode,10k,2,2,10,2,IndexPutV2,272;4;1;1;4,1,9.58,9.58,9.58,9.58
dp2_pp0_tp2_dcp0_ep10_rank2_decode-10k,decode,10k,2,2,10,2,IndexPutV2,272;5;1;1;5,2,9.44,9.50,9.50,9.56
dp2_pp0_tp2_dcp0_ep10_rank2_decode-10k,decode,10k,2,2,10,2,IndexPutV2,272;6;1;1;6,2,9.40,9.50,9.50,9.60
dp2_pp0_tp2_dcp0_ep10_rank2_decode-10k,decode,10k,2,2,10,2,IndexPutV2,272;7;1;1;7,2,9.48,9.53,9.53,9.58
dp2_pp0_tp2_dcp0_ep10_rank2_decode-10k,decode,10k,2,2,10,2,IndexPutV2,272;8;1;1;8,19,9.36,9.63,9.60,9.78
dp2_pp0_tp2_dcp0_ep10_rank2_decode-10k,decode,10k,2,2,10,2,LayerNormV3,"12,128;128;128",79,6.82,8.38,8.58,9.84
dp2_pp0_tp2_dcp0_ep10_rank2_decode-10k,decode,10k,2,2,10,2,LayerNormV3,"15,128;128;128",158,7.54,9.35,9.79,11.40
dp2_pp0_tp2_dcp0_ep10_rank2_decode-10k,decode,10k,2,2,10,2,LayerNormV3,"18,128;128;128",4,8.86,9.22,9.11,9.82
dp2_pp0_tp2_dcp0_ep10_rank2_decode-10k,decode,10k,2,2,10,2,LayerNormV3,"21,128;128;128",312,9.58,11.74,11.66,14.14
dp2_pp0_tp2_dcp0_ep10_rank2_decode-10k,decode,10k,2,2,10,2,LayerNormV3,"24,128;128;128",38,11.86,12.76,12.81,13.52
dp2_pp0_tp2_dcp0_ep10_rank2_decode-10k,decode,10k,2,2,10,2,LayerNormV3,"27,128;128;128",1463,12.54,14.77,14.62,16.86
dp2_pp0_tp2_dcp0_ep10_rank2_decode-10k,decode,10k,2,2,10,2,LayerNormV3,"3,128;128;128",711,4.34,5.34,5.18,10.22
dp2_pp0_tp2_dcp0_ep10_rank2_decode-10k,decode,10k,2,2,10,2,LayerNormV3,"6,128;128;128",158,5.36,6.25,6.16,7.70
dp2_pp0_tp2_dcp0_ep10_rank2_decode-10k,decode,10k,2,2,10,2,LayerNormV3,"9,128;128;128",237,6.02,7.35,7.44,12.22
dp2_pp0_tp2_dcp0_ep10_rank2_decode-10k,decode,10k,2,2,10,2,LayerNormV3WithImplMode,"12,128;128;128",1,8.40,8.40,8.40,8.40
dp2_pp0_tp2_dcp0_ep10_rank2_decode-10k,decode,10k,2,2,10,2,LayerNormV3WithImplMode,"15,128;128;128",2,8.66,8.90,8.90,9.14
dp2_pp0_tp2_dcp0_ep10_rank2_decode-10k,decode,10k,2,2,10,2,LayerNormV3WithImplMode,"21,128;128;128",4,11.18,11.39,11.40,11.60
dp2_pp0_tp2_dcp0_ep10_rank2_decode-10k,decode,10k,2,2,10,2,LayerNormV3WithImplMode,"27,128;128;128",19,13.42,14.26,14.24,15.04
dp2_pp0_tp2_dcp0_ep10_rank2_decode-10k,decode,10k,2,2,10,2,LayerNormV3WithImplMode,"3,128;128;128",9,6.40,6.71,6.66,7.08
dp2_pp0_tp2_dcp0_ep10_rank2_decode-10k,decode,10k,2,2,10,2,LayerNormV3WithImplMode,"6,128;128;128",2,6.92,7.31,7.31,7.70
dp2_pp0_tp2_dcp0_ep10_rank2_decode-10k,decode,10k,2,2,10,2,LayerNormV3WithImplMode,"9,128;128;128",3,7.52,7.91,8.04,8.16
dp2_pp0_tp2_dcp0_ep10_rank2_decode-10k,decode,10k,2,2,10,2,Less,"1,3;",9,2.64,2.73,2.70,2.88
dp2_pp0_tp2_dcp0_ep10_rank2_decode-10k,decode,10k,2,2,10,2,Less,12;,2,2.34,2.53,2.53,2.72
dp2_pp0_tp2_dcp0_ep10_rank2_decode-10k,decode,10k,2,2,10,2,Less,15;,4,2.26,2.62,2.58,3.06
dp2_pp0_tp2_dcp0_ep10_rank2_decode-10k,decode,10k,2,2,10,2,Less,18;,4,2.34,2.56,2.59,2.74
dp2_pp0_tp2_dcp0_ep10_rank2_decode-10k,decode,10k,2,2,10,2,Less,"2,3;",2,2.78,2.98,2.98,3.18
dp2_pp0_tp2_dcp0_ep10_rank2_decode-10k,decode,10k,2,2,10,2,Less,21;,4,2.30,2.54,2.52,2.82
dp2_pp0_tp2_dcp0_ep10_rank2_decode-10k,decode,10k,2,2,10,2,Less,24;,38,2.24,2.57,2.55,3.06
dp2_pp0_tp2_dcp0_ep10_rank2_decode-10k,decode,10k,2,2,10,2,Less,"3,3;",3,2.94,2.97,2.98,2.98
dp2_pp0_tp2_dcp0_ep10_rank2_decode-10k,decode,10k,2,2,10,2,Less,3;,18,2.20,2.58,2.51,3.06
dp2_pp0_tp2_dcp0_ep10_rank2_decode-10k,decode,10k,2,2,10,2,Less,"4,3;",1,2.64,2.64,2.64,2.64
dp2_pp0_tp2_dcp0_ep10_rank2_decode-10k,decode,10k,2,2,10,2,Less,"5,3;",2,2.68,2.71,2.71,2.74
dp2_pp0_tp2_dcp0_ep10_rank2_decode-10k,decode,10k,2,2,10,2,Less,"6,3;",2,2.86,3.03,3.03,3.20
dp2_pp0_tp2_dcp0_ep10_rank2_decode-10k,decode,10k,2,2,10,2,Less,6;,4,2.24,2.73,2.78,3.10
dp2_pp0_tp2_dcp0_ep10_rank2_decode-10k,decode,10k,2,2,10,2,Less,"7,3;",2,2.74,2.78,2.78,2.82
dp2_pp0_tp2_dcp0_ep10_rank2_decode-10k,decode,10k,2,2,10,2,Less,"8,3;",19,2.62,2.83,2.82,3.06
dp2_pp0_tp2_dcp0_ep10_rank2_decode-10k,decode,10k,2,2,10,2,Less,9;,6,2.28,2.60,2.54,3.20
dp2_pp0_tp2_dcp0_ep10_rank2_decode-10k,decode,10k,2,2,10,2,LessAiCore,12;,1,3.06,3.06,3.06,3.06
dp2_pp0_tp2_dcp0_ep10_rank2_decode-10k,decode,10k,2,2,10,2,LessAiCore,15;,2,2.52,2.55,2.55,2.58
dp2_pp0_tp2_dcp0_ep10_rank2_decode-10k,decode,10k,2,2,10,2,LessAiCore,21;,4,2.92,3.17,3.16,3.42
dp2_pp0_tp2_dcp0_ep10_rank2_decode-10k,decode,10k,2,2,10,2,LessAiCore,27;,19,2.56,2.83,2.70,3.32
dp2_pp0_tp2_dcp0_ep10_rank2_decode-10k,decode,10k,2,2,10,2,LessAiCore,3;,9,2.62,2.79,2.80,3.00
dp2_pp0_tp2_dcp0_ep10_rank2_decode-10k,decode,10k,2,2,10,2,LessAiCore,6;,2,3.04,3.04,3.04,3.04
dp2_pp0_tp2_dcp0_ep10_rank2_decode-10k,decode,10k,2,2,10,2,LessAiCore,9;,3,2.72,2.95,3.04,3.10
dp2_pp0_tp2_dcp0_ep10_rank2_decode-10k,decode,10k,2,2,10,2,LightningIndexer,"12,32,128;1765,128,1,128;12,32;4;4;4,1584",80,40.80,55.55,55.82,61.02
dp2_pp0_tp2_dcp0_ep10_rank2_decode-10k,decode,10k,2,2,10,2,LightningIndexer,"15,32,128;1765,128,1,128;15,32;5;5;5,1584",160,44.14,59.33,59.61,64.24
dp2_pp0_tp2_dcp0_ep10_rank2_decode-10k,decode,10k,2,2,10,2,LightningIndexer,"18,32,128;1765,128,1,128;18,32;6;6;6,1584",4,46.62,53.87,52.96,62.92
dp2_pp0_tp2_dcp0_ep10_rank2_decode-10k,decode,10k,2,2,10,2,LightningIndexer,"21,32,128;1765,128,1,128;21,32;7;7;7,1584",316,46.12,60.48,60.31,66.14
dp2_pp0_tp2_dcp0_ep10_rank2_decode-10k,decode,10k,2,2,10,2,LightningIndexer,"24,32,128;1765,128,1,128;24,32;8;8;8,1584",38,48.48,58.93,58.88,70.10
dp2_pp0_tp2_dcp0_ep10_rank2_decode-10k,decode,10k,2,2,10,2,LightningIndexer,"27,32,128;1765,128,1,128;27,32;9;9;9,1584",1482,56.08,64.60,64.96,69.68
dp2_pp0_tp2_dcp0_ep10_rank2_decode-10k,decode,10k,2,2,10,2,LightningIndexer,"3,32,128;1765,128,1,128;3,32;1;1;1,1584",720,36.58,54.31,54.74,70.20
dp2_pp0_tp2_dcp0_ep10_rank2_decode-10k,decode,10k,2,2,10,2,LightningIndexer,"6,32,128;1765,128,1,128;6,32;2;2;2,1584",160,36.00,53.27,53.24,60.22
dp2_pp0_tp2_dcp0_ep10_rank2_decode-10k,decode,10k,2,2,10,2,LightningIndexer,"9,32,128;1765,128,1,128;9,32;3;3;3,1584",240,38.02,54.82,55.01,59.20
dp2_pp0_tp2_dcp0_ep10_rank2_decode-10k,decode,10k,2,2,10,2,LinearIndex,10;1,2,1.82,2.00,2.00,2.18
dp2_pp0_tp2_dcp0_ep10_rank2_decode-10k,decode,10k,2,2,10,2,LinearIndex,12;1,2,1.72,1.77,1.77,1.82
dp2_pp0_tp2_dcp0_ep10_rank2_decode-10k,decode,10k,2,2,10,2,LinearIndex,14;1,2,1.68,1.73,1.73,1.78
dp2_pp0_tp2_dcp0_ep10_rank2_decode-10k,decode,10k,2,2,10,2,LinearIndex,16;1,18,1.68,1.81,1.79,2.08
dp2_pp0_tp2_dcp0_ep10_rank2_decode-10k,decode,10k,2,2,10,2,LinearIndex,1;1,10,1.96,2.06,2.03,2.20
dp2_pp0_tp2_dcp0_ep10_rank2_decode-10k,decode,10k,2,2,10,2,LinearIndex,2;1,12,1.68,1.84,1.79,2.10
dp2_pp0_tp2_dcp0_ep10_rank2_decode-10k,decode,10k,2,2,10,2,LinearIndex,3;1,3,1.96,2.14,2.12,2.34
dp2_pp0_tp2_dcp0_ep10_rank2_decode-10k,decode,10k,2,2,10,2,LinearIndex,4;1,3,1.70,1.83,1.84,1.96
dp2_pp0_tp2_dcp0_ep10_rank2_decode-10k,decode,10k,2,2,10,2,LinearIndex,5;1,2,1.96,1.99,1.99,2.02
dp2_pp0_tp2_dcp0_ep10_rank2_decode-10k,decode,10k,2,2,10,2,LinearIndex,6;1,5,1.68,1.82,1.80,2.02
dp2_pp0_tp2_dcp0_ep10_rank2_decode-10k,decode,10k,2,2,10,2,LinearIndex,7;1,2,2.02,2.08,2.08,2.14
dp2_pp0_tp2_dcp0_ep10_rank2_decode-10k,decode,10k,2,2,10,2,LinearIndex,8;1,19,1.86,2.01,1.98,2.22
dp2_pp0_tp2_dcp0_ep10_rank2_decode-10k,decode,10k,2,2,10,2,Log,"1,154880",18,5.64,8.70,8.36,17.42
dp2_pp0_tp2_dcp0_ep10_rank2_decode-10k,decode,10k,2,2,10,2,Log,"2,154880",4,8.20,8.50,8.51,8.76
dp2_pp0_tp2_dcp0_ep10_rank2_decode-10k,decode,10k,2,2,10,2,Log,"3,154880",6,8.68,11.03,8.94,21.70
dp2_pp0_tp2_dcp0_ep10_rank2_decode-10k,decode,10k,2,2,10,2,Log,"4,154880",2,9.10,9.28,9.28,9.46
dp2_pp0_tp2_dcp0_ep10_rank2_decode-10k,decode,10k,2,2,10,2,Log,"5,154880",4,9.26,9.51,9.35,10.08
dp2_pp0_tp2_dcp0_ep10_rank2_decode-10k,decode,10k,2,2,10,2,Log,"6,154880",4,8.60,12.23,11.65,17.02
dp2_pp0_tp2_dcp0_ep10_rank2_decode-10k,decode,10k,2,2,10,2,Log,"7,154880",4,8.78,10.58,8.93,15.68
dp2_pp0_tp2_dcp0_ep10_rank2_decode-10k,decode,10k,2,2,10,2,Log,"8,154880",38,8.30,12.86,9.20,60.88
dp2_pp0_tp2_dcp0_ep10_rank2_decode-10k,decode,10k,2,2,10,2,LogicalAnd,"1,3;1,3",9,1.52,1.64,1.62,1.92
dp2_pp0_tp2_dcp0_ep10_rank2_decode-10k,decode,10k,2,2,10,2,LogicalAnd,12;12,2,1.28,1.39,1.39,1.50
dp2_pp0_tp2_dcp0_ep10_rank2_decode-10k,decode,10k,2,2,10,2,LogicalAnd,15;15,4,1.28,1.52,1.44,1.92
dp2_pp0_tp2_dcp0_ep10_rank2_decode-10k,decode,10k,2,2,10,2,LogicalAnd,18;18,4,1.42,1.71,1.69,2.04
dp2_pp0_tp2_dcp0_ep10_rank2_decode-10k,decode,10k,2,2,10,2,LogicalAnd,"2,3;2,3",2,1.58,1.61,1.61,1.64
dp2_pp0_tp2_dcp0_ep10_rank2_decode-10k,decode,10k,2,2,10,2,LogicalAnd,21;21,4,1.28,1.58,1.57,1.90
dp2_pp0_tp2_dcp0_ep10_rank2_decode-10k,decode,10k,2,2,10,2,LogicalAnd,24;24,38,1.24,1.56,1.50,2.36
dp2_pp0_tp2_dcp0_ep10_rank2_decode-10k,decode,10k,2,2,10,2,LogicalAnd,"3,3;3,3",3,1.54,1.63,1.66,1.68
dp2_pp0_tp2_dcp0_ep10_rank2_decode-10k,decode,10k,2,2,10,2,LogicalAnd,3;3,18,1.32,1.63,1.55,2.16
dp2_pp0_tp2_dcp0_ep10_rank2_decode-10k,decode,10k,2,2,10,2,LogicalAnd,"4,3;4,3",1,1.52,1.52,1.52,1.52
dp2_pp0_tp2_dcp0_ep10_rank2_decode-10k,decode,10k,2,2,10,2,LogicalAnd,"5,3;5,3",2,1.60,1.65,1.65,1.70
dp2_pp0_tp2_dcp0_ep10_rank2_decode-10k,decode,10k,2,2,10,2,LogicalAnd,"6,3;6,3",2,1.74,1.78,1.78,1.82
dp2_pp0_tp2_dcp0_ep10_rank2_decode-10k,decode,10k,2,2,10,2,LogicalAnd,6;6,4,1.28,1.45,1.44,1.64
dp2_pp0_tp2_dcp0_ep10_rank2_decode-10k,decode,10k,2,2,10,2,LogicalAnd,"7,3;7,3",2,1.66,1.79,1.79,1.92
dp2_pp0_tp2_dcp0_ep10_rank2_decode-10k,decode,10k,2,2,10,2,LogicalAnd,"8,3;8,3",19,1.58,1.75,1.74,1.98
dp2_pp0_tp2_dcp0_ep10_rank2_decode-10k,decode,10k,2,2,10,2,LogicalAnd,9;9,6,1.24,1.47,1.47,1.68
dp2_pp0_tp2_dcp0_ep10_rank2_decode-10k,decode,10k,2,2,10,2,LogicalAndAiCore,12;12,1,2.14,2.14,2.14,2.14
dp2_pp0_tp2_dcp0_ep10_rank2_decode-10k,decode,10k,2,2,10,2,LogicalAndAiCore,15;15,2,1.46,1.67,1.67,1.88
dp2_pp0_tp2_dcp0_ep10_rank2_decode-10k,decode,10k,2,2,10,2,LogicalAndAiCore,21;21,4,1.64,1.69,1.66,1.80
dp2_pp0_tp2_dcp0_ep10_rank2_decode-10k,decode,10k,2,2,10,2,LogicalAndAiCore,27;27,19,1.46,1.67,1.62,2.00
dp2_pp0_tp2_dcp0_ep10_rank2_decode-10k,decode,10k,2,2,10,2,LogicalAndAiCore,3;3,9,1.60,1.84,1.84,2.24
dp2_pp0_tp2_dcp0_ep10_rank2_decode-10k,decode,10k,2,2,10,2,LogicalAndAiCore,6;6,2,2.00,2.03,2.03,2.06
dp2_pp0_tp2_dcp0_ep10_rank2_decode-10k,decode,10k,2,2,10,2,LogicalAndAiCore,9;9,3,1.62,1.69,1.66,1.78
dp2_pp0_tp2_dcp0_ep10_rank2_decode-10k,decode,10k,2,2,10,2,LogicalNot,12,2,1.40,1.64,1.64,1.88
dp2_pp0_tp2_dcp0_ep10_rank2_decode-10k,decode,10k,2,2,10,2,LogicalNot,15,4,1.52,1.63,1.62,1.76
dp2_pp0_tp2_dcp0_ep10_rank2_decode-10k,decode,10k,2,2,10,2,LogicalNot,18,4,1.38,1.50,1.52,1.56
dp2_pp0_tp2_dcp0_ep10_rank2_decode-10k,decode,10k,2,2,10,2,LogicalNot,21,4,1.40,1.57,1.57,1.74
dp2_pp0_tp2_dcp0_ep10_rank2_decode-10k,decode,10k,2,2,10,2,LogicalNot,24,38,1.40,1.53,1.50,1.78
dp2_pp0_tp2_dcp0_ep10_rank2_decode-10k,decode,10k,2,2,10,2,LogicalNot,3,18,1.40,1.54,1.52,1.78
dp2_pp0_tp2_dcp0_ep10_rank2_decode-10k,decode,10k,2,2,10,2,LogicalNot,6,4,1.52,1.62,1.63,1.72
dp2_pp0_tp2_dcp0_ep10_rank2_decode-10k,decode,10k,2,2,10,2,LogicalNot,9,6,1.44,1.51,1.47,1.68
dp2_pp0_tp2_dcp0_ep10_rank2_decode-10k,decode,10k,2,2,10,2,LogicalNotAiCore,12,1,1.84,1.84,1.84,1.84
dp2_pp0_tp2_dcp0_ep10_rank2_decode-10k,decode,10k,2,2,10,2,LogicalNotAiCore,15,2,1.40,1.51,1.51,1.62
dp2_pp0_tp2_dcp0_ep10_rank2_decode-10k,decode,10k,2,2,10,2,LogicalNotAiCore,21,4,1.66,1.83,1.85,1.96
dp2_pp0_tp2_dcp0_ep10_rank2_decode-10k,decode,10k,2,2,10,2,LogicalNotAiCore,27,19,1.40,1.56,1.48,1.80
dp2_pp0_tp2_dcp0_ep10_rank2_decode-10k,decode,10k,2,2,10,2,LogicalNotAiCore,3,9,1.42,1.55,1.54,1.66
dp2_pp0_tp2_dcp0_ep10_rank2_decode-10k,decode,10k,2,2,10,2,LogicalNotAiCore,6,2,1.48,1.59,1.59,1.70
dp2_pp0_tp2_dcp0_ep10_rank2_decode-10k,decode,10k,2,2,10,2,LogicalNotAiCore,9,3,1.76,1.77,1.76,1.78
dp2_pp0_tp2_dcp0_ep10_rank2_decode-10k,decode,10k,2,2,10,2,MaskedFill,"1,154880;1,154880;",18,10.58,13.45,12.53,21.92
dp2_pp0_tp2_dcp0_ep10_rank2_decode-10k,decode,10k,2,2,10,2,MaskedFill,"12,6144;12,1;",2,14.90,15.44,15.44,15.98
dp2_pp0_tp2_dcp0_ep10_rank2_decode-10k,decode,10k,2,2,10,2,MaskedFill,"15,6144;15,1;",4,13.90,14.43,14.28,15.24
dp2_pp0_tp2_dcp0_ep10_rank2_decode-10k,decode,10k,2,2,10,2,MaskedFill,"18,6144;18,1;",4,11.28,12.57,12.94,13.12
dp2_pp0_tp2_dcp0_ep10_rank2_decode-10k,decode,10k,2,2,10,2,MaskedFill,1;1;,18,1.42,1.69,1.67,2.28
dp2_pp0_tp2_dcp0_ep10_rank2_decode-10k,decode,10k,2,2,10,2,MaskedFill,"2,154880;2,154880;",4,11.18,15.77,15.23,21.44
dp2_pp0_tp2_dcp0_ep10_rank2_decode-10k,decode,10k,2,2,10,2,MaskedFill,"21,6144;21,1;",4,13.12,14.58,14.57,16.04
dp2_pp0_tp2_dcp0_ep10_rank2_decode-10k,decode,10k,2,2,10,2,MaskedFill,"24,6144;24,1;",38,14.76,16.95,17.04,18.52
dp2_pp0_tp2_dcp0_ep10_rank2_decode-10k,decode,10k,2,2,10,2,MaskedFill,2;2;,4,1.94,2.27,2.29,2.58
dp2_pp0_tp2_dcp0_ep10_rank2_decode-10k,decode,10k,2,2,10,2,MaskedFill,"3,154880;3,154880;",6,15.16,16.35,15.51,19.88
dp2_pp0_tp2_dcp0_ep10_rank2_decode-10k,decode,10k,2,2,10,2,MaskedFill,"3,6144;3,1;",18,14.64,17.01,16.24,24.50
dp2_pp0_tp2_dcp0_ep10_rank2_decode-10k,decode,10k,2,2,10,2,MaskedFill,3;3;,6,1.92,2.09,2.09,2.30
dp2_pp0_tp2_dcp0_ep10_rank2_decode-10k,decode,10k,2,2,10,2,MaskedFill,"4,154880;4,154880;",2,17.00,17.13,17.13,17.26
dp2_pp0_tp2_dcp0_ep10_rank2_decode-10k,decode,10k,2,2,10,2,MaskedFill,4;4;,2,2.26,2.48,2.48,2.70
dp2_pp0_tp2_dcp0_ep10_rank2_decode-10k,decode,10k,2,2,10,2,MaskedFill,"5,154880;5,154880;",4,17.30,19.00,17.85,22.98
dp2_pp0_tp2_dcp0_ep10_rank2_decode-10k,decode,10k,2,2,10,2,MaskedFill,5;5;,4,2.02,2.32,2.38,2.50
dp2_pp0_tp2_dcp0_ep10_rank2_decode-10k,decode,10k,2,2,10,2,MaskedFill,"6,154880;6,154880;",4,17.06,18.49,17.75,21.40
dp2_pp0_tp2_dcp0_ep10_rank2_decode-10k,decode,10k,2,2,10,2,MaskedFill,"6,6144;6,1;",4,14.72,15.18,14.96,16.08
dp2_pp0_tp2_dcp0_ep10_rank2_decode-10k,decode,10k,2,2,10,2,MaskedFill,6;6;,4,1.96,2.13,2.15,2.26
dp2_pp0_tp2_dcp0_ep10_rank2_decode-10k,decode,10k,2,2,10,2,MaskedFill,"7,154880;7,154880;",4,17.92,18.00,17.96,18.16
dp2_pp0_tp2_dcp0_ep10_rank2_decode-10k,decode,10k,2,2,10,2,MaskedFill,7;7;,4,2.06,2.30,2.29,2.56
dp2_pp0_tp2_dcp0_ep10_rank2_decode-10k,decode,10k,2,2,10,2,MaskedFill,"8,154880;8,154880;",38,17.42,23.89,20.02,71.76
dp2_pp0_tp2_dcp0_ep10_rank2_decode-10k,decode,10k,2,2,10,2,MaskedFill,8;8;,38,1.84,2.30,2.30,2.80
dp2_pp0_tp2_dcp0_ep10_rank2_decode-10k,decode,10k,2,2,10,2,MaskedFill,"9,6144;9,1;",6,15.06,16.08,16.13,17.04
dp2_pp0_tp2_dcp0_ep10_rank2_decode-10k,decode,10k,2,2,10,2,MaskedFillAiCore,"12,6144;12,1;",1,16.10,16.10,16.10,16.10
dp2_pp0_tp2_dcp0_ep10_rank2_decode-10k,decode,10k,2,2,10,2,MaskedFillAiCore,"15,6144;15,1;",2,15.12,15.22,15.22,15.32
dp2_pp0_tp2_dcp0_ep10_rank2_decode-10k,decode,10k,2,2,10,2,MaskedFillAiCore,"21,6144;21,1;",4,12.74,13.03,12.92,13.54
dp2_pp0_tp2_dcp0_ep10_rank2_decode-10k,decode,10k,2,2,10,2,MaskedFillAiCore,"27,6144;27,1;",19,9.58,10.18,10.12,10.84
dp2_pp0_tp2_dcp0_ep10_rank2_decode-10k,decode,10k,2,2,10,2,MaskedFillAiCore,"3,6144;3,1;",9,14.14,14.54,14.54,14.94
dp2_pp0_tp2_dcp0_ep10_rank2_decode-10k,decode,10k,2,2,10,2,MaskedFillAiCore,"6,6144;6,1;",2,14.54,14.60,14.60,14.66
dp2_pp0_tp2_dcp0_ep10_rank2_decode-10k,decode,10k,2,2,10,2,MaskedFillAiCore,"9,6144;9,1;",3,14.24,14.53,14.60,14.74
dp2_pp0_tp2_dcp0_ep10_rank2_decode-10k,decode,10k,2,2,10,2,MatMulCommon,"12,6144;128,6144",1,15.54,15.54,15.54,15.54
dp2_pp0_tp2_dcp0_ep10_rank2_decode-10k,decode,10k,2,2,10,2,MatMulCommon,"12,6144;256,6144",1,9.68,9.68,9.68,9.68
dp2_pp0_tp2_dcp0_ep10_rank2_decode-10k,decode,10k,2,2,10,2,MatMulCommon,"12,6144;32,6144",1,13.52,13.52,13.52,13.52
dp2_pp0_tp2_dcp0_ep10_rank2_decode-10k,decode,10k,2,2,10,2,MatMulCommon,"15,6144;128,6144",2,15.44,15.67,15.67,15.90
dp2_pp0_tp2_dcp0_ep10_rank2_decode-10k,decode,10k,2,2,10,2,MatMulCommon,"15,6144;256,6144",2,9.32,9.41,9.41,9.50
dp2_pp0_tp2_dcp0_ep10_rank2_decode-10k,decode,10k,2,2,10,2,MatMulCommon,"15,6144;32,6144",2,13.22,13.24,13.24,13.26
dp2_pp0_tp2_dcp0_ep10_rank2_decode-10k,decode,10k,2,2,10,2,MatMulCommon,"21,6144;128,6144",4,16.44,16.78,16.81,17.06
dp2_pp0_tp2_dcp0_ep10_rank2_decode-10k,decode,10k,2,2,10,2,MatMulCommon,"21,6144;256,6144",4,9.74,10.12,10.21,10.32
dp2_pp0_tp2_dcp0_ep10_rank2_decode-10k,decode,10k,2,2,10,2,MatMulCommon,"21,6144;32,6144",4,13.28,13.38,13.35,13.54
dp2_pp0_tp2_dcp0_ep10_rank2_decode-10k,decode,10k,2,2,10,2,MatMulCommon,"27,6144;128,6144",19,16.26,16.69,16.72,17.08
dp2_pp0_tp2_dcp0_ep10_rank2_decode-10k,decode,10k,2,2,10,2,MatMulCommon,"27,6144;256,6144",19,9.90,10.49,10.48,11.44
dp2_pp0_tp2_dcp0_ep10_rank2_decode-10k,decode,10k,2,2,10,2,MatMulCommon,"27,6144;32,6144",19,13.20,13.56,13.54,14.02
dp2_pp0_tp2_dcp0_ep10_rank2_decode-10k,decode,10k,2,2,10,2,MatMulCommon,"3,6144;128,6144",9,15.22,15.51,15.46,16.12
dp2_pp0_tp2_dcp0_ep10_rank2_decode-10k,decode,10k,2,2,10,2,MatMulCommon,"3,6144;256,6144",9,9.22,9.60,9.60,9.84
dp2_pp0_tp2_dcp0_ep10_rank2_decode-10k,decode,10k,2,2,10,2,MatMulCommon,"3,6144;32,6144",9,12.68,12.98,12.86,13.30
dp2_pp0_tp2_dcp0_ep10_rank2_decode-10k,decode,10k,2,2,10,2,MatMulCommon,"6,6144;128,6144",2,15.76,15.89,15.89,16.02
dp2_pp0_tp2_dcp0_ep10_rank2_decode-10k,decode,10k,2,2,10,2,MatMulCommon,"6,6144;256,6144",2,9.16,9.21,9.21,9.26
dp2_pp0_tp2_dcp0_ep10_rank2_decode-10k,decode,10k,2,2,10,2,MatMulCommon,"6,6144;32,6144",2,13.28,13.29,13.29,13.30
dp2_pp0_tp2_dcp0_ep10_rank2_decode-10k,decode,10k,2,2,10,2,MatMulCommon,"9,6144;128,6144",3,15.64,15.81,15.86,15.92
dp2_pp0_tp2_dcp0_ep10_rank2_decode-10k,decode,10k,2,2,10,2,MatMulCommon,"9,6144;256,6144",3,9.40,9.41,9.42,9.42
dp2_pp0_tp2_dcp0_ep10_rank2_decode-10k,decode,10k,2,2,10,2,MatMulCommon,"9,6144;32,6144",3,13.24,13.33,13.36,13.38
dp2_pp0_tp2_dcp0_ep10_rank2_decode-10k,decode,10k,2,2,10,2,MatMulV2,"1,6144;38720,6144",18,388.02,401.59,402.98,426.28
dp2_pp0_tp2_dcp0_ep10_rank2_decode-10k,decode,10k,2,2,10,2,MatMulV2,"12,12288;6144,12288",2,132.01,176.28,176.28,220.55
dp2_pp0_tp2_dcp0_ep10_rank2_decode-10k,decode,10k,2,2,10,2,MatMulV2,"12,6144;128,6144",79,13.72,14.68,14.62,18.70
dp2_pp0_tp2_dcp0_ep10_rank2_decode-10k,decode,10k,2,2,10,2,MatMulV2,"12,6144;256,6144",76,8.42,10.25,10.46,11.74
dp2_pp0_tp2_dcp0_ep10_rank2_decode-10k,decode,10k,2,2,10,2,MatMulV2,"12,6144;32,6144",79,12.56,13.15,13.16,13.94
dp2_pp0_tp2_dcp0_ep10_rank2_decode-10k,decode,10k,2,2,10,2,MatMulV2,"12,6144;38720,6144",1,447.46,447.46,447.46,447.46
dp2_pp0_tp2_dcp0_ep10_rank2_decode-10k,decode,10k,2,2,10,2,MatMulV2,"12,6144;6144,6144",2,62.78,92.46,92.46,122.15
dp2_pp0_tp2_dcp0_ep10_rank2_decode-10k,decode,10k,2,2,10,2,MatMulV2,"15,12288;6144,12288",4,133.30,184.43,183.15,238.13
dp2_pp0_tp2_dcp0_ep10_rank2_decode-10k,decode,10k,2,2,10,2,MatMulV2,"15,6144;128,6144",158,13.62,14.49,14.42,20.80
dp2_pp0_tp2_dcp0_ep10_rank2_decode-10k,decode,10k,2,2,10,2,MatMulV2,"15,6144;256,6144",152,8.72,10.31,10.52,11.92
dp2_pp0_tp2_dcp0_ep10_rank2_decode-10k,decode,10k,2,2,10,2,MatMulV2,"15,6144;32,6144",158,12.38,13.13,13.10,17.96
dp2_pp0_tp2_dcp0_ep10_rank2_decode-10k,decode,10k,2,2,10,2,MatMulV2,"15,6144;38720,6144",2,457.62,480.51,480.51,503.40
dp2_pp0_tp2_dcp0_ep10_rank2_decode-10k,decode,10k,2,2,10,2,MatMulV2,"15,6144;6144,6144",4,64.26,100.29,99.59,137.73
dp2_pp0_tp2_dcp0_ep10_rank2_decode-10k,decode,10k,2,2,10,2,MatMulV2,"18,12288;6144,12288",4,133.93,175.86,175.50,218.53
dp2_pp0_tp2_dcp0_ep10_rank2_decode-10k,decode,10k,2,2,10,2,MatMulV2,"18,6144;128,6144",4,15.14,16.27,16.31,17.30
dp2_pp0_tp2_dcp0_ep10_rank2_decode-10k,decode,10k,2,2,10,2,MatMulV2,"18,6144;256,6144",4,10.58,10.62,10.60,10.72
dp2_pp0_tp2_dcp0_ep10_rank2_decode-10k,decode,10k,2,2,10,2,MatMulV2,"18,6144;32,6144",4,13.32,13.46,13.45,13.60
dp2_pp0_tp2_dcp0_ep10_rank2_decode-10k,decode,10k,2,2,10,2,MatMulV2,"18,6144;38720,6144",2,478.76,480.39,480.39,482.02
dp2_pp0_tp2_dcp0_ep10_rank2_decode-10k,decode,10k,2,2,10,2,MatMulV2,"18,6144;6144,6144",4,66.58,101.28,100.78,136.96
dp2_pp0_tp2_dcp0_ep10_rank2_decode-10k,decode,10k,2,2,10,2,MatMulV2,"2,6144;38720,6144",4,400.48,431.97,432.74,461.94
dp2_pp0_tp2_dcp0_ep10_rank2_decode-10k,decode,10k,2,2,10,2,MatMulV2,"21,12288;6144,12288",4,129.24,174.49,174.37,219.99
dp2_pp0_tp2_dcp0_ep10_rank2_decode-10k,decode,10k,2,2,10,2,MatMulV2,"21,6144;128,6144",312,14.98,16.49,16.58,20.64
dp2_pp0_tp2_dcp0_ep10_rank2_decode-10k,decode,10k,2,2,10,2,MatMulV2,"21,6144;256,6144",300,9.52,11.24,11.45,12.92
dp2_pp0_tp2_dcp0_ep10_rank2_decode-10k,decode,10k,2,2,10,2,MatMulV2,"21,6144;32,6144",312,12.92,13.36,13.31,20.76
dp2_pp0_tp2_dcp0_ep10_rank2_decode-10k,decode,10k,2,2,10,2,MatMulV2,"21,6144;38720,6144",2,487.26,488.57,488.57,489.88
dp2_pp0_tp2_dcp0_ep10_rank2_decode-10k,decode,10k,2,2,10,2,MatMulV2,"21,6144;6144,6144",4,65.86,102.70,102.72,139.50
dp2_pp0_tp2_dcp0_ep10_rank2_decode-10k,decode,10k,2,2,10,2,MatMulV2,"24,12288;6144,12288",38,128.78,173.54,173.59,218.43
dp2_pp0_tp2_dcp0_ep10_rank2_decode-10k,decode,10k,2,2,10,2,MatMulV2,"24,6144;128,6144",38,14.48,15.95,15.83,17.46
dp2_pp0_tp2_dcp0_ep10_rank2_decode-10k,decode,10k,2,2,10,2,MatMulV2,"24,6144;256,6144",38,10.06,10.71,10.68,11.44
dp2_pp0_tp2_dcp0_ep10_rank2_decode-10k,decode,10k,2,2,10,2,MatMulV2,"24,6144;32,6144",38,13.32,13.75,13.73,14.16
dp2_pp0_tp2_dcp0_ep10_rank2_decode-10k,decode,10k,2,2,10,2,MatMulV2,"24,6144;38720,6144",19,460.90,467.25,466.46,472.58
dp2_pp0_tp2_dcp0_ep10_rank2_decode-10k,decode,10k,2,2,10,2,MatMulV2,"24,6144;6144,6144",38,64.56,103.27,103.68,141.96
dp2_pp0_tp2_dcp0_ep10_rank2_decode-10k,decode,10k,2,2,10,2,MatMulV2,"27,6144;128,6144",1463,14.94,16.51,16.60,22.38
dp2_pp0_tp2_dcp0_ep10_rank2_decode-10k,decode,10k,2,2,10,2,MatMulV2,"27,6144;256,6144",1406,9.46,11.49,11.72,13.46
dp2_pp0_tp2_dcp0_ep10_rank2_decode-10k,decode,10k,2,2,10,2,MatMulV2,"27,6144;32,6144",1463,12.98,13.35,13.32,16.16
dp2_pp0_tp2_dcp0_ep10_rank2_decode-10k,decode,10k,2,2,10,2,MatMulV2,"3,12288;6144,12288",18,125.48,164.46,168.44,201.37
dp2_pp0_tp2_dcp0_ep10_rank2_decode-10k,decode,10k,2,2,10,2,MatMulV2,"3,6144;128,6144",711,13.42,14.43,14.36,24.82
dp2_pp0_tp2_dcp0_ep10_rank2_decode-10k,decode,10k,2,2,10,2,MatMulV2,"3,6144;256,6144",684,8.40,10.09,10.24,11.22
dp2_pp0_tp2_dcp0_ep10_rank2_decode-10k,decode,10k,2,2,10,2,MatMulV2,"3,6144;32,6144",711,11.50,12.68,12.66,13.26
dp2_pp0_tp2_dcp0_ep10_rank2_decode-10k,decode,10k,2,2,10,2,MatMulV2,"3,6144;38720,6144",15,398.54,421.29,404.10,487.34
dp2_pp0_tp2_dcp0_ep10_rank2_decode-10k,decode,10k,2,2,10,2,MatMulV2,"3,6144;6144,6144",18,62.18,65.97,66.16,69.56
dp2_pp0_tp2_dcp0_ep10_rank2_decode-10k,decode,10k,2,2,10,2,MatMulV2,"4,6144;38720,6144",2,413.48,427.11,427.11,440.74
dp2_pp0_tp2_dcp0_ep10_rank2_decode-10k,decode,10k,2,2,10,2,MatMulV2,"5,6144;38720,6144",4,432.92,461.24,458.71,494.62
dp2_pp0_tp2_dcp0_ep10_rank2_decode-10k,decode,10k,2,2,10,2,MatMulV2,"6,12288;6144,12288",4,130.21,173.89,176.26,212.85
dp2_pp0_tp2_dcp0_ep10_rank2_decode-10k,decode,10k,2,2,10,2,MatMulV2,"6,6144;128,6144",158,13.50,14.36,14.24,15.74
dp2_pp0_tp2_dcp0_ep10_rank2_decode-10k,decode,10k,2,2,10,2,MatMulV2,"6,6144;256,6144",152,8.70,10.13,10.30,11.32
dp2_pp0_tp2_dcp0_ep10_rank2_decode-10k,decode,10k,2,2,10,2,MatMulV2,"6,6144;32,6144",158,12.48,12.98,12.96,13.54
dp2_pp0_tp2_dcp0_ep10_rank2_decode-10k,decode,10k,2,2,10,2,MatMulV2,"6,6144;38720,6144",6,415.86,435.71,428.52,463.40
dp2_pp0_tp2_dcp0_ep10_rank2_decode-10k,decode,10k,2,2,10,2,MatMulV2,"6,6144;6144,6144",4,62.34,77.84,79.90,89.20
dp2_pp0_tp2_dcp0_ep10_rank2_decode-10k,decode,10k,2,2,10,2,MatMulV2,"7,6144;38720,6144",4,420.26,444.57,444.54,468.94
dp2_pp0_tp2_dcp0_ep10_rank2_decode-10k,decode,10k,2,2,10,2,MatMulV2,"8,6144;38720,6144",38,423.46,452.56,452.54,484.20
dp2_pp0_tp2_dcp0_ep10_rank2_decode-10k,decode,10k,2,2,10,2,MatMulV2,"9,12288;6144,12288",6,131.24,187.60,180.55,246.13
dp2_pp0_tp2_dcp0_ep10_rank2_decode-10k,decode,10k,2,2,10,2,MatMulV2,"9,6144;128,6144",237,13.62,14.45,14.32,21.88
dp2_pp0_tp2_dcp0_ep10_rank2_decode-10k,decode,10k,2,2,10,2,MatMulV2,"9,6144;256,6144",228,8.76,10.14,10.28,11.24
dp2_pp0_tp2_dcp0_ep10_rank2_decode-10k,decode,10k,2,2,10,2,MatMulV2,"9,6144;32,6144",237,12.32,13.15,13.14,13.62
dp2_pp0_tp2_dcp0_ep10_rank2_decode-10k,decode,10k,2,2,10,2,MatMulV2,"9,6144;38720,6144",3,434.94,460.63,472.12,474.82
dp2_pp0_tp2_dcp0_ep10_rank2_decode-10k,decode,10k,2,2,10,2,MatMulV2,"9,6144;6144,6144",6,62.92,88.27,87.10,112.38
dp2_pp0_tp2_dcp0_ep10_rank2_decode-10k,decode,10k,2,2,10,2,MemSet,N/A,5852,5.36,9.86,11.33,19.38
dp2_pp0_tp2_dcp0_ep10_rank2_decode-10k,decode,10k,2,2,10,2,MoeDistributeCombineV2,"6656,6144;1,8;851968;256;1,8;1;;;;;6656;;;;;;;",18,31.96,79.91,68.14,162.93
dp2_pp0_tp2_dcp0_ep10_rank2_decode-10k,decode,10k,2,2,10,2,MoeDistributeCombineV2,"6656,6144;2,8;851968;256;2,8;1;;;;;6656;;;;;;;",4,28.12,78.47,65.81,154.13
dp2_pp0_tp2_dcp0_ep10_rank2_decode-10k,decode,10k,2,2,10,2,MoeDistributeCombineV2,"6656,6144;3,8;851968;256;3,8;1;;;;;6656;;;;;;;",8,31.34,54.20,52.89,83.78
dp2_pp0_tp2_dcp0_ep10_rank2_decode-10k,decode,10k,2,2,10,2,MoeDistributeCombineV2,"6656,6144;4,8;851968;256;4,8;1;;;;;6656;;;;;;;",4,73.70,80.84,80.11,89.44
dp2_pp0_tp2_dcp0_ep10_rank2_decode-10k,decode,10k,2,2,10,2,MoeDistributeCombineV2,"6656,6144;5,8;851968;256;5,8;1;;;;;6656;;;;;;;",4,44.70,70.52,67.97,101.44
dp2_pp0_tp2_dcp0_ep10_rank2_decode-10k,decode,10k,2,2,10,2,MoeDistributeCombineV2,"6656,6144;6,8;851968;256;6,8;1;;;;;6656;;;;;;;",42,31.34,74.86,71.50,133.05
dp2_pp0_tp2_dcp0_ep10_rank2_decode-10k,decode,10k,2,2,10,2,MoeDistributeDispatchV2,"1,6144;1,8;;;;;",18,123.96,1478.78,232.24,3644.19
dp2_pp0_tp2_dcp0_ep10_rank2_decode-10k,decode,10k,2,2,10,2,MoeDistributeDispatchV2,"2,6144;2,8;;;;;",4,51.82,1765.36,1656.73,3696.17
dp2_pp0_tp2_dcp0_ep10_rank2_decode-10k,decode,10k,2,2,10,2,MoeDistributeDispatchV2,"3,6144;3,8;;;;;",8,50.64,1711.86,1071.85,6076.68
dp2_pp0_tp2_dcp0_ep10_rank2_decode-10k,decode,10k,2,2,10,2,MoeDistributeDispatchV2,"4,6144;4,8;;;;;",4,54.30,1514.51,1505.10,2993.52
dp2_pp0_tp2_dcp0_ep10_rank2_decode-10k,decode,10k,2,2,10,2,MoeDistributeDispatchV2,"5,6144;5,8;;;;;",4,57.38,1446.44,1444.49,2839.39
dp2_pp0_tp2_dcp0_ep10_rank2_decode-10k,decode,10k,2,2,10,2,MoeDistributeDispatchV2,"6,6144;6,8;;;;;",42,47.44,1331.41,59.61,2910.90
dp2_pp0_tp2_dcp0_ep10_rank2_decode-10k,decode,10k,2,2,10,2,MoeGatingTopK,"1,256;256",693,3.42,3.99,3.76,5.48
dp2_pp0_tp2_dcp0_ep10_rank2_decode-10k,decode,10k,2,2,10,2,MoeGatingTopK,"2,256;256",154,3.76,4.41,4.24,7.86
dp2_pp0_tp2_dcp0_ep10_rank2_decode-10k,decode,10k,2,2,10,2,MoeGatingTopK,"3,256;256",308,4.12,4.93,4.74,8.54
dp2_pp0_tp2_dcp0_ep10_rank2_decode-10k,decode,10k,2,2,10,2,MoeGatingTopK,"4,256;256",154,4.64,5.79,5.81,7.24
dp2_pp0_tp2_dcp0_ep10_rank2_decode-10k,decode,10k,2,2,10,2,MoeGatingTopK,"5,256;256",4,5.88,6.11,6.15,6.26
dp2_pp0_tp2_dcp0_ep10_rank2_decode-10k,decode,10k,2,2,10,2,MoeGatingTopK,"6,256;256",342,5.38,6.38,6.18,9.62
dp2_pp0_tp2_dcp0_ep10_rank2_decode-10k,decode,10k,2,2,10,2,MoeGatingTopK,"7,256;256",1425,5.78,7.24,7.22,10.48
dp2_pp0_tp2_dcp0_ep10_rank2_decode-10k,decode,10k,2,2,10,2,Mul,"1,154880;",18,6.70,7.86,7.11,12.52
dp2_pp0_tp2_dcp0_ep10_rank2_decode-10k,decode,10k,2,2,10,2,Mul,12;,2,1.74,1.80,1.80,1.86
dp2_pp0_tp2_dcp0_ep10_rank2_decode-10k,decode,10k,2,2,10,2,Mul,12;12,2,2.02,2.30,2.30,2.58
dp2_pp0_tp2_dcp0_ep10_rank2_decode-10k,decode,10k,2,2,10,2,Mul,15;,4,1.76,1.90,1.83,2.16
dp2_pp0_tp2_dcp0_ep10_rank2_decode-10k,decode,10k,2,2,10,2,Mul,15;15,4,2.06,2.12,2.13,2.16
dp2_pp0_tp2_dcp0_ep10_rank2_decode-10k,decode,10k,2,2,10,2,Mul,18;,4,1.88,2.09,2.06,2.38
dp2_pp0_tp2_dcp0_ep10_rank2_decode-10k,decode,10k,2,2,10,2,Mul,18;18,4,2.04,2.31,2.37,2.48
dp2_pp0_tp2_dcp0_ep10_rank2_decode-10k,decode,10k,2,2,10,2,Mul,1;,9,1.56,1.64,1.62,1.80
dp2_pp0_tp2_dcp0_ep10_rank2_decode-10k,decode,10k,2,2,10,2,Mul,"2,154880;",4,7.22,7.34,7.23,7.68
dp2_pp0_tp2_dcp0_ep10_rank2_decode-10k,decode,10k,2,2,10,2,Mul,21;,4,1.96,2.12,2.07,2.40
dp2_pp0_tp2_dcp0_ep10_rank2_decode-10k,decode,10k,2,2,10,2,Mul,21;21,4,2.26,2.34,2.31,2.50
dp2_pp0_tp2_dcp0_ep10_rank2_decode-10k,decode,10k,2,2,10,2,Mul,24;,38,1.88,2.07,2.01,2.60
dp2_pp0_tp2_dcp0_ep10_rank2_decode-10k,decode,10k,2,2,10,2,Mul,24;24,38,1.92,2.16,2.13,2.58
dp2_pp0_tp2_dcp0_ep10_rank2_decode-10k,decode,10k,2,2,10,2,Mul,2;,2,1.44,1.46,1.46,1.48
dp2_pp0_tp2_dcp0_ep10_rank2_decode-10k,decode,10k,2,2,10,2,Mul,"3,154880;",6,7.26,7.55,7.43,8.30
dp2_pp0_tp2_dcp0_ep10_rank2_decode-10k,decode,10k,2,2,10,2,Mul,3;,21,1.38,1.87,1.86,2.30
dp2_pp0_tp2_dcp0_ep10_rank2_decode-10k,decode,10k,2,2,10,2,Mul,3;3,18,1.94,2.19,2.15,2.58
dp2_pp0_tp2_dcp0_ep10_rank2_decode-10k,decode,10k,2,2,10,2,Mul,"4,154880;",2,8.06,14.49,14.49,20.92
dp2_pp0_tp2_dcp0_ep10_rank2_decode-10k,decode,10k,2,2,10,2,Mul,4;,1,1.42,1.42,1.42,1.42
dp2_pp0_tp2_dcp0_ep10_rank2_decode-10k,decode,10k,2,2,10,2,Mul,"5,154880;",4,7.88,9.39,8.15,13.38
dp2_pp0_tp2_dcp0_ep10_rank2_decode-10k,decode,10k,2,2,10,2,Mul,5;,2,1.42,1.43,1.43,1.44
dp2_pp0_tp2_dcp0_ep10_rank2_decode-10k,decode,10k,2,2,10,2,Mul,"6,154880;",4,8.18,23.34,9.41,66.34
dp2_pp0_tp2_dcp0_ep10_rank2_decode-10k,decode,10k,2,2,10,2,Mul,6;,6,1.50,1.84,1.90,2.00
dp2_pp0_tp2_dcp0_ep10_rank2_decode-10k,decode,10k,2,2,10,2,Mul,6;6,4,1.92,2.16,2.11,2.50
dp2_pp0_tp2_dcp0_ep10_rank2_decode-10k,decode,10k,2,2,10,2,Mul,"7,154880;",4,8.32,8.91,8.65,10.02
dp2_pp0_tp2_dcp0_ep10_rank2_decode-10k,decode,10k,2,2,10,2,Mul,7;,2,1.40,1.46,1.46,1.52
dp2_pp0_tp2_dcp0_ep10_rank2_decode-10k,decode,10k,2,2,10,2,Mul,"8,154880;",38,8.52,12.39,10.58,69.30
dp2_pp0_tp2_dcp0_ep10_rank2_decode-10k,decode,10k,2,2,10,2,Mul,8;,19,1.50,1.65,1.64,1.80
dp2_pp0_tp2_dcp0_ep10_rank2_decode-10k,decode,10k,2,2,10,2,Mul,9;,6,1.74,1.94,1.91,2.22
dp2_pp0_tp2_dcp0_ep10_rank2_decode-10k,decode,10k,2,2,10,2,Mul,9;9,6,1.88,2.02,1.99,2.20
dp2_pp0_tp2_dcp0_ep10_rank2_decode-10k,decode,10k,2,2,10,2,MulAiCore,12;,1,2.24,2.24,2.24,2.24
dp2_pp0_tp2_dcp0_ep10_rank2_decode-10k,decode,10k,2,2,10,2,MulAiCore,12;12,1,2.46,2.46,2.46,2.46
dp2_pp0_tp2_dcp0_ep10_rank2_decode-10k,decode,10k,2,2,10,2,MulAiCore,15;,2,1.78,2.05,2.05,2.32
dp2_pp0_tp2_dcp0_ep10_rank2_decode-10k,decode,10k,2,2,10,2,MulAiCore,15;15,2,2.18,2.25,2.25,2.32
dp2_pp0_tp2_dcp0_ep10_rank2_decode-10k,decode,10k,2,2,10,2,MulAiCore,21;,4,2.24,2.31,2.29,2.42
dp2_pp0_tp2_dcp0_ep10_rank2_decode-10k,decode,10k,2,2,10,2,MulAiCore,21;21,4,2.30,2.48,2.45,2.70
dp2_pp0_tp2_dcp0_ep10_rank2_decode-10k,decode,10k,2,2,10,2,MulAiCore,27;,19,1.88,2.12,2.06,2.52
dp2_pp0_tp2_dcp0_ep10_rank2_decode-10k,decode,10k,2,2,10,2,MulAiCore,27;27,19,2.04,2.27,2.24,2.68
dp2_pp0_tp2_dcp0_ep10_rank2_decode-10k,decode,10k,2,2,10,2,MulAiCore,3;,9,1.74,2.05,1.98,2.46
dp2_pp0_tp2_dcp0_ep10_rank2_decode-10k,decode,10k,2,2,10,2,MulAiCore,3;3,9,2.14,2.29,2.26,2.48
dp2_pp0_tp2_dcp0_ep10_rank2_decode-10k,decode,10k,2,2,10,2,MulAiCore,6;,2,2.10,2.14,2.14,2.18
dp2_pp0_tp2_dcp0_ep10_rank2_decode-10k,decode,10k,2,2,10,2,MulAiCore,6;6,2,2.26,2.37,2.37,2.48
dp2_pp0_tp2_dcp0_ep10_rank2_decode-10k,decode,10k,2,2,10,2,MulAiCore,9;,3,2.04,2.19,2.24,2.30
dp2_pp0_tp2_dcp0_ep10_rank2_decode-10k,decode,10k,2,2,10,2,MulAiCore,9;9,3,1.98,2.14,2.20,2.24
dp2_pp0_tp2_dcp0_ep10_rank2_decode-10k,decode,10k,2,2,10,2,Neg,"1,154880",18,8.04,13.75,9.62,60.44
dp2_pp0_tp2_dcp0_ep10_rank2_decode-10k,decode,10k,2,2,10,2,Neg,"2,154880",4,9.64,62.29,19.63,200.27
dp2_pp0_tp2_dcp0_ep10_rank2_decode-10k,decode,10k,2,2,10,2,Neg,"3,154880",6,9.28,12.95,10.35,23.44
dp2_pp0_tp2_dcp0_ep10_rank2_decode-10k,decode,10k,2,2,10,2,Neg,"4,154880",2,10.82,11.42,11.42,12.02
dp2_pp0_tp2_dcp0_ep10_rank2_decode-10k,decode,10k,2,2,10,2,Neg,"5,154880",4,10.98,13.29,11.70,18.76
dp2_pp0_tp2_dcp0_ep10_rank2_decode-10k,decode,10k,2,2,10,2,Neg,"6,154880",4,8.80,9.59,9.55,10.44
dp2_pp0_tp2_dcp0_ep10_rank2_decode-10k,decode,10k,2,2,10,2,Neg,"7,154880",4,10.32,14.32,10.57,25.84
dp2_pp0_tp2_dcp0_ep10_rank2_decode-10k,decode,10k,2,2,10,2,Neg,"8,154880",38,10.46,14.58,12.56,46.06
dp2_pp0_tp2_dcp0_ep10_rank2_decode-10k,decode,10k,2,2,10,2,NotEqual,"1,3;",9,1.76,1.89,1.84,2.16
dp2_pp0_tp2_dcp0_ep10_rank2_decode-10k,decode,10k,2,2,10,2,NotEqual,1;,9,2.36,2.68,2.60,3.20
dp2_pp0_tp2_dcp0_ep10_rank2_decode-10k,decode,10k,2,2,10,2,NotEqual,"2,3;",2,1.78,1.83,1.83,1.88
dp2_pp0_tp2_dcp0_ep10_rank2_decode-10k,decode,10k,2,2,10,2,NotEqual,2;,2,2.56,2.66,2.66,2.76
dp2_pp0_tp2_dcp0_ep10_rank2_decode-10k,decode,10k,2,2,10,2,NotEqual,"3,3;",3,1.92,1.95,1.92,2.00
dp2_pp0_tp2_dcp0_ep10_rank2_decode-10k,decode,10k,2,2,10,2,NotEqual,3;,3,2.64,2.73,2.70,2.86
dp2_pp0_tp2_dcp0_ep10_rank2_decode-10k,decode,10k,2,2,10,2,NotEqual,"4,3;",1,1.74,1.74,1.74,1.74
dp2_pp0_tp2_dcp0_ep10_rank2_decode-10k,decode,10k,2,2,10,2,NotEqual,4;,1,2.60,2.60,2.60,2.60
dp2_pp0_tp2_dcp0_ep10_rank2_decode-10k,decode,10k,2,2,10,2,NotEqual,"5,3;",2,1.72,2.04,2.04,2.36
dp2_pp0_tp2_dcp0_ep10_rank2_decode-10k,decode,10k,2,2,10,2,NotEqual,5;,2,2.56,2.61,2.61,2.66
dp2_pp0_tp2_dcp0_ep10_rank2_decode-10k,decode,10k,2,2,10,2,NotEqual,"6,3;",2,1.90,2.01,2.01,2.12
dp2_pp0_tp2_dcp0_ep10_rank2_decode-10k,decode,10k,2,2,10,2,NotEqual,6;,2,2.60,2.73,2.73,2.86
dp2_pp0_tp2_dcp0_ep10_rank2_decode-10k,decode,10k,2,2,10,2,NotEqual,"7,3;",2,1.76,1.78,1.78,1.80
dp2_pp0_tp2_dcp0_ep10_rank2_decode-10k,decode,10k,2,2,10,2,NotEqual,7;,2,2.68,2.78,2.78,2.88
dp2_pp0_tp2_dcp0_ep10_rank2_decode-10k,decode,10k,2,2,10,2,NotEqual,"8,3;",19,1.76,1.89,1.86,2.16
dp2_pp0_tp2_dcp0_ep10_rank2_decode-10k,decode,10k,2,2,10,2,NotEqual,8;,19,2.48,2.62,2.60,2.80
dp2_pp0_tp2_dcp0_ep10_rank2_decode-10k,decode,10k,2,2,10,2,OneSideCommAicpuInit,N/A,5,22.92,25.31,25.80,28.08
dp2_pp0_tp2_dcp0_ep10_rank2_decode-10k,decode,10k,2,2,10,2,PadV3,"15,256;4;",152,13.42,20.19,20.34,23.28
dp2_pp0_tp2_dcp0_ep10_rank2_decode-10k,decode,10k,2,2,10,2,PadV3,"15,6144;4;",152,15.76,21.62,21.33,30.32
dp2_pp0_tp2_dcp0_ep10_rank2_decode-10k,decode,10k,2,2,10,2,PadV3,"18,256;4;",4,13.82,15.09,15.35,15.82
dp2_pp0_tp2_dcp0_ep10_rank2_decode-10k,decode,10k,2,2,10,2,PadV3,"18,6144;4;",4,16.10,16.92,17.03,17.52
dp2_pp0_tp2_dcp0_ep10_rank2_decode-10k,decode,10k,2,2,10,2,PadV3,"21,256;4;",300,13.54,19.95,20.13,24.04
dp2_pp0_tp2_dcp0_ep10_rank2_decode-10k,decode,10k,2,2,10,2,PadV3,"21,6144;4;",300,15.74,21.48,21.37,30.44
dp2_pp0_tp2_dcp0_ep10_rank2_decode-10k,decode,10k,2,2,10,2,PadV3,"27,256;4;",1406,12.98,17.62,17.74,20.16
dp2_pp0_tp2_dcp0_ep10_rank2_decode-10k,decode,10k,2,2,10,2,PadV3,"27,6144;4;",1406,18.68,22.65,22.51,31.74
dp2_pp0_tp2_dcp0_ep10_rank2_decode-10k,decode,10k,2,2,10,2,PadV3,"3,256;4;",684,2.36,2.63,2.60,3.46
dp2_pp0_tp2_dcp0_ep10_rank2_decode-10k,decode,10k,2,2,10,2,PadV3,"3,6144;4;",684,15.46,19.63,19.19,32.02
dp2_pp0_tp2_dcp0_ep10_rank2_decode-10k,decode,10k,2,2,10,2,PadV3,"6,256;4;",152,13.52,18.16,18.20,20.48
dp2_pp0_tp2_dcp0_ep10_rank2_decode-10k,decode,10k,2,2,10,2,PadV3,"6,6144;4;",152,15.30,19.06,19.09,26.46
dp2_pp0_tp2_dcp0_ep10_rank2_decode-10k,decode,10k,2,2,10,2,PadV3,"9,256;4;",228,13.68,19.12,19.16,22.06
dp2_pp0_tp2_dcp0_ep10_rank2_decode-10k,decode,10k,2,2,10,2,PadV3,"9,6144;4;",228,15.78,20.32,20.40,23.18
dp2_pp0_tp2_dcp0_ep10_rank2_decode-10k,decode,10k,2,2,10,2,PadV3AiCore,"15,256;4;",2,17.80,19.44,19.44,21.08
dp2_pp0_tp2_dcp0_ep10_rank2_decode-10k,decode,10k,2,2,10,2,PadV3AiCore,"15,6144;4;",2,19.88,20.01,20.01,20.14
dp2_pp0_tp2_dcp0_ep10_rank2_decode-10k,decode,10k,2,2,10,2,PadV3AiCore,"21,256;4;",4,19.70,21.63,22.19,22.44
dp2_pp0_tp2_dcp0_ep10_rank2_decode-10k,decode,10k,2,2,10,2,PadV3AiCore,"21,6144;4;",4,20.72,21.17,21.11,21.74
dp2_pp0_tp2_dcp0_ep10_rank2_decode-10k,decode,10k,2,2,10,2,PadV3AiCore,"27,256;4;",19,18.00,19.68,19.76,20.82
dp2_pp0_tp2_dcp0_ep10_rank2_decode-10k,decode,10k,2,2,10,2,PadV3AiCore,"27,6144;4;",19,21.86,22.87,22.96,23.62
dp2_pp0_tp2_dcp0_ep10_rank2_decode-10k,decode,10k,2,2,10,2,PadV3AiCore,"3,256;4;",9,2.68,2.89,2.82,3.36
dp2_pp0_tp2_dcp0_ep10_rank2_decode-10k,decode,10k,2,2,10,2,PadV3AiCore,"3,6144;4;",9,19.72,20.27,20.08,20.96
dp2_pp0_tp2_dcp0_ep10_rank2_decode-10k,decode,10k,2,2,10,2,PadV3AiCore,"6,256;4;",2,20.98,21.75,21.75,22.52
dp2_pp0_tp2_dcp0_ep10_rank2_decode-10k,decode,10k,2,2,10,2,PadV3AiCore,"6,6144;4;",2,20.60,20.88,20.88,21.16
dp2_pp0_tp2_dcp0_ep10_rank2_decode-10k,decode,10k,2,2,10,2,PadV3AiCore,"9,256;4;",3,20.34,21.38,21.48,22.30
dp2_pp0_tp2_dcp0_ep10_rank2_decode-10k,decode,10k,2,2,10,2,PadV3AiCore,"9,6144;4;",3,20.30,20.77,20.88,21.14
dp2_pp0_tp2_dcp0_ep10_rank2_decode-10k,decode,10k,2,2,10,2,PadV3AiCore,N/A,78,5.46,9.86,9.91,14.00
dp2_pp0_tp2_dcp0_ep10_rank2_decode-10k,decode,10k,2,2,10,2,QuantBatchMatmulV3,"12,2048;128,128,16,32;4096;4096",80,18.62,20.61,20.67,22.52
dp2_pp0_tp2_dcp0_ep10_rank2_decode-10k,decode,10k,2,2,10,2,QuantBatchMatmulV3,"12,3072;192,192,16,32;6144;12",3,25.82,26.71,25.94,28.38
dp2_pp0_tp2_dcp0_ep10_rank2_decode-10k,decode,10k,2,2,10,2,QuantBatchMatmulV3,"12,4096;192,256,16,32;6144",80,30.14,32.59,32.19,38.60
dp2_pp0_tp2_dcp0_ep10_rank2_decode-10k,decode,10k,2,2,10,2,QuantBatchMatmulV3,"12,512;192,32,16,32;6144;12",77,12.92,15.21,14.98,20.26
dp2_pp0_tp2_dcp0_ep10_rank2_decode-10k,decode,10k,2,2,10,2,QuantBatchMatmulV3,"12,6144;192,384,16,32;6144;12",3,43.98,45.19,44.82,46.76
dp2_pp0_tp2_dcp0_ep10_rank2_decode-10k,decode,10k,2,2,10,2,QuantBatchMatmulV3,"12,6144;32,384,16,32;1024;12",77,19.32,358.54,356.51,1988.48
dp2_pp0_tp2_dcp0_ep10_rank2_decode-10k,decode,10k,2,2,10,2,QuantBatchMatmulV3,"15,2048;128,128,16,32;4096;4096",160,19.50,20.84,20.88,22.32
dp2_pp0_tp2_dcp0_ep10_rank2_decode-10k,decode,10k,2,2,10,2,QuantBatchMatmulV3,"15,3072;192,192,16,32;6144;15",6,23.04,24.34,24.18,25.70
dp2_pp0_tp2_dcp0_ep10_rank2_decode-10k,decode,10k,2,2,10,2,QuantBatchMatmulV3,"15,4096;192,256,16,32;6144",160,30.02,33.49,33.22,39.12
dp2_pp0_tp2_dcp0_ep10_rank2_decode-10k,decode,10k,2,2,10,2,QuantBatchMatmulV3,"15,512;192,32,16,32;6144;15",154,17.60,203.72,293.00,384.38
dp2_pp0_tp2_dcp0_ep10_rank2_decode-10k,decode,10k,2,2,10,2,QuantBatchMatmulV3,"15,6144;192,384,16,32;6144;15",6,38.12,42.99,42.88,46.06
dp2_pp0_tp2_dcp0_ep10_rank2_decode-10k,decode,10k,2,2,10,2,QuantBatchMatmulV3,"15,6144;32,384,16,32;1024;15",154,25.78,68.73,29.94,3000.06
dp2_pp0_tp2_dcp0_ep10_rank2_decode-10k,decode,10k,2,2,10,2,QuantBatchMatmulV3,"18,2048;128,128,16,32;4096;4096",4,19.64,20.38,20.35,21.16
dp2_pp0_tp2_dcp0_ep10_rank2_decode-10k,decode,10k,2,2,10,2,QuantBatchMatmulV3,"18,4096;192,256,16,32;6144",4,30.32,31.04,31.16,31.52
dp2_pp0_tp2_dcp0_ep10_rank2_decode-10k,decode,10k,2,2,10,2,QuantBatchMatmulV3,"18,512;192,32,16,32;6144;18",4,17.50,17.92,17.82,18.54
dp2_pp0_tp2_dcp0_ep10_rank2_decode-10k,decode,10k,2,2,10,2,QuantBatchMatmulV3,"18,6144;32,384,16,32;1024;18",4,57.50,796.09,154.06,2818.75
dp2_pp0_tp2_dcp0_ep10_rank2_decode-10k,decode,10k,2,2,10,2,QuantBatchMatmulV3,"21,2048;128,128,16,32;4096;4096",316,18.92,20.51,20.48,22.24
dp2_pp0_tp2_dcp0_ep10_rank2_decode-10k,decode,10k,2,2,10,2,QuantBatchMatmulV3,"21,3072;192,192,16,32;6144;21",12,23.40,24.77,24.93,27.42
dp2_pp0_tp2_dcp0_ep10_rank2_decode-10k,decode,10k,2,2,10,2,QuantBatchMatmulV3,"21,4096;192,256,16,32;6144",316,30.12,32.60,32.48,39.74
dp2_pp0_tp2_dcp0_ep10_rank2_decode-10k,decode,10k,2,2,10,2,QuantBatchMatmulV3,"21,512;192,32,16,32;6144;21",304,17.40,283.01,301.17,332.57
dp2_pp0_tp2_dcp0_ep10_rank2_decode-10k,decode,10k,2,2,10,2,QuantBatchMatmulV3,"21,6144;192,384,16,32;6144;21",12,41.08,42.27,41.79,44.74
dp2_pp0_tp2_dcp0_ep10_rank2_decode-10k,decode,10k,2,2,10,2,QuantBatchMatmulV3,"21,6144;32,384,16,32;1024;21",304,25.20,39.02,29.44,2802.07
dp2_pp0_tp2_dcp0_ep10_rank2_decode-10k,decode,10k,2,2,10,2,QuantBatchMatmulV3,"24,2048;128,128,16,32;4096;4096",38,20.06,20.49,20.41,21.44
dp2_pp0_tp2_dcp0_ep10_rank2_decode-10k,decode,10k,2,2,10,2,QuantBatchMatmulV3,"24,4096;192,256,16,32;6144",38,30.72,31.38,31.41,32.36
dp2_pp0_tp2_dcp0_ep10_rank2_decode-10k,decode,10k,2,2,10,2,QuantBatchMatmulV3,"24,512;192,32,16,32;6144;24",38,16.40,17.35,17.25,18.24
dp2_pp0_tp2_dcp0_ep10_rank2_decode-10k,decode,10k,2,2,10,2,QuantBatchMatmulV3,"24,6144;32,384,16,32;1024;24",38,56.78,1130.38,152.13,2912.92
dp2_pp0_tp2_dcp0_ep10_rank2_decode-10k,decode,10k,2,2,10,2,QuantBatchMatmulV3,"27,2048;128,128,16,32;4096;4096",1482,19.04,20.81,20.82,23.40
dp2_pp0_tp2_dcp0_ep10_rank2_decode-10k,decode,10k,2,2,10,2,QuantBatchMatmulV3,"27,3072;192,192,16,32;6144;27",57,25.50,27.44,27.06,33.86
dp2_pp0_tp2_dcp0_ep10_rank2_decode-10k,decode,10k,2,2,10,2,QuantBatchMatmulV3,"27,4096;192,256,16,32;6144",1482,30.34,32.97,32.84,40.10
dp2_pp0_tp2_dcp0_ep10_rank2_decode-10k,decode,10k,2,2,10,2,QuantBatchMatmulV3,"27,512;192,32,16,32;6144;27",1425,22.34,291.72,293.13,417.60
dp2_pp0_tp2_dcp0_ep10_rank2_decode-10k,decode,10k,2,2,10,2,QuantBatchMatmulV3,"27,6144;192,384,16,32;6144;27",57,39.36,42.67,42.64,47.86
dp2_pp0_tp2_dcp0_ep10_rank2_decode-10k,decode,10k,2,2,10,2,QuantBatchMatmulV3,"27,6144;32,384,16,32;1024;27",1425,22.68,31.30,31.24,40.08
dp2_pp0_tp2_dcp0_ep10_rank2_decode-10k,decode,10k,2,2,10,2,QuantBatchMatmulV3,"3,2048;128,128,16,32;4096;4096",720,18.72,20.61,20.60,24.08
dp2_pp0_tp2_dcp0_ep10_rank2_decode-10k,decode,10k,2,2,10,2,QuantBatchMatmulV3,"3,3072;192,192,16,32;6144;3",27,23.58,26.28,25.94,28.46
dp2_pp0_tp2_dcp0_ep10_rank2_decode-10k,decode,10k,2,2,10,2,QuantBatchMatmulV3,"3,4096;192,256,16,32;6144",720,29.16,31.95,31.76,39.30
dp2_pp0_tp2_dcp0_ep10_rank2_decode-10k,decode,10k,2,2,10,2,QuantBatchMatmulV3,"3,512;192,32,16,32;6144;3",693,13.92,69228.72,314.35,47757630.39
dp2_pp0_tp2_dcp0_ep10_rank2_decode-10k,decode,10k,2,2,10,2,QuantBatchMatmulV3,"3,6144;192,384,16,32;6144;3",27,38.26,40.28,39.40,47.04
dp2_pp0_tp2_dcp0_ep10_rank2_decode-10k,decode,10k,2,2,10,2,QuantBatchMatmulV3,"3,6144;32,384,16,32;1024;3",693,16.50,65.77,27.88,3650.43
dp2_pp0_tp2_dcp0_ep10_rank2_decode-10k,decode,10k,2,2,10,2,QuantBatchMatmulV3,"6,2048;128,128,16,32;4096;4096",160,18.64,20.37,20.34,21.86
dp2_pp0_tp2_dcp0_ep10_rank2_decode-10k,decode,10k,2,2,10,2,QuantBatchMatmulV3,"6,3072;192,192,16,32;6144;6",6,25.98,26.42,26.41,26.90
dp2_pp0_tp2_dcp0_ep10_rank2_decode-10k,decode,10k,2,2,10,2,QuantBatchMatmulV3,"6,4096;192,256,16,32;6144",160,29.56,31.66,31.51,37.06
dp2_pp0_tp2_dcp0_ep10_rank2_decode-10k,decode,10k,2,2,10,2,QuantBatchMatmulV3,"6,512;192,32,16,32;6144;6",154,16.62,26.31,19.51,495.22
dp2_pp0_tp2_dcp0_ep10_rank2_decode-10k,decode,10k,2,2,10,2,QuantBatchMatmulV3,"6,6144;192,384,16,32;6144;6",6,39.44,41.53,42.23,42.58
dp2_pp0_tp2_dcp0_ep10_rank2_decode-10k,decode,10k,2,2,10,2,QuantBatchMatmulV3,"6,6144;32,384,16,32;1024;6",154,24.26,53.10,26.96,3705.73
dp2_pp0_tp2_dcp0_ep10_rank2_decode-10k,decode,10k,2,2,10,2,QuantBatchMatmulV3,"9,2048;128,128,16,32;4096;4096",240,19.06,20.56,20.53,22.66
dp2_pp0_tp2_dcp0_ep10_rank2_decode-10k,decode,10k,2,2,10,2,QuantBatchMatmulV3,"9,3072;192,192,16,32;6144;9",9,24.70,26.17,26.26,28.96
dp2_pp0_tp2_dcp0_ep10_rank2_decode-10k,decode,10k,2,2,10,2,QuantBatchMatmulV3,"9,4096;192,256,16,32;6144",240,29.78,33.03,32.55,38.94
dp2_pp0_tp2_dcp0_ep10_rank2_decode-10k,decode,10k,2,2,10,2,QuantBatchMatmulV3,"9,512;192,32,16,32;6144;9",231,16.82,22.91,20.02,346.25
dp2_pp0_tp2_dcp0_ep10_rank2_decode-10k,decode,10k,2,2,10,2,QuantBatchMatmulV3,"9,6144;192,384,16,32;6144;9",9,39.12,43.77,44.86,47.34
dp2_pp0_tp2_dcp0_ep10_rank2_decode-10k,decode,10k,2,2,10,2,QuantBatchMatmulV3,"9,6144;32,384,16,32;1024;9",231,22.34,78.08,28.54,6081.42
dp2_pp0_tp2_dcp0_ep10_rank2_decode-10k,decode,10k,2,2,10,2,RealDiv,"1,154880;1,1",9,8.06,8.13,8.10,8.36
dp2_pp0_tp2_dcp0_ep10_rank2_decode-10k,decode,10k,2,2,10,2,RealDiv,"1,154880;1,154880",9,7.90,8.62,8.12,12.32
dp2_pp0_tp2_dcp0_ep10_rank2_decode-10k,decode,10k,2,2,10,2,RealDiv,"10,154880;10,1",2,16.08,16.30,16.30,16.52
dp2_pp0_tp2_dcp0_ep10_rank2_decode-10k,decode,10k,2,2,10,2,RealDiv,"12,154880;12,1",2,17.06,17.07,17.07,17.08
dp2_pp0_tp2_dcp0_ep10_rank2_decode-10k,decode,10k,2,2,10,2,RealDiv,"14,154880;14,1",2,18.14,18.33,18.33,18.52
dp2_pp0_tp2_dcp0_ep10_rank2_decode-10k,decode,10k,2,2,10,2,RealDiv,"16,154880;16,1",19,16.76,17.30,17.30,17.74
dp2_pp0_tp2_dcp0_ep10_rank2_decode-10k,decode,10k,2,2,10,2,RealDiv,"2,154880;2,1",11,12.96,13.41,13.36,13.88
dp2_pp0_tp2_dcp0_ep10_rank2_decode-10k,decode,10k,2,2,10,2,RealDiv,"2,154880;2,154880",2,8.86,9.02,9.02,9.18
dp2_pp0_tp2_dcp0_ep10_rank2_decode-10k,decode,10k,2,2,10,2,RealDiv,"3,154880;3,1",3,13.02,13.50,13.42,14.06
dp2_pp0_tp2_dcp0_ep10_rank2_decode-10k,decode,10k,2,2,10,2,RealDiv,"3,154880;3,154880",3,9.20,9.29,9.24,9.42
dp2_pp0_tp2_dcp0_ep10_rank2_decode-10k,decode,10k,2,2,10,2,RealDiv,"4,154880;4,1",3,14.20,14.77,14.30,15.82
dp2_pp0_tp2_dcp0_ep10_rank2_decode-10k,decode,10k,2,2,10,2,RealDiv,"4,154880;4,154880",1,9.68,9.68,9.68,9.68
dp2_pp0_tp2_dcp0_ep10_rank2_decode-10k,decode,10k,2,2,10,2,RealDiv,"5,154880;5,1",2,14.82,14.83,14.83,14.84
dp2_pp0_tp2_dcp0_ep10_rank2_decode-10k,decode,10k,2,2,10,2,RealDiv,"5,154880;5,154880",2,9.58,10.70,10.70,11.82
dp2_pp0_tp2_dcp0_ep10_rank2_decode-10k,decode,10k,2,2,10,2,RealDiv,"6,154880;6,1",5,15.56,16.62,16.66,17.38
dp2_pp0_tp2_dcp0_ep10_rank2_decode-10k,decode,10k,2,2,10,2,RealDiv,"6,154880;6,154880",2,10.12,10.31,10.31,10.50
dp2_pp0_tp2_dcp0_ep10_rank2_decode-10k,decode,10k,2,2,10,2,RealDiv,"7,154880;7,1",2,14.92,15.02,15.02,15.12
dp2_pp0_tp2_dcp0_ep10_rank2_decode-10k,decode,10k,2,2,10,2,RealDiv,"7,154880;7,154880",2,10.64,10.82,10.82,11.00
dp2_pp0_tp2_dcp0_ep10_rank2_decode-10k,decode,10k,2,2,10,2,RealDiv,"8,154880;8,1",20,15.56,16.97,16.82,19.76
dp2_pp0_tp2_dcp0_ep10_rank2_decode-10k,decode,10k,2,2,10,2,RealDiv,"8,154880;8,154880",19,10.82,11.27,11.30,11.72
dp2_pp0_tp2_dcp0_ep10_rank2_decode-10k,decode,10k,2,2,10,2,ReduceSum,"1,3;1",9,3.54,3.72,3.64,4.16
dp2_pp0_tp2_dcp0_ep10_rank2_decode-10k,decode,10k,2,2,10,2,ReduceSum,"2,3;1",2,3.92,4.06,4.06,4.20
dp2_pp0_tp2_dcp0_ep10_rank2_decode-10k,decode,10k,2,2,10,2,ReduceSum,"3,3;1",3,4.38,4.41,4.42,4.44
dp2_pp0_tp2_dcp0_ep10_rank2_decode-10k,decode,10k,2,2,10,2,ReduceSum,"4,3;1",1,4.78,4.78,4.78,4.78
dp2_pp0_tp2_dcp0_ep10_rank2_decode-10k,decode,10k,2,2,10,2,ReduceSum,"5,3;1",2,4.60,4.71,4.71,4.82
dp2_pp0_tp2_dcp0_ep10_rank2_decode-10k,decode,10k,2,2,10,2,ReduceSum,"6,3;1",2,5.10,5.17,5.17,5.24
dp2_pp0_tp2_dcp0_ep10_rank2_decode-10k,decode,10k,2,2,10,2,ReduceSum,"7,3;1",2,5.12,5.13,5.13,5.14
dp2_pp0_tp2_dcp0_ep10_rank2_decode-10k,decode,10k,2,2,10,2,ReduceSum,"8,3;1",19,4.96,5.39,5.32,6.08
dp2_pp0_tp2_dcp0_ep10_rank2_decode-10k,decode,10k,2,2,10,2,RmsNorm,"1,6144;6144",18,3.18,3.30,3.28,3.48
dp2_pp0_tp2_dcp0_ep10_rank2_decode-10k,decode,10k,2,2,10,2,RmsNorm,"12,6144;6144",7,5.24,6.05,6.22,6.64
dp2_pp0_tp2_dcp0_ep10_rank2_decode-10k,decode,10k,2,2,10,2,RmsNorm,"15,6144;6144",14,4.86,6.19,6.30,7.38
dp2_pp0_tp2_dcp0_ep10_rank2_decode-10k,decode,10k,2,2,10,2,RmsNorm,"18,6144;6144",12,4.26,6.30,7.15,7.56
dp2_pp0_tp2_dcp0_ep10_rank2_decode-10k,decode,10k,2,2,10,2,RmsNorm,"2,6144;6144",4,3.42,3.52,3.45,3.74
dp2_pp0_tp2_dcp0_ep10_rank2_decode-10k,decode,10k,2,2,10,2,RmsNorm,"21,6144;6144",16,4.30,7.20,7.83,8.64
dp2_pp0_tp2_dcp0_ep10_rank2_decode-10k,decode,10k,2,2,10,2,RmsNorm,"24,6144;6144",114,4.48,7.68,8.65,12.42
dp2_pp0_tp2_dcp0_ep10_rank2_decode-10k,decode,10k,2,2,10,2,RmsNorm,"27,6144;6144",19,9.48,9.88,9.88,10.28
dp2_pp0_tp2_dcp0_ep10_rank2_decode-10k,decode,10k,2,2,10,2,RmsNorm,"3,6144;6144",69,3.58,4.53,4.78,5.36
dp2_pp0_tp2_dcp0_ep10_rank2_decode-10k,decode,10k,2,2,10,2,RmsNorm,"4,6144;6144",2,3.88,3.92,3.92,3.96
dp2_pp0_tp2_dcp0_ep10_rank2_decode-10k,decode,10k,2,2,10,2,RmsNorm,"5,6144;6144",4,3.96,4.08,4.07,4.20
dp2_pp0_tp2_dcp0_ep10_rank2_decode-10k,decode,10k,2,2,10,2,RmsNorm,"6,6144;6144",18,4.16,5.13,5.30,5.96
dp2_pp0_tp2_dcp0_ep10_rank2_decode-10k,decode,10k,2,2,10,2,RmsNorm,"7,6144;6144",4,5.42,5.50,5.49,5.60
dp2_pp0_tp2_dcp0_ep10_rank2_decode-10k,decode,10k,2,2,10,2,RmsNorm,"8,6144;6144",38,5.38,5.66,5.69,6.14
dp2_pp0_tp2_dcp0_ep10_rank2_decode-10k,decode,10k,2,2,10,2,RmsNorm,"9,6144;6144",21,4.50,5.55,5.78,6.34
dp2_pp0_tp2_dcp0_ep10_rank2_decode-10k,decode,10k,2,2,10,2,ScatterElementsV2,340;10;10,2,2.36,2.37,2.37,2.38
dp2_pp0_tp2_dcp0_ep10_rank2_decode-10k,decode,10k,2,2,10,2,ScatterElementsV2,340;12;12,2,2.32,2.33,2.33,2.34
dp2_pp0_tp2_dcp0_ep10_rank2_decode-10k,decode,10k,2,2,10,2,ScatterElementsV2,340;14;14,2,2.40,2.48,2.48,2.56
dp2_pp0_tp2_dcp0_ep10_rank2_decode-10k,decode,10k,2,2,10,2,ScatterElementsV2,340;16;16,18,2.24,2.42,2.38,2.68
dp2_pp0_tp2_dcp0_ep10_rank2_decode-10k,decode,10k,2,2,10,2,ScatterElementsV2,340;1;1,10,2.66,2.94,2.96,3.38
dp2_pp0_tp2_dcp0_ep10_rank2_decode-10k,decode,10k,2,2,10,2,ScatterElementsV2,340;2;2,12,2.02,2.30,2.17,2.88
dp2_pp0_tp2_dcp0_ep10_rank2_decode-10k,decode,10k,2,2,10,2,ScatterElementsV2,340;3;3,3,2.78,2.87,2.80,3.02
dp2_pp0_tp2_dcp0_ep10_rank2_decode-10k,decode,10k,2,2,10,2,ScatterElementsV2,340;4;4,3,2.18,2.52,2.24,3.14
dp2_pp0_tp2_dcp0_ep10_rank2_decode-10k,decode,10k,2,2,10,2,ScatterElementsV2,340;5;5,2,2.72,2.84,2.84,2.96
dp2_pp0_tp2_dcp0_ep10_rank2_decode-10k,decode,10k,2,2,10,2,ScatterElementsV2,340;6;6,5,2.24,2.56,2.28,3.02
dp2_pp0_tp2_dcp0_ep10_rank2_decode-10k,decode,10k,2,2,10,2,ScatterElementsV2,340;7;7,2,2.82,2.88,2.88,2.94
dp2_pp0_tp2_dcp0_ep10_rank2_decode-10k,decode,10k,2,2,10,2,ScatterElementsV2,340;8;8,19,2.26,2.91,2.96,3.20
dp2_pp0_tp2_dcp0_ep10_rank2_decode-10k,decode,10k,2,2,10,2,ScatterNdUpdate,"225920,128;12,1;12,128",16,13.50,13.85,13.89,14.16
dp2_pp0_tp2_dcp0_ep10_rank2_decode-10k,decode,10k,2,2,10,2,ScatterNdUpdate,"225920,128;15,1;15,128",32,13.44,13.93,13.95,14.24
dp2_pp0_tp2_dcp0_ep10_rank2_decode-10k,decode,10k,2,2,10,2,ScatterNdUpdate,"225920,128;18,1;18,128",4,13.68,13.79,13.73,14.02
dp2_pp0_tp2_dcp0_ep10_rank2_decode-10k,decode,10k,2,2,10,2,ScatterNdUpdate,"225920,128;21,1;21,128",60,13.62,14.03,14.01,14.84
dp2_pp0_tp2_dcp0_ep10_rank2_decode-10k,decode,10k,2,2,10,2,ScatterNdUpdate,"225920,128;24,1;24,128",38,13.64,14.07,13.95,16.44
dp2_pp0_tp2_dcp0_ep10_rank2_decode-10k,decode,10k,2,2,10,2,ScatterNdUpdate,"225920,128;27,1;27,128",266,13.52,14.10,14.10,14.50
dp2_pp0_tp2_dcp0_ep10_rank2_decode-10k,decode,10k,2,2,10,2,ScatterNdUpdate,"225920,128;3,1;3,128",144,12.32,13.62,13.58,17.38
dp2_pp0_tp2_dcp0_ep10_rank2_decode-10k,decode,10k,2,2,10,2,ScatterNdUpdate,"225920,128;6,1;6,128",32,13.40,13.84,13.85,14.34
dp2_pp0_tp2_dcp0_ep10_rank2_decode-10k,decode,10k,2,2,10,2,ScatterNdUpdate,"225920,128;9,1;9,128",48,13.56,13.96,13.96,14.46
dp2_pp0_tp2_dcp0_ep10_rank2_decode-10k,decode,10k,2,2,10,2,ScatterNdUpdateAiCore,"225920,128;12,1;12,128",64,13.10,13.88,13.91,14.88
dp2_pp0_tp2_dcp0_ep10_rank2_decode-10k,decode,10k,2,2,10,2,ScatterNdUpdateAiCore,"225920,128;15,1;15,128",128,13.30,14.09,14.01,16.68
dp2_pp0_tp2_dcp0_ep10_rank2_decode-10k,decode,10k,2,2,10,2,ScatterNdUpdateAiCore,"225920,128;21,1;21,128",256,13.56,14.05,14.02,16.34
dp2_pp0_tp2_dcp0_ep10_rank2_decode-10k,decode,10k,2,2,10,2,ScatterNdUpdateAiCore,"225920,128;27,1;27,128",1216,12.88,14.17,14.14,17.34
dp2_pp0_tp2_dcp0_ep10_rank2_decode-10k,decode,10k,2,2,10,2,ScatterNdUpdateAiCore,"225920,128;3,1;3,128",576,11.24,13.84,13.78,18.44
dp2_pp0_tp2_dcp0_ep10_rank2_decode-10k,decode,10k,2,2,10,2,ScatterNdUpdateAiCore,"225920,128;6,1;6,128",128,13.34,13.92,13.83,18.16
dp2_pp0_tp2_dcp0_ep10_rank2_decode-10k,decode,10k,2,2,10,2,ScatterNdUpdateAiCore,"225920,128;9,1;9,128",192,13.26,14.02,13.96,17.24
dp2_pp0_tp2_dcp0_ep10_rank2_decode-10k,decode,10k,2,2,10,2,SelectV2,"12,1;;12,6144",2,17.40,17.40,17.40,17.40
dp2_pp0_tp2_dcp0_ep10_rank2_decode-10k,decode,10k,2,2,10,2,SelectV2,"15,1;;15,6144",4,15.74,16.37,16.26,17.22
dp2_pp0_tp2_dcp0_ep10_rank2_decode-10k,decode,10k,2,2,10,2,SelectV2,"18,1;;18,6144",4,13.34,13.94,13.99,14.44
dp2_pp0_tp2_dcp0_ep10_rank2_decode-10k,decode,10k,2,2,10,2,SelectV2,1;1;1,9,1.84,2.01,1.98,2.22
dp2_pp0_tp2_dcp0_ep10_rank2_decode-10k,decode,10k,2,2,10,2,SelectV2,1;;1,18,1.56,1.80,1.83,1.98
dp2_pp0_tp2_dcp0_ep10_rank2_decode-10k,decode,10k,2,2,10,2,SelectV2,"21,1;;21,6144",4,15.48,15.80,15.86,16.00
dp2_pp0_tp2_dcp0_ep10_rank2_decode-10k,decode,10k,2,2,10,2,SelectV2,"24,1;;24,6144",38,16.60,17.76,17.53,21.30
dp2_pp0_tp2_dcp0_ep10_rank2_decode-10k,decode,10k,2,2,10,2,SelectV2,2;2;2,2,1.98,2.08,2.08,2.18
dp2_pp0_tp2_dcp0_ep10_rank2_decode-10k,decode,10k,2,2,10,2,SelectV2,2;;2,4,2.64,2.89,2.89,3.14
dp2_pp0_tp2_dcp0_ep10_rank2_decode-10k,decode,10k,2,2,10,2,SelectV2,"3,1;;3,6144",18,16.58,17.08,17.01,18.08
dp2_pp0_tp2_dcp0_ep10_rank2_decode-10k,decode,10k,2,2,10,2,SelectV2,3;3;3,3,1.92,2.21,2.34,2.38
dp2_pp0_tp2_dcp0_ep10_rank2_decode-10k,decode,10k,2,2,10,2,SelectV2,3;;3,6,2.68,2.83,2.86,2.92
dp2_pp0_tp2_dcp0_ep10_rank2_decode-10k,decode,10k,2,2,10,2,SelectV2,4;4;4,1,2.06,2.06,2.06,2.06
dp2_pp0_tp2_dcp0_ep10_rank2_decode-10k,decode,10k,2,2,10,2,SelectV2,4;;4,2,2.92,3.00,3.00,3.08
dp2_pp0_tp2_dcp0_ep10_rank2_decode-10k,decode,10k,2,2,10,2,SelectV2,5;5;5,2,2.00,2.04,2.04,2.08
dp2_pp0_tp2_dcp0_ep10_rank2_decode-10k,decode,10k,2,2,10,2,SelectV2,5;;5,4,2.68,2.79,2.80,2.86
dp2_pp0_tp2_dcp0_ep10_rank2_decode-10k,decode,10k,2,2,10,2,SelectV2,"6,1;;6,6144",4,16.86,17.08,17.10,17.26
dp2_pp0_tp2_dcp0_ep10_rank2_decode-10k,decode,10k,2,2,10,2,SelectV2,6;6;6,2,2.12,2.13,2.13,2.14
dp2_pp0_tp2_dcp0_ep10_rank2_decode-10k,decode,10k,2,2,10,2,SelectV2,6;;6,4,2.64,2.79,2.73,3.08
dp2_pp0_tp2_dcp0_ep10_rank2_decode-10k,decode,10k,2,2,10,2,SelectV2,7;7;7,2,2.08,2.10,2.10,2.12
dp2_pp0_tp2_dcp0_ep10_rank2_decode-10k,decode,10k,2,2,10,2,SelectV2,7;;7,4,2.62,2.73,2.69,2.92
dp2_pp0_tp2_dcp0_ep10_rank2_decode-10k,decode,10k,2,2,10,2,SelectV2,8;8;8,19,1.98,2.15,2.16,2.42
dp2_pp0_tp2_dcp0_ep10_rank2_decode-10k,decode,10k,2,2,10,2,SelectV2,8;;8,38,2.56,2.91,2.89,3.34
dp2_pp0_tp2_dcp0_ep10_rank2_decode-10k,decode,10k,2,2,10,2,SelectV2,"9,1;;9,6144",6,16.14,16.50,16.42,17.30
dp2_pp0_tp2_dcp0_ep10_rank2_decode-10k,decode,10k,2,2,10,2,Slice,"202752,128;2;2",240,23.18,36.62,25.92,94.38
dp2_pp0_tp2_dcp0_ep10_rank2_decode-10k,decode,10k,2,2,10,2,SoftmaxV2,"1,154880",9,44.92,45.38,45.36,45.92
dp2_pp0_tp2_dcp0_ep10_rank2_decode-10k,decode,10k,2,2,10,2,SoftmaxV2,"10,154880",2,47.32,47.56,47.56,47.80
dp2_pp0_tp2_dcp0_ep10_rank2_decode-10k,decode,10k,2,2,10,2,SoftmaxV2,"12,154880",2,48.02,48.25,48.25,48.48
dp2_pp0_tp2_dcp0_ep10_rank2_decode-10k,decode,10k,2,2,10,2,SoftmaxV2,"14,154880",2,48.02,48.39,48.39,48.76
dp2_pp0_tp2_dcp0_ep10_rank2_decode-10k,decode,10k,2,2,10,2,SoftmaxV2,"16,154880",19,48.34,48.91,48.84,50.52
dp2_pp0_tp2_dcp0_ep10_rank2_decode-10k,decode,10k,2,2,10,2,SoftmaxV2,"2,154880",11,45.68,46.48,46.64,47.18
dp2_pp0_tp2_dcp0_ep10_rank2_decode-10k,decode,10k,2,2,10,2,SoftmaxV2,"3,154880",3,46.68,46.83,46.72,47.08
dp2_pp0_tp2_dcp0_ep10_rank2_decode-10k,decode,10k,2,2,10,2,SoftmaxV2,"4,154880",3,46.86,47.12,46.94,47.56
dp2_pp0_tp2_dcp0_ep10_rank2_decode-10k,decode,10k,2,2,10,2,SoftmaxV2,"5,154880",2,46.68,46.78,46.78,46.88
dp2_pp0_tp2_dcp0_ep10_rank2_decode-10k,decode,10k,2,2,10,2,SoftmaxV2,"6,154880",5,46.64,47.31,47.24,47.96
dp2_pp0_tp2_dcp0_ep10_rank2_decode-10k,decode,10k,2,2,10,2,SoftmaxV2,"7,154880",2,47.42,47.49,47.49,47.56
dp2_pp0_tp2_dcp0_ep10_rank2_decode-10k,decode,10k,2,2,10,2,SoftmaxV2,"8,154880",20,46.66,47.31,47.27,47.86
dp2_pp0_tp2_dcp0_ep10_rank2_decode-10k,decode,10k,2,2,10,2,Sort,"1,154880",9,229.37,232.00,231.99,235.09
dp2_pp0_tp2_dcp0_ep10_rank2_decode-10k,decode,10k,2,2,10,2,Sort,"10,154880",2,199.19,199.58,199.58,199.97
dp2_pp0_tp2_dcp0_ep10_rank2_decode-10k,decode,10k,2,2,10,2,Sort,"12,154880",2,202.57,203.48,203.48,204.39
dp2_pp0_tp2_dcp0_ep10_rank2_decode-10k,decode,10k,2,2,10,2,Sort,"14,154880",2,236.49,236.62,236.62,236.75
dp2_pp0_tp2_dcp0_ep10_rank2_decode-10k,decode,10k,2,2,10,2,Sort,"16,154880",19,236.43,237.49,237.47,238.77
dp2_pp0_tp2_dcp0_ep10_rank2_decode-10k,decode,10k,2,2,10,2,Sort,"2,154880",11,233.13,234.20,234.27,235.43
dp2_pp0_tp2_dcp0_ep10_rank2_decode-10k,decode,10k,2,2,10,2,Sort,"3,154880",3,184.57,185.65,186.03,186.35
dp2_pp0_tp2_dcp0_ep10_rank2_decode-10k,decode,10k,2,2,10,2,Sort,"4,154880",3,188.63,190.66,189.35,194.01
dp2_pp0_tp2_dcp0_ep10_rank2_decode-10k,decode,10k,2,2,10,2,Sort,"5,154880",2,208.97,209.13,209.13,209.29
dp2_pp0_tp2_dcp0_ep10_rank2_decode-10k,decode,10k,2,2,10,2,Sort,"6,154880",5,209.03,211.00,211.81,212.63
dp2_pp0_tp2_dcp0_ep10_rank2_decode-10k,decode,10k,2,2,10,2,Sort,"7,154880",2,227.25,227.39,227.39,227.53
dp2_pp0_tp2_dcp0_ep10_rank2_decode-10k,decode,10k,2,2,10,2,Sort,"8,154880",20,227.47,229.59,229.75,231.07
dp2_pp0_tp2_dcp0_ep10_rank2_decode-10k,decode,10k,2,2,10,2,SparseFlashAttention,"12,16,512;1765,128,1,512;1765,128,1,512;12,1,2048;4,1584;4;4;12,16,64;1765,128,1,64",80,88.16,92.01,91.64,97.42
dp2_pp0_tp2_dcp0_ep10_rank2_decode-10k,decode,10k,2,2,10,2,SparseFlashAttention,"15,16,512;1765,128,1,512;1765,128,1,512;15,1,2048;5,1584;5;5;15,16,64;1765,128,1,64",160,88.10,93.76,93.65,99.80
dp2_pp0_tp2_dcp0_ep10_rank2_decode-10k,decode,10k,2,2,10,2,SparseFlashAttention,"18,16,512;1765,128,1,512;1765,128,1,512;18,1,2048;6,1584;6;6;18,16,64;1765,128,1,64",4,88.94,93.77,93.43,99.28
dp2_pp0_tp2_dcp0_ep10_rank2_decode-10k,decode,10k,2,2,10,2,SparseFlashAttention,"21,16,512;1765,128,1,512;1765,128,1,512;21,1,2048;7,1584;7;7;21,16,64;1765,128,1,64",316,88.32,95.11,94.95,102.00
dp2_pp0_tp2_dcp0_ep10_rank2_decode-10k,decode,10k,2,2,10,2,SparseFlashAttention,"24,16,512;1765,128,1,512;1765,128,1,512;24,1,2048;8,1584;8;8;24,16,64;1765,128,1,64",38,88.64,95.08,93.61,103.30
dp2_pp0_tp2_dcp0_ep10_rank2_decode-10k,decode,10k,2,2,10,2,SparseFlashAttention,"27,16,512;1765,128,1,512;1765,128,1,512;27,1,2048;9,1584;9;9;27,16,64;1765,128,1,64",1482,150.41,155.62,155.10,165.67
dp2_pp0_tp2_dcp0_ep10_rank2_decode-10k,decode,10k,2,2,10,2,SparseFlashAttention,"3,16,512;1765,128,1,512;1765,128,1,512;3,1,2048;1,1584;1;1;3,16,64;1765,128,1,64",720,84.14,88.95,88.08,119.85
dp2_pp0_tp2_dcp0_ep10_rank2_decode-10k,decode,10k,2,2,10,2,SparseFlashAttention,"6,16,512;1765,128,1,512;1765,128,1,512;6,1,2048;2,1584;2;2;6,16,64;1765,128,1,64",160,86.46,90.21,89.80,98.54
dp2_pp0_tp2_dcp0_ep10_rank2_decode-10k,decode,10k,2,2,10,2,SparseFlashAttention,"9,16,512;1765,128,1,512;1765,128,1,512;9,1,2048;3,1584;3;3;9,16,64;1765,128,1,64",240,86.04,91.58,90.74,99.18
dp2_pp0_tp2_dcp0_ep10_rank2_decode-10k,decode,10k,2,2,10,2,Sub,12;12,2,2.08,2.21,2.21,2.34
dp2_pp0_tp2_dcp0_ep10_rank2_decode-10k,decode,10k,2,2,10,2,Sub,15;15,4,2.40,2.62,2.66,2.76
dp2_pp0_tp2_dcp0_ep10_rank2_decode-10k,decode,10k,2,2,10,2,Sub,18;18,4,2.52,2.84,2.85,3.14
dp2_pp0_tp2_dcp0_ep10_rank2_decode-10k,decode,10k,2,2,10,2,Sub,1;,9,2.34,2.44,2.44,2.52
dp2_pp0_tp2_dcp0_ep10_rank2_decode-10k,decode,10k,2,2,10,2,Sub,21;21,4,2.68,2.74,2.74,2.80
dp2_pp0_tp2_dcp0_ep10_rank2_decode-10k,decode,10k,2,2,10,2,Sub,24;24,38,2.22,2.43,2.36,2.78
dp2_pp0_tp2_dcp0_ep10_rank2_decode-10k,decode,10k,2,2,10,2,Sub,2;,2,2.62,2.67,2.67,2.72
dp2_pp0_tp2_dcp0_ep10_rank2_decode-10k,decode,10k,2,2,10,2,Sub,3;,3,2.64,2.68,2.66,2.74
dp2_pp0_tp2_dcp0_ep10_rank2_decode-10k,decode,10k,2,2,10,2,Sub,3;3,18,1.90,2.33,2.23,2.98
dp2_pp0_tp2_dcp0_ep10_rank2_decode-10k,decode,10k,2,2,10,2,Sub,4;,1,2.92,2.92,2.92,2.92
dp2_pp0_tp2_dcp0_ep10_rank2_decode-10k,decode,10k,2,2,10,2,Sub,5;,2,2.74,2.91,2.91,3.08
dp2_pp0_tp2_dcp0_ep10_rank2_decode-10k,decode,10k,2,2,10,2,Sub,6;,2,2.92,2.96,2.96,3.00
dp2_pp0_tp2_dcp0_ep10_rank2_decode-10k,decode,10k,2,2,10,2,Sub,6;6,4,2.54,2.81,2.82,3.06
dp2_pp0_tp2_dcp0_ep10_rank2_decode-10k,decode,10k,2,2,10,2,Sub,7;,2,2.88,2.92,2.92,2.96
dp2_pp0_tp2_dcp0_ep10_rank2_decode-10k,decode,10k,2,2,10,2,Sub,8;,19,2.62,2.89,2.88,3.44
dp2_pp0_tp2_dcp0_ep10_rank2_decode-10k,decode,10k,2,2,10,2,Sub,9;9,6,2.30,2.58,2.59,2.82
dp2_pp0_tp2_dcp0_ep10_rank2_decode-10k,decode,10k,2,2,10,2,SubAiCore,12;12,1,2.60,2.60,2.60,2.60
dp2_pp0_tp2_dcp0_ep10_rank2_decode-10k,decode,10k,2,2,10,2,SubAiCore,15;15,2,2.68,2.98,2.98,3.28
dp2_pp0_tp2_dcp0_ep10_rank2_decode-10k,decode,10k,2,2,10,2,SubAiCore,21;21,4,2.56,2.94,2.99,3.22
dp2_pp0_tp2_dcp0_ep10_rank2_decode-10k,decode,10k,2,2,10,2,SubAiCore,27;27,19,2.46,2.65,2.64,2.92
dp2_pp0_tp2_dcp0_ep10_rank2_decode-10k,decode,10k,2,2,10,2,SubAiCore,3;3,9,2.62,2.91,2.96,3.20
dp2_pp0_tp2_dcp0_ep10_rank2_decode-10k,decode,10k,2,2,10,2,SubAiCore,6;6,2,3.02,3.08,3.08,3.14
dp2_pp0_tp2_dcp0_ep10_rank2_decode-10k,decode,10k,2,2,10,2,SubAiCore,9;9,3,2.86,2.89,2.88,2.94
dp2_pp0_tp2_dcp0_ep10_rank2_decode-10k,decode,10k,2,2,10,2,SwiGlu,"12,1024",77,3.28,20.29,3.80,343.77
dp2_pp0_tp2_dcp0_ep10_rank2_decode-10k,decode,10k,2,2,10,2,SwiGlu,"12,6144",3,4.86,5.40,5.08,6.26
dp2_pp0_tp2_dcp0_ep10_rank2_decode-10k,decode,10k,2,2,10,2,SwiGlu,"15,1024",154,4.40,15.34,15.60,18.70
dp2_pp0_tp2_dcp0_ep10_rank2_decode-10k,decode,10k,2,2,10,2,SwiGlu,"15,6144",6,5.26,6.09,6.36,6.60
dp2_pp0_tp2_dcp0_ep10_rank2_decode-10k,decode,10k,2,2,10,2,SwiGlu,"18,1024",4,4.54,4.59,4.58,4.64
dp2_pp0_tp2_dcp0_ep10_rank2_decode-10k,decode,10k,2,2,10,2,SwiGlu,"21,1024",304,4.74,15.38,15.58,18.84
dp2_pp0_tp2_dcp0_ep10_rank2_decode-10k,decode,10k,2,2,10,2,SwiGlu,"21,6144",12,6.02,6.96,7.02,7.66
dp2_pp0_tp2_dcp0_ep10_rank2_decode-10k,decode,10k,2,2,10,2,SwiGlu,"24,1024",38,4.68,4.89,4.88,5.16
dp2_pp0_tp2_dcp0_ep10_rank2_decode-10k,decode,10k,2,2,10,2,SwiGlu,"27,1024",1425,6.02,14.57,14.66,17.38
dp2_pp0_tp2_dcp0_ep10_rank2_decode-10k,decode,10k,2,2,10,2,SwiGlu,"27,6144",57,7.42,8.20,8.00,17.88
dp2_pp0_tp2_dcp0_ep10_rank2_decode-10k,decode,10k,2,2,10,2,SwiGlu,"3,1024",693,3.02,3.55,3.42,14.26
dp2_pp0_tp2_dcp0_ep10_rank2_decode-10k,decode,10k,2,2,10,2,SwiGlu,"3,6144",27,3.68,4.06,3.88,4.66
dp2_pp0_tp2_dcp0_ep10_rank2_decode-10k,decode,10k,2,2,10,2,SwiGlu,"6,1024",154,4.28,14.03,14.24,17.24
dp2_pp0_tp2_dcp0_ep10_rank2_decode-10k,decode,10k,2,2,10,2,SwiGlu,"6,6144",6,3.82,4.35,4.05,5.34
dp2_pp0_tp2_dcp0_ep10_rank2_decode-10k,decode,10k,2,2,10,2,SwiGlu,"9,1024",231,4.36,13.67,13.78,17.46
dp2_pp0_tp2_dcp0_ep10_rank2_decode-10k,decode,10k,2,2,10,2,SwiGlu,"9,6144",9,4.34,5.32,4.46,8.40
dp2_pp0_tp2_dcp0_ep10_rank2_decode-10k,decode,10k,2,2,10,2,TensorMove,"10,154880",2,10.66,10.84,10.84,11.02
dp2_pp0_tp2_dcp0_ep10_rank2_decode-10k,decode,10k,2,2,10,2,TensorMove,"12,154880",2,10.98,11.09,11.09,11.20
dp2_pp0_tp2_dcp0_ep10_rank2_decode-10k,decode,10k,2,2,10,2,TensorMove,"14,154880",2,11.58,11.58,11.58,11.58
dp2_pp0_tp2_dcp0_ep10_rank2_decode-10k,decode,10k,2,2,10,2,TensorMove,"16,154880",19,12.10,12.33,12.32,12.62
dp2_pp0_tp2_dcp0_ep10_rank2_decode-10k,decode,10k,2,2,10,2,TensorMove,"2,154880",9,8.98,9.24,9.16,9.56
dp2_pp0_tp2_dcp0_ep10_rank2_decode-10k,decode,10k,2,2,10,2,TensorMove,"4,154880",2,9.74,9.76,9.76,9.78
dp2_pp0_tp2_dcp0_ep10_rank2_decode-10k,decode,10k,2,2,10,2,TensorMove,"6,154880",3,9.26,9.34,9.32,9.44
dp2_pp0_tp2_dcp0_ep10_rank2_decode-10k,decode,10k,2,2,10,2,TensorMove,"8,154880",1,11.38,11.38,11.38,11.38
dp2_pp0_tp2_dcp0_ep10_rank2_decode-10k,decode,10k,2,2,10,2,Transpose,"2,2;2",2,15.22,15.78,15.78,16.34
dp2_pp0_tp2_dcp0_ep10_rank2_decode-10k,decode,10k,2,2,10,2,Transpose,"2,3;2",3,15.20,16.20,16.08,17.32
dp2_pp0_tp2_dcp0_ep10_rank2_decode-10k,decode,10k,2,2,10,2,Transpose,"2,4;2",1,14.86,14.86,14.86,14.86
dp2_pp0_tp2_dcp0_ep10_rank2_decode-10k,decode,10k,2,2,10,2,Transpose,"2,5;2",2,15.28,15.63,15.63,15.98
dp2_pp0_tp2_dcp0_ep10_rank2_decode-10k,decode,10k,2,2,10,2,Transpose,"2,6;2",2,15.44,15.63,15.63,15.82
dp2_pp0_tp2_dcp0_ep10_rank2_decode-10k,decode,10k,2,2,10,2,Transpose,"2,7;2",2,15.86,16.08,16.08,16.30
dp2_pp0_tp2_dcp0_ep10_rank2_decode-10k,decode,10k,2,2,10,2,Transpose,"2,8;2",18,15.34,16.02,16.00,16.82
dp2_pp0_tp2_dcp0_ep10_rank2_decode-10k,decode,10k,2,2,10,2,Transpose,"4,12,38720;3",1,17.54,17.54,17.54,17.54
dp2_pp0_tp2_dcp0_ep10_rank2_decode-10k,decode,10k,2,2,10,2,Transpose,"4,15,38720;3",2,17.76,17.92,17.92,18.08
dp2_pp0_tp2_dcp0_ep10_rank2_decode-10k,decode,10k,2,2,10,2,Transpose,"4,18,38720;3",2,20.14,20.24,20.24,20.34
dp2_pp0_tp2_dcp0_ep10_rank2_decode-10k,decode,10k,2,2,10,2,Transpose,"4,2,38720;3",4,10.90,11.96,11.59,13.76
dp2_pp0_tp2_dcp0_ep10_rank2_decode-10k,decode,10k,2,2,10,2,Transpose,"4,21,38720;3",2,19.22,19.85,19.85,20.48
dp2_pp0_tp2_dcp0_ep10_rank2_decode-10k,decode,10k,2,2,10,2,Transpose,"4,24,38720;3",19,19.02,20.38,20.56,21.80
dp2_pp0_tp2_dcp0_ep10_rank2_decode-10k,decode,10k,2,2,10,2,Transpose,"4,3,38720;3",15,10.12,11.56,11.12,13.72
dp2_pp0_tp2_dcp0_ep10_rank2_decode-10k,decode,10k,2,2,10,2,Transpose,"4,4,38720;3",2,11.14,11.95,11.95,12.76
dp2_pp0_tp2_dcp0_ep10_rank2_decode-10k,decode,10k,2,2,10,2,Transpose,"4,5,38720;3",4,11.74,12.76,12.71,13.88
dp2_pp0_tp2_dcp0_ep10_rank2_decode-10k,decode,10k,2,2,10,2,Transpose,"4,6,38720;3",6,12.54,13.30,13.34,14.04
dp2_pp0_tp2_dcp0_ep10_rank2_decode-10k,decode,10k,2,2,10,2,Transpose,"4,7,38720;3",4,13.84,14.35,14.34,14.88
dp2_pp0_tp2_dcp0_ep10_rank2_decode-10k,decode,10k,2,2,10,2,Transpose,"4,8,38720;3",38,13.70,15.56,15.80,17.74
dp2_pp0_tp2_dcp0_ep10_rank2_decode-10k,decode,10k,2,2,10,2,Transpose,"4,9,38720;3",3,14.98,15.29,15.16,15.74
dp2_pp0_tp2_dcp0_ep10_rank2_decode-10k,decode,10k,2,2,10,2,ZerosLike,"2,1",9,1.74,1.84,1.86,1.94
dp2_pp0_tp2_dcp0_ep10_rank2_decode-10k,decode,10k,2,2,10,2,ZerosLike,"2,2",2,1.78,1.87,1.87,1.96
dp2_pp0_tp2_dcp0_ep10_rank2_decode-10k,decode,10k,2,2,10,2,ZerosLike,"2,3",3,1.78,1.87,1.90,1.92
dp2_pp0_tp2_dcp0_ep10_rank2_decode-10k,decode,10k,2,2,10,2,ZerosLike,"2,4",1,1.86,1.86,1.86,1.86
dp2_pp0_tp2_dcp0_ep10_rank2_decode-10k,decode,10k,2,2,10,2,ZerosLike,"2,5",2,1.70,1.85,1.85,2.00
dp2_pp0_tp2_dcp0_ep10_rank2_decode-10k,decode,10k,2,2,10,2,ZerosLike,"2,6",2,2.00,2.01,2.01,2.02
dp2_pp0_tp2_dcp0_ep10_rank2_decode-10k,decode,10k,2,2,10,2,ZerosLike,"2,7",2,1.82,1.82,1.82,1.82
dp2_pp0_tp2_dcp0_ep10_rank2_decode-10k,decode,10k,2,2,10,2,ZerosLike,"2,8",19,1.70,1.92,1.90,2.24
dp2_pp0_tp2_dcp0_ep10_rank2_decode-10k,decode,10k,2,2,10,2,_triton_rope_siso,"12,1,128;12,64;12,64",2,3.54,3.67,3.67,3.80
dp2_pp0_tp2_dcp0_ep10_rank2_decode-10k,decode,10k,2,2,10,2,_triton_rope_siso,"12,32,128;12,64;12,64",2,5.52,5.61,5.61,5.70
dp2_pp0_tp2_dcp0_ep10_rank2_decode-10k,decode,10k,2,2,10,2,_triton_rope_siso,"15,1,128;15,64;15,64",4,4.16,4.19,4.18,4.22
dp2_pp0_tp2_dcp0_ep10_rank2_decode-10k,decode,10k,2,2,10,2,_triton_rope_siso,"15,32,128;15,64;15,64",4,5.84,5.96,5.98,6.06
dp2_pp0_tp2_dcp0_ep10_rank2_decode-10k,decode,10k,2,2,10,2,_triton_rope_siso,"18,1,128;18,64;18,64",4,4.50,4.64,4.68,4.70
dp2_pp0_tp2_dcp0_ep10_rank2_decode-10k,decode,10k,2,2,10,2,_triton_rope_siso,"18,32,128;18,64;18,64",4,6.44,6.57,6.54,6.76
dp2_pp0_tp2_dcp0_ep10_rank2_decode-10k,decode,10k,2,2,10,2,_triton_rope_siso,"21,1,128;21,64;21,64",4,4.96,5.06,5.08,5.12
dp2_pp0_tp2_dcp0_ep10_rank2_decode-10k,decode,10k,2,2,10,2,_triton_rope_siso,"21,32,128;21,64;21,64",4,6.96,7.01,7.01,7.06
dp2_pp0_tp2_dcp0_ep10_rank2_decode-10k,decode,10k,2,2,10,2,_triton_rope_siso,"24,1,128;24,64;24,64",38,5.38,5.61,5.56,7.06
dp2_pp0_tp2_dcp0_ep10_rank2_decode-10k,decode,10k,2,2,10,2,_triton_rope_siso,"24,32,128;24,64;24,64",38,7.26,7.66,7.52,9.16
dp2_pp0_tp2_dcp0_ep10_rank2_decode-10k,decode,10k,2,2,10,2,_triton_rope_siso,"3,1,128;3,64;3,64",18,2.02,2.12,2.10,2.34
dp2_pp0_tp2_dcp0_ep10_rank2_decode-10k,decode,10k,2,2,10,2,_triton_rope_siso,"3,32,128;3,64;3,64",18,3.72,3.84,3.78,4.22
dp2_pp0_tp2_dcp0_ep10_rank2_decode-10k,decode,10k,2,2,10,2,_triton_rope_siso,"6,1,128;6,64;6,64",4,2.62,2.67,2.64,2.76
dp2_pp0_tp2_dcp0_ep10_rank2_decode-10k,decode,10k,2,2,10,2,_triton_rope_siso,"6,32,128;6,64;6,64",4,4.28,4.31,4.31,4.34
dp2_pp0_tp2_dcp0_ep10_rank2_decode-10k,decode,10k,2,2,10,2,_triton_rope_siso,"9,1,128;9,64;9,64",6,3.06,3.28,3.29,3.44
dp2_pp0_tp2_dcp0_ep10_rank2_decode-10k,decode,10k,2,2,10,2,_triton_rope_siso,"9,32,128;9,64;9,64",6,4.88,5.05,5.03,5.34
dp2_pp0_tp2_dcp0_ep10_rank2_decode-10k,decode,10k,2,2,10,2,_triton_rope_siso_0,N/A,3120,1.76,4.33,5.08,8.82
dp2_pp0_tp2_dcp0_ep10_rank2_decode-10k,decode,10k,2,2,10,2,_triton_rope_siso_1,N/A,3120,3.50,6.27,7.02,18.68
dp2_pp0_tp2_dcp0_ep10_rank2_decode-10k,decode,10k,2,2,10,2,allgatherAicpuKernel,N/A,71,114.25,190.61,148.40,721.35
dp2_pp0_tp2_dcp0_ep10_rank2_decode-10k,decode,10k,2,2,10,2,batch_getAicpuKernel,N/A,80,56.26,4345.28,2223.31,80287.75
dp2_pp0_tp2_dcp0_ep10_rank2_decode-10k,decode,10k,2,2,10,2,batch_matmul_transpose,N/A,80,9.34,10.06,10.08,10.88
dp2_pp0_tp2_dcp0_ep10_rank2_decode-10k,decode,10k,2,2,10,2,batch_matmul_transpose_0,N/A,3120,9.02,10.62,10.80,17.44
dp2_pp0_tp2_dcp0_ep10_rank2_decode-10k,decode,10k,2,2,10,2,expand_kernel,1;1,18,1.34,1.53,1.49,1.86
dp2_pp0_tp2_dcp0_ep10_rank2_decode-10k,decode,10k,2,2,10,2,expand_kernel,2;2,4,1.48,1.71,1.63,2.08
dp2_pp0_tp2_dcp0_ep10_rank2_decode-10k,decode,10k,2,2,10,2,expand_kernel,3;3,6,1.52,1.74,1.76,2.00
dp2_pp0_tp2_dcp0_ep10_rank2_decode-10k,decode,10k,2,2,10,2,expand_kernel,4;4,2,1.82,1.83,1.83,1.84
dp2_pp0_tp2_dcp0_ep10_rank2_decode-10k,decode,10k,2,2,10,2,expand_kernel,5;5,4,1.62,1.96,1.92,2.36
dp2_pp0_tp2_dcp0_ep10_rank2_decode-10k,decode,10k,2,2,10,2,expand_kernel,6;6,4,1.88,2.12,2.07,2.44
dp2_pp0_tp2_dcp0_ep10_rank2_decode-10k,decode,10k,2,2,10,2,expand_kernel,7;7,4,2.08,2.25,2.27,2.40
dp2_pp0_tp2_dcp0_ep10_rank2_decode-10k,decode,10k,2,2,10,2,expand_kernel,8;8,38,2.12,2.42,2.43,2.80
dp2_pp0_tp2_dcp0_ep10_rank2_decode-10k,decode,10k,2,2,10,2,hccl_batchGet_,N/A,80,5.36,2959.89,20.75,97113.48
dp2_pp0_tp2_dcp0_ep10_rank2_decode-10k,decode,10k,2,2,10,2,hcom_allGather_,N/A,6329,6.42,11.35,10.20,210.15
dp2_pp0_tp2_dcp0_ep10_rank2_decode-10k,decode,10k,2,2,10,2,hcom_allReduce_,N/A,13120,4.26,17.16,15.94,2547.02
dp2_pp0_tp2_dcp0_ep10_rank2_decode-10k,decode,10k,2,2,10,2,mla_preprocess,N/A,80,64.50,75.40,74.73,87.48
dp2_pp0_tp2_dcp0_ep10_rank2_decode-10k,decode,10k,2,2,10,2,mla_preprocess_0_mix_aic,N/A,3120,63.08,75.42,76.48,91.76
dp2_pp0_tp2_dcp0_ep10_rank2_decode-10k,decode,10k,2,2,10,2,muls_add_kernel,"12,6144;12,6144",2,6.42,6.45,6.45,6.48
dp2_pp0_tp2_dcp0_ep10_rank2_decode-10k,decode,10k,2,2,10,2,muls_add_kernel,"15,6144;15,6144",4,7.32,7.41,7.36,7.60
dp2_pp0_tp2_dcp0_ep10_rank2_decode-10k,decode,10k,2,2,10,2,muls_add_kernel,"18,6144;18,6144",4,8.22,8.27,8.27,8.32
dp2_pp0_tp2_dcp0_ep10_rank2_decode-10k,decode,10k,2,2,10,2,muls_add_kernel,"21,6144;21,6144",4,9.28,9.34,9.34,9.40
dp2_pp0_tp2_dcp0_ep10_rank2_decode-10k,decode,10k,2,2,10,2,muls_add_kernel,"24,6144;24,6144",38,9.04,9.28,9.27,9.52
dp2_pp0_tp2_dcp0_ep10_rank2_decode-10k,decode,10k,2,2,10,2,muls_add_kernel,"3,6144;3,6144",18,2.84,3.00,2.99,3.18
dp2_pp0_tp2_dcp0_ep10_rank2_decode-10k,decode,10k,2,2,10,2,muls_add_kernel,"6,6144;6,6144",4,4.20,4.36,4.36,4.52
dp2_pp0_tp2_dcp0_ep10_rank2_decode-10k,decode,10k,2,2,10,2,muls_add_kernel,"9,6144;9,6144",6,5.14,5.25,5.23,5.38
dp2_pp0_tp2_dcp0_ep10_rank2_decode-10k,decode,10k,2,2,10,2,muls_add_kernel_1,N/A,3000,2.50,7.50,9.36,14.94
dp2_pp0_tp2_dcp0_ep10_rank2_decode-10k,decode,10k,2,2,10,2,prepare_inputs_padded_kernel,1;1;2,9,3.26,3.43,3.40,3.56
dp2_pp0_tp2_dcp0_ep10_rank2_decode-10k,decode,10k,2,2,10,2,prepare_inputs_padded_kernel,2;2;3,2,3.38,3.39,3.39,3.40
dp2_pp0_tp2_dcp0_ep10_rank2_decode-10k,decode,10k,2,2,10,2,prepare_inputs_padded_kernel,3;3;4,3,3.32,3.39,3.34,3.50
dp2_pp0_tp2_dcp0_ep10_rank2_decode-10k,decode,10k,2,2,10,2,prepare_inputs_padded_kernel,4;4;5,1,3.16,3.16,3.16,3.16
dp2_pp0_tp2_dcp0_ep10_rank2_decode-10k,decode,10k,2,2,10,2,prepare_inputs_padded_kernel,5;5;6,2,3.50,3.57,3.57,3.64
dp2_pp0_tp2_dcp0_ep10_rank2_decode-10k,decode,10k,2,2,10,2,prepare_inputs_padded_kernel,6;6;7,2,3.58,3.59,3.59,3.60
dp2_pp0_tp2_dcp0_ep10_rank2_decode-10k,decode,10k,2,2,10,2,prepare_inputs_padded_kernel,7;7;8,2,3.54,3.62,3.62,3.70
dp2_pp0_tp2_dcp0_ep10_rank2_decode-10k,decode,10k,2,2,10,2,prepare_inputs_padded_kernel,8;8;9,19,3.38,3.59,3.56,3.88
dp2_pp0_tp2_dcp0_ep10_rank2_decode-10k,decode,10k,2,2,10,2,rejection_random_sample_kernel,"1;2;2,154880;1,1",9,2.20,2.32,2.30,2.42
dp2_pp0_tp2_dcp0_ep10_rank2_decode-10k,decode,10k,2,2,10,2,rejection_random_sample_kernel,"2;4;4,154880;2,1",2,2.08,2.22,2.22,2.36
dp2_pp0_tp2_dcp0_ep10_rank2_decode-10k,decode,10k,2,2,10,2,rejection_random_sample_kernel,"3;6;6,154880;3,1",3,2.46,2.63,2.56,2.88
dp2_pp0_tp2_dcp0_ep10_rank2_decode-10k,decode,10k,2,2,10,2,rejection_random_sample_kernel,"4;8;8,154880;4,1",1,2.52,2.52,2.52,2.52
dp2_pp0_tp2_dcp0_ep10_rank2_decode-10k,decode,10k,2,2,10,2,rejection_random_sample_kernel,"5;10;10,154880;5,1",2,2.76,2.82,2.82,2.88
dp2_pp0_tp2_dcp0_ep10_rank2_decode-10k,decode,10k,2,2,10,2,rejection_random_sample_kernel,"6;12;12,154880;6,1",2,2.66,2.76,2.76,2.86
dp2_pp0_tp2_dcp0_ep10_rank2_decode-10k,decode,10k,2,2,10,2,rejection_random_sample_kernel,"7;14;14,154880;7,1",2,2.82,2.99,2.99,3.16
dp2_pp0_tp2_dcp0_ep10_rank2_decode-10k,decode,10k,2,2,10,2,rejection_random_sample_kernel,"8;16;16,154880;8,1",19,2.94,3.20,3.24,3.38
dp2_pp0_tp2_dcp0_ep10_rank2_decode-10k,decode,10k,2,2,10,2,sample_recovered_tokens_kernel,"1;2;2,154880",9,53.88,54.35,54.34,54.94
dp2_pp0_tp2_dcp0_ep10_rank2_decode-10k,decode,10k,2,2,10,2,sample_recovered_tokens_kernel,"2;4;4,154880",2,54.34,54.34,54.34,54.34
dp2_pp0_tp2_dcp0_ep10_rank2_decode-10k,decode,10k,2,2,10,2,sample_recovered_tokens_kernel,"3;6;6,154880",3,54.42,54.61,54.58,54.84
dp2_pp0_tp2_dcp0_ep10_rank2_decode-10k,decode,10k,2,2,10,2,sample_recovered_tokens_kernel,"4;8;8,154880",1,55.04,55.04,55.04,55.04
dp2_pp0_tp2_dcp0_ep10_rank2_decode-10k,decode,10k,2,2,10,2,sample_recovered_tokens_kernel,"5;10;10,154880",2,54.96,55.26,55.26,55.56
dp2_pp0_tp2_dcp0_ep10_rank2_decode-10k,decode,10k,2,2,10,2,sample_recovered_tokens_kernel,"6;12;12,154880",2,55.56,55.68,55.68,55.80
dp2_pp0_tp2_dcp0_ep10_rank2_decode-10k,decode,10k,2,2,10,2,sample_recovered_tokens_kernel,"7;14;14,154880",2,55.64,55.69,55.69,55.74
dp2_pp0_tp2_dcp0_ep10_rank2_decode-10k,decode,10k,2,2,10,2,sample_recovered_tokens_kernel,"8;16;16,154880",19,55.90,56.33,56.28,57.46
