op_type,input_shapes,runs_seen,total_count,min_us,avg_us,median_us,max_us
Add,"256,6144;256,6144",6,2844,6.20,11.70,11.67,19.20
Add,1;,7,393,1.32,1.52,1.50,1.92
Add,2;,4,247,1.38,1.57,1.56,1.88
Add,"1,154880;",7,240,6.60,9.22,7.58,62.18
Add,"3,6144;3,6144",3,218,3.78,4.34,4.29,5.46
Add,"114,6144;114,6144",2,158,3.90,10.08,10.42,17.40
Add,3;,2,141,1.34,1.54,1.52,1.90
Add,1;1,7,131,1.20,1.40,1.36,1.96
Add,"3,154880;",2,94,7.62,10.96,9.36,70.30
Add,"9,6144;9,6144",2,94,7.54,7.96,7.84,11.00
Add,"2,154880;",2,92,7.18,9.14,8.14,49.32
Add,"6,6144;6,6144",2,92,6.22,6.54,6.46,9.16
Add,8;,1,58,1.30,1.53,1.52,1.84
Add,6;,3,56,1.42,1.61,1.60,1.86
Add,4;,3,52,1.36,1.62,1.60,2.06
Add,3;3,2,47,1.32,1.48,1.44,1.98
Add,2;2,2,46,1.34,1.49,1.46,1.88
Add,"8,154880;",1,38,8.64,12.31,9.72,64.90
Add,"24,6144;24,6144",1,38,7.76,8.10,7.93,11.36
Add,16;,1,19,1.42,1.62,1.60,1.76
Add,8;8,1,19,1.38,1.57,1.54,1.96
Add,5;,3,15,1.44,1.56,1.50,1.90
Add,1365;,4,10,1.52,1.63,1.62,1.84
Add,"5,154880;",3,7,8.94,13.04,13.24,19.42
Add,7;,1,6,1.34,1.48,1.48,1.60
Add,"6,154880;",2,5,9.18,10.56,9.44,15.24
Add,5;5,3,5,1.36,1.62,1.64,1.82
Add,"7,154880;",1,4,9.24,9.58,9.59,9.90
Add,"21,6144;21,6144",1,4,7.94,7.99,8.00,8.02
Add,"15,6144;15,6144",1,4,7.78,7.94,7.95,8.08
Add,"18,6144;18,6144",1,4,7.82,8.69,7.91,11.10
Add,"4,154880;",2,3,9.04,11.44,9.44,15.84
Add,6;6,2,3,1.34,1.66,1.74,1.90
Add,"12,6144;12,6144",1,2,8.06,9.34,9.34,10.62
Add,7;7,1,2,1.36,1.68,1.68,2.00
Add,10;,1,2,1.54,1.66,1.66,1.78
Add,12;,1,2,1.48,1.57,1.57,1.66
Add,4;4,2,2,1.48,1.55,1.55,1.62
Add,14;,1,2,1.46,1.54,1.54,1.62
Add,608;,1,1,1.60,1.60,1.60,1.60
AddRmsNormBias,"3,6144;3,6144;6144;6144",3,16896,3.46,3.87,3.84,13.54
AddRmsNormBias,"9,6144;9,6144;6144;6144",2,7285,4.36,4.85,4.82,8.76
AddRmsNormBias,"6,6144;6,6144;6144;6144",2,7130,3.94,4.29,4.26,11.46
AddRmsNormBias,"256,6144;256,6144;6144;6144",6,5688,17.36,22.39,22.44,29.70
AddRmsNormBias,"27,6144;27,6144;6144;6144",1,2907,7.08,8.00,7.94,16.18
AddRmsNormBias,"21,6144;21,6144;6144;6144",1,616,6.18,6.71,6.62,17.30
AddRmsNormBias,"114,6144;114,6144;6144;6144",2,316,12.24,15.30,15.38,20.00
AddRmsNormBias,"15,6144;15,6144;6144;6144",1,310,5.36,5.71,5.68,6.92
AddRmsNormBias,"12,6144;12,6144;6144;6144",1,155,4.88,5.20,5.16,7.80
AddRmsNormBias,"24,6144;24,6144;6144;6144",1,38,7.10,7.46,7.39,8.54
AddRmsNormBias,"18,6144;18,6144;6144;6144",1,4,6.36,6.51,6.46,6.76
AddRmsNormDynamicQuant,"3,6144;3,6144;6144;6144",3,218,5.06,5.43,5.42,7.82
AddRmsNormDynamicQuant,"9,6144;9,6144;6144;6144",2,94,6.76,7.45,7.24,22.60
AddRmsNormDynamicQuant,"6,6144;6,6144;6144;6144",2,92,5.82,6.39,6.26,13.60
AddRmsNormDynamicQuant,"27,6144;27,6144;6144;6144",1,38,12.04,12.90,12.79,15.46
AddRmsNormDynamicQuant,"21,6144;21,6144;6144;6144",1,8,10.28,10.71,10.70,11.14
AddRmsNormDynamicQuant,"15,6144;15,6144;6144;6144",1,4,8.24,8.50,8.47,8.80
AddRmsNormDynamicQuant,"12,6144;12,6144;6144;6144",1,2,7.80,7.84,7.84,7.88
AddRmsNormDynamicQuantAiCore,"3,6144;3,6144;6144;6144",3,109,5.94,6.44,6.44,7.08
AddRmsNormDynamicQuantAiCore,"9,6144;9,6144;6144;6144",2,47,7.18,7.67,7.60,8.34
AddRmsNormDynamicQuantAiCore,"6,6144;6,6144;6144;6144",2,46,6.72,7.24,7.20,7.74
AddRmsNormDynamicQuantAiCore,"27,6144;27,6144;6144;6144",1,19,11.56,12.14,12.14,12.52
AddRmsNormDynamicQuantAiCore,"21,6144;21,6144;6144;6144",1,4,10.14,10.46,10.43,10.82
AddRmsNormDynamicQuantAiCore,"15,6144;15,6144;6144;6144",1,2,8.32,8.66,8.66,9.00
AddRmsNormDynamicQuantAiCore,"12,6144;12,6144;6144;6144",1,1,8.00,8.00,8.00,8.00
ApplyTopKTopPCustom,"2,154880;2,154880;2;",4,155,260.82,272.04,270.66,291.33
ApplyTopKTopPCustom,"1,154880;1,154880;1;",7,131,258.04,332.97,261.75,852.27
ApplyTopKTopPCustom,"6,154880;6,154880;6;",3,50,288.25,472.27,296.15,3749.78
ApplyTopKTopPCustom,"4,154880;4,154880;4;",3,48,279.63,335.79,286.02,2487.85
ApplyTopKTopPCustom,"3,154880;3,154880;3;",2,47,276.27,351.88,283.86,1982.48
ApplyTopKTopPCustom,"8,154880;8,154880;8;",1,20,278.45,293.17,285.16,438.46
ApplyTopKTopPCustom,"16,154880;16,154880;16;",1,19,290.33,301.59,303.11,309.13
ApplyTopKTopPCustom,"5,154880;5,154880;5;",3,5,288.59,2123.94,3344.13,3352.13
ApplyTopKTopPCustom,"14,154880;14,154880;14;",1,2,297.13,1475.46,1475.46,2653.79
ApplyTopKTopPCustom,"10,154880;10,154880;10;",1,2,292.11,332.12,332.12,372.14
ApplyTopKTopPCustom,"12,154880;12,154880;12;",1,2,297.83,298.80,298.80,299.77
ApplyTopKTopPCustom,"7,154880;7,154880;7;",1,2,281.07,288.91,288.91,296.75
ArgMaxV2,"1,154880;",7,393,18.96,19.75,19.84,20.28
ArgMaxV2,"3,154880;",2,141,53.96,54.73,54.70,55.76
ArgMaxV2,"2,154880;",2,138,36.68,37.28,37.24,38.34
ArgMaxV2,"8,154880;",1,57,140.63,142.28,142.39,144.05
ArgMaxV2,"1365,154880;",4,20,721.56,726.73,726.57,732.96
ArgMaxV2,"5,154880;",3,15,88.30,89.42,89.38,91.28
ArgMaxV2,"6,154880;",2,9,106.56,107.25,106.86,108.74
ArgMaxV2,"7,154880;",1,6,123.10,124.56,124.37,126.29
ArgMaxV2,"4,154880;",2,6,71.24,72.07,72.13,72.72
ArgMaxV2,"608,154880;",1,2,344.43,345.12,345.12,345.81
AsStrided,4194304;3;3;1,6,2080,14.68,16.65,16.38,23.02
AsStrided,1867776;3;3;1,1,80,10.06,11.12,11.11,11.88
AscendQuantV2,"3,4096;4096;4096",3,8611,10.10,12.26,12.16,18.86
AscendQuantV2,"3,2048;2048;2048",3,8611,7.18,10.40,10.00,20.28
AscendQuantV2,"256,2048;2048;2048",6,4160,11.44,15.04,14.86,25.74
AscendQuantV2,"9,2048;2048;2048",2,3713,9.32,10.74,10.02,20.66
AscendQuantV2,"9,4096;4096;4096",2,3713,9.22,10.92,10.02,20.54
AscendQuantV2,"6,4096;4096;4096",2,3634,9.54,11.52,10.98,20.02
AscendQuantV2,"6,2048;2048;2048",2,3634,10.22,11.44,10.96,19.72
AscendQuantV2,"4096,1024;1024;1024",6,2080,27.18,29.25,28.52,37.54
AscendQuantV2,"256,6144;6144;6144",6,2080,15.28,18.09,17.62,27.18
AscendQuantV2,"27,4096;4096;4096",1,1463,9.06,10.77,10.12,18.46
AscendQuantV2,"27,2048;2048;2048",1,1463,8.94,10.27,9.86,18.28
AscendQuantV2,"21,4096;4096;4096",1,312,9.56,10.54,10.22,18.36
AscendQuantV2,"21,2048;2048;2048",1,312,8.28,10.62,10.18,18.04
AscendQuantV2,"114,2048;2048;2048",1,160,10.04,12.23,12.42,14.22
AscendQuantV2,"15,4096;4096;4096",1,158,9.78,10.51,10.34,17.80
AscendQuantV2,"15,2048;2048;2048",1,158,9.80,10.78,10.31,18.22
AscendQuantV2,"1824,1024;1024;1024",1,80,16.90,17.42,17.28,23.20
AscendQuantV2,"114,6144;6144;6144",1,80,12.22,13.81,13.89,14.32
AscendQuantV2,"12,4096;4096;4096",1,79,10.40,11.18,10.78,18.66
AscendQuantV2,"12,2048;2048;2048",1,79,10.30,11.22,10.62,18.36
AscendQuantV2,"24,2048;2048;2048",1,38,11.52,12.22,11.86,18.32
AscendQuantV2,"24,4096;4096;4096",1,38,10.16,11.26,10.67,18.02
AscendQuantV2,"18,2048;2048;2048",1,4,10.62,10.96,10.87,11.48
AscendQuantV2,"18,4096;4096;4096",1,4,9.58,9.91,9.95,10.14
AscendQuantV2Aicore,"3,4096;4096;4096",3,109,10.44,12.35,12.40,13.56
AscendQuantV2Aicore,"3,2048;2048;2048",3,109,10.68,11.40,11.46,12.16
AscendQuantV2Aicore,"9,2048;2048;2048",2,47,10.70,11.74,11.76,12.16
AscendQuantV2Aicore,"9,4096;4096;4096",2,47,9.70,9.94,9.92,10.50
AscendQuantV2Aicore,"6,2048;2048;2048",2,46,11.74,18.79,19.14,19.50
AscendQuantV2Aicore,"6,4096;4096;4096",2,46,10.40,10.98,10.96,11.54
AscendQuantV2Aicore,"27,2048;2048;2048",1,19,17.64,17.87,17.86,18.30
AscendQuantV2Aicore,"27,4096;4096;4096",1,19,9.30,9.81,9.86,10.28
AscendQuantV2Aicore,"21,2048;2048;2048",1,4,10.92,11.03,11.02,11.14
AscendQuantV2Aicore,"21,4096;4096;4096",1,4,9.86,10.04,10.09,10.14
AscendQuantV2Aicore,"15,2048;2048;2048",1,2,17.46,17.58,17.58,17.70
AscendQuantV2Aicore,"15,4096;4096;4096",1,2,9.86,9.98,9.98,10.10
AscendQuantV2Aicore,"12,2048;2048;2048",1,1,18.04,18.04,18.04,18.04
AscendQuantV2Aicore,"12,4096;4096;4096",1,1,10.70,10.70,10.70,10.70
BatchMatMulV2,"64,256,192;64,192,512",6,2080,28.58,36.34,36.06,45.56
BatchMatMulV2,"64,114,192;64,192,512",1,80,20.74,29.12,29.37,34.14
BroadcastTo,1;1,11,876,1.24,1.47,1.46,2.20
BroadcastTo,;1,11,255,1.10,1.47,1.48,2.14
Cast,"3,128",3,17222,1.08,1.30,1.28,5.94
Cast,"1,8",3,8285,1.04,1.22,1.20,5.42
Cast,"9,128",2,7426,1.12,1.35,1.32,10.60
Cast,"6,128",2,7268,1.10,1.31,1.28,5.20
Cast,"256,128",6,4160,5.06,6.15,6.08,9.94
Cast,"3,8",2,3695,1.04,2.10,1.36,7.80
Cast,"2,8",2,3496,1.04,1.87,1.52,7.30
Cast,"27,128",1,2926,1.40,1.73,1.70,11.12
Cast,"256,8",6,2700,1.24,1.63,1.52,5.04
Cast,1,11,2317,1.06,1.39,1.36,2.94
Cast,256,6,2156,1.14,1.48,1.46,1.88
Cast,3,4,2079,1.04,1.36,1.34,2.12
Cast,"7,8",1,1406,1.08,1.33,1.28,3.46
Cast,2,4,864,1.08,29.21,1.42,238.09
Cast,6,4,730,1.08,17.74,1.38,230.76
Cast,"21,128",1,624,1.32,1.57,1.56,2.24
Cast,9,2,611,1.08,1.34,1.30,2.00
Cast,4096,6,562,1.34,2.24,2.28,4.08
Cast,"6,8",1,338,1.10,1.35,1.32,2.36
Cast,"15,128",1,316,1.22,1.45,1.40,7.04
Cast,24,1,247,1.18,1.42,1.40,2.00
Cast,"1,154880",7,240,2.64,6.12,8.07,10.88
Cast,8,1,230,1.04,2.68,1.28,164.25
Cast,"32,8",6,228,1.12,1.30,1.26,1.72
Cast,"1,3",3,218,1.08,1.37,1.36,1.98
Cast,"2,154880",4,201,4.24,7.70,8.56,10.04
Cast,"1,1",7,175,1.12,1.43,1.40,2.02
Cast,"114,128",1,160,3.56,3.78,3.74,4.30
Cast,"12,128",1,158,1.22,1.44,1.38,5.20
Cast,"4,8",1,152,1.06,1.25,1.22,1.74
Cast,"114,8",2,150,1.16,1.56,1.38,4.10
Cast,4,3,135,1.16,83.43,105.18,342.57
Cast,"1,2",3,110,1.48,1.62,1.60,1.86
Cast,"3,154880",2,94,4.08,6.54,6.56,9.94
Cast,"3,3",2,94,1.10,1.30,1.28,1.74
Cast,"2,3",2,92,1.12,1.32,1.28,1.84
Cast,114,1,80,1.56,1.70,1.68,1.92
Cast,"24,128",1,76,1.52,1.68,1.66,1.92
Cast,512,6,76,1.32,1.61,1.52,2.92
Cast,5,3,60,1.10,1.41,1.37,1.96
Cast,"6,154880",3,52,4.44,8.11,8.14,10.06
Cast,"4,154880",3,49,4.66,9.66,9.82,10.34
Cast,"3,2",2,47,1.42,1.67,1.66,2.10
Cast,"3,1",2,47,1.28,1.43,1.40,1.72
Cast,"2,2",2,46,1.30,1.47,1.44,1.82
Cast,"2,1",2,46,1.30,1.48,1.43,1.92
Cast,1365,4,40,1.44,1.80,1.76,2.30
Cast,"8,154880",1,39,5.12,7.08,8.34,9.00
Cast,16,1,38,108.48,120.66,118.41,151.59
Cast,"8,3",1,38,1.12,1.34,1.32,1.68
Cast,1824,2,30,1.24,1.73,1.76,2.28
Cast,15,1,26,1.10,1.40,1.40,1.78
Cast,18,1,26,1.20,1.41,1.40,1.78
Cast,21,1,26,1.14,1.43,1.37,1.76
Cast,7,1,24,1.06,1.32,1.27,1.92
Cast,"16,154880",1,19,9.34,9.76,9.60,11.36
Cast,"8,1",1,19,1.16,1.37,1.38,1.64
Cast,"8,2",1,18,1.32,1.48,1.42,1.76
Cast,12,1,17,1.10,36.88,1.46,193.79
Cast,"5,1",3,11,1.20,1.45,1.48,1.70
Cast,"18,128",1,8,1.58,1.65,1.63,1.78
Cast,"5,154880",3,7,4.86,8.19,9.04,10.76
Cast,"6,1",2,5,1.32,1.54,1.46,1.78
Cast,14,1,4,131.95,146.00,146.22,159.61
Cast,10,1,4,119.00,150.94,144.65,195.45
Cast,"7,154880",1,4,5.16,6.94,6.95,8.70
Cast,608,1,4,1.30,1.52,1.53,1.70
Cast,"4,1",2,4,1.16,1.43,1.46,1.62
Cast,"5,8",1,4,1.28,1.42,1.40,1.58
Cast,"6,3",1,4,1.22,1.36,1.36,1.48
Cast,"7,3",1,4,1.20,1.32,1.30,1.48
Cast,"5,3",1,4,1.24,1.35,1.29,1.60
Cast,1813,2,3,1.92,1.95,1.94,1.98
Cast,"14,154880",1,2,9.26,9.26,9.26,9.26
Cast,"12,154880",1,2,9.06,9.13,9.13,9.20
Cast,"10,154880",1,2,8.68,8.73,8.73,8.78
Cast,3621,2,2,2.28,2.45,2.45,2.62
Cast,"6,2",1,2,1.36,1.62,1.62,1.88
Cast,"5,2",1,2,1.50,1.54,1.54,1.58
Cast,"7,2",1,2,1.48,1.50,1.50,1.52
Cast,"7,1",1,2,1.36,1.39,1.39,1.42
Cast,"4,3",1,2,1.08,1.23,1.23,1.38
Cast,"4,2",1,1,1.56,1.56,1.56,1.56
CastAiCore,3,3,545,1.08,1.45,1.44,2.06
CastAiCore,9,2,235,1.10,1.35,1.28,3.06
CastAiCore,6,2,230,1.08,1.48,1.46,2.46
CastAiCore,"3,128",3,218,1.20,1.39,1.36,1.94
CastAiCore,"1,8",3,109,1.10,1.20,1.20,1.36
CastAiCore,27,1,95,1.20,1.47,1.46,2.02
CastAiCore,"9,128",2,94,1.28,1.44,1.42,1.86
CastAiCore,"6,128",2,92,1.22,1.40,1.38,1.96
CastAiCore,"2,8",2,46,1.12,1.81,1.59,4.56
CastAiCore,"27,128",1,38,1.68,1.81,1.80,2.08
CastAiCore,21,1,20,1.28,1.66,1.64,2.16
CastAiCore,"7,8",1,19,1.14,1.36,1.32,1.78
CastAiCore,15,1,10,1.12,1.31,1.29,1.56
CastAiCore,"21,128",1,8,1.56,1.61,1.61,1.70
CastAiCore,12,1,5,1.40,1.52,1.52,1.66
CastAiCore,"15,128",1,4,1.42,1.45,1.45,1.48
CastAiCore,"6,8",1,4,1.22,1.26,1.27,1.28
CastAiCore,"12,128",1,2,1.52,1.55,1.55,1.58
CastAiCore,"4,8",1,2,1.22,1.27,1.27,1.32
CastAiCore,"3,8",1,1,1.20,1.20,1.20,1.20
ClipByValueV2,1;;,7,131,4.54,5.15,5.16,5.74
ClipByValueV2,3;;,2,47,5.02,5.39,5.40,5.90
ClipByValueV2,2;;,2,46,4.94,5.47,5.45,6.22
ClipByValueV2,8;;,1,19,4.84,5.36,5.36,5.82
ClipByValueV2,5;;,3,5,5.10,5.34,5.38,5.64
ClipByValueV2,6;;,2,3,5.26,5.31,5.34,5.34
ClipByValueV2,7;;,1,2,5.18,5.24,5.24,5.30
ClipByValueV2,4;;,2,2,4.98,5.19,5.19,5.40
ConcatD,"256,64;256,512;256,128",6,2080,4.12,4.86,4.86,5.56
ConcatD,"3,6144;3,6144",3,218,2.62,2.90,2.88,3.26
ConcatD,"9,6144;9,6144",2,94,3.66,3.88,3.86,4.16
ConcatD,"6,6144;6,6144",2,92,2.96,3.21,3.18,3.74
ConcatD,"114,64;114,512;114,128",1,80,3.46,3.95,3.96,4.44
ConcatD,"256,6144;256,6144",6,72,8.88,9.86,9.91,13.32
ConcatD,"24,6144;24,6144",1,38,6.08,6.54,6.44,8.78
ConcatD,"114,6144;114,6144",2,4,9.40,10.08,9.51,11.90
ConcatD,"21,6144;21,6144",1,4,5.58,5.82,5.78,6.12
ConcatD,"18,6144;18,6144",1,4,5.24,5.39,5.30,5.70
ConcatD,"15,6144;15,6144",1,4,4.78,4.91,4.91,5.02
ConcatD,"12,6144;12,6144",1,2,4.32,4.39,4.39,4.46
Cumsum,8;1,6,76,42.02,68.29,65.89,103.10
DSARandomUniform,N/A,11,711,1.10,24.61,15.68,126.37
DispatchFFNCombine,"1,6144;8,6144,4096;8,2048,6144;1,8;32768;49152;1,8",3,8175,203.84,6146.83,271.32,47757621.69
DispatchFFNCombine,"3,6144;8,6144,4096;8,2048,6144;3,8;32768;49152;3,8",2,3600,254.01,309.39,301.24,19546.82
DispatchFFNCombine,"2,6144;8,6144,4096;8,2048,6144;2,8;32768;49152;2,8",2,3450,267.37,326.89,321.99,5663.87
DispatchFFNCombine,"256,6144;8,6144,4096;8,2048,6144;256,8;32768;49152;256,8",6,2700,1151.12,2900.35,2486.14,22540.99
DispatchFFNCombine,"7,6144;8,6144,4096;8,2048,6144;7,8;32768;49152;7,8",1,1425,254.27,293.44,294.51,418.28
DispatchFFNCombine,"6,6144;8,6144,4096;8,2048,6144;6,8;32768;49152;6,8",1,300,262.83,299.00,300.39,328.21
DispatchFFNCombine,"114,6144;8,6144,4096;8,2048,6144;114,8;32768;49152;114,8",2,150,1071.16,2830.65,2697.72,12966.86
DispatchFFNCombine,"4,6144;8,6144,4096;8,2048,6144;4,8;32768;49152;4,8",1,150,259.39,296.40,296.77,375.74
DynamicQuant,"3,6144",3,8394,5.04,16.33,15.98,438.82
DynamicQuant,"3,512",3,8394,3.38,10.50,7.05,337.11
DynamicQuant,"9,6144",2,3619,6.08,19.51,16.46,3297.96
DynamicQuant,"9,512",2,3619,5.16,6.42,6.04,25.60
DynamicQuant,"6,6144",2,3542,5.76,18.55,13.96,3636.93
DynamicQuant,"6,512",2,3542,4.28,5.14,4.76,23.06
DynamicQuant,"256,6144",6,2772,20.32,41.53,41.20,152.04
DynamicQuant,"256,2048",6,2772,11.28,20.73,20.42,26.96
DynamicQuant,"27,6144",1,1425,15.20,18.30,18.22,25.16
DynamicQuant,"27,512",1,1425,11.30,17.36,17.12,28.38
DynamicQuant,"3,3072",3,327,3.54,4.49,4.04,8.36
DynamicQuant,"21,6144",1,304,9.20,17.62,17.66,23.28
DynamicQuant,"21,512",1,304,9.34,13.74,13.72,21.88
DynamicQuant,"114,6144",2,154,17.56,21.57,20.84,27.60
DynamicQuant,"114,2048",2,154,11.84,19.30,19.58,23.36
DynamicQuant,"15,6144",1,154,7.50,17.10,17.17,23.70
DynamicQuant,"15,512",1,154,7.02,8.10,7.74,19.58
DynamicQuant,"9,3072",2,141,5.52,6.23,6.10,9.70
DynamicQuant,"6,3072",2,138,4.24,5.27,4.76,17.14
DynamicQuant,"4096,6144",6,108,78.14,87.80,87.43,110.20
DynamicQuant,"4096,768",6,108,33.14,35.49,35.27,40.88
DynamicQuant,"12,6144",1,77,5.80,7.15,6.92,14.18
DynamicQuant,"12,512",1,77,5.96,7.09,6.74,22.68
DynamicQuant,"2048,6144",6,72,49.00,51.99,51.91,54.70
DynamicQuant,"27,3072",1,57,8.96,11.50,11.16,15.74
DynamicQuant,"24,512",1,38,16.58,21.76,22.03,26.54
DynamicQuant,"24,6144",1,38,9.74,315.43,10.41,2906.56
DynamicQuant,"21,3072",1,12,8.84,9.42,9.29,10.44
DynamicQuant,"1824,6144",2,6,42.82,49.50,51.02,55.54
DynamicQuant,"1824,768",2,6,22.58,23.12,23.04,23.82
DynamicQuant,"15,3072",1,6,7.14,7.55,7.60,7.88
DynamicQuant,"18,6144",1,4,8.48,736.63,43.40,2851.25
DynamicQuant,"912,6144",2,4,34.40,36.19,35.86,38.64
DynamicQuant,"18,512",1,4,17.06,18.90,19.25,20.02
DynamicQuant,"12,3072",1,3,5.82,6.42,6.64,6.80
Equal,"3,1;",3,218,1.68,1.91,1.88,2.46
Equal,1;,3,109,1.72,1.99,1.96,2.32
Equal,"9,1;",2,94,1.74,1.94,1.93,2.30
Equal,"6,1;",2,92,1.72,1.93,1.92,2.26
Equal,"256,1;",6,72,1.68,1.98,1.96,2.50
Equal,3;,2,47,1.98,2.15,2.16,2.36
Equal,2;,2,46,1.82,2.08,2.06,2.52
Equal,"24,1;",1,38,1.72,1.94,1.89,2.30
Equal,8;,1,19,2.08,2.27,2.28,2.58
Equal,"21,1;",1,4,1.96,2.08,2.05,2.28
Equal,"114,1;",2,4,1.82,1.89,1.88,1.96
Equal,"18,1;",1,4,1.84,1.91,1.86,2.08
Equal,"15,1;",1,4,1.78,1.84,1.85,1.90
Equal,5;,1,2,2.14,2.15,2.15,2.16
Equal,6;,1,2,2.08,2.13,2.13,2.18
Equal,7;,1,2,2.00,2.08,2.08,2.16
Equal,"12,1;",1,2,1.68,1.80,1.80,1.92
Equal,4;,1,1,2.02,2.02,2.02,2.02
Fill,1;,11,3646,1.12,1.57,1.54,3.58
Fill,2;,9,1129,1.42,8.35,10.28,23.34
FloorDiv,1;,7,131,33.30,59.64,49.74,148.22
FloorDiv,3;,2,47,37.64,53.62,46.40,103.80
FloorDiv,2;,2,46,30.08,41.35,39.83,76.58
FloorDiv,8;,1,19,30.32,36.64,34.96,48.76
FloorDiv,5;,3,5,50.96,108.88,121.62,136.90
FloorDiv,6;,2,3,61.18,88.09,89.62,113.46
FloorDiv,4;,2,2,62.08,85.18,85.18,108.28
FloorDiv,7;,1,2,52.48,68.29,68.29,84.10
FloorMod,1;1,7,131,2.16,2.44,2.40,3.12
FloorMod,3;3,2,47,2.28,2.41,2.40,2.60
FloorMod,2;2,2,46,2.18,2.52,2.50,2.94
FloorMod,8;8,1,19,2.24,2.45,2.44,2.70
FloorMod,5;5,3,5,2.36,2.42,2.40,2.52
FloorMod,6;6,2,3,2.44,2.57,2.58,2.70
FloorMod,4;4,2,2,2.74,2.92,2.92,3.10
FloorMod,7;7,1,2,2.32,2.50,2.50,2.68
GatherElements,"9,1584;8,1",1,19,9.72,10.54,10.46,11.70
GatherElements,"7,1584;6,1",1,2,12.18,12.22,12.22,12.26
GatherElementsV2,"1,1584;1,1",7,131,3.10,3.49,3.46,4.40
GatherElementsV2,"1,3;1,1",3,109,3.82,4.32,4.30,5.08
GatherElementsV2,"3,3;3,1",2,47,4.24,4.64,4.66,5.02
GatherElementsV2,"3,1584;3,1",2,47,3.46,3.67,3.64,4.00
GatherElementsV2,"2,3;2,1",2,46,4.20,4.58,4.58,5.00
GatherElementsV2,"2,1584;2,1",2,46,3.32,3.64,3.62,3.98
GatherElementsV2,"1,1;1,1",4,22,4.08,4.32,4.30,4.74
GatherElementsV2,"8,3;8,1",1,19,5.42,5.61,5.58,6.20
GatherElementsV2,"5,1584;5,1",3,5,3.88,4.06,4.00,4.28
GatherElementsV2,"5,1;5,1",2,3,4.82,5.05,5.02,5.32
GatherElementsV2,"6,3;6,1",1,2,5.48,5.51,5.51,5.54
GatherElementsV2,"7,3;7,1",1,2,5.26,5.38,5.38,5.50
GatherElementsV2,"5,3;5,1",1,2,4.94,5.01,5.01,5.08
GatherElementsV2,"7,1584;7,1",1,2,4.48,4.49,4.49,4.50
GatherElementsV2,"4,1584;4,1",2,2,3.98,3.99,3.99,4.00
GatherElementsV2,"6,1;6,1",1,1,5.14,5.14,5.14,5.14
GatherElementsV2,"4,1;4,1",1,1,4.94,4.94,4.94,4.94
GatherElementsV2,"4,3;4,1",1,1,4.86,4.86,4.86,4.86
GatherElementsV2,"6,1584;6,1",1,1,4.60,4.60,4.60,4.60
GatherV2,"38720,6144;3;1",3,218,2.54,2.91,2.88,3.52
GatherV2,"9680,6144;4096;1",6,108,46.34,155.66,161.53,185.72
GatherV2,"38720,6144;9;1",2,94,3.34,3.74,3.72,4.08
GatherV2,"38720,6144;6;1",2,92,2.84,3.38,3.38,3.74
GatherV2,"38720,6144;24;1",1,38,5.64,5.93,5.91,6.26
GatherV2,"9680,6144;1824;1",2,6,55.84,79.31,83.91,87.92
GatherV2,"38720,6144;21;1",1,4,5.22,5.54,5.61,5.72
GatherV2,"38720,6144;18;1",1,4,4.92,5.07,5.01,5.34
GatherV2,"38720,6144;15;1",1,4,4.42,4.58,4.58,4.76
GatherV2,"38720,6144;12;1",1,2,3.96,3.96,3.96,3.96
GatherV2AiCore,"38720,6144;3;1",3,109,2.58,3.02,3.00,3.46
GatherV2AiCore,"38720,6144;9;1",2,47,3.48,3.79,3.72,5.44
GatherV2AiCore,"38720,6144;6;1",2,46,3.16,3.59,3.58,4.10
GatherV2AiCore,"38720,6144;27;1",1,19,6.42,6.68,6.66,7.50
GatherV2AiCore,"38720,6144;21;1",1,4,6.18,6.38,6.39,6.56
GatherV2AiCore,"38720,6144;15;1",1,2,4.64,4.99,4.99,5.34
GatherV2AiCore,"38720,6144;12;1",1,1,4.42,4.42,4.42,4.42
Greater,1;,3,109,2.92,3.44,3.46,3.84
Greater,3;,2,47,2.80,3.11,3.08,3.70
Greater,2;,2,46,2.94,3.14,3.11,3.50
Greater,8;,1,19,2.88,3.07,3.04,3.36
Greater,5;,1,2,3.16,3.18,3.18,3.20
Greater,7;,1,2,3.10,3.11,3.11,3.12
Greater,6;,1,2,3.04,3.08,3.08,3.12
Greater,4;,1,1,2.96,2.96,2.96,2.96
GreaterEqual,3;,4,421,2.60,3.13,3.10,3.76
GreaterEqual,1;,7,262,2.64,3.03,2.98,3.86
GreaterEqual,"1,154880;",7,240,6.98,10.32,9.09,63.00
GreaterEqual,6;,3,144,2.34,2.78,2.56,4.12
GreaterEqual,9;,2,141,2.32,2.72,2.56,4.00
GreaterEqual,4096;,6,108,3.66,4.32,4.23,6.56
GreaterEqual,"3,154880;",2,94,8.92,11.31,10.34,19.66
GreaterEqual,"2,154880;",2,92,7.60,10.79,9.58,41.74
GreaterEqual,2;,2,92,2.76,3.05,3.04,3.38
GreaterEqual,"8,154880;",1,38,8.86,12.18,11.38,23.30
GreaterEqual,8;,1,38,2.72,3.03,3.00,3.44
GreaterEqual,24;,1,38,2.26,2.49,2.48,2.76
GreaterEqual,27;,1,19,2.84,3.17,3.12,3.66
GreaterEqual,1365;,4,10,3.38,3.62,3.61,3.90
GreaterEqual,5;,3,10,2.84,3.03,2.96,3.34
GreaterEqual,21;,1,8,2.40,3.06,3.00,3.88
GreaterEqual,"5,154880;",3,7,7.80,10.57,10.92,13.40
GreaterEqual,1824;,2,6,3.14,3.68,3.77,3.94
GreaterEqual,15;,1,6,2.36,2.64,2.59,2.94
GreaterEqual,"6,154880;",2,5,11.10,11.54,11.56,11.96
GreaterEqual,"7,154880;",1,4,11.48,11.66,11.64,11.90
GreaterEqual,4;,2,4,3.04,3.25,3.25,3.44
GreaterEqual,7;,1,4,2.82,2.94,2.92,3.12
GreaterEqual,18;,1,4,2.46,2.60,2.60,2.74
GreaterEqual,"4,154880;",2,3,10.54,23.24,10.56,48.62
GreaterEqual,12;,1,3,2.38,2.83,2.70,3.42
GreaterEqual,608;,1,1,3.02,3.02,3.02,3.02
GroupedMatmul,"6656,2048;8,2048,6144;;8,6144;;;;8;6656",5,456,19.00,54.33,54.81,85.60
GroupedMatmul,"2135,2048;8,2048,6144;;8,6144;;;;8;2135",2,2,167.32,167.59,167.59,167.86
GroupedMatmul,"2201,2048;8,2048,6144;;8,6144;;;;8;2201",1,2,150.92,155.82,155.82,160.72
GroupedMatmul,"3440,2048;8,2048,6144;;8,6144;;;;8;3440",1,1,226.38,226.38,226.38,226.38
GroupedMatmul,"3524,2048;8,2048,6144;;8,6144;;;;8;3524",1,1,217.26,217.26,217.26,217.26
GroupedMatmul,"3255,2048;8,2048,6144;;8,6144;;;;8;3255",1,1,213.36,213.36,213.36,213.36
GroupedMatmul,"3640,2048;8,2048,6144;;8,6144;;;;8;3640",1,1,212.94,212.94,212.94,212.94
GroupedMatmul,"3552,2048;8,2048,6144;;8,6144;;;;8;3552",1,1,211.94,211.94,211.94,211.94
GroupedMatmul,"3247,2048;8,2048,6144;;8,6144;;;;8;3247",1,1,209.62,209.62,209.62,209.62
GroupedMatmul,"3607,2048;8,2048,6144;;8,6144;;;;8;3607",1,1,209.23,209.23,209.23,209.23
GroupedMatmul,"3586,2048;8,2048,6144;;8,6144;;;;8;3586",1,1,208.88,208.88,208.88,208.88
GroupedMatmul,"3553,2048;8,2048,6144;;8,6144;;;;8;3553",1,1,206.36,206.36,206.36,206.36
GroupedMatmul,"3148,2048;8,2048,6144;;8,6144;;;;8;3148",1,1,203.95,203.95,203.95,203.95
GroupedMatmul,"3126,2048;8,2048,6144;;8,6144;;;;8;3126",1,1,197.44,197.44,197.44,197.44
GroupedMatmul,"3192,2048;8,2048,6144;;8,6144;;;;8;3192",1,1,196.74,196.74,196.74,196.74
GroupedMatmul,"2621,2048;8,2048,6144;;8,6144;;;;8;2621",1,1,196.66,196.66,196.66,196.66
GroupedMatmul,"2508,2048;8,2048,6144;;8,6144;;;;8;2508",1,1,189.92,189.92,189.92,189.92
GroupedMatmul,"2312,2048;8,2048,6144;;8,6144;;;;8;2312",1,1,187.32,187.32,187.32,187.32
GroupedMatmul,"2124,2048;8,2048,6144;;8,6144;;;;8;2124",1,1,184.72,184.72,184.72,184.72
GroupedMatmul,"2412,2048;8,2048,6144;;8,6144;;;;8;2412",1,1,183.54,183.54,183.54,183.54
GroupedMatmul,"2299,2048;8,2048,6144;;8,6144;;;;8;2299",1,1,182.34,182.34,182.34,182.34
GroupedMatmul,"2409,2048;8,2048,6144;;8,6144;;;;8;2409",1,1,182.06,182.06,182.06,182.06
GroupedMatmul,"2238,2048;8,2048,6144;;8,6144;;;;8;2238",1,1,179.54,179.54,179.54,179.54
GroupedMatmul,"2379,2048;8,2048,6144;;8,6144;;;;8;2379",1,1,176.96,176.96,176.96,176.96
GroupedMatmul,"2468,2048;8,2048,6144;;8,6144;;;;8;2468",1,1,175.74,175.74,175.74,175.74
GroupedMatmul,"2144,2048;8,2048,6144;;8,6144;;;;8;2144",1,1,175.12,175.12,175.12,175.12
GroupedMatmul,"2272,2048;8,2048,6144;;8,6144;;;;8;2272",1,1,173.88,173.88,173.88,173.88
GroupedMatmul,"2461,2048;8,2048,6144;;8,6144;;;;8;2461",1,1,173.42,173.42,173.42,173.42
GroupedMatmul,"2020,2048;8,2048,6144;;8,6144;;;;8;2020",1,1,173.22,173.22,173.22,173.22
GroupedMatmul,"2160,2048;8,2048,6144;;8,6144;;;;8;2160",1,1,172.92,172.92,172.92,172.92
GroupedMatmul,"2136,2048;8,2048,6144;;8,6144;;;;8;2136",1,1,172.72,172.72,172.72,172.72
GroupedMatmul,"1910,2048;8,2048,6144;;8,6144;;;;8;1910",1,1,171.06,171.06,171.06,171.06
GroupedMatmul,"2565,2048;8,2048,6144;;8,6144;;;;8;2565",1,1,170.96,170.96,170.96,170.96
GroupedMatmul,"1860,2048;8,2048,6144;;8,6144;;;;8;1860",1,1,170.86,170.86,170.86,170.86
GroupedMatmul,"1977,2048;8,2048,6144;;8,6144;;;;8;1977",1,1,170.82,170.82,170.82,170.82
GroupedMatmul,"2302,2048;8,2048,6144;;8,6144;;;;8;2302",1,1,170.72,170.72,170.72,170.72
GroupedMatmul,"2256,2048;8,2048,6144;;8,6144;;;;8;2256",1,1,170.14,170.14,170.14,170.14
GroupedMatmul,"2200,2048;8,2048,6144;;8,6144;;;;8;2200",1,1,169.86,169.86,169.86,169.86
GroupedMatmul,"1764,2048;8,2048,6144;;8,6144;;;;8;1764",1,1,169.48,169.48,169.48,169.48
GroupedMatmul,"2125,2048;8,2048,6144;;8,6144;;;;8;2125",1,1,167.58,167.58,167.58,167.58
GroupedMatmul,"2214,2048;8,2048,6144;;8,6144;;;;8;2214",1,1,167.50,167.50,167.50,167.50
GroupedMatmul,"1868,2048;8,2048,6144;;8,6144;;;;8;1868",1,1,167.12,167.12,167.12,167.12
GroupedMatmul,"2145,2048;8,2048,6144;;8,6144;;;;8;2145",1,1,167.08,167.08,167.08,167.08
GroupedMatmul,"2153,2048;8,2048,6144;;8,6144;;;;8;2153",1,1,166.86,166.86,166.86,166.86
GroupedMatmul,"1888,2048;8,2048,6144;;8,6144;;;;8;1888",1,1,166.81,166.81,166.81,166.81
GroupedMatmul,"2123,2048;8,2048,6144;;8,6144;;;;8;2123",1,1,166.58,166.58,166.58,166.58
GroupedMatmul,"2006,2048;8,2048,6144;;8,6144;;;;8;2006",1,1,165.66,165.66,165.66,165.66
GroupedMatmul,"2117,2048;8,2048,6144;;8,6144;;;;8;2117",1,1,165.10,165.10,165.10,165.10
GroupedMatmul,"2161,2048;8,2048,6144;;8,6144;;;;8;2161",1,1,164.66,164.66,164.66,164.66
GroupedMatmul,"2215,2048;8,2048,6144;;8,6144;;;;8;2215",1,1,164.44,164.44,164.44,164.44
GroupedMatmul,"1858,2048;8,2048,6144;;8,6144;;;;8;1858",1,1,164.38,164.38,164.38,164.38
GroupedMatmul,"1866,2048;8,2048,6144;;8,6144;;;;8;1866",1,1,163.72,163.72,163.72,163.72
GroupedMatmul,"2182,2048;8,2048,6144;;8,6144;;;;8;2182",1,1,163.66,163.66,163.66,163.66
GroupedMatmul,"2022,2048;8,2048,6144;;8,6144;;;;8;2022",1,1,163.12,163.12,163.12,163.12
GroupedMatmul,"2016,2048;8,2048,6144;;8,6144;;;;8;2016",1,1,162.86,162.86,162.86,162.86
GroupedMatmul,"1806,2048;8,2048,6144;;8,6144;;;;8;1806",1,1,162.46,162.46,162.46,162.46
GroupedMatmul,"2091,2048;8,2048,6144;;8,6144;;;;8;2091",1,1,162.44,162.44,162.44,162.44
GroupedMatmul,"2095,2048;8,2048,6144;;8,6144;;;;8;2095",1,1,162.40,162.40,162.40,162.40
GroupedMatmul,"2097,2048;8,2048,6144;;8,6144;;;;8;2097",1,1,162.04,162.04,162.04,162.04
GroupedMatmul,"2084,2048;8,2048,6144;;8,6144;;;;8;2084",1,1,161.44,161.44,161.44,161.44
GroupedMatmul,"2142,2048;8,2048,6144;;8,6144;;;;8;2142",1,1,160.94,160.94,160.94,160.94
GroupedMatmul,"1714,2048;8,2048,6144;;8,6144;;;;8;1714",1,1,160.70,160.70,160.70,160.70
GroupedMatmul,"1730,2048;8,2048,6144;;8,6144;;;;8;1730",1,1,157.96,157.96,157.96,157.96
GroupedMatmul,"1785,2048;8,2048,6144;;8,6144;;;;8;1785",1,1,157.90,157.90,157.90,157.90
GroupedMatmul,"1905,2048;8,2048,6144;;8,6144;;;;8;1905",1,1,157.56,157.56,157.56,157.56
GroupedMatmul,"2074,2048;8,2048,6144;;8,6144;;;;8;2074",1,1,157.14,157.14,157.14,157.14
GroupedMatmul,"2069,2048;8,2048,6144;;8,6144;;;;8;2069",1,1,155.02,155.02,155.02,155.02
GroupedMatmul,"2230,2048;8,2048,6144;;8,6144;;;;8;2230",1,1,153.40,153.40,153.40,153.40
GroupedMatmul,"1712,2048;8,2048,6144;;8,6144;;;;8;1712",1,1,151.48,151.48,151.48,151.48
GroupedMatmul,"2174,2048;8,2048,6144;;8,6144;;;;8;2174",1,1,150.38,150.38,150.38,150.38
GroupedMatmul,"1584,2048;8,2048,6144;;8,6144;;;;8;1584",1,1,141.08,141.08,141.08,141.08
GroupedMatmul,"1876,2048;8,2048,6144;;8,6144;;;;8;1876",1,1,136.10,136.10,136.10,136.10
GroupedMatmul,"1904,2048;8,2048,6144;;8,6144;;;;8;1904",1,1,132.98,132.98,132.98,132.98
GroupedMatmul,"704,2048;8,2048,6144;;8,6144;;;;8;704",1,1,98.88,98.88,98.88,98.88
GroupedMatmul,"757,2048;8,2048,6144;;8,6144;;;;8;757",1,1,97.74,97.74,97.74,97.74
GroupedMatmulSwigluQuant,"6656,6144;8,128,384,16,32;8,4096;6656;8",5,456,42.92,120.35,123.95,188.08
GroupedMatmulSwigluQuant,"2201,6144;8,128,384,16,32;8,4096;2201;8",1,2,397.39,405.73,405.73,414.07
GroupedMatmulSwigluQuant,"2135,6144;8,128,384,16,32;8,4096;2135;8",2,2,363.11,393.26,393.26,423.41
GroupedMatmulSwigluQuant,"3440,6144;8,128,384,16,32;8,4096;3440;8",1,1,661.02,661.02,661.02,661.02
GroupedMatmulSwigluQuant,"3586,6144;8,128,384,16,32;8,4096;3586;8",1,1,573.95,573.95,573.95,573.95
GroupedMatmulSwigluQuant,"3255,6144;8,128,384,16,32;8,4096;3255;8",1,1,565.89,565.89,565.89,565.89
GroupedMatmulSwigluQuant,"3607,6144;8,128,384,16,32;8,4096;3607;8",1,1,552.19,552.19,552.19,552.19
GroupedMatmulSwigluQuant,"3640,6144;8,128,384,16,32;8,4096;3640;8",1,1,549.73,549.73,549.73,549.73
GroupedMatmulSwigluQuant,"3524,6144;8,128,384,16,32;8,4096;3524;8",1,1,536.21,536.21,536.21,536.21
GroupedMatmulSwigluQuant,"3192,6144;8,128,384,16,32;8,4096;3192;8",1,1,535.23,535.23,535.23,535.23
GroupedMatmulSwigluQuant,"3247,6144;8,128,384,16,32;8,4096;3247;8",1,1,531.51,531.51,531.51,531.51
GroupedMatmulSwigluQuant,"3552,6144;8,128,384,16,32;8,4096;3552;8",1,1,525.97,525.97,525.97,525.97
GroupedMatmulSwigluQuant,"3553,6144;8,128,384,16,32;8,4096;3553;8",1,1,522.95,522.95,522.95,522.95
GroupedMatmulSwigluQuant,"2565,6144;8,128,384,16,32;8,4096;2565;8",1,1,516.55,516.55,516.55,516.55
GroupedMatmulSwigluQuant,"2621,6144;8,128,384,16,32;8,4096;2621;8",1,1,512.29,512.29,512.29,512.29
GroupedMatmulSwigluQuant,"3126,6144;8,128,384,16,32;8,4096;3126;8",1,1,510.19,510.19,510.19,510.19
GroupedMatmulSwigluQuant,"2508,6144;8,128,384,16,32;8,4096;2508;8",1,1,484.75,484.75,484.75,484.75
GroupedMatmulSwigluQuant,"2238,6144;8,128,384,16,32;8,4096;2238;8",1,1,470.63,470.63,470.63,470.63
GroupedMatmulSwigluQuant,"2299,6144;8,128,384,16,32;8,4096;2299;8",1,1,468.67,468.67,468.67,468.67
GroupedMatmulSwigluQuant,"2409,6144;8,128,384,16,32;8,4096;2409;8",1,1,468.43,468.43,468.43,468.43
GroupedMatmulSwigluQuant,"2312,6144;8,128,384,16,32;8,4096;2312;8",1,1,464.61,464.61,464.61,464.61
GroupedMatmulSwigluQuant,"2379,6144;8,128,384,16,32;8,4096;2379;8",1,1,463.39,463.39,463.39,463.39
GroupedMatmulSwigluQuant,"3148,6144;8,128,384,16,32;8,4096;3148;8",1,1,462.25,462.25,462.25,462.25
GroupedMatmulSwigluQuant,"2215,6144;8,128,384,16,32;8,4096;2215;8",1,1,459.33,459.33,459.33,459.33
GroupedMatmulSwigluQuant,"2142,6144;8,128,384,16,32;8,4096;2142;8",1,1,456.53,456.53,456.53,456.53
GroupedMatmulSwigluQuant,"2256,6144;8,128,384,16,32;8,4096;2256;8",1,1,455.21,455.21,455.21,455.21
GroupedMatmulSwigluQuant,"2412,6144;8,128,384,16,32;8,4096;2412;8",1,1,452.29,452.29,452.29,452.29
GroupedMatmulSwigluQuant,"2144,6144;8,128,384,16,32;8,4096;2144;8",1,1,446.03,446.03,446.03,446.03
GroupedMatmulSwigluQuant,"2214,6144;8,128,384,16,32;8,4096;2214;8",1,1,445.11,445.11,445.11,445.11
GroupedMatmulSwigluQuant,"1977,6144;8,128,384,16,32;8,4096;1977;8",1,1,442.39,442.39,442.39,442.39
GroupedMatmulSwigluQuant,"2136,6144;8,128,384,16,32;8,4096;2136;8",1,1,440.61,440.61,440.61,440.61
GroupedMatmulSwigluQuant,"2468,6144;8,128,384,16,32;8,4096;2468;8",1,1,438.93,438.93,438.93,438.93
GroupedMatmulSwigluQuant,"2145,6144;8,128,384,16,32;8,4096;2145;8",1,1,436.63,436.63,436.63,436.63
GroupedMatmulSwigluQuant,"2160,6144;8,128,384,16,32;8,4096;2160;8",1,1,431.65,431.65,431.65,431.65
GroupedMatmulSwigluQuant,"2153,6144;8,128,384,16,32;8,4096;2153;8",1,1,428.35,428.35,428.35,428.35
GroupedMatmulSwigluQuant,"2302,6144;8,128,384,16,32;8,4096;2302;8",1,1,428.17,428.17,428.17,428.17
GroupedMatmulSwigluQuant,"2161,6144;8,128,384,16,32;8,4096;2161;8",1,1,427.25,427.25,427.25,427.25
GroupedMatmulSwigluQuant,"2200,6144;8,128,384,16,32;8,4096;2200;8",1,1,425.39,425.39,425.39,425.39
GroupedMatmulSwigluQuant,"2461,6144;8,128,384,16,32;8,4096;2461;8",1,1,422.41,422.41,422.41,422.41
GroupedMatmulSwigluQuant,"2125,6144;8,128,384,16,32;8,4096;2125;8",1,1,421.85,421.85,421.85,421.85
GroupedMatmulSwigluQuant,"1888,6144;8,128,384,16,32;8,4096;1888;8",1,1,416.89,416.89,416.89,416.89
GroupedMatmulSwigluQuant,"2174,6144;8,128,384,16,32;8,4096;2174;8",1,1,414.65,414.65,414.65,414.65
GroupedMatmulSwigluQuant,"2117,6144;8,128,384,16,32;8,4096;2117;8",1,1,414.39,414.39,414.39,414.39
GroupedMatmulSwigluQuant,"2016,6144;8,128,384,16,32;8,4096;2016;8",1,1,414.29,414.29,414.29,414.29
GroupedMatmulSwigluQuant,"2084,6144;8,128,384,16,32;8,4096;2084;8",1,1,413.71,413.71,413.71,413.71
GroupedMatmulSwigluQuant,"2123,6144;8,128,384,16,32;8,4096;2123;8",1,1,408.61,408.61,408.61,408.61
GroupedMatmulSwigluQuant,"1806,6144;8,128,384,16,32;8,4096;1806;8",1,1,405.33,405.33,405.33,405.33
GroupedMatmulSwigluQuant,"1905,6144;8,128,384,16,32;8,4096;1905;8",1,1,405.13,405.13,405.13,405.13
GroupedMatmulSwigluQuant,"1764,6144;8,128,384,16,32;8,4096;1764;8",1,1,404.85,404.85,404.85,404.85
GroupedMatmulSwigluQuant,"1860,6144;8,128,384,16,32;8,4096;1860;8",1,1,401.81,401.81,401.81,401.81
GroupedMatmulSwigluQuant,"1868,6144;8,128,384,16,32;8,4096;1868;8",1,1,401.01,401.01,401.01,401.01
GroupedMatmulSwigluQuant,"1858,6144;8,128,384,16,32;8,4096;1858;8",1,1,398.85,398.85,398.85,398.85
GroupedMatmulSwigluQuant,"2091,6144;8,128,384,16,32;8,4096;2091;8",1,1,397.89,397.89,397.89,397.89
GroupedMatmulSwigluQuant,"2022,6144;8,128,384,16,32;8,4096;2022;8",1,1,397.45,397.45,397.45,397.45
GroupedMatmulSwigluQuant,"2095,6144;8,128,384,16,32;8,4096;2095;8",1,1,397.39,397.39,397.39,397.39
GroupedMatmulSwigluQuant,"1730,6144;8,128,384,16,32;8,4096;1730;8",1,1,393.41,393.41,393.41,393.41
GroupedMatmulSwigluQuant,"2230,6144;8,128,384,16,32;8,4096;2230;8",1,1,389.19,389.19,389.19,389.19
GroupedMatmulSwigluQuant,"2272,6144;8,128,384,16,32;8,4096;2272;8",1,1,387.47,387.47,387.47,387.47
GroupedMatmulSwigluQuant,"2182,6144;8,128,384,16,32;8,4096;2182;8",1,1,385.65,385.65,385.65,385.65
GroupedMatmulSwigluQuant,"1910,6144;8,128,384,16,32;8,4096;1910;8",1,1,383.29,383.29,383.29,383.29
GroupedMatmulSwigluQuant,"1714,6144;8,128,384,16,32;8,4096;1714;8",1,1,382.27,382.27,382.27,382.27
GroupedMatmulSwigluQuant,"2124,6144;8,128,384,16,32;8,4096;2124;8",1,1,379.29,379.29,379.29,379.29
GroupedMatmulSwigluQuant,"2069,6144;8,128,384,16,32;8,4096;2069;8",1,1,374.75,374.75,374.75,374.75
GroupedMatmulSwigluQuant,"1712,6144;8,128,384,16,32;8,4096;1712;8",1,1,373.79,373.79,373.79,373.79
GroupedMatmulSwigluQuant,"1584,6144;8,128,384,16,32;8,4096;1584;8",1,1,367.85,367.85,367.85,367.85
GroupedMatmulSwigluQuant,"2020,6144;8,128,384,16,32;8,4096;2020;8",1,1,364.79,364.79,364.79,364.79
GroupedMatmulSwigluQuant,"2006,6144;8,128,384,16,32;8,4096;2006;8",1,1,363.69,363.69,363.69,363.69
GroupedMatmulSwigluQuant,"2097,6144;8,128,384,16,32;8,4096;2097;8",1,1,360.09,360.09,360.09,360.09
GroupedMatmulSwigluQuant,"1866,6144;8,128,384,16,32;8,4096;1866;8",1,1,347.89,347.89,347.89,347.89
GroupedMatmulSwigluQuant,"1904,6144;8,128,384,16,32;8,4096;1904;8",1,1,346.61,346.61,346.61,346.61
GroupedMatmulSwigluQuant,"2074,6144;8,128,384,16,32;8,4096;2074;8",1,1,339.87,339.87,339.87,339.87
GroupedMatmulSwigluQuant,"1785,6144;8,128,384,16,32;8,4096;1785;8",1,1,317.26,317.26,317.26,317.26
GroupedMatmulSwigluQuant,"1876,6144;8,128,384,16,32;8,4096;1876;8",1,1,300.70,300.70,300.70,300.70
GroupedMatmulSwigluQuant,"757,6144;8,128,384,16,32;8,4096;757;8",1,1,232.48,232.48,232.48,232.48
GroupedMatmulSwigluQuant,"704,6144;8,128,384,16,32;8,4096;704;8",1,1,225.24,225.24,225.24,225.24
HistogramV2,"256,8;;",6,72,18.38,20.00,19.73,25.82
HistogramV2,"114,8;;",2,4,18.24,19.60,19.74,20.68
Index,"202752,64;1;2;3",3,654,6.76,8.65,8.54,17.50
Index,340;1;1;3,3,327,6.72,9.13,9.20,17.50
Index,"3,6144;1;2;1",3,327,7.04,9.21,9.20,16.76
Index,"202752,64;1;2;9",2,282,6.66,8.78,8.66,17.88
Index,"202752,64;1;2;6",2,276,6.80,8.72,8.50,16.60
Index,"3,6144;1;2;3",3,218,9.26,10.03,9.80,17.64
Index,272;1;1;1,3,218,8.74,9.98,9.68,17.42
Index,"202752,64;1;2;4096",6,156,39.46,42.20,41.71,63.20
Index,2;1;1;2,4,156,6.76,8.41,8.28,16.22
Index,"9,6144;1;2;3",2,141,7.20,9.47,9.58,16.66
Index,340;1;1;9,2,141,6.26,9.01,9.10,16.56
Index,340;1;1;6,2,138,6.58,9.29,9.44,16.64
Index,"6,6144;1;2;2",2,138,7.10,8.98,9.02,16.40
Index,1;1;1;1,3,110,8.58,9.65,9.65,17.78
Index,"3,154880;1;2;2",3,109,15.16,15.69,15.44,22.26
Index,"3,154880;1;2;1",3,109,11.16,11.81,11.48,19.04
Index,3;1;1;2,3,109,9.60,10.17,10.16,17.54
Index,"9,6144;1;2;9",2,94,10.20,12.05,12.80,17.18
Index,272;1;1;3,2,94,8.84,9.40,9.44,10.02
Index,"6,6144;1;2;6",2,92,10.00,10.80,10.66,17.98
Index,272;1;1;2,2,92,8.70,9.14,9.16,9.84
Index,"4096,6144;1;2;1",4,84,7.24,9.40,9.53,14.56
Index,"202752,64;1;2;24",1,76,7.54,10.09,9.90,15.02
Index,"24,6144;1;2;8",1,57,9.42,10.64,10.32,16.98
Index,340;1;1;24,1,57,6.40,9.12,9.38,16.92
Index,6;1;1;6,2,49,5.62,8.18,8.22,9.36
Index,"9,154880;1;2;6",2,47,30.68,31.48,31.00,38.42
Index,"9,154880;1;2;3",2,47,18.74,19.43,19.22,26.50
Index,9;1;1;6,2,47,9.68,10.20,9.88,16.72
Index,3;1;1;3,2,47,7.84,8.76,8.76,13.04
Index,4;1;1;4,2,47,7.02,8.14,8.08,9.26
Index,"6,154880;1;2;4",2,46,22.12,22.57,22.43,28.58
Index,"6,154880;1;2;2",2,46,14.40,15.07,14.73,21.90
Index,6;1;1;4,2,46,9.16,9.67,9.46,16.60
Index,4096;1;1;1,4,44,8.30,9.35,9.54,10.16
Index,"27,6144;1;2;24",1,38,15.80,18.55,18.38,26.64
Index,"202752,64;1;2;27",1,38,8.22,11.38,10.71,17.64
Index,272;1;1;8,1,38,9.34,9.87,9.91,10.54
Index,"4096,6144;1;2;1365",4,30,32.86,56.92,64.53,69.94
Index,"24,154880;1;2;16",1,19,67.80,69.07,68.96,73.66
Index,"24,154880;1;2;8",1,19,37.58,38.32,38.46,38.94
Index,24;1;1;16,1,19,9.78,10.08,10.06,10.40
Index,8;1;1;8,1,19,5.88,9.52,9.24,15.98
Index,16;1;1;16,1,18,7.60,8.58,8.17,11.00
Index,"202752,64;1;2;21",1,16,6.96,9.85,10.00,13.00
Index,"4096,6144;1;2;5",2,12,7.54,9.48,9.82,10.20
Index,"202752,64;1;2;15",1,12,6.82,8.42,8.04,10.14
Index,4096;1;1;1365,4,10,12.86,13.53,13.33,14.82
Index,"202752,64;1;2;18",1,8,6.48,9.28,8.64,12.74
Index,"202752,64;1;2;1824",1,6,39.46,40.94,41.12,41.96
Index,"21,6144;1;2;7",1,6,9.72,10.17,9.98,11.44
Index,"18,6144;1;2;6",1,6,8.50,9.67,9.47,11.40
Index,"15,6144;1;2;5",1,6,8.30,10.11,9.26,15.82
Index,340;1;1;21,1,6,5.44,8.49,9.19,9.92
Index,340;1;1;15,1,6,6.58,8.73,9.15,9.82
Index,340;1;1;18,1,6,7.24,8.99,9.11,10.30
Index,"202752,64;1;2;12",1,6,5.98,8.57,8.82,11.28
Index,4096;1;1;5,2,6,8.24,10.02,8.77,16.26
Index,"21,6144;1;2;21",1,4,14.80,16.85,16.79,19.00
Index,"21,6144;1;2;18",1,4,14.04,15.38,15.40,16.66
Index,"15,6144;1;2;15",1,4,13.02,16.23,14.90,22.08
Index,"4096,6144;1;2;6",1,4,9.20,10.32,10.52,11.04
Index,"1824,6144;1;2;1",1,4,8.34,9.70,10.10,10.24
Index,272;1;1;6,1,4,9.44,9.94,9.97,10.36
Index,272;1;1;7,1,4,9.42,9.82,9.79,10.26
Index,272;1;1;5,1,4,9.44,9.76,9.60,10.38
Index,"4096,6144;1;2;4",1,4,8.82,9.32,9.37,9.72
Index,"1824,6144;1;2;608",1,3,27.68,32.43,34.70,34.92
Index,340;1;1;12,1,3,5.48,8.16,9.14,9.86
Index,"12,6144;1;2;4",1,3,7.86,8.73,9.12,9.20
Index,"21,154880;1;2;14",1,2,59.94,60.33,60.33,60.72
Index,"18,154880;1;2;12",1,2,53.42,53.71,53.71,54.00
Index,"15,154880;1;2;10",1,2,46.02,46.16,46.16,46.30
Index,"21,154880;1;2;7",1,2,34.02,34.26,34.26,34.50
Index,"18,154880;1;2;6",1,2,30.80,30.84,30.84,30.88
Index,"15,154880;1;2;5",1,2,26.72,26.91,26.91,27.10
Index,"12,6144;1;2;12",1,2,12.22,13.23,13.23,14.24
Index,4096;1;1;4,1,2,8.30,11.40,11.40,14.50
Index,21;1;1;14,1,2,10.28,10.28,10.28,10.28
Index,18;1;1;12,1,2,10.12,10.19,10.19,10.26
Index,15;1;1;10,1,2,9.88,10.11,10.11,10.34
Index,272;1;1;4,1,2,9.28,9.73,9.73,10.18
Index,4096;1;1;6,1,2,9.20,9.31,9.31,9.42
Index,7;1;1;7,1,2,8.74,8.90,8.90,9.06
Index,5;1;1;5,1,2,8.56,8.77,8.77,8.98
Index,14;1;1;14,1,2,6.12,7.80,7.80,9.48
Index,12;1;1;12,1,2,5.52,7.36,7.36,9.20
Index,10;1;1;10,1,2,6.14,6.73,6.73,7.32
Index,"12,154880;1;2;8",1,1,38.22,38.22,38.22,38.22
Index,"12,154880;1;2;4",1,1,23.20,23.20,23.20,23.20
Index,4096;1;1;608,1,1,11.96,11.96,11.96,11.96
Index,12;1;1;8,1,1,10.38,10.38,10.38,10.38
IndexFill,"1,3;;",3,109,21.04,23.96,23.82,27.90
IndexFill,"3,3;;",2,47,23.32,25.34,25.14,28.02
IndexFill,"2,3;;",2,46,20.10,22.59,22.56,25.48
IndexFill,"8,3;;",1,19,23.02,26.89,27.58,30.56
IndexFill,"1,1;1;",4,17,28.86,31.05,30.52,36.42
IndexFill,"1,1;;",4,5,27.84,30.24,31.34,32.00
IndexFill,"5,1;1;",2,3,28.38,29.88,30.30,30.96
IndexFill,"7,3;;",1,2,25.44,26.27,26.27,27.10
IndexFill,"6,3;;",1,2,24.72,25.57,25.57,26.42
IndexFill,"5,3;;",1,2,24.60,25.07,25.07,25.54
IndexFill,"6,1;1;",1,1,32.62,32.62,32.62,32.62
IndexFill,"4,3;;",1,1,28.88,28.88,28.88,28.88
IndexFill,"4,1;1;",1,1,28.08,28.08,28.08,28.08
IndexPutV2,272;1;1;1;1,3,109,8.34,9.19,9.06,14.82
IndexPutV2,272;3;1;1;3,2,47,8.88,9.15,9.06,9.74
IndexPutV2,272;2;1;1;2,2,46,9.40,9.62,9.60,10.12
IndexPutV2,4096;1;1;1;1,4,22,8.54,9.63,9.55,16.02
IndexPutV2,272;8;1;1;8,1,19,9.36,9.63,9.60,9.78
IndexPutV2,4096;5;1;1;5,2,3,9.02,9.30,9.14,9.74
IndexPutV2,272;7;1;1;7,1,2,9.48,9.53,9.53,9.58
IndexPutV2,272;5;1;1;5,1,2,9.44,9.50,9.50,9.56
IndexPutV2,272;6;1;1;6,1,2,9.40,9.50,9.50,9.60
IndexPutV2,272;4;1;1;4,1,1,9.58,9.58,9.58,9.58
IndexPutV2,4096;4;1;1;4,1,1,9.34,9.34,9.34,9.34
IndexPutV2,4096;6;1;1;6,1,1,8.44,8.44,8.44,8.44
InterleaveRope,"256,64,1,64;256,1,1,64;256,1,1,64",6,2080,21.40,23.51,23.38,27.92
InterleaveRope,"114,64,1,64;114,1,1,64;114,1,1,64",1,80,16.90,18.74,18.75,22.54
KvRmsNormRopeCache,"256,1,1,576;512;256,1,1,64;256,1,1,64;256;1678,128,1,64;1678,128,1,512;;;;;",3,1280,13.48,15.00,14.60,26.00
KvRmsNormRopeCache,"256,1,1,576;512;256,1,1,64;256,1,1,64;256;1681,128,1,64;1681,128,1,512;;;;;",2,640,13.36,14.92,14.66,27.82
KvRmsNormRopeCache,"256,1,1,576;512;256,1,1,64;256,1,1,64;256;1680,128,1,64;1680,128,1,512;;;;;",1,160,13.92,15.33,14.78,25.20
KvRmsNormRopeCache,"114,1,1,576;512;114,1,1,64;114,1,1,64;114;1680,128,1,64;1680,128,1,512;;;;;",1,80,12.02,13.41,12.73,21.70
LayerNormV3,"3,128;128;128",3,8611,4.24,5.33,5.14,10.54
LayerNormV3,"9,128;128;128",2,3713,6.02,7.42,7.40,15.04
LayerNormV3,"6,128;128;128",2,3634,5.22,6.43,6.40,13.14
LayerNormV3,"256,128;128;128",6,2080,16.46,21.32,21.18,28.20
LayerNormV3,"27,128;128;128",1,1463,12.54,14.77,14.62,16.86
LayerNormV3,"21,128;128;128",1,312,9.58,11.74,11.66,14.14
LayerNormV3,"15,128;128;128",1,158,7.54,9.35,9.79,11.40
LayerNormV3,"114,128;128;128",1,80,15.54,19.68,19.56,25.22
LayerNormV3,"12,128;128;128",1,79,6.82,8.38,8.58,9.84
LayerNormV3,"24,128;128;128",1,38,11.86,12.76,12.81,13.52
LayerNormV3,"18,128;128;128",1,4,8.86,9.22,9.11,9.82
LayerNormV3WithImplMode,"3,128;128;128",3,109,5.96,6.72,6.74,7.54
LayerNormV3WithImplMode,"9,128;128;128",2,47,7.42,8.14,8.10,9.60
LayerNormV3WithImplMode,"6,128;128;128",2,46,6.46,7.16,7.18,7.72
LayerNormV3WithImplMode,"27,128;128;128",1,19,13.42,14.26,14.24,15.04
LayerNormV3WithImplMode,"21,128;128;128",1,4,11.18,11.39,11.40,11.60
LayerNormV3WithImplMode,"15,128;128;128",1,2,8.66,8.90,8.90,9.14
LayerNormV3WithImplMode,"12,128;128;128",1,1,8.40,8.40,8.40,8.40
Less,3;,3,218,2.20,2.56,2.54,3.18
Less,"1,3;",3,109,2.52,2.74,2.72,3.12
Less,4096;,6,108,3.94,4.30,4.26,5.96
Less,9;,2,94,2.24,2.55,2.55,3.20
Less,6;,2,92,2.24,2.59,2.64,3.10
Less,"3,3;",2,47,2.70,2.89,2.90,3.14
Less,"2,3;",2,46,2.60,2.90,2.88,3.26
Less,24;,1,38,2.24,2.57,2.55,3.06
Less,"1,1;",4,22,3.16,3.32,3.31,3.72
Less,"8,3;",1,19,2.62,2.83,2.82,3.06
Less,1824;,2,6,3.28,3.46,3.43,3.76
Less,18;,1,4,2.34,2.56,2.59,2.74
Less,15;,1,4,2.26,2.62,2.58,3.06
Less,21;,1,4,2.30,2.54,2.52,2.82
Less,"5,1;",2,3,2.92,3.06,2.94,3.32
Less,"6,3;",1,2,2.86,3.03,3.03,3.20
Less,"7,3;",1,2,2.74,2.78,2.78,2.82
Less,"5,3;",1,2,2.68,2.71,2.71,2.74
Less,12;,1,2,2.34,2.53,2.53,2.72
Less,"4,1;",1,1,3.32,3.32,3.32,3.32
Less,"6,1;",1,1,2.82,2.82,2.82,2.82
Less,"4,3;",1,1,2.64,2.64,2.64,2.64
LessAiCore,3;,3,109,2.50,2.98,3.00,3.52
LessAiCore,9;,2,47,2.48,2.75,2.72,3.36
LessAiCore,6;,2,46,2.46,3.00,3.04,3.58
LessAiCore,27;,1,19,2.56,2.83,2.70,3.32
LessAiCore,21;,1,4,2.92,3.17,3.16,3.42
LessAiCore,15;,1,2,2.52,2.55,2.55,2.58
LessAiCore,12;,1,1,3.06,3.06,3.06,3.06
LightningIndexer,"3,32,128;1765,128,1,128;3,32;1;1;1,1584",3,8720,25.60,34.56,32.78,70.20
LightningIndexer,"9,32,128;1765,128,1,128;9,32;3;3;3,1584",2,3760,38.02,66.97,67.98,78.16
LightningIndexer,"6,32,128;1765,128,1,128;6,32;2;2;2,1584",2,3680,36.00,59.92,60.28,70.00
LightningIndexer,"27,32,128;1765,128,1,128;27,32;9;9;9,1584",1,1482,56.08,64.60,64.96,69.68
LightningIndexer,"256,32,128;1678,128,1,128;256,32;1;1;1,1584",2,1120,25.10,186.19,162.15,441.51
LightningIndexer,"256,32,128;1681,128,1,128;256,32;1;1;1,1584",1,400,26.26,246.01,257.23,445.93
LightningIndexer,"21,32,128;1765,128,1,128;21,32;7;7;7,1584",1,316,46.12,60.48,60.31,66.14
LightningIndexer,"256,32,128;1681,128,1,128;256,32;5;5;5,1584",1,160,27.52,104.04,103.05,136.04
LightningIndexer,"256,32,128;1680,128,1,128;256,32;1;1;1,1584",1,160,26.78,106.95,64.30,181.54
LightningIndexer,"15,32,128;1765,128,1,128;15,32;5;5;5,1584",1,160,44.14,59.33,59.61,64.24
LightningIndexer,"114,32,128;1680,128,1,128;114,32;1;1;1,1584",1,80,35.20,130.71,132.59,147.56
LightningIndexer,"256,32,128;1678,128,1,128;256,32;6;6;6,1584",1,80,33.66,121.43,122.26,137.08
LightningIndexer,"256,32,128;1678,128,1,128;256,32;5;5;5,1584",1,80,29.82,96.37,97.63,112.82
LightningIndexer,"256,32,128;1681,128,1,128;256,32;4;4;4,1584",1,80,26.04,94.49,96.09,106.50
LightningIndexer,"12,32,128;1765,128,1,128;12,32;4;4;4,1584",1,80,40.80,55.55,55.82,61.02
LightningIndexer,"24,32,128;1765,128,1,128;24,32;8;8;8,1584",1,38,48.48,58.93,58.88,70.10
LightningIndexer,"18,32,128;1765,128,1,128;18,32;6;6;6,1584",1,4,46.62,53.87,52.96,62.92
LinearIndex,2;1,4,156,1.64,1.87,1.82,3.26
LinearIndex,1;1,3,110,1.90,2.06,2.02,2.44
LinearIndex,6;1,2,49,1.68,1.82,1.76,3.20
LinearIndex,3;1,2,47,1.94,2.10,2.04,3.32
LinearIndex,4;1,2,47,1.64,1.82,1.78,2.88
LinearIndex,8;1,1,19,1.86,2.01,1.98,2.22
LinearIndex,16;1,1,18,1.68,1.81,1.79,2.08
LinearIndex,7;1,1,2,2.02,2.08,2.08,2.14
LinearIndex,10;1,1,2,1.82,2.00,2.00,2.18
LinearIndex,5;1,1,2,1.96,1.99,1.99,2.02
LinearIndex,12;1,1,2,1.72,1.77,1.77,1.82
LinearIndex,14;1,1,2,1.68,1.73,1.73,1.78
Log,"1,154880",7,240,5.36,8.89,8.16,51.82
Log,"3,154880",2,94,7.10,8.73,8.56,21.70
Log,"2,154880",2,92,5.50,9.38,7.62,52.62
Log,"8,154880",1,38,8.30,12.86,9.20,60.88
Log,"5,154880",3,7,8.88,9.40,9.30,10.08
Log,"6,154880",2,5,8.60,11.58,9.00,17.02
Log,"7,154880",1,4,8.78,10.58,8.93,15.68
Log,"4,154880",2,3,8.60,9.05,9.10,9.46
LogicalAnd,3;3,3,218,1.20,1.53,1.52,2.16
LogicalAnd,"1,3;1,3",3,109,1.42,1.64,1.62,2.12
LogicalAnd,4096;4096,6,108,1.48,1.87,1.84,3.10
LogicalAnd,9;9,2,94,1.22,1.52,1.54,1.86
LogicalAnd,6;6,2,92,1.26,1.52,1.54,1.88
LogicalAnd,"3,3;3,3",2,47,1.52,1.69,1.66,1.98
LogicalAnd,"2,3;2,3",2,46,1.54,1.70,1.66,2.04
LogicalAnd,24;24,1,38,1.24,1.56,1.50,2.36
LogicalAnd,"1,1;1,1",4,22,1.54,1.83,1.82,2.22
LogicalAnd,"8,3;8,3",1,19,1.58,1.75,1.74,1.98
LogicalAnd,1824;1824,2,6,1.56,1.83,1.83,2.02
LogicalAnd,18;18,1,4,1.42,1.71,1.69,2.04
LogicalAnd,21;21,1,4,1.28,1.58,1.57,1.90
LogicalAnd,15;15,1,4,1.28,1.52,1.44,1.92
LogicalAnd,"5,1;5,1",2,3,1.70,1.93,2.04,2.04
LogicalAnd,"7,3;7,3",1,2,1.66,1.79,1.79,1.92
LogicalAnd,"6,3;6,3",1,2,1.74,1.78,1.78,1.82
LogicalAnd,"5,3;5,3",1,2,1.60,1.65,1.65,1.70
LogicalAnd,12;12,1,2,1.28,1.39,1.39,1.50
LogicalAnd,"6,1;6,1",1,1,1.74,1.74,1.74,1.74
LogicalAnd,"4,1;4,1",1,1,1.66,1.66,1.66,1.66
LogicalAnd,"4,3;4,3",1,1,1.52,1.52,1.52,1.52
LogicalAndAiCore,3;3,3,109,1.46,1.76,1.74,2.24
LogicalAndAiCore,9;9,2,47,1.44,1.67,1.62,3.00
LogicalAndAiCore,6;6,2,46,1.46,1.77,1.75,2.10
LogicalAndAiCore,27;27,1,19,1.46,1.67,1.62,2.00
LogicalAndAiCore,21;21,1,4,1.64,1.69,1.66,1.80
LogicalAndAiCore,15;15,1,2,1.46,1.67,1.67,1.88
LogicalAndAiCore,12;12,1,1,2.14,2.14,2.14,2.14
LogicalNot,3,3,218,1.34,1.54,1.52,1.94
LogicalNot,4096,6,108,1.46,1.65,1.62,2.48
LogicalNot,9,2,94,1.38,1.49,1.48,1.68
LogicalNot,6,2,92,1.42,1.53,1.52,1.74
LogicalNot,24,1,38,1.40,1.53,1.50,1.78
LogicalNot,1824,2,6,1.46,1.65,1.57,1.98
LogicalNot,15,1,4,1.52,1.63,1.62,1.76
LogicalNot,21,1,4,1.40,1.57,1.57,1.74
LogicalNot,18,1,4,1.38,1.50,1.52,1.56
LogicalNot,12,1,2,1.40,1.64,1.64,1.88
LogicalNotAiCore,3,3,109,1.36,1.67,1.64,1.98
LogicalNotAiCore,9,2,47,1.38,1.54,1.48,2.14
LogicalNotAiCore,6,2,46,1.44,1.72,1.73,2.10
LogicalNotAiCore,27,1,19,1.40,1.56,1.48,1.80
LogicalNotAiCore,21,1,4,1.66,1.83,1.85,1.96
LogicalNotAiCore,15,1,2,1.40,1.51,1.51,1.62
LogicalNotAiCore,12,1,1,1.84,1.84,1.84,1.84
MaskedFill,1;1;,7,262,1.42,1.75,1.72,2.74
MaskedFill,"1,154880;1,154880;",7,240,8.54,13.34,12.53,33.84
MaskedFill,"3,6144;3,1;",3,218,13.74,16.27,15.70,25.50
MaskedFill,"4096,6144;4096,1;",6,108,140.80,170.19,168.97,244.26
MaskedFill,"9,6144;9,1;",2,94,14.38,15.85,15.57,22.72
MaskedFill,"3,154880;3,154880;",2,94,10.36,16.45,14.00,75.96
MaskedFill,3;3;,2,94,1.86,2.14,2.12,2.54
MaskedFill,"6,6144;6,1;",2,92,14.38,16.37,16.13,25.06
MaskedFill,"2,154880;2,154880;",2,92,10.06,15.94,14.77,53.30
MaskedFill,2;2;,2,92,1.94,2.20,2.16,2.68
MaskedFill,"8,154880;8,154880;",1,38,17.42,23.89,20.02,71.76
MaskedFill,"24,6144;24,1;",1,38,14.76,16.95,17.04,18.52
MaskedFill,8;8;,1,38,1.84,2.30,2.30,2.80
MaskedFill,5;5;,3,10,2.02,2.44,2.47,2.88
MaskedFill,"5,154880;5,154880;",3,7,17.30,19.55,17.98,22.98
MaskedFill,"1824,6144;1824,1;",2,6,70.66,79.39,82.00,87.28
MaskedFill,6;6;,2,6,1.96,2.25,2.17,2.82
MaskedFill,"6,154880;6,154880;",2,5,17.06,18.45,18.08,21.40
MaskedFill,"7,154880;7,154880;",1,4,17.92,18.00,17.96,18.16
MaskedFill,"21,6144;21,1;",1,4,13.12,14.58,14.57,16.04
MaskedFill,"15,6144;15,1;",1,4,13.90,14.43,14.28,15.24
MaskedFill,"18,6144;18,1;",1,4,11.28,12.57,12.94,13.12
MaskedFill,4;4;,2,4,2.26,2.90,2.92,3.50
MaskedFill,7;7;,1,4,2.06,2.30,2.29,2.56
MaskedFill,"4,154880;4,154880;",2,3,17.00,17.15,17.20,17.26
MaskedFill,"12,6144;12,1;",1,2,14.90,15.44,15.44,15.98
MaskedFillAiCore,"3,6144;3,1;",3,109,14.06,15.26,14.80,16.88
MaskedFillAiCore,"9,6144;9,1;",2,47,14.24,14.88,14.84,15.50
MaskedFillAiCore,"6,6144;6,1;",2,46,14.18,14.54,14.54,15.26
MaskedFillAiCore,"27,6144;27,1;",1,19,9.58,10.18,10.12,10.84
MaskedFillAiCore,"21,6144;21,1;",1,4,12.74,13.03,12.92,13.54
MaskedFillAiCore,"15,6144;15,1;",1,2,15.12,15.22,15.22,15.32
MaskedFillAiCore,"12,6144;12,1;",1,1,16.10,16.10,16.10,16.10
MatMulCommon,"3,6144;128,6144",3,109,15.22,15.65,15.62,16.24
MatMulCommon,"3,6144;32,6144",3,109,12.66,12.95,12.88,13.46
MatMulCommon,"3,6144;256,6144",3,109,9.22,10.21,10.18,11.24
MatMulCommon,"9,6144;128,6144",2,47,15.14,15.65,15.64,16.28
MatMulCommon,"9,6144;32,6144",2,47,13.24,13.44,13.42,13.64
MatMulCommon,"9,6144;256,6144",2,47,8.96,9.51,9.52,10.08
MatMulCommon,"6,6144;128,6144",2,46,15.16,15.62,15.59,16.26
MatMulCommon,"6,6144;32,6144",2,46,12.86,13.13,13.13,13.52
MatMulCommon,"6,6144;256,6144",2,46,8.96,9.35,9.27,10.42
MatMulCommon,"27,6144;128,6144",1,19,16.26,16.69,16.72,17.08
MatMulCommon,"27,6144;32,6144",1,19,13.20,13.56,13.54,14.02
MatMulCommon,"27,6144;256,6144",1,19,9.90,10.49,10.48,11.44
MatMulCommon,"21,6144;128,6144",1,4,16.44,16.78,16.81,17.06
MatMulCommon,"21,6144;32,6144",1,4,13.28,13.38,13.35,13.54
MatMulCommon,"21,6144;256,6144",1,4,9.74,10.12,10.21,10.32
MatMulCommon,"15,6144;128,6144",1,2,15.44,15.67,15.67,15.90
MatMulCommon,"15,6144;32,6144",1,2,13.22,13.24,13.24,13.26
MatMulCommon,"15,6144;256,6144",1,2,9.32,9.41,9.41,9.50
MatMulCommon,"12,6144;128,6144",1,1,15.54,15.54,15.54,15.54
MatMulCommon,"12,6144;32,6144",1,1,13.52,13.52,13.52,13.52
MatMulCommon,"12,6144;256,6144",1,1,9.68,9.68,9.68,9.68
MatMulV2,"3,6144;128,6144",3,8611,13.42,14.45,14.32,28.86
MatMulV2,"3,6144;32,6144",3,8611,11.50,12.71,12.66,25.62
MatMulV2,"3,6144;256,6144",3,8285,8.16,10.23,10.42,11.92
MatMulV2,"9,6144;128,6144",2,3713,13.24,14.59,14.48,25.52
MatMulV2,"9,6144;32,6144",2,3713,11.76,13.18,13.18,23.52
MatMulV2,"6,6144;128,6144",2,3634,13.50,14.59,14.46,28.32
MatMulV2,"6,6144;32,6144",2,3634,11.70,12.90,12.86,27.18
MatMulV2,"9,6144;256,6144",2,3572,8.36,10.07,10.22,11.92
MatMulV2,"6,6144;256,6144",2,3496,8.44,10.03,10.18,11.72
MatMulV2,"256,6144;256,6144",6,2772,15.06,21.00,19.70,32.12
MatMulV2,"256,6144;128,6144",6,2080,11.44,14.56,14.60,15.84
MatMulV2,"256,6144;32,6144",6,2080,9.56,12.61,12.71,20.56
MatMulV2,"27,6144;128,6144",1,1463,14.94,16.51,16.60,22.38
MatMulV2,"27,6144;32,6144",1,1463,12.98,13.35,13.32,16.16
MatMulV2,"27,6144;256,6144",1,1406,9.46,11.49,11.72,13.46
MatMulV2,"21,6144;128,6144",1,312,14.98,16.49,16.58,20.64
MatMulV2,"21,6144;32,6144",1,312,12.92,13.36,13.31,20.76
MatMulV2,"21,6144;256,6144",1,300,9.52,11.24,11.45,12.92
MatMulV2,"1,6144;38720,6144",3,218,387.92,397.50,398.53,426.28
MatMulV2,"3,12288;6144,12288",3,218,124.62,161.81,165.48,201.37
MatMulV2,"3,6144;6144,6144",3,218,62.18,67.84,66.16,77.34
MatMulV2,"3,6144;38720,6144",4,203,391.53,410.97,401.14,487.34
MatMulV2,"15,6144;128,6144",1,158,13.62,14.49,14.42,20.80
MatMulV2,"15,6144;32,6144",1,158,12.38,13.13,13.10,17.96
MatMulV2,"114,6144;256,6144",2,154,13.28,18.82,17.78,23.14
MatMulV2,"15,6144;256,6144",1,152,8.72,10.31,10.52,11.92
MatMulV2,"9,12288;6144,12288",2,94,127.78,175.79,180.03,246.13
MatMulV2,"9,6144;6144,6144",2,94,62.30,84.76,87.10,112.38
MatMulV2,"2,6144;38720,6144",2,92,397.07,412.70,417.80,461.94
MatMulV2,"6,12288;6144,12288",2,92,127.24,173.34,176.26,219.29
MatMulV2,"6,6144;6144,6144",2,92,62.14,74.38,77.52,89.20
MatMulV2,"114,6144;128,6144",1,80,20.94,26.17,26.22,27.82
MatMulV2,"114,6144;32,6144",1,80,13.36,13.90,13.88,14.80
MatMulV2,"12,6144;128,6144",1,79,13.72,14.68,14.62,18.70
MatMulV2,"12,6144;32,6144",1,79,12.56,13.15,13.16,13.94
MatMulV2,"12,6144;256,6144",1,76,8.42,10.25,10.46,11.74
MatMulV2,"256,12288;6144,12288",6,72,259.20,272.49,271.34,287.58
MatMulV2,"256,6144;6144,6144",6,72,112.08,123.66,122.02,140.90
MatMulV2,"1,6144;9680,6144",4,66,134.92,178.50,176.87,220.64
MatMulV2,"6,6144;38720,6144",2,50,409.95,416.38,413.78,463.40
MatMulV2,"9,6144;38720,6144",2,47,425.76,433.06,431.32,474.82
MatMulV2,"8,6144;38720,6144",1,38,423.46,452.56,452.54,484.20
MatMulV2,"24,12288;6144,12288",1,38,128.78,173.54,173.59,218.43
MatMulV2,"24,6144;6144,6144",1,38,64.56,103.27,103.68,141.96
MatMulV2,"24,6144;128,6144",1,38,14.48,15.95,15.83,17.46
MatMulV2,"24,6144;32,6144",1,38,13.32,13.75,13.73,14.16
MatMulV2,"24,6144;256,6144",1,38,10.06,10.71,10.68,11.44
MatMulV2,"24,6144;38720,6144",1,19,460.90,467.25,466.46,472.58
MatMulV2,"5,6144;9680,6144",2,9,149.78,181.48,173.78,213.68
MatMulV2,"5,6144;38720,6144",1,4,432.92,461.24,458.71,494.62
MatMulV2,"7,6144;38720,6144",1,4,420.26,444.57,444.54,468.94
MatMulV2,"114,12288;6144,12288",2,4,174.13,191.72,188.77,215.20
MatMulV2,"15,12288;6144,12288",1,4,133.30,184.43,183.15,238.13
MatMulV2,"18,12288;6144,12288",1,4,133.93,175.86,175.50,218.53
MatMulV2,"21,12288;6144,12288",1,4,129.24,174.49,174.37,219.99
MatMulV2,"114,6144;6144,6144",2,4,94.10,102.58,104.57,107.06
MatMulV2,"21,6144;6144,6144",1,4,65.86,102.70,102.72,139.50
MatMulV2,"18,6144;6144,6144",1,4,66.58,101.28,100.78,136.96
MatMulV2,"15,6144;6144,6144",1,4,64.26,100.29,99.59,137.73
MatMulV2,"18,6144;128,6144",1,4,15.14,16.27,16.31,17.30
MatMulV2,"18,6144;32,6144",1,4,13.32,13.46,13.45,13.60
MatMulV2,"18,6144;256,6144",1,4,10.58,10.62,10.60,10.72
MatMulV2,"6,6144;9680,6144",1,3,161.34,183.70,180.06,209.71
MatMulV2,"4,6144;9680,6144",1,3,166.64,181.59,175.40,202.72
MatMulV2,"21,6144;38720,6144",1,2,487.26,488.57,488.57,489.88
MatMulV2,"15,6144;38720,6144",1,2,457.62,480.51,480.51,503.40
MatMulV2,"18,6144;38720,6144",1,2,478.76,480.39,480.39,482.02
MatMulV2,"4,6144;38720,6144",1,2,413.48,427.11,427.11,440.74
MatMulV2,"608,6144;9680,6144",1,2,313.61,318.34,318.34,323.08
MatMulV2,"12,12288;6144,12288",1,2,132.01,176.28,176.28,220.55
MatMulV2,"12,6144;6144,6144",1,2,62.78,92.46,92.46,122.15
MatMulV2,"12,6144;38720,6144",1,1,447.46,447.46,447.46,447.46
MatMulV3,"1365,6144;9680,6144",4,20,623.11,656.26,662.94,682.76
MemSet,N/A,11,34506,5.34,10.39,12.02,23.70
MoeDistributeCombineV2,"6656,6144;1,8;851968;256;1,8;1;;;;;6656;;;;;;;",3,218,26.76,92.77,86.64,186.84
MoeDistributeCombineV2,"6656,6144;3,8;851968;256;3,8;1;;;;;6656;;;;;;;",2,96,29.32,86.84,87.18,145.80
MoeDistributeCombineV2,"6656,6144;2,8;851968;256;2,8;1;;;;;6656;;;;;;;",2,92,28.12,88.88,84.44,180.34
MoeDistributeCombineV2,"6656,6144;6,8;851968;256;6,8;1;;;;;6656;;;;;;;",1,42,31.34,74.86,71.50,133.05
MoeDistributeCombineV2,"6656,6144;4,8;851968;256;4,8;1;;;;;6656;;;;;;;",1,4,73.70,80.84,80.11,89.44
MoeDistributeCombineV2,"6656,6144;5,8;851968;256;5,8;1;;;;;6656;;;;;;;",1,4,44.70,70.52,67.97,101.44
MoeDistributeDispatchV2,"1,6144;1,8;;;;;",3,218,45.28,195.33,68.65,3644.19
MoeDistributeDispatchV2,"3,6144;3,8;;;;;",2,96,47.88,550.16,64.18,6076.68
MoeDistributeDispatchV2,"2,6144;2,8;;;;;",2,92,51.82,673.16,164.28,5345.89
MoeDistributeDispatchV2,"6,6144;6,8;;;;;",1,42,47.44,1331.41,59.61,2910.90
MoeDistributeDispatchV2,"4,6144;4,8;;;;;",1,4,54.30,1514.51,1505.10,2993.52
MoeDistributeDispatchV2,"5,6144;5,8;;;;;",1,4,57.38,1446.44,1444.49,2839.39
MoeGatingTopK,"1,256;256",3,8394,3.38,4.04,3.86,7.20
MoeGatingTopK,"3,256;256",2,3696,4.12,5.04,4.94,9.80
MoeGatingTopK,"2,256;256",2,3542,3.76,4.63,4.48,11.52
MoeGatingTopK,"256,256;256",6,2772,19.66,24.17,23.76,32.04
MoeGatingTopK,"7,256;256",1,1425,5.78,7.24,7.22,10.48
MoeGatingTopK,"6,256;256",1,342,5.38,6.38,6.18,9.62
MoeGatingTopK,"114,256;256",2,154,17.28,20.94,20.23,28.56
MoeGatingTopK,"4,256;256",1,154,4.64,5.79,5.81,7.24
MoeGatingTopK,"5,256;256",1,4,5.88,6.11,6.15,6.26
MoeTokenPermute,"256,6144;256,8",6,72,27.58,31.97,32.17,37.60
MoeTokenPermute,"114,6144;114,8",2,4,26.30,28.66,29.23,29.88
MoeTokenPermute,"2135,6144;2135",2,2,33.38,36.82,36.82,40.26
MoeTokenPermute,"2201,6144;2201",1,2,31.18,33.72,33.72,36.26
MoeTokenPermute,"2201,1;2201",1,2,29.28,31.11,31.11,32.94
MoeTokenPermute,"2135,1;2135",2,2,28.32,29.36,29.36,30.40
MoeTokenPermute,"3126,6144;3126",1,1,47.54,47.54,47.54,47.54
MoeTokenPermute,"3586,6144;3586",1,1,43.34,43.34,43.34,43.34
MoeTokenPermute,"2097,6144;2097",1,1,43.32,43.32,43.32,43.32
MoeTokenPermute,"3552,6144;3552",1,1,43.24,43.24,43.24,43.24
MoeTokenPermute,"3440,6144;3440",1,1,42.94,42.94,42.94,42.94
MoeTokenPermute,"3148,6144;3148",1,1,42.78,42.78,42.78,42.78
MoeTokenPermute,"3148,1;3148",1,1,42.16,42.16,42.16,42.16
MoeTokenPermute,"3553,6144;3553",1,1,41.98,41.98,41.98,41.98
MoeTokenPermute,"3255,6144;3255",1,1,41.92,41.92,41.92,41.92
MoeTokenPermute,"3247,6144;3247",1,1,41.22,41.22,41.22,41.22
MoeTokenPermute,"2136,6144;2136",1,1,41.14,41.14,41.14,41.14
MoeTokenPermute,"3524,6144;3524",1,1,40.92,40.92,40.92,40.92
MoeTokenPermute,"3440,1;3440",1,1,40.46,40.46,40.46,40.46
MoeTokenPermute,"3255,1;3255",1,1,40.42,40.42,40.42,40.42
MoeTokenPermute,"2379,6144;2379",1,1,40.42,40.42,40.42,40.42
MoeTokenPermute,"2214,6144;2214",1,1,40.06,40.06,40.06,40.06
MoeTokenPermute,"2621,6144;2621",1,1,39.88,39.88,39.88,39.88
MoeTokenPermute,"2508,6144;2508",1,1,39.86,39.86,39.86,39.86
MoeTokenPermute,"3553,1;3553",1,1,39.72,39.72,39.72,39.72
MoeTokenPermute,"3192,6144;3192",1,1,39.28,39.28,39.28,39.28
MoeTokenPermute,"2256,6144;2256",1,1,39.12,39.12,39.12,39.12
MoeTokenPermute,"2238,6144;2238",1,1,39.00,39.00,39.00,39.00
MoeTokenPermute,"3607,6144;3607",1,1,38.94,38.94,38.94,38.94
MoeTokenPermute,"2144,6144;2144",1,1,38.80,38.80,38.80,38.80
MoeTokenPermute,"1712,6144;1712",1,1,38.70,38.70,38.70,38.70
MoeTokenPermute,"3640,6144;3640",1,1,38.70,38.70,38.70,38.70
MoeTokenPermute,"2160,6144;2160",1,1,38.68,38.68,38.68,38.68
MoeTokenPermute,"1785,6144;1785",1,1,38.36,38.36,38.36,38.36
MoeTokenPermute,"3607,1;3607",1,1,38.16,38.16,38.16,38.16
MoeTokenPermute,"1910,6144;1910",1,1,38.08,38.08,38.08,38.08
MoeTokenPermute,"2174,6144;2174",1,1,37.92,37.92,37.92,37.92
MoeTokenPermute,"2117,6144;2117",1,1,37.72,37.72,37.72,37.72
MoeTokenPermute,"3552,1;3552",1,1,37.70,37.70,37.70,37.70
MoeTokenPermute,"3586,1;3586",1,1,37.48,37.48,37.48,37.48
MoeTokenPermute,"3126,1;3126",1,1,37.48,37.48,37.48,37.48
MoeTokenPermute,"1876,6144;1876",1,1,37.46,37.46,37.46,37.46
MoeTokenPermute,"2299,6144;2299",1,1,37.34,37.34,37.34,37.34
MoeTokenPermute,"1730,6144;1730",1,1,37.12,37.12,37.12,37.12
MoeTokenPermute,"1905,6144;1905",1,1,37.00,37.00,37.00,37.00
MoeTokenPermute,"2230,6144;2230",1,1,36.92,36.92,36.92,36.92
MoeTokenPermute,"2069,1;2069",1,1,36.88,36.88,36.88,36.88
MoeTokenPermute,"2084,6144;2084",1,1,36.74,36.74,36.74,36.74
MoeTokenPermute,"2461,6144;2461",1,1,36.52,36.52,36.52,36.52
MoeTokenPermute,"2095,6144;2095",1,1,36.50,36.50,36.50,36.50
MoeTokenPermute,"1714,6144;1714",1,1,36.46,36.46,36.46,36.46
MoeTokenPermute,"2272,6144;2272",1,1,36.32,36.32,36.32,36.32
MoeTokenPermute,"2200,6144;2200",1,1,36.26,36.26,36.26,36.26
MoeTokenPermute,"2161,6144;2161",1,1,36.26,36.26,36.26,36.26
MoeTokenPermute,"1764,6144;1764",1,1,36.26,36.26,36.26,36.26
MoeTokenPermute,"2256,1;2256",1,1,36.18,36.18,36.18,36.18
MoeTokenPermute,"2124,6144;2124",1,1,36.08,36.08,36.08,36.08
MoeTokenPermute,"1806,6144;1806",1,1,36.00,36.00,36.00,36.00
MoeTokenPermute,"1858,6144;1858",1,1,35.96,35.96,35.96,35.96
MoeTokenPermute,"1904,6144;1904",1,1,35.72,35.72,35.72,35.72
MoeTokenPermute,"2016,6144;2016",1,1,35.46,35.46,35.46,35.46
MoeTokenPermute,"1868,6144;1868",1,1,35.08,35.08,35.08,35.08
MoeTokenPermute,"2091,6144;2091",1,1,34.92,34.92,34.92,34.92
MoeTokenPermute,"3247,1;3247",1,1,34.84,34.84,34.84,34.84
MoeTokenPermute,"2468,6144;2468",1,1,34.82,34.82,34.82,34.82
MoeTokenPermute,"2409,6144;2409",1,1,34.78,34.78,34.78,34.78
MoeTokenPermute,"2006,6144;2006",1,1,34.62,34.62,34.62,34.62
MoeTokenPermute,"2020,6144;2020",1,1,34.56,34.56,34.56,34.56
MoeTokenPermute,"2142,6144;2142",1,1,34.48,34.48,34.48,34.48
MoeTokenPermute,"2022,6144;2022",1,1,34.36,34.36,34.36,34.36
MoeTokenPermute,"2069,6144;2069",1,1,34.24,34.24,34.24,34.24
MoeTokenPermute,"2153,6144;2153",1,1,34.24,34.24,34.24,34.24
MoeTokenPermute,"2312,6144;2312",1,1,34.22,34.22,34.22,34.22
MoeTokenPermute,"1866,6144;1866",1,1,34.20,34.20,34.20,34.20
MoeTokenPermute,"1888,6144;1888",1,1,34.12,34.12,34.12,34.12
MoeTokenPermute,"1584,6144;1584",1,1,34.08,34.08,34.08,34.08
MoeTokenPermute,"1860,6144;1860",1,1,34.06,34.06,34.06,34.06
MoeTokenPermute,"1876,1;1876",1,1,34.04,34.04,34.04,34.04
MoeTokenPermute,"2302,6144;2302",1,1,33.98,33.98,33.98,33.98
MoeTokenPermute,"2123,6144;2123",1,1,33.94,33.94,33.94,33.94
MoeTokenPermute,"2565,6144;2565",1,1,33.94,33.94,33.94,33.94
MoeTokenPermute,"3524,1;3524",1,1,33.92,33.92,33.92,33.92
MoeTokenPermute,"2412,6144;2412",1,1,33.72,33.72,33.72,33.72
MoeTokenPermute,"1904,1;1904",1,1,33.68,33.68,33.68,33.68
MoeTokenPermute,"2621,1;2621",1,1,33.66,33.66,33.66,33.66
MoeTokenPermute,"2097,1;2097",1,1,33.64,33.64,33.64,33.64
MoeTokenPermute,"2215,6144;2215",1,1,33.64,33.64,33.64,33.64
MoeTokenPermute,"2214,1;2214",1,1,33.62,33.62,33.62,33.62
MoeTokenPermute,"1977,6144;1977",1,1,33.54,33.54,33.54,33.54
MoeTokenPermute,"2379,1;2379",1,1,33.40,33.40,33.40,33.40
MoeTokenPermute,"2125,6144;2125",1,1,33.38,33.38,33.38,33.38
MoeTokenPermute,"2200,1;2200",1,1,33.36,33.36,33.36,33.36
MoeTokenPermute,"2299,1;2299",1,1,33.14,33.14,33.14,33.14
MoeTokenPermute,"2565,1;2565",1,1,33.04,33.04,33.04,33.04
MoeTokenPermute,"2238,1;2238",1,1,32.96,32.96,32.96,32.96
MoeTokenPermute,"2182,6144;2182",1,1,32.70,32.70,32.70,32.70
MoeTokenPermute,"2022,1;2022",1,1,32.66,32.66,32.66,32.66
MoeTokenPermute,"3640,1;3640",1,1,32.66,32.66,32.66,32.66
MoeTokenPermute,"2074,6144;2074",1,1,32.54,32.54,32.54,32.54
MoeTokenPermute,"2153,1;2153",1,1,32.46,32.46,32.46,32.46
MoeTokenPermute,"2123,1;2123",1,1,32.44,32.44,32.44,32.44
MoeTokenPermute,"2230,1;2230",1,1,32.18,32.18,32.18,32.18
MoeTokenPermute,"3192,1;3192",1,1,32.18,32.18,32.18,32.18
MoeTokenPermute,"2145,6144;2145",1,1,32.18,32.18,32.18,32.18
MoeTokenPermute,"2174,1;2174",1,1,32.02,32.02,32.02,32.02
MoeTokenPermute,"2160,1;2160",1,1,31.88,31.88,31.88,31.88
MoeTokenPermute,"2144,1;2144",1,1,31.62,31.62,31.62,31.62
MoeTokenPermute,"1905,1;1905",1,1,31.42,31.42,31.42,31.42
MoeTokenPermute,"2508,1;2508",1,1,31.38,31.38,31.38,31.38
MoeTokenPermute,"2117,1;2117",1,1,31.32,31.32,31.32,31.32
MoeTokenPermute,"2136,1;2136",1,1,31.06,31.06,31.06,31.06
MoeTokenPermute,"1910,1;1910",1,1,30.76,30.76,30.76,30.76
MoeTokenPermute,"2145,1;2145",1,1,30.44,30.44,30.44,30.44
MoeTokenPermute,"2142,1;2142",1,1,30.34,30.34,30.34,30.34
MoeTokenPermute,"1730,1;1730",1,1,30.02,30.02,30.02,30.02
MoeTokenPermute,"2461,1;2461",1,1,30.02,30.02,30.02,30.02
MoeTokenPermute,"2412,1;2412",1,1,29.90,29.90,29.90,29.90
MoeTokenPermute,"1712,1;1712",1,1,29.80,29.80,29.80,29.80
MoeTokenPermute,"2409,1;2409",1,1,29.54,29.54,29.54,29.54
MoeTokenPermute,"2312,1;2312",1,1,29.40,29.40,29.40,29.40
MoeTokenPermute,"2182,1;2182",1,1,29.20,29.20,29.20,29.20
MoeTokenPermute,"1806,1;1806",1,1,29.20,29.20,29.20,29.20
MoeTokenPermute,"1888,1;1888",1,1,29.14,29.14,29.14,29.14
MoeTokenPermute,"2124,1;2124",1,1,29.10,29.10,29.10,29.10
MoeTokenPermute,"1714,1;1714",1,1,29.08,29.08,29.08,29.08
MoeTokenPermute,"2468,1;2468",1,1,29.06,29.06,29.06,29.06
MoeTokenPermute,"2272,1;2272",1,1,29.06,29.06,29.06,29.06
MoeTokenPermute,"1785,1;1785",1,1,28.98,28.98,28.98,28.98
MoeTokenPermute,"2016,1;2016",1,1,28.94,28.94,28.94,28.94
MoeTokenPermute,"1977,1;1977",1,1,28.86,28.86,28.86,28.86
MoeTokenPermute,"2125,1;2125",1,1,28.86,28.86,28.86,28.86
MoeTokenPermute,"2215,1;2215",1,1,28.80,28.80,28.80,28.80
MoeTokenPermute,"1764,1;1764",1,1,28.76,28.76,28.76,28.76
MoeTokenPermute,"1860,1;1860",1,1,28.32,28.32,28.32,28.32
MoeTokenPermute,"2095,1;2095",1,1,28.06,28.06,28.06,28.06
MoeTokenPermute,"1858,1;1858",1,1,27.94,27.94,27.94,27.94
MoeTokenPermute,"2074,1;2074",1,1,27.90,27.90,27.90,27.90
MoeTokenPermute,"2084,1;2084",1,1,27.90,27.90,27.90,27.90
MoeTokenPermute,"1868,1;1868",1,1,27.88,27.88,27.88,27.88
MoeTokenPermute,"2020,1;2020",1,1,27.88,27.88,27.88,27.88
MoeTokenPermute,"2161,1;2161",1,1,27.78,27.78,27.78,27.78
MoeTokenPermute,"2006,1;2006",1,1,27.36,27.36,27.36,27.36
MoeTokenPermute,"2091,1;2091",1,1,27.24,27.24,27.24,27.24
MoeTokenPermute,"1584,1;1584",1,1,27.18,27.18,27.18,27.18
MoeTokenPermute,"2302,1;2302",1,1,27.06,27.06,27.06,27.06
MoeTokenPermute,"704,6144;704",1,1,26.56,26.56,26.56,26.56
MoeTokenPermute,"757,6144;757",1,1,26.12,26.12,26.12,26.12
MoeTokenPermute,"1866,1;1866",1,1,26.00,26.00,26.00,26.00
MoeTokenPermute,"757,1;757",1,1,24.14,24.14,24.14,24.14
MoeTokenPermute,"704,1;704",1,1,23.94,23.94,23.94,23.94
MoeTokenUnpermute,"2048,6144;2048;256,8",6,72,22.72,26.76,24.04,35.38
MoeTokenUnpermute,"912,6144;912;114,8",2,4,18.06,18.85,18.87,19.60
MoeTokenUnpermute,"2135,6144;2135;",2,2,27.06,29.42,29.42,31.78
MoeTokenUnpermute,"2201,6144;2201;",1,2,26.46,26.74,26.74,27.02
MoeTokenUnpermute,"3524,6144;3524;",1,1,51.76,51.76,51.76,51.76
MoeTokenUnpermute,"2136,6144;2136;",1,1,38.54,38.54,38.54,38.54
MoeTokenUnpermute,"2117,6144;2117;",1,1,37.58,37.58,37.58,37.58
MoeTokenUnpermute,"2312,6144;2312;",1,1,35.94,35.94,35.94,35.94
MoeTokenUnpermute,"2124,6144;2124;",1,1,35.62,35.62,35.62,35.62
MoeTokenUnpermute,"1868,6144;1868;",1,1,35.26,35.26,35.26,35.26
MoeTokenUnpermute,"3255,6144;3255;",1,1,34.92,34.92,34.92,34.92
MoeTokenUnpermute,"3440,6144;3440;",1,1,34.50,34.50,34.50,34.50
MoeTokenUnpermute,"2022,6144;2022;",1,1,33.86,33.86,33.86,33.86
MoeTokenUnpermute,"3586,6144;3586;",1,1,33.80,33.80,33.80,33.80
MoeTokenUnpermute,"3640,6144;3640;",1,1,33.76,33.76,33.76,33.76
MoeTokenUnpermute,"2214,6144;2214;",1,1,33.64,33.64,33.64,33.64
MoeTokenUnpermute,"3148,6144;3148;",1,1,32.68,32.68,32.68,32.68
MoeTokenUnpermute,"3607,6144;3607;",1,1,32.36,32.36,32.36,32.36
MoeTokenUnpermute,"3126,6144;3126;",1,1,32.22,32.22,32.22,32.22
MoeTokenUnpermute,"3552,6144;3552;",1,1,32.04,32.04,32.04,32.04
MoeTokenUnpermute,"3553,6144;3553;",1,1,31.68,31.68,31.68,31.68
MoeTokenUnpermute,"2084,6144;2084;",1,1,31.62,31.62,31.62,31.62
MoeTokenUnpermute,"3247,6144;3247;",1,1,31.26,31.26,31.26,31.26
MoeTokenUnpermute,"2621,6144;2621;",1,1,31.16,31.16,31.16,31.16
MoeTokenUnpermute,"2142,6144;2142;",1,1,30.64,30.64,30.64,30.64
MoeTokenUnpermute,"3192,6144;3192;",1,1,30.58,30.58,30.58,30.58
MoeTokenUnpermute,"2238,6144;2238;",1,1,30.54,30.54,30.54,30.54
MoeTokenUnpermute,"2299,6144;2299;",1,1,30.42,30.42,30.42,30.42
MoeTokenUnpermute,"2153,6144;2153;",1,1,30.40,30.40,30.40,30.40
MoeTokenUnpermute,"2508,6144;2508;",1,1,29.80,29.80,29.80,29.80
MoeTokenUnpermute,"2461,6144;2461;",1,1,28.98,28.98,28.98,28.98
MoeTokenUnpermute,"2256,6144;2256;",1,1,28.82,28.82,28.82,28.82
MoeTokenUnpermute,"1910,6144;1910;",1,1,28.52,28.52,28.52,28.52
MoeTokenUnpermute,"2097,6144;2097;",1,1,28.40,28.40,28.40,28.40
MoeTokenUnpermute,"2174,6144;2174;",1,1,28.18,28.18,28.18,28.18
MoeTokenUnpermute,"2200,6144;2200;",1,1,27.86,27.86,27.86,27.86
MoeTokenUnpermute,"2379,6144;2379;",1,1,27.76,27.76,27.76,27.76
MoeTokenUnpermute,"1712,6144;1712;",1,1,27.68,27.68,27.68,27.68
MoeTokenUnpermute,"2160,6144;2160;",1,1,27.64,27.64,27.64,27.64
MoeTokenUnpermute,"2144,6144;2144;",1,1,27.64,27.64,27.64,27.64
MoeTokenUnpermute,"1904,6144;1904;",1,1,27.50,27.50,27.50,27.50
MoeTokenUnpermute,"2302,6144;2302;",1,1,27.50,27.50,27.50,27.50
MoeTokenUnpermute,"2069,6144;2069;",1,1,27.36,27.36,27.36,27.36
MoeTokenUnpermute,"2565,6144;2565;",1,1,27.34,27.34,27.34,27.34
MoeTokenUnpermute,"2123,6144;2123;",1,1,27.22,27.22,27.22,27.22
MoeTokenUnpermute,"1905,6144;1905;",1,1,26.98,26.98,26.98,26.98
MoeTokenUnpermute,"1806,6144;1806;",1,1,26.88,26.88,26.88,26.88
MoeTokenUnpermute,"2409,6144;2409;",1,1,26.84,26.84,26.84,26.84
MoeTokenUnpermute,"2468,6144;2468;",1,1,26.70,26.70,26.70,26.70
MoeTokenUnpermute,"2230,6144;2230;",1,1,26.66,26.66,26.66,26.66
MoeTokenUnpermute,"1876,6144;1876;",1,1,26.52,26.52,26.52,26.52
MoeTokenUnpermute,"2412,6144;2412;",1,1,26.48,26.48,26.48,26.48
MoeTokenUnpermute,"1860,6144;1860;",1,1,26.42,26.42,26.42,26.42
MoeTokenUnpermute,"1714,6144;1714;",1,1,26.32,26.32,26.32,26.32
MoeTokenUnpermute,"2145,6144;2145;",1,1,26.30,26.30,26.30,26.30
MoeTokenUnpermute,"2016,6144;2016;",1,1,26.24,26.24,26.24,26.24
MoeTokenUnpermute,"1764,6144;1764;",1,1,26.22,26.22,26.22,26.22
MoeTokenUnpermute,"2215,6144;2215;",1,1,26.12,26.12,26.12,26.12
MoeTokenUnpermute,"2125,6144;2125;",1,1,25.78,25.78,25.78,25.78
MoeTokenUnpermute,"2095,6144;2095;",1,1,25.78,25.78,25.78,25.78
MoeTokenUnpermute,"1858,6144;1858;",1,1,25.62,25.62,25.62,25.62
MoeTokenUnpermute,"2006,6144;2006;",1,1,25.48,25.48,25.48,25.48
MoeTokenUnpermute,"2272,6144;2272;",1,1,25.38,25.38,25.38,25.38
MoeTokenUnpermute,"2182,6144;2182;",1,1,25.28,25.28,25.28,25.28
MoeTokenUnpermute,"2091,6144;2091;",1,1,25.12,25.12,25.12,25.12
MoeTokenUnpermute,"1584,6144;1584;",1,1,24.90,24.90,24.90,24.90
MoeTokenUnpermute,"2161,6144;2161;",1,1,24.64,24.64,24.64,24.64
MoeTokenUnpermute,"1785,6144;1785;",1,1,24.46,24.46,24.46,24.46
MoeTokenUnpermute,"1866,6144;1866;",1,1,24.42,24.42,24.42,24.42
MoeTokenUnpermute,"1977,6144;1977;",1,1,24.26,24.26,24.26,24.26
MoeTokenUnpermute,"1888,6144;1888;",1,1,23.84,23.84,23.84,23.84
MoeTokenUnpermute,"2074,6144;2074;",1,1,23.78,23.78,23.78,23.78
MoeTokenUnpermute,"1730,6144;1730;",1,1,23.54,23.54,23.54,23.54
MoeTokenUnpermute,"2020,6144;2020;",1,1,23.32,23.32,23.32,23.32
MoeTokenUnpermute,"757,6144;757;",1,1,20.48,20.48,20.48,20.48
MoeTokenUnpermute,"704,6144;704;",1,1,18.84,18.84,18.84,18.84
Mul,3;,4,265,1.36,1.87,1.88,2.38
Mul,"1,154880;",7,240,6.32,9.63,7.67,290.01
Mul,3;3,3,218,1.88,2.20,2.18,2.76
Mul,1;,7,131,1.46,1.67,1.64,2.04
Mul,4096;4096,6,108,5.96,6.26,6.20,10.82
Mul,4096;,6,108,5.78,6.07,6.00,11.02
Mul,6;,3,95,1.50,1.88,1.86,2.38
Mul,"3,154880;",2,94,7.26,9.57,8.26,57.12
Mul,9;9,2,94,1.86,2.12,2.13,2.44
Mul,9;,2,94,1.70,1.89,1.85,2.46
Mul,"2,154880;",2,92,7.22,8.66,7.87,14.66
Mul,6;6,2,92,1.86,2.12,2.08,2.54
Mul,2;,2,46,1.40,1.58,1.54,1.82
Mul,"8,154880;",1,38,8.52,12.39,10.58,69.30
Mul,24;24,1,38,1.92,2.16,2.13,2.58
Mul,24;,1,38,1.88,2.07,2.01,2.60
Mul,8;,1,19,1.50,1.65,1.64,1.80
Mul,"5,154880;",3,7,7.88,9.61,8.44,13.38
Mul,1824;1824,2,6,5.30,5.48,5.54,5.60
Mul,1824;,2,6,5.26,5.38,5.37,5.56
Mul,"6,154880;",2,5,8.18,20.47,9.00,66.34
Mul,5;,3,5,1.42,1.57,1.58,1.76
Mul,"7,154880;",1,4,8.32,8.91,8.65,10.02
Mul,18;18,1,4,2.04,2.31,2.37,2.48
Mul,21;21,1,4,2.26,2.34,2.31,2.50
Mul,15;15,1,4,2.06,2.12,2.13,2.16
Mul,21;,1,4,1.96,2.12,2.07,2.40
Mul,18;,1,4,1.88,2.09,2.06,2.38
Mul,15;,1,4,1.76,1.90,1.83,2.16
Mul,"4,154880;",2,3,8.06,12.78,9.36,20.92
Mul,12;12,1,2,2.02,2.30,2.30,2.58
Mul,12;,1,2,1.74,1.80,1.80,1.86
Mul,4;,2,2,1.42,1.74,1.74,2.06
Mul,7;,1,2,1.40,1.46,1.46,1.52
MulAiCore,3;3,3,109,2.00,2.34,2.32,2.94
MulAiCore,3;,3,109,1.66,2.04,2.08,2.46
MulAiCore,9;9,2,47,1.88,2.12,2.08,3.40
MulAiCore,9;,2,47,1.68,1.86,1.76,3.34
MulAiCore,6;6,2,46,1.96,2.33,2.32,2.78
MulAiCore,6;,2,46,1.64,2.09,2.12,2.38
MulAiCore,27;27,1,19,2.04,2.27,2.24,2.68
MulAiCore,27;,1,19,1.88,2.12,2.06,2.52
MulAiCore,21;21,1,4,2.30,2.48,2.45,2.70
MulAiCore,21;,1,4,2.24,2.31,2.29,2.42
MulAiCore,15;15,1,2,2.18,2.25,2.25,2.32
MulAiCore,15;,1,2,1.78,2.05,2.05,2.32
MulAiCore,12;12,1,1,2.46,2.46,2.46,2.46
MulAiCore,12;,1,1,2.24,2.24,2.24,2.24
Muls,"256,6144",6,2772,7.78,8.94,8.92,21.18
Muls,"114,6144",2,154,7.74,8.53,8.69,9.92
Neg,"1,154880",7,240,6.26,55.24,9.54,2756.38
Neg,"3,154880",2,94,8.18,25.14,10.02,993.12
Neg,"2,154880",2,92,7.44,14.71,8.86,200.27
Neg,"8,154880",1,38,10.46,14.58,12.56,46.06
Neg,"5,154880",3,7,10.98,283.08,13.38,992.26
Neg,"6,154880",2,5,8.80,138.86,10.12,655.97
Neg,"7,154880",1,4,10.32,14.32,10.57,25.84
Neg,"4,154880",2,3,10.82,366.63,12.02,1077.06
NotEqual,1;,7,131,2.24,2.68,2.64,3.20
NotEqual,"1,3;",3,109,1.68,1.87,1.84,2.24
NotEqual,3;,2,47,2.48,2.72,2.68,3.14
NotEqual,"3,3;",2,47,1.70,1.86,1.84,2.12
NotEqual,2;,2,46,2.42,2.85,2.84,3.34
NotEqual,"2,3;",2,46,1.74,1.88,1.86,2.14
NotEqual,"1,1;",4,22,1.62,1.86,1.87,2.12
NotEqual,8;,1,19,2.48,2.62,2.60,2.80
NotEqual,"8,3;",1,19,1.76,1.89,1.86,2.16
NotEqual,5;,3,5,2.56,2.78,2.66,3.26
NotEqual,6;,2,3,2.60,2.81,2.86,2.98
NotEqual,"5,1;",2,3,1.70,1.85,1.88,1.98
NotEqual,7;,1,2,2.68,2.78,2.78,2.88
NotEqual,4;,2,2,2.60,2.65,2.65,2.70
NotEqual,"5,3;",1,2,1.72,2.04,2.04,2.36
NotEqual,"6,3;",1,2,1.90,2.01,2.01,2.12
NotEqual,"7,3;",1,2,1.76,1.78,1.78,1.80
NotEqual,"6,1;",1,1,1.98,1.98,1.98,1.98
NotEqual,"4,1;",1,1,1.84,1.84,1.84,1.84
NotEqual,"4,3;",1,1,1.74,1.74,1.74,1.74
OneSideCommAicpuInit,N/A,5,13,16.96,24.53,25.46,33.26
PadV3,"3,6144;4;",3,8285,14.96,18.15,17.58,42.48
PadV3,"3,256;4;",3,8285,2.30,2.63,2.60,4.76
PadV3,"9,6144;4;",2,3572,15.78,19.59,19.44,27.56
PadV3,"9,256;4;",2,3572,13.68,18.75,18.82,22.34
PadV3,"6,256;4;",2,3496,13.50,17.95,18.02,21.50
PadV3,"6,6144;4;",2,3496,15.30,18.03,17.60,29.80
PadV3,"27,6144;4;",1,1406,18.68,22.65,22.51,31.74
PadV3,"27,256;4;",1,1406,12.98,17.62,17.74,20.16
PadV3,"21,6144;4;",1,300,15.74,21.48,21.37,30.44
PadV3,"21,256;4;",1,300,13.54,19.95,20.13,24.04
PadV3,"15,6144;4;",1,152,15.76,21.62,21.33,30.32
PadV3,"15,256;4;",1,152,13.42,20.19,20.34,23.28
PadV3,"18,6144;4;",1,4,16.10,16.92,17.03,17.52
PadV3,"18,256;4;",1,4,13.82,15.09,15.35,15.82
PadV3AiCore,N/A,5,454,5.38,10.41,10.68,16.04
PadV3AiCore,"3,6144;4;",3,109,17.66,20.29,20.20,34.28
PadV3AiCore,"3,256;4;",3,109,2.62,2.94,2.82,5.18
PadV3AiCore,"9,6144;4;",2,47,20.30,22.63,22.66,23.92
PadV3AiCore,"9,256;4;",2,47,18.00,20.82,21.00,22.40
PadV3AiCore,"6,6144;4;",2,46,20.60,21.64,21.69,22.66
PadV3AiCore,"6,256;4;",2,46,18.86,21.04,21.26,22.52
PadV3AiCore,"27,6144;4;",1,19,21.86,22.87,22.96,23.62
PadV3AiCore,"27,256;4;",1,19,18.00,19.68,19.76,20.82
PadV3AiCore,"21,256;4;",1,4,19.70,21.63,22.19,22.44
PadV3AiCore,"21,6144;4;",1,4,20.72,21.17,21.11,21.74
PadV3AiCore,"15,6144;4;",1,2,19.88,20.01,20.01,20.14
PadV3AiCore,"15,256;4;",1,2,17.80,19.44,19.44,21.08
QuantBatchMatmulV3,"3,2048;128,128,16,32;4096;4096",3,8720,18.60,20.15,20.10,28.48
QuantBatchMatmulV3,"3,6144;32,384,16,32;1024;3",3,8394,15.80,32.46,27.66,3650.43
QuantBatchMatmulV3,"3,512;192,32,16,32;6144;3",3,8393,12.60,5965.46,272.22,47757630.39
QuantBatchMatmulV3,"3,4096;192,256,16,32;6144;6144",2,8000,28.62,31.74,31.60,38.34
QuantBatchMatmulV3,"9,2048;128,128,16,32;4096;4096",2,3760,17.82,19.93,19.90,28.16
QuantBatchMatmulV3,"6,2048;128,128,16,32;4096;4096",2,3680,18.14,19.87,19.76,27.24
QuantBatchMatmulV3,"9,6144;32,384,16,32;1024;9",2,3619,20.52,39.71,28.44,6081.42
QuantBatchMatmulV3,"9,512;192,32,16,32;6144;9",2,3619,16.20,23.31,20.08,346.25
QuantBatchMatmulV3,"6,6144;32,384,16,32;1024;6",2,3542,20.62,40.35,26.80,5356.17
QuantBatchMatmulV3,"6,512;192,32,16,32;6144;6",2,3542,16.62,29.96,19.86,495.22
QuantBatchMatmulV3,"9,4096;192,256,16,32;6144;6144",1,3520,29.14,32.01,31.79,39.62
QuantBatchMatmulV3,"6,4096;192,256,16,32;6144;6144",1,3520,29.32,31.81,31.36,40.42
QuantBatchMatmulV3,"256,6144;128,384,16,32;4096;256",6,2772,51.62,2844.87,2454.05,22557.27
QuantBatchMatmulV3,"256,2048;192,128,16,32;6144;256",6,2772,30.94,38.95,37.60,258.28
QuantBatchMatmulV3,"4096,1024;192,64,16,32;6144;6144",6,2080,136.14,141.36,141.24,184.26
QuantBatchMatmulV3,"256,2048;512,128,16,32;16384;16384",6,2080,52.24,85.84,85.72,114.16
QuantBatchMatmulV3,"256,6144;82,384,16,32;2624;2624",6,2080,32.24,34.81,34.70,39.98
QuantBatchMatmulV3,"256,2048;128,128,16,32;4096;4096",6,2080,25.54,34.22,34.43,43.94
QuantBatchMatmulV3,"27,4096;192,256,16,32;6144",1,1482,30.34,32.97,32.84,40.10
QuantBatchMatmulV3,"27,2048;128,128,16,32;4096;4096",1,1482,19.04,20.81,20.82,23.40
QuantBatchMatmulV3,"27,512;192,32,16,32;6144;27",1,1425,22.34,291.72,293.13,417.60
QuantBatchMatmulV3,"27,6144;32,384,16,32;1024;27",1,1425,22.68,31.30,31.24,40.08
QuantBatchMatmulV3,"3,4096;192,256,16,32;6144",1,720,29.16,31.95,31.76,39.30
QuantBatchMatmulV3,"3,6144;192,384,16,32;6144;3",3,327,38.26,40.02,39.92,47.04
QuantBatchMatmulV3,"3,3072;192,192,16,32;6144;3",3,327,23.58,26.23,26.34,31.46
QuantBatchMatmulV3,"21,4096;192,256,16,32;6144",1,316,30.12,32.60,32.48,39.74
QuantBatchMatmulV3,"21,2048;128,128,16,32;4096;4096",1,316,18.92,20.51,20.48,22.24
QuantBatchMatmulV3,"21,512;192,32,16,32;6144;21",1,304,17.40,283.01,301.17,332.57
QuantBatchMatmulV3,"21,6144;32,384,16,32;1024;21",1,304,25.20,39.02,29.44,2802.07
QuantBatchMatmulV3,"9,4096;192,256,16,32;6144",1,240,29.78,33.03,32.55,38.94
QuantBatchMatmulV3,"15,4096;192,256,16,32;6144",1,160,30.02,33.49,33.22,39.12
QuantBatchMatmulV3,"6,4096;192,256,16,32;6144",1,160,29.56,31.66,31.51,37.06
QuantBatchMatmulV3,"15,2048;128,128,16,32;4096;4096",1,160,19.50,20.84,20.88,22.32
QuantBatchMatmulV3,"114,6144;128,384,16,32;4096;114",2,154,31.64,2543.16,1539.19,12984.12
QuantBatchMatmulV3,"15,512;192,32,16,32;6144;15",1,154,17.60,203.72,293.00,384.38
QuantBatchMatmulV3,"15,6144;32,384,16,32;1024;15",1,154,25.78,68.73,29.94,3000.06
QuantBatchMatmulV3,"114,2048;192,128,16,32;6144;114",2,154,23.10,26.00,25.84,31.24
QuantBatchMatmulV3,"9,6144;192,384,16,32;6144;9",2,141,38.90,41.03,41.02,47.34
QuantBatchMatmulV3,"9,3072;192,192,16,32;6144;9",2,141,24.28,25.43,25.42,28.96
QuantBatchMatmulV3,"6,6144;192,384,16,32;6144;6",2,138,38.94,41.38,41.44,46.40
QuantBatchMatmulV3,"6,3072;192,192,16,32;6144;6",2,138,24.30,25.97,26.12,27.56
QuantBatchMatmulV3,"4096,768;192,48,16,32;6144;4096",6,108,137.68,148.61,148.05,166.14
QuantBatchMatmulV3,"4096,6144;48,384,16,32;1536;4096",6,108,142.46,149.30,147.41,181.06
QuantBatchMatmulV3,"1824,1024;192,64,16,32;6144;6144",1,80,72.74,75.62,75.39,80.16
QuantBatchMatmulV3,"114,2048;512,128,16,32;16384;16384",1,80,43.32,48.88,48.85,54.12
QuantBatchMatmulV3,"12,4096;192,256,16,32;6144",1,80,30.14,32.59,32.19,38.60
QuantBatchMatmulV3,"114,6144;82,384,16,32;2624;2624",1,80,28.14,29.62,29.47,31.98
QuantBatchMatmulV3,"114,2048;128,128,16,32;4096;4096",1,80,20.08,21.34,21.20,26.92
QuantBatchMatmulV3,"12,2048;128,128,16,32;4096;4096",1,80,18.62,20.61,20.67,22.52
QuantBatchMatmulV3,"12,6144;32,384,16,32;1024;12",1,77,19.32,358.54,356.51,1988.48
QuantBatchMatmulV3,"12,512;192,32,16,32;6144;12",1,77,12.92,15.21,14.98,20.26
QuantBatchMatmulV3,"27,6144;192,384,16,32;6144;27",1,57,39.36,42.67,42.64,47.86
QuantBatchMatmulV3,"27,3072;192,192,16,32;6144;27",1,57,25.50,27.44,27.06,33.86
QuantBatchMatmulV3,"24,6144;32,384,16,32;1024;24",1,38,56.78,1130.38,152.13,2912.92
QuantBatchMatmulV3,"24,4096;192,256,16,32;6144",1,38,30.72,31.38,31.41,32.36
QuantBatchMatmulV3,"24,2048;128,128,16,32;4096;4096",1,38,20.06,20.49,20.41,21.44
QuantBatchMatmulV3,"24,512;192,32,16,32;6144;24",1,38,16.40,17.35,17.25,18.24
QuantBatchMatmulV3,"21,6144;192,384,16,32;6144;21",1,12,41.08,42.27,41.79,44.74
QuantBatchMatmulV3,"21,3072;192,192,16,32;6144;21",1,12,23.40,24.77,24.93,27.42
QuantBatchMatmulV3,"1824,768;192,48,16,32;6144;1824",2,6,84.94,90.68,90.85,95.80
QuantBatchMatmulV3,"1824,6144;48,384,16,32;1536;1824",2,6,79.66,83.51,82.81,88.34
QuantBatchMatmulV3,"15,6144;192,384,16,32;6144;15",1,6,38.12,42.99,42.88,46.06
QuantBatchMatmulV3,"15,3072;192,192,16,32;6144;15",1,6,23.04,24.34,24.18,25.70
QuantBatchMatmulV3,"18,6144;32,384,16,32;1024;18",1,4,57.50,796.09,154.06,2818.75
QuantBatchMatmulV3,"18,4096;192,256,16,32;6144",1,4,30.32,31.04,31.16,31.52
QuantBatchMatmulV3,"18,2048;128,128,16,32;4096;4096",1,4,19.64,20.38,20.35,21.16
QuantBatchMatmulV3,"18,512;192,32,16,32;6144;18",1,4,17.50,17.92,17.82,18.54
QuantBatchMatmulV3,"12,6144;192,384,16,32;6144;12",1,3,43.98,45.19,44.82,46.76
QuantBatchMatmulV3,"12,3072;192,192,16,32;6144;12",1,3,25.82,26.71,25.94,28.38
RealDiv,"2,154880;2,1",4,155,11.94,13.32,13.40,18.08
RealDiv,"1,154880;1,154880",7,131,7.72,9.01,8.62,16.54
RealDiv,"1,154880;1,1",7,131,7.14,8.16,8.18,8.90
RealDiv,"6,154880;6,1",3,50,14.20,15.13,14.93,17.62
RealDiv,"4,154880;4,1",3,48,13.56,14.39,14.30,17.10
RealDiv,"3,154880;3,1",2,47,12.80,13.40,13.22,15.74
RealDiv,"3,154880;3,154880",2,47,9.20,10.29,10.28,11.60
RealDiv,"2,154880;2,154880",2,46,8.18,8.73,8.73,9.82
RealDiv,"8,154880;8,1",1,20,15.56,16.97,16.82,19.76
RealDiv,"16,154880;16,1",1,19,16.76,17.30,17.30,17.74
RealDiv,"8,154880;8,154880",1,19,10.82,11.27,11.30,11.72
RealDiv,"5,154880;5,1",3,5,14.48,15.30,14.84,16.94
RealDiv,"5,154880;5,154880",3,5,9.58,10.87,10.88,11.82
RealDiv,"6,154880;6,154880",2,3,10.12,10.62,10.50,11.24
RealDiv,"14,154880;14,1",1,2,18.14,18.33,18.33,18.52
RealDiv,"12,154880;12,1",1,2,17.06,17.07,17.07,17.08
RealDiv,"10,154880;10,1",1,2,16.08,16.30,16.30,16.52
RealDiv,"7,154880;7,1",1,2,14.92,15.02,15.02,15.12
RealDiv,"7,154880;7,154880",1,2,10.64,10.82,10.82,11.00
RealDiv,"4,154880;4,154880",2,2,9.68,10.02,10.02,10.36
ReduceSum,"32,8;1",6,228,4.58,8.27,9.19,12.02
ReduceSum,"1,3;1",3,109,3.42,3.76,3.78,4.34
ReduceSum,256;1,6,76,2.92,3.09,3.04,3.66
ReduceSum,"3,3;1",2,47,3.94,4.36,4.38,5.00
ReduceSum,"2,3;1",2,46,3.80,4.09,4.06,4.56
ReduceSum,"1,1;1",4,22,1.48,1.74,1.72,2.06
ReduceSum,"8,3;1",1,19,4.96,5.39,5.32,6.08
ReduceSum,"5,1;1",2,3,1.76,1.85,1.80,2.00
ReduceSum,"6,3;1",1,2,5.10,5.17,5.17,5.24
ReduceSum,"7,3;1",1,2,5.12,5.13,5.13,5.14
ReduceSum,"5,3;1",1,2,4.60,4.71,4.71,4.82
ReduceSum,"4,3;1",1,1,4.78,4.78,4.78,4.78
ReduceSum,"6,1;1",1,1,1.64,1.64,1.64,1.64
ReduceSum,"4,1;1",1,1,1.62,1.62,1.62,1.62
RepeatInterleave,256;256,6,76,14.02,17.10,15.89,22.56
ReshapeAndCacheNdKernel,"4096,1,512;4096,1,64;1678,128,1,512;1678,128,1,64;4096",3,1027,28.44,31.42,31.28,36.68
ReshapeAndCacheNdKernel,"4096,1,512;4096,1,64;1681,128,1,512;1681,128,1,64;4096",2,553,27.88,31.20,31.24,35.36
ReshapeAndCacheNdKernel,"4096,1,512;4096,1,64;1680,128,1,512;1680,128,1,64;4096",1,158,29.06,32.02,32.00,35.10
ReshapeAndCacheNdKernel,"1813,1,512;1813,1,64;1678,128,1,512;1678,128,1,64;1813",1,158,19.36,21.04,20.83,23.90
ReshapeAndCacheNdKernel,"3621,1,512;3621,1,64;1681,128,1,512;1681,128,1,64;3621",1,79,27.42,29.63,29.64,33.60
ReshapeAndCacheNdKernel,"3621,1,512;3621,1,64;1678,128,1,512;1678,128,1,64;3621",1,79,26.98,29.14,29.20,32.30
ReshapeAndCacheNdKernel,"1813,1,512;1813,1,64;1680,128,1,512;1680,128,1,64;1813",1,79,20.24,21.31,21.22,24.68
ReshapeAndCacheNdKernel,"1,1,512;1,1,64;1678,128,1,512;1678,128,1,64;1",2,14,2.08,2.47,2.44,2.96
ReshapeAndCacheNdKernel,"1,1,512;1,1,64;1681,128,1,512;1681,128,1,64;1",1,5,1.96,2.36,2.44,2.58
ReshapeAndCacheNdKernel,"1,1,512;1,1,64;1680,128,1,512;1680,128,1,64;1",1,3,2.22,2.29,2.32,2.34
ReshapeAndCacheNdKernel,"5,1,512;5,1,64;1681,128,1,512;1681,128,1,64;5",1,2,2.96,2.97,2.97,2.98
ReshapeAndCacheNdKernel,"6,1,512;6,1,64;1678,128,1,512;1678,128,1,64;6",1,1,3.64,3.64,3.64,3.64
ReshapeAndCacheNdKernel,"5,1,512;5,1,64;1678,128,1,512;1678,128,1,64;5",1,1,3.04,3.04,3.04,3.04
ReshapeAndCacheNdKernel,"4,1,512;4,1,64;1681,128,1,512;1681,128,1,64;4",1,1,2.90,2.90,2.90,2.90
RmsNorm,"256,2048;2048",6,2080,10.08,18.93,19.14,26.34
RmsNorm,"3,6144;6144",4,857,3.50,4.53,4.80,5.82
RmsNorm,"9,6144;6144",2,329,4.50,5.72,5.90,7.74
RmsNorm,"6,6144;6144",3,328,4.16,5.31,5.50,6.18
RmsNorm,"1,6144;6144",7,262,3.14,3.51,3.34,4.90
RmsNorm,"256,6144;6144",6,252,10.18,15.73,11.85,27.34
RmsNorm,"24,6144;6144",1,114,4.48,7.68,8.65,12.42
RmsNorm,"2,6144;6144",2,92,3.42,3.66,3.64,4.08
RmsNorm,"114,2048;2048",1,80,8.34,14.37,14.46,18.96
RmsNorm,"8,6144;6144",1,38,5.38,5.66,5.69,6.14
RmsNorm,"1365,6144;6144",4,20,39.02,40.73,40.69,45.44
RmsNorm,"27,6144;6144",1,19,9.48,9.88,9.88,10.28
RmsNorm,"21,6144;6144",1,16,4.30,7.20,7.83,8.64
RmsNorm,"114,6144;6144",2,14,7.50,11.97,9.42,16.94
RmsNorm,"15,6144;6144",1,14,4.86,6.19,6.30,7.38
RmsNorm,"18,6144;6144",1,12,4.26,6.30,7.15,7.56
RmsNorm,"5,6144;6144",3,10,3.96,4.70,4.93,5.32
RmsNorm,"12,6144;6144",1,7,5.24,6.05,6.22,6.64
RmsNorm,"7,6144;6144",1,4,5.42,5.50,5.49,5.60
RmsNorm,"4,6144;6144",2,4,3.88,4.50,4.50,5.14
RmsNorm,"608,6144;6144",1,2,30.14,30.27,30.27,30.40
ScatterElementsV2,340;2;2,4,156,2.02,2.43,2.30,4.86
ScatterElementsV2,340;1;1,3,110,2.46,2.91,2.92,3.52
ScatterElementsV2,340;6;6,2,49,2.14,2.32,2.24,3.50
ScatterElementsV2,340;3;3,2,47,2.54,2.89,2.88,3.84
ScatterElementsV2,340;4;4,2,47,1.96,2.26,2.22,3.14
ScatterElementsV2,340;8;8,1,19,2.26,2.91,2.96,3.20
ScatterElementsV2,340;16;16,1,18,2.24,2.42,2.38,2.68
ScatterElementsV2,340;7;7,1,2,2.82,2.88,2.88,2.94
ScatterElementsV2,340;5;5,1,2,2.72,2.84,2.84,2.96
ScatterElementsV2,340;14;14,1,2,2.40,2.48,2.48,2.56
ScatterElementsV2,340;10;10,1,2,2.36,2.37,2.37,2.38
ScatterElementsV2,340;12;12,1,2,2.32,2.33,2.33,2.34
ScatterNdUpdate,"225920,128;3,1;3,128",3,1745,11.84,13.37,13.70,17.40
ScatterNdUpdate,"214784,128;4096,1;4096,128",3,1280,97.92,121.05,121.46,140.58
ScatterNdUpdate,"225920,128;9,1;9,128",2,752,11.64,12.52,12.32,16.38
ScatterNdUpdate,"225920,128;6,1;6,128",2,736,13.08,13.81,13.82,17.52
ScatterNdUpdate,"215168,128;4096,1;4096,128",2,640,98.40,120.06,120.95,136.22
ScatterNdUpdate,"225920,128;27,1;27,128",1,266,13.52,14.10,14.10,14.50
ScatterNdUpdate,"215040,128;4096,1;4096,128",1,160,99.60,116.28,116.78,126.26
ScatterNdUpdate,"215040,128;1824,1;1824,128",1,80,53.12,57.00,57.30,63.52
ScatterNdUpdate,"225920,128;21,1;21,128",1,60,13.62,14.03,14.01,14.84
ScatterNdUpdate,"225920,128;24,1;24,128",1,38,13.64,14.07,13.95,16.44
ScatterNdUpdate,"225920,128;15,1;15,128",1,32,13.44,13.93,13.95,14.24
ScatterNdUpdate,"225920,128;12,1;12,128",1,16,13.50,13.85,13.89,14.16
ScatterNdUpdate,"225920,128;18,1;18,128",1,4,13.68,13.79,13.73,14.02
ScatterNdUpdateAiCore,"225920,128;3,1;3,128",3,6975,5.52,13.41,13.74,18.44
ScatterNdUpdateAiCore,"225920,128;9,1;9,128",2,3008,6.82,12.51,12.36,17.90
ScatterNdUpdateAiCore,"225920,128;6,1;6,128",2,2944,8.92,13.85,13.82,19.48
ScatterNdUpdateAiCore,"225920,128;27,1;27,128",1,1216,12.88,14.17,14.14,17.34
ScatterNdUpdateAiCore,"225920,128;21,1;21,128",1,256,13.56,14.05,14.02,16.34
ScatterNdUpdateAiCore,"225920,128;15,1;15,128",1,128,13.30,14.09,14.01,16.68
ScatterNdUpdateAiCore,"225920,128;12,1;12,128",1,64,13.10,13.88,13.91,14.88
SelectV2,1;;1,7,262,1.50,1.86,1.86,2.48
SelectV2,"3,1;;3,6144",3,218,15.84,16.70,16.48,20.98
SelectV2,1;1;1,7,131,1.80,2.05,2.02,2.84
SelectV2,"9,1;;9,6144",2,94,16.14,17.18,17.12,20.68
SelectV2,3;;3,2,94,2.56,2.83,2.82,3.32
SelectV2,"6,1;;6,6144",2,92,16.68,17.24,17.25,18.42
SelectV2,2;;2,2,92,2.62,2.95,2.89,3.62
SelectV2,"256,1;;256,6144",6,72,25.28,27.93,27.43,32.60
SelectV2,3;3;3,2,47,1.92,2.16,2.14,2.40
SelectV2,2;2;2,2,46,1.94,2.12,2.12,2.46
SelectV2,"24,1;;24,6144",1,38,16.60,17.76,17.53,21.30
SelectV2,8;;8,1,38,2.56,2.91,2.89,3.34
SelectV2,8;8;8,1,19,1.98,2.15,2.16,2.42
SelectV2,1365;;1365,4,10,2.94,3.10,3.11,3.30
SelectV2,5;;5,3,10,2.68,3.08,2.95,3.94
SelectV2,6;;6,2,6,2.64,3.10,2.93,3.92
SelectV2,5;5;5,3,5,1.80,2.11,2.06,2.62
SelectV2,"114,1;;114,6144",2,4,19.30,20.54,20.64,21.60
SelectV2,"15,1;;15,6144",1,4,15.74,16.37,16.26,17.22
SelectV2,"21,1;;21,6144",1,4,15.48,15.80,15.86,16.00
SelectV2,"18,1;;18,6144",1,4,13.34,13.94,13.99,14.44
SelectV2,4;;4,2,4,2.92,3.42,3.29,4.18
SelectV2,7;;7,1,4,2.62,2.73,2.69,2.92
SelectV2,6;6;6,2,3,2.10,2.12,2.12,2.14
SelectV2,"12,1;;12,6144",1,2,17.40,17.40,17.40,17.40
SelectV2,4;4;4,2,2,2.06,2.16,2.16,2.26
SelectV2,7;7;7,1,2,2.08,2.10,2.10,2.12
SelectV2,608;;608,1,1,2.76,2.76,2.76,2.76
Slice,"4096,704;2;2",6,6198,1.44,5.42,4.52,13.34
Slice,"256,2624;2;2",6,4160,2.76,3.89,3.98,5.60
Slice,"256,64,256;3;3",6,2080,8.10,9.91,9.96,18.56
Slice,"202752,128;2;2",11,1530,23.18,33.79,25.94,94.38
Slice,"1824,704;2;2",1,238,2.98,4.03,3.58,6.58
Slice,"32,256;2;2",6,228,2.20,3.11,3.30,4.22
Slice,"114,2624;2;2",1,160,2.76,3.16,3.10,3.82
Slice,"114,64,256;3;3",1,80,4.30,4.80,4.82,5.48
SoftmaxV2,"2,154880",4,155,45.18,46.30,46.20,47.98
SoftmaxV2,"1,154880",7,131,44.76,45.22,45.20,45.92
SoftmaxV2,"6,154880",3,50,46.34,46.97,47.00,47.96
SoftmaxV2,"4,154880",3,48,45.84,46.90,46.94,47.98
SoftmaxV2,"3,154880",2,47,46.30,46.87,46.90,47.54
SoftmaxV2,"8,154880",1,20,46.66,47.31,47.27,47.86
SoftmaxV2,"16,154880",1,19,48.34,48.91,48.84,50.52
SoftmaxV2,"5,154880",3,5,46.18,46.65,46.68,47.02
SoftmaxV2,"14,154880",1,2,48.02,48.39,48.39,48.76
SoftmaxV2,"12,154880",1,2,48.02,48.25,48.25,48.48
SoftmaxV2,"10,154880",1,2,47.32,47.56,47.56,47.80
SoftmaxV2,"7,154880",1,2,47.42,47.49,47.49,47.56
Sort,"2,154880",4,155,230.94,234.99,235.28,238.94
Sort,"1,154880",7,131,229.37,233.20,232.72,241.76
Sort,"6,154880",3,50,208.32,209.72,209.56,216.02
Sort,"4,154880",3,48,186.16,188.09,187.76,197.24
Sort,"3,154880",2,47,183.64,185.00,184.86,187.16
Sort,"8,154880",1,20,227.47,229.59,229.75,231.07
Sort,"16,154880",1,19,236.43,237.49,237.47,238.77
Sort,"5,154880",3,5,208.97,212.80,210.64,219.06
Sort,"14,154880",1,2,236.49,236.62,236.62,236.75
Sort,"7,154880",1,2,227.25,227.39,227.39,227.53
Sort,"12,154880",1,2,202.57,203.48,203.48,204.39
Sort,"10,154880",1,2,199.19,199.58,199.58,199.97
SparseFlashAttention,"3,16,512;1765,128,1,512;1765,128,1,512;3,1,2048;1,1584;1;1;3,16,64;1765,128,1,64",3,8719,83.52,89.17,88.40,119.85
SparseFlashAttention,"9,16,512;1765,128,1,512;1765,128,1,512;9,1,2048;3,1584;3;3;9,16,64;1765,128,1,64",2,3760,86.04,92.31,91.78,115.06
SparseFlashAttention,"6,16,512;1765,128,1,512;1765,128,1,512;6,1,2048;2,1584;2;2;6,16,64;1765,128,1,64",2,3680,86.42,90.58,90.00,109.50
SparseFlashAttention,"27,16,512;1765,128,1,512;1765,128,1,512;27,1,2048;9,1584;9;9;27,16,64;1765,128,1,64",1,1482,150.41,155.62,155.10,165.67
SparseFlashAttention,"256,64,512;1678,128,1,512;1678,128,1,512;256,1,2048;1,1584;1;1;256,64,64;1678,128,1,64",2,1120,90.62,610.96,796.58,888.78
SparseFlashAttention,"256,64,512;1681,128,1,512;1681,128,1,512;256,1,2048;1,1584;1;1;256,64,64;1681,128,1,64",1,400,92.40,662.77,800.03,898.96
SparseFlashAttention,"21,16,512;1765,128,1,512;1765,128,1,512;21,1,2048;7,1584;7;7;21,16,64;1765,128,1,64",1,316,88.32,95.11,94.95,102.00
SparseFlashAttention,"256,64,512;1681,128,1,512;1681,128,1,512;256,1,2048;5,1584;5;5;256,64,64;1681,128,1,64",1,160,95.22,813.59,831.71,871.62
SparseFlashAttention,"256,64,512;1680,128,1,512;1680,128,1,512;256,1,2048;1,1584;1;1;256,64,64;1680,128,1,64",1,160,92.36,481.96,175.62,894.52
SparseFlashAttention,"15,16,512;1765,128,1,512;1765,128,1,512;15,1,2048;5,1584;5;5;15,16,64;1765,128,1,64",1,160,88.10,93.76,93.65,99.80
SparseFlashAttention,"256,64,512;1678,128,1,512;1678,128,1,512;256,1,2048;6,1584;6;6;256,64,64;1678,128,1,64",1,80,95.60,820.61,837.09,879.26
SparseFlashAttention,"256,64,512;1678,128,1,512;1678,128,1,512;256,1,2048;5,1584;5;5;256,64,64;1678,128,1,64",1,80,92.76,815.14,832.30,864.62
SparseFlashAttention,"256,64,512;1681,128,1,512;1681,128,1,512;256,1,2048;4,1584;4;4;256,64,64;1681,128,1,64",1,80,95.54,736.84,754.12,771.20
SparseFlashAttention,"114,64,512;1680,128,1,512;1680,128,1,512;114,1,2048;1,1584;1;1;114,64,64;1680,128,1,64",1,80,92.38,381.17,386.33,414.93
SparseFlashAttention,"12,16,512;1765,128,1,512;1765,128,1,512;12,1,2048;4,1584;4;4;12,16,64;1765,128,1,64",1,80,88.16,92.01,91.64,97.42
SparseFlashAttention,"24,16,512;1765,128,1,512;1765,128,1,512;24,1,2048;8,1584;8;8;24,16,64;1765,128,1,64",1,38,88.64,95.08,93.61,103.30
SparseFlashAttention,"18,16,512;1765,128,1,512;1765,128,1,512;18,1,2048;6,1584;6;6;18,16,64;1765,128,1,64",1,4,88.94,93.77,93.43,99.28
Sub,3;3,3,218,1.84,2.27,2.26,3.18
Sub,1;,7,175,1.36,2.28,2.38,3.26
Sub,4096;4096,6,108,3.02,3.54,3.54,4.90
Sub,9;9,2,94,2.26,2.65,2.66,3.32
Sub,6;6,2,92,2.20,2.74,2.80,3.42
Sub,3;,2,47,2.64,2.81,2.76,3.26
Sub,2;,2,46,2.62,2.89,2.87,3.30
Sub,24;24,1,38,2.22,2.43,2.36,2.78
Sub,8;,1,19,2.62,2.89,2.88,3.44
Sub,5;,3,11,1.40,2.27,1.98,3.08
Sub,1824;1824,2,6,2.46,2.78,2.80,2.98
Sub,6;,2,5,1.38,2.36,2.92,3.00
Sub,18;18,1,4,2.52,2.84,2.85,3.14
Sub,21;21,1,4,2.68,2.74,2.74,2.80
Sub,15;15,1,4,2.40,2.62,2.66,2.76
Sub,4;,2,4,1.56,2.29,2.30,3.00
Sub,7;,1,2,2.88,2.92,2.92,2.96
Sub,12;12,1,2,2.08,2.21,2.21,2.34
SubAiCore,3;3,3,109,2.22,2.90,2.92,3.32
SubAiCore,9;9,2,47,2.54,2.84,2.78,4.34
SubAiCore,6;6,2,46,2.54,2.99,2.98,3.36
SubAiCore,27;27,1,19,2.46,2.65,2.64,2.92
SubAiCore,21;21,1,4,2.56,2.94,2.99,3.22
SubAiCore,15;15,1,2,2.68,2.98,2.98,3.28
SubAiCore,12;12,1,1,2.60,2.60,2.60,2.60
SwiGlu,"3,1024",3,8394,2.98,3.71,3.40,22.88
SwiGlu,"9,1024",2,3619,3.28,13.89,14.12,18.26
SwiGlu,"6,1024",2,3542,3.28,14.22,14.36,17.76
SwiGlu,"256,4096",6,2772,12.32,17.12,16.76,41.58
SwiGlu,"27,1024",1,1425,6.02,14.57,14.66,17.38
SwiGlu,"3,6144",3,327,3.64,4.14,3.88,9.00
SwiGlu,"21,1024",1,304,4.74,15.38,15.58,18.84
SwiGlu,"114,4096",2,154,13.74,245.64,16.00,4251.38
SwiGlu,"15,1024",1,154,4.40,15.34,15.60,18.70
SwiGlu,"9,6144",2,141,4.24,5.06,4.64,10.18
SwiGlu,"6,6144",2,138,3.80,4.62,4.23,11.74
SwiGlu,"4096,1536",6,108,22.06,24.43,23.88,30.00
SwiGlu,"12,1024",1,77,3.28,20.29,3.80,343.77
SwiGlu,"27,6144",1,57,7.42,8.20,8.00,17.88
SwiGlu,"24,1024",1,38,4.68,4.89,4.88,5.16
SwiGlu,"21,6144",1,12,6.02,6.96,7.02,7.66
SwiGlu,"1824,1536",2,6,18.36,20.01,19.27,23.64
SwiGlu,"15,6144",1,6,5.26,6.09,6.36,6.60
SwiGlu,"18,1024",1,4,4.54,4.59,4.58,4.64
SwiGlu,"12,6144",1,3,4.86,5.40,5.08,6.26
TensorMove,"256,6144",6,2188,7.94,11.85,11.85,19.00
TensorMove,"4096,1,1,64",6,156,4.22,5.99,5.10,13.88
TensorMove,"2,154880",3,109,8.72,9.30,9.20,12.32
TensorMove,"114,6144",2,86,8.36,10.12,10.08,17.26
TensorMove,"6,154880",2,47,8.82,9.18,9.20,9.60
TensorMove,"4,154880",2,46,9.74,10.51,10.29,14.22
TensorMove,"4096,6144",6,22,50.86,66.44,68.90,73.18
TensorMove,"16,154880",1,19,12.10,12.33,12.32,12.62
TensorMove,"1365,6144",4,10,14.76,16.33,16.19,17.78
TensorMove,"1813,6144",2,3,35.60,37.09,35.86,39.82
TensorMove,"3621,6144",2,2,57.74,61.23,61.23,64.72
TensorMove,"14,154880",1,2,11.58,11.58,11.58,11.58
TensorMove,"12,154880",1,2,10.98,11.09,11.09,11.20
TensorMove,"10,154880",1,2,10.66,10.84,10.84,11.02
TensorMove,"608,6144",1,1,13.16,13.16,13.16,13.16
TensorMove,"8,154880",1,1,11.38,11.38,11.38,11.38
Transpose,"64,256,512;3",6,2080,15.28,21.47,21.15,36.92
Transpose,"256,16,1024;3",6,2080,14.18,16.37,16.10,24.74
Transpose,"4,3,38720;3",4,203,10.08,11.91,11.86,14.52
Transpose,"4,2,38720;3",2,92,10.90,13.33,13.23,14.68
Transpose,"114,16,1024;3",1,80,11.20,14.40,14.35,16.78
Transpose,"64,114,512;3",1,80,12.00,13.46,13.33,17.38
Transpose,"4,6,38720;3",2,50,12.54,13.66,13.56,15.20
Transpose,"4,9,38720;3",2,47,14.98,15.69,15.72,16.38
Transpose,"2,3;2",2,47,15.20,15.93,15.70,18.16
Transpose,"2,2;2",2,46,14.58,15.26,15.16,16.82
Transpose,"4,8,38720;3",1,38,13.70,15.56,15.80,17.74
Transpose,"16,1365,9680;3",4,20,635.14,640.37,639.72,649.19
Transpose,"4,24,38720;3",1,19,19.02,20.38,20.56,21.80
Transpose,"2,8;2",1,18,15.34,16.02,16.00,16.82
Transpose,"16,5,9680;3",2,9,13.66,15.77,16.42,17.00
Transpose,"4,7,38720;3",1,4,13.84,14.35,14.34,14.88
Transpose,"4,5,38720;3",1,4,11.74,12.76,12.71,13.88
Transpose,"16,4,9680;3",1,3,16.80,18.22,17.40,20.46
Transpose,"16,6,9680;3",1,3,14.10,14.17,14.14,14.26
Transpose,"16,608,9680;3",1,2,257.62,261.57,261.57,265.53
Transpose,"4,18,38720;3",1,2,20.14,20.24,20.24,20.34
Transpose,"4,21,38720;3",1,2,19.22,19.85,19.85,20.48
Transpose,"4,15,38720;3",1,2,17.76,17.92,17.92,18.08
Transpose,"2,7;2",1,2,15.86,16.08,16.08,16.30
Transpose,"2,6;2",1,2,15.44,15.63,15.63,15.82
Transpose,"2,5;2",1,2,15.28,15.63,15.63,15.98
Transpose,"4,4,38720;3",1,2,11.14,11.95,11.95,12.76
Transpose,"4,12,38720;3",1,1,17.54,17.54,17.54,17.54
Transpose,"2,4;2",1,1,14.86,14.86,14.86,14.86
ZerosLike,"2,1",7,131,1.66,1.89,1.86,2.34
ZerosLike,"2,3",2,47,1.68,1.88,1.88,2.06
ZerosLike,"2,2",2,46,1.78,1.93,1.92,2.20
ZerosLike,"2,8",1,19,1.70,1.92,1.90,2.24
ZerosLike,"2,1365",4,10,3.28,3.48,3.44,3.74
ZerosLike,"2,5",3,5,1.70,1.92,1.98,2.00
ZerosLike,"2,6",2,3,1.82,1.95,2.00,2.02
ZerosLike,"2,4",2,2,1.86,1.89,1.89,1.92
ZerosLike,"2,7",1,2,1.82,1.82,1.82,1.82
ZerosLike,"2,608",1,1,3.34,3.34,3.34,3.34
_triton_rope_siso,"256,32,128;256,64;256,64",6,2080,19.82,23.74,23.72,33.14
_triton_rope_siso,"256,1,128;256,64;256,64",6,2080,9.74,11.49,11.52,19.36
_triton_rope_siso,"3,32,128;3,64;3,64",3,218,3.70,3.91,3.86,4.38
_triton_rope_siso,"3,1,128;3,64;3,64",3,218,2.02,2.16,2.14,2.60
_triton_rope_siso,"9,32,128;9,64;9,64",2,94,4.88,5.11,5.10,5.58
_triton_rope_siso,"9,1,128;9,64;9,64",2,94,2.94,3.19,3.20,3.46
_triton_rope_siso,"6,32,128;6,64;6,64",2,92,4.16,4.35,4.32,4.86
_triton_rope_siso,"6,1,128;6,64;6,64",2,92,2.34,2.50,2.48,2.96
_triton_rope_siso,"114,32,128;114,64;114,64",1,80,13.86,14.29,14.08,18.52
_triton_rope_siso,"114,1,128;114,64;114,64",1,80,9.34,10.21,9.85,14.86
_triton_rope_siso,"24,32,128;24,64;24,64",1,38,7.26,7.66,7.52,9.16
_triton_rope_siso,"24,1,128;24,64;24,64",1,38,5.38,5.61,5.56,7.06
_triton_rope_siso,"21,32,128;21,64;21,64",1,4,6.96,7.01,7.01,7.06
_triton_rope_siso,"18,32,128;18,64;18,64",1,4,6.44,6.57,6.54,6.76
_triton_rope_siso,"15,32,128;15,64;15,64",1,4,5.84,5.96,5.98,6.06
_triton_rope_siso,"21,1,128;21,64;21,64",1,4,4.96,5.06,5.08,5.12
_triton_rope_siso,"18,1,128;18,64;18,64",1,4,4.50,4.64,4.68,4.70
_triton_rope_siso,"15,1,128;15,64;15,64",1,4,4.16,4.19,4.18,4.22
_triton_rope_siso,"12,32,128;12,64;12,64",1,2,5.52,5.61,5.61,5.70
_triton_rope_siso,"12,1,128;12,64;12,64",1,2,3.54,3.67,3.67,3.80
_triton_rope_siso_0,N/A,5,17784,1.72,2.69,2.28,10.62
_triton_rope_siso_1,N/A,5,17784,3.48,4.49,4.04,18.68
allgatherAicpuKernel,N/A,8,365,114.25,278.73,259.04,1877.54
batch_getAicpuKernel,N/A,4,134,21.94,2610.68,1250.70,80287.75
batch_matmul_transpose,N/A,11,2616,9.12,34.56,38.22,66.46
batch_matmul_transpose_0,N/A,5,17783,8.80,10.75,10.92,22.02
batch_putAicpuKernel,N/A,1,32,23.28,53.48,34.19,354.50
broadcastAicpuKernel,N/A,6,2964,495.55,20222.60,3924.37,20113626.31
expand_kernel,1;1,3,218,1.30,1.52,1.50,1.88
expand_kernel,3;3,2,94,1.48,1.79,1.77,2.44
expand_kernel,2;2,2,92,1.44,1.74,1.70,2.40
expand_kernel,8;8,1,38,2.12,2.42,2.43,2.80
expand_kernel,7;7,1,4,2.08,2.25,2.27,2.40
expand_kernel,6;6,1,4,1.88,2.12,2.07,2.44
expand_kernel,5;5,1,4,1.62,1.96,1.92,2.36
expand_kernel,4;4,1,2,1.82,1.83,1.83,1.84
hccl_batchGet_,N/A,4,132,5.36,1917.57,150.85,97113.48
hccl_batchPut_,N/A,1,32,256.70,315.87,351.69,433.95
hcom_allGather_,N/A,11,41407,5.90,35.68,10.80,9233.48
hcom_allReduce_,N/A,5,74786,4.06,13.75,11.02,2635.19
hcom_alltoall_,N/A,6,4324,9.02,382.26,171.16,6762.61
hcom_alltoallv_,N/A,6,456,24.02,479.48,274.07,5091.38
hcom_broadcast_,N/A,6,2964,482.83,10913.07,542.24,20114241.92
hcom_reduceScatter_,N/A,6,2616,10.88,8710.22,395.49,10124040.52
mla_preprocess,N/A,5,456,61.56,68.63,66.74,87.48
mla_preprocess_0_mix_aic,N/A,5,17784,59.66,69.21,68.04,91.76
muls_add_kernel,"3,6144;3,6144",3,218,2.80,3.01,3.02,3.30
muls_add_kernel,"9,6144;9,6144",2,94,4.88,5.19,5.18,5.90
muls_add_kernel,"6,6144;6,6144",2,92,3.76,4.06,4.04,4.52
muls_add_kernel,"24,6144;24,6144",1,38,9.04,9.28,9.27,9.52
muls_add_kernel,"21,6144;21,6144",1,4,9.28,9.34,9.34,9.40
muls_add_kernel,"18,6144;18,6144",1,4,8.22,8.27,8.27,8.32
muls_add_kernel,"15,6144;15,6144",1,4,7.32,7.41,7.36,7.60
muls_add_kernel,"12,6144;12,6144",1,2,6.42,6.45,6.45,6.48
muls_add_kernel_1,N/A,5,17100,2.46,4.19,3.42,14.94
prepare_inputs_padded_kernel,1;1;2,3,109,3.22,3.39,3.38,3.74
prepare_inputs_padded_kernel,3;3;4,2,47,3.26,3.41,3.38,3.76
prepare_inputs_padded_kernel,2;2;3,2,46,3.20,3.38,3.38,3.62
prepare_inputs_padded_kernel,8;8;9,1,19,3.38,3.59,3.56,3.88
prepare_inputs_padded_kernel,7;7;8,1,2,3.54,3.62,3.62,3.70
prepare_inputs_padded_kernel,6;6;7,1,2,3.58,3.59,3.59,3.60
prepare_inputs_padded_kernel,5;5;6,1,2,3.50,3.57,3.57,3.64
prepare_inputs_padded_kernel,4;4;5,1,1,3.16,3.16,3.16,3.16
reduce_scatterAicpuKernel,N/A,6,2464,193.10,21218.89,228.60,20111780.83
rejection_random_sample_kernel,"1;2;2,154880;1,1",3,109,1.88,2.26,2.26,2.58
rejection_random_sample_kernel,"3;6;6,154880;3,1",2,47,2.14,2.53,2.52,3.06
rejection_random_sample_kernel,"2;4;4,154880;2,1",2,46,2.08,2.47,2.44,2.90
rejection_random_sample_kernel,"8;16;16,154880;8,1",1,19,2.94,3.20,3.24,3.38
rejection_random_sample_kernel,"7;14;14,154880;7,1",1,2,2.82,2.99,2.99,3.16
rejection_random_sample_kernel,"5;10;10,154880;5,1",1,2,2.76,2.82,2.82,2.88
rejection_random_sample_kernel,"6;12;12,154880;6,1",1,2,2.66,2.76,2.76,2.86
rejection_random_sample_kernel,"4;8;8,154880;4,1",1,1,2.52,2.52,2.52,2.52
sample_recovered_tokens_kernel,"1;2;2,154880",3,109,53.78,54.52,54.52,55.14
sample_recovered_tokens_kernel,"3;6;6,154880",2,47,54.30,54.70,54.66,55.42
sample_recovered_tokens_kernel,"2;4;4,154880",2,46,54.00,54.55,54.56,55.08
sample_recovered_tokens_kernel,"8;16;16,154880",1,19,55.90,56.33,56.28,57.46
sample_recovered_tokens_kernel,"7;14;14,154880",1,2,55.64,55.69,55.69,55.74
sample_recovered_tokens_kernel,"6;12;12,154880",1,2,55.56,55.68,55.68,55.80
sample_recovered_tokens_kernel,"5;10;10,154880",1,2,54.96,55.26,55.26,55.56
sample_recovered_tokens_kernel,"4;8;8,154880",1,1,55.04,55.04,55.04,55.04
